shape_id,shape_pt_lat,shape_pt_lon,shape_pt_sequence
7804653,-16.4526006,-68.1493149,0
7804653,-16.4530137,-68.1493471,1
7804653,-16.4530391,-68.1493476,2
7804653,-16.4531849,-68.1493168,3
7804653,-16.4531667,-68.1493203,4
7804653,-16.4530391,-68.1493476,5
7804653,-16.4532906,-68.1492979,6
7804653,-16.4532792,-68.1492903,7
7804653,-16.4532667,-68.1492851,8
7804653,-16.4532535,-68.1492824,9
7804653,-16.45324,-68.1492823,10
7804653,-16.4532267,-68.1492848,11
7804653,-16.4532143,-68.1492897,12
7804653,-16.453203,-68.1492968,13
7804653,-16.4531931,-68.1493059,14
7804653,-16.4531849,-68.1493168,15
7804653,-16.4534566,-68.1493066,16
7804653,-16.4532906,-68.1492979,17
7804653,-16.4534566,-68.1493066,18
7804653,-16.4535144,-68.1492846,19
7804653,-16.4535938,-68.1492846,20
7804653,-16.4536878,-68.1493049,21
7804653,-16.4537785,-68.1493657,22
7804653,-16.4538417,-68.1494231,23
7804653,-16.4599593,-68.1495806,24
7804653,-16.4598438,-68.1494643,25
7804653,-16.4596802,-68.1493508,26
7804653,-16.4593861,-68.1491785,27
7804653,-16.4592088,-68.1490947,28
7804653,-16.4582519,-68.1489177,29
7804653,-16.4581569,-68.1489031,30
7804653,-16.4576374,-68.1488667,31
7804653,-16.4571049,-68.1488452,32
7804653,-16.4569454,-68.1488519,33
7804653,-16.4568201,-68.1488561,34
7804653,-16.4566548,-68.1489383,35
7804653,-16.4556699,-68.1493489,36
7804653,-16.4551737,-68.1493792,37
7804653,-16.454223,-68.1494126,38
7804653,-16.4538417,-68.1494231,39
7804653,-16.4888019,-68.1445504,40
7804653,-16.4887913,-68.1446332,41
7804653,-16.4887711,-68.1446869,42
7804653,-16.4887389,-68.1447426,43
7804653,-16.4886823,-68.1445234,44
7804653,-16.4887534,-68.1445435,45
7804653,-16.4885549,-68.144421,46
7804653,-16.4886216,-68.1444888,47
7804653,-16.4886823,-68.1445234,48
7804653,-16.4884932,-68.1442883,49
7804653,-16.4885187,-68.1443638,50
7804653,-16.4885549,-68.144421,51
7804653,-16.4884353,-68.1437742,52
7804653,-16.4884932,-68.1442883,53
7804653,-16.4883929,-68.1433943,54
7804653,-16.4884175,-68.1436161,55
7804653,-16.4884353,-68.1437742,56
7804653,-16.4883451,-68.1429686,57
7804653,-16.4883929,-68.1433943,58
7804653,-16.4884208,-68.1429543,59
7804653,-16.4883451,-68.1429686,60
7804653,-16.489824,-68.1421793,61
7804653,-16.4896813,-68.1424485,62
7804653,-16.4896081,-68.1425536,63
7804653,-16.4895291,-68.1426521,64
7804653,-16.4894399,-68.1427416,65
7804653,-16.4893593,-68.1428043,66
7804653,-16.4892517,-68.1428544,67
7804653,-16.4891675,-68.1428724,68
7804653,-16.4890595,-68.14288,69
7804653,-16.4889107,-68.1428954,70
7804653,-16.4885747,-68.1429302,71
7804653,-16.4884208,-68.1429543,72
7804653,-16.4899952,-68.1418621,73
7804653,-16.489824,-68.1421793,74
7804653,-16.4907373,-68.1400931,75
7804653,-16.4904129,-68.1408078,76
7804653,-16.4903582,-68.1409404,77
7804653,-16.4899952,-68.1418621,78
7809311,-16.4534566,-68.1493066,0
7809311,-16.4535144,-68.1492846,1
7809311,-16.4535938,-68.1492846,2
7809311,-16.4536878,-68.1493049,3
7809311,-16.4537785,-68.1493657,4
7809311,-16.4538417,-68.1494231,5
7809311,-16.4538417,-68.1494231,6
7809311,-16.4539066,-68.14956,7
7809311,-16.4539714,-68.1496529,8
7809311,-16.4540492,-68.1497678,9
7809311,-16.4541489,-68.1498591,10
7809311,-16.4542321,-68.1498632,11
7809311,-16.4557865,-68.1498015,12
7809311,-16.4558139,-68.149796,13
7809311,-16.4558139,-68.149796,14
7809311,-16.4569101,-68.14933,15
7809311,-16.4579378,-68.1494078,16
7809311,-16.4580577,-68.1494205,17
7809311,-16.4598192,-68.1495813,18
7809311,-16.4599593,-68.1495806,19
7809311,-16.4599593,-68.1495806,20
7809311,-16.4605076,-68.1500786,21
7809311,-16.4723497,-68.1537032,22
7809311,-16.4723641,-68.1537057,23
7809311,-16.4723671,-68.1537058,24
7809311,-16.4723758,-68.1537062,25
7809311,-16.4723865,-68.1537049,26
7809311,-16.4723938,-68.1537036,27
7809311,-16.4724007,-68.1537005,28
7809311,-16.4724063,-68.1536926,29
7809311,-16.4725859,-68.1532445,30
7809311,-16.4920843,-68.1437959,31
7809311,-16.4917486,-68.1438857,32
7809311,-16.4915842,-68.1439275,33
7809311,-16.491227,-68.1440253,34
7809311,-16.4909496,-68.1440994,35
7809311,-16.490704,-68.1441651,36
7809311,-16.4905284,-68.1442121,37
7809311,-16.489951,-68.1443482,38
7809311,-16.489748,-68.1443902,39
7809311,-16.4894006,-68.1444339,40
7809311,-16.4892254,-68.1444619,41
7809311,-16.4891105,-68.1444808,42
7809311,-16.4920843,-68.1437959,43
7809311,-16.4922109,-68.1437633,44
7809311,-16.4923388,-68.143737,45
7809311,-16.4924677,-68.1437171,46
7809311,-16.4924677,-68.1437171,47
7809311,-16.4925052,-68.1437143,48
7809311,-16.4925052,-68.1437143,49
7809311,-16.4925296,-68.143698,50
7809311,-16.4925512,-68.1436755,51
7809311,-16.4925687,-68.1436494,52
7809311,-16.4925816,-68.1436206,53
7809311,-16.4925895,-68.1435899,54
7809311,-16.4925922,-68.1435582,55
7809311,-16.4925896,-68.1435265,56
7809311,-16.4925818,-68.1434958,57
7809311,-16.4925721,-68.1434622,58
7809311,-16.4925721,-68.1434622,59
7809311,-16.4925479,-68.1434362,60
7809311,-16.4925479,-68.1434362,61
7809311,-16.4925089,-68.143355,62
7809311,-16.492497,-68.1433011,63
7809311,-16.4924998,-68.1432155,64
7809311,-16.4926859,-68.1425266,65
7809311,-16.4926859,-68.1425266,66
7809311,-16.49273,-68.14237,67
7809311,-16.4928956,-68.1418059,68
7809311,-16.4932571,-68.1406031,69
7809311,-16.4933743,-68.1399742,70
7809311,-16.4934638,-68.1396039,71
7809311,-16.4934638,-68.1396039,72
7809311,-16.493601,-68.1390663,73
7809311,-16.4936185,-68.1389781,74
7809311,-16.4936285,-68.1389275,75
7809311,-16.4936285,-68.1389275,76
7809311,-16.4935699,-68.1389082,77
7809311,-16.4932086,-68.1386573,78
7809311,-16.4929904,-68.138503,79
7809311,-16.4929533,-68.1384793,80
7809722,-16.5194621,-68.1233028,0
7809722,-16.5193248,-68.1232847,1
7809722,-16.5192087,-68.1232942,2
7809722,-16.5190781,-68.1233266,3
7809722,-16.5189442,-68.1233852,4
7809722,-16.5188569,-68.1234341,5
7809722,-16.5187736,-68.1234733,6
7809722,-16.5186956,-68.1234959,7
7809722,-16.5186216,-68.1235073,8
7809722,-16.5185553,-68.1235093,9
7809722,-16.5184624,-68.1235056,10
7809722,-16.5183738,-68.1234792,11
7809722,-16.51828,-68.1234306,12
7809722,-16.5182219,-68.1233835,13
7809722,-16.5181212,-68.1232658,14
7809722,-16.5181212,-68.1232658,15
7809722,-16.5180398,-68.123153,16
7809722,-16.5179641,-68.1230224,17
7809722,-16.5179581,-68.1230127,18
7809722,-16.5179581,-68.1230127,19
7809722,-16.5178527,-68.1228419,20
7809722,-16.5178527,-68.1228419,21
7809722,-16.5177294,-68.1226387,22
7809722,-16.5176932,-68.122567,23
7809722,-16.5176932,-68.122567,24
7809722,-16.5176806,-68.122542,25
7809722,-16.5176382,-68.1224378,26
7809722,-16.5175683,-68.122214,27
7809722,-16.517513,-68.1220491,28
7809722,-16.5174964,-68.1219996,29
7809722,-16.5174609,-68.1219221,30
7809722,-16.5174487,-68.1219041,31
7809722,-16.5174201,-68.1218618,32
7809722,-16.5173811,-68.1218207,33
7809722,-16.5173389,-68.1217753,34
7809722,-16.5172806,-68.12173,35
7809722,-16.5172261,-68.1216992,36
7809722,-16.5171634,-68.1216726,37
7809722,-16.5170912,-68.1216349,38
7809722,-16.5170394,-68.1216053,39
7809722,-16.5169857,-68.1215676,40
7809722,-16.5169358,-68.1215232,41
7809722,-16.5168736,-68.1214619,42
7809722,-16.5167741,-68.1213538,43
7809722,-16.5167473,-68.1212957,44
7809722,-16.5167183,-68.1212,45
7809722,-16.5167183,-68.1212,46
7809722,-16.5167457,-68.1211306,47
7809722,-16.5167457,-68.1211306,48
7809722,-16.5165855,-68.1189492,49
7809722,-16.5165855,-68.1189492,50
7809722,-16.5165778,-68.1188409,51
7809722,-16.5165671,-68.1187441,52
7809722,-16.5165533,-68.1186558,53
7809722,-16.5165206,-68.1185479,54
7809722,-16.5164726,-68.1184242,55
7809722,-16.5164717,-68.1185682,56
7809722,-16.5164726,-68.1184242,57
7809722,-16.5164131,-68.1189118,58
7809722,-16.5164556,-68.1188597,59
7809722,-16.5164703,-68.118828,60
7809722,-16.5164818,-68.1187826,61
7809722,-16.516484,-68.1187249,62
7809722,-16.5164816,-68.1186829,63
7809722,-16.5164717,-68.1185682,64
7809722,-16.5163499,-68.1189334,65
7809722,-16.5164131,-68.1189118,66
7809722,-16.5163499,-68.1189334,67
7809722,-16.5163424,-68.1189389,68
7809722,-16.516199,-68.1190447,69
7809722,-16.5160115,-68.1191874,70
7809722,-16.5157638,-68.1193573,71
7809722,-16.5155133,-68.1194953,72
7809722,-16.5154291,-68.1195415,73
7809722,-16.5145215,-68.1209495,74
7809722,-16.51485,-68.120635,75
7809722,-16.5150467,-68.1204432,76
7809722,-16.5151432,-68.1202783,77
7809722,-16.5152055,-68.1200778,78
7809722,-16.5152229,-68.1200054,79
7809722,-16.5152796,-68.1198237,80
7809722,-16.5153097,-68.1197091,81
7809722,-16.5153527,-68.1196245,82
7809722,-16.5154291,-68.1195415,83
7809722,-16.5141312,-68.1201696,84
7809722,-16.5145215,-68.1209495,85
7809722,-16.5154291,-68.1195415,86
7809722,-16.5151863,-68.1196168,87
7809722,-16.5151058,-68.1196416,88
7809722,-16.5150057,-68.1196682,89
7809722,-16.5148547,-68.1197322,90
7809722,-16.5141312,-68.1201696,91
7809722,-16.5164726,-68.1184242,92
7809722,-16.5164227,-68.1182946,93
7809722,-16.5164227,-68.1182946,94
7809722,-16.5158525,-68.1165797,95
7809722,-16.5158525,-68.1165797,96
7809722,-16.5158469,-68.1165651,97
7809722,-16.5158412,-68.1165503,98
7809722,-16.5158412,-68.1165503,99
7809722,-16.5157973,-68.1164411,100
7809722,-16.515784,-68.1164079,101
7809722,-16.5157476,-68.1163155,102
7809722,-16.5157112,-68.1162608,103
7809722,-16.5156937,-68.1162344,104
7809722,-16.5156937,-68.1162344,105
7809722,-16.5143123,-68.1145868,106
7809722,-16.5143123,-68.1145868,107
7809722,-16.5142271,-68.1144994,108
7809722,-16.5142271,-68.1144994,109
7809722,-16.5142249,-68.1144833,110
7809722,-16.5142185,-68.1144686,111
7809722,-16.5142084,-68.1144563,112
7809722,-16.5141954,-68.1144475,113
7809722,-16.5141954,-68.1144475,114
7809722,-16.5141787,-68.1144426,115
7809722,-16.5141614,-68.1144433,116
7809722,-16.5141452,-68.1144497,117
7809722,-16.5141317,-68.114461,118
7809722,-16.5141223,-68.1144762,119
7809722,-16.5141179,-68.1144936,120
7809722,-16.514119,-68.1145117,121
7809722,-16.514119,-68.1145117,122
7809722,-16.5141257,-68.114529,123
7809722,-16.5141375,-68.1145431,124
7809722,-16.514153,-68.1145526,125
7809722,-16.5141705,-68.1145562,126
7809722,-16.5141705,-68.1145562,127
7809722,-16.5142198,-68.1145819,128
7809722,-16.5142727,-68.1146267,129
7809722,-16.5142727,-68.1146267,130
7809722,-16.5156334,-68.1162573,131
7809722,-16.5156334,-68.1162573,132
7809722,-16.5156844,-68.116331,133
7809722,-16.5157228,-68.1164105,134
7809722,-16.5157612,-68.1165158,135
7809722,-16.5157811,-68.1165706,136
7809722,-16.5157865,-68.1165856,137
7809722,-16.5157921,-68.1166009,138
7809722,-16.5157921,-68.1166009,139
7809722,-16.5163605,-68.1183168,140
7809722,-16.5163605,-68.1183168,141
7809722,-16.5164152,-68.1184444,142
7809722,-16.5164152,-68.1184444,143
7809722,-16.5163807,-68.1184832,144
7809722,-16.5163306,-68.1185254,145
7809722,-16.5162836,-68.1185503,146
7809722,-16.5161134,-68.1186248,147
7809722,-16.5121239,-68.1197419,148
7809722,-16.512199,-68.1197349,149
7809722,-16.5123626,-68.1196706,150
7809722,-16.5126376,-68.1195699,151
7809722,-16.5127887,-68.1195168,152
7809722,-16.5133737,-68.1193116,153
7809722,-16.5143627,-68.1188956,154
7809722,-16.5145157,-68.1188453,155
7809722,-16.5146681,-68.1188118,156
7809722,-16.5153347,-68.118791,157
7809722,-16.515525,-68.1187829,158
7809722,-16.5156498,-68.1187642,159
7809722,-16.5158053,-68.1187186,160
7809722,-16.5159712,-68.1186622,161
7809722,-16.5161134,-68.1186248,162
7809722,-16.5117494,-68.1200841,163
7809722,-16.511928,-68.1199224,164
7809722,-16.5120327,-68.1198082,165
7809722,-16.5120723,-68.1197786,166
7809722,-16.5121239,-68.1197419,167
7809722,-16.5114928,-68.1203073,168
7809722,-16.5111894,-68.1205436,169
7809722,-16.5111894,-68.1205436,170
7809722,-16.5109908,-68.1206932,171
7809722,-16.5109025,-68.1207585,172
7809722,-16.5107423,-68.1208764,173
7809722,-16.5105674,-68.1210058,174
7809722,-16.5103538,-68.1211699,175
7809722,-16.5100231,-68.1214384,176
7809722,-16.5098296,-68.1215959,177
7809722,-16.5096715,-68.1217247,178
7809722,-16.5096369,-68.1217529,179
7809722,-16.509201,-68.1221185,180
7809722,-16.5090081,-68.122282,181
7809722,-16.5087275,-68.1225008,182
7809722,-16.5083316,-68.122765,183
7809722,-16.5081937,-68.122842,184
7809722,-16.5081937,-68.122842,185
7809722,-16.5081202,-68.122886,186
7809722,-16.5079496,-68.1229767,187
7809722,-16.5075781,-68.1231436,188
7809722,-16.5074257,-68.1232182,189
7809722,-16.5072855,-68.123297,190
7809722,-16.507172,-68.1233781,191
7809722,-16.5070146,-68.1235057,192
7809722,-16.5068488,-68.1236554,193
7809722,-16.5066286,-68.1238563,194
7809722,-16.5064796,-68.1240024,195
7809722,-16.5063695,-68.1241521,196
7809722,-16.5061409,-68.1244519,197
7809722,-16.5060662,-68.1245542,198
7809722,-16.5059599,-68.1247006,199
7809722,-16.5057947,-68.1249272,200
7809722,-16.5057176,-68.1250228,201
7809722,-16.5056205,-68.1251197,202
7809722,-16.5055073,-68.1252041,203
7809722,-16.5053485,-68.1253034,204
7809722,-16.505182,-68.1253778,205
7809722,-16.5049566,-68.1254488,206
7809722,-16.5048112,-68.125492,207
7809722,-16.5044065,-68.1260528,208
7809722,-16.5045503,-68.1257518,209
7809722,-16.5045796,-68.1256928,210
7809722,-16.5046189,-68.1256308,211
7809722,-16.5048112,-68.125492,212
7809722,-16.5043223,-68.1287939,213
7809722,-16.5040209,-68.1290168,214
7809722,-16.503961,-68.1290554,215
7809722,-16.5030173,-68.1296627,216
7809722,-16.5030173,-68.1296627,217
7809722,-16.5029845,-68.1296928,218
7809722,-16.5025749,-68.1300638,219
7809722,-16.5024387,-68.1302023,220
7809722,-16.502389,-68.1302513,221
7809722,-16.5020063,-68.1306374,222
7809722,-16.5019608,-68.1306965,223
7809722,-16.5019608,-68.1306965,224
7809722,-16.5019075,-68.1307637,225
7809722,-16.5012506,-68.1316213,226
7809722,-16.5012066,-68.1316774,227
7809722,-16.5012066,-68.1316774,228
7809722,-16.5011597,-68.1317363,229
7809722,-16.5007841,-68.1321926,230
7809722,-16.5007489,-68.1322353,231
7809722,-16.5007489,-68.1322353,232
7809722,-16.5007343,-68.1322357,233
7809722,-16.5006766,-68.1322124,234
7809722,-16.5006766,-68.1322124,235
7809722,-16.5006018,-68.1321834,236
7809722,-16.500496,-68.1321423,237
7809722,-16.500496,-68.1321423,238
7809722,-16.5000686,-68.1319711,239
7809722,-16.5000612,-68.1319682,240
7809722,-16.5000199,-68.1319524,241
7809722,-16.4999975,-68.1319162,242
7809722,-16.4999932,-68.1318753,243
7809722,-16.5000199,-68.1319524,244
7809722,-16.4999544,-68.131956,245
7809722,-16.4999544,-68.131956,246
7809722,-16.4999932,-68.1318753,247
7809722,-16.4999932,-68.1318753,248
7809722,-16.5001953,-68.1314501,249
7809722,-16.5001953,-68.1314501,250
7809722,-16.5004295,-68.1309588,251
7809722,-16.500599,-68.1306831,252
7809722,-16.5006687,-68.1305698,253
7809722,-16.5007182,-68.1304683,254
7809722,-16.5007267,-68.1303858,255
7809722,-16.5007324,-68.1303302,256
7809722,-16.5007256,-68.1302131,257
7809722,-16.5007256,-68.1302131,258
7809722,-16.5007134,-68.1301465,259
7809722,-16.5006889,-68.1300721,260
7809722,-16.5006109,-68.1298937,261
7809722,-16.5004863,-68.1296769,262
7809722,-16.500366,-68.1294551,263
7809722,-16.500366,-68.1294551,264
7809722,-16.5003736,-68.1293935,265
7809722,-16.5003815,-68.1293175,266
7809722,-16.5003874,-68.1292661,267
7809722,-16.5004115,-68.1291389,268
7809722,-16.5004332,-68.1289329,269
7809722,-16.5004492,-68.1288155,270
7809722,-16.5004562,-68.1287852,271
7809722,-16.5004797,-68.1286837,272
7809722,-16.5005336,-68.1285098,273
7809722,-16.5006227,-68.1282688,274
7809722,-16.5006472,-68.1282127,275
7809722,-16.5007291,-68.1280251,276
7809722,-16.5007795,-68.1279543,277
7809722,-16.5008204,-68.1279255,278
7809722,-16.5008549,-68.12791,279
7809722,-16.5008873,-68.1279028,280
7809722,-16.5009191,-68.1279039,281
7809722,-16.5009676,-68.1279098,282
7809722,-16.5009676,-68.1279098,283
7809722,-16.5010137,-68.1279192,284
7809722,-16.5011517,-68.1279283,285
7809722,-16.5011841,-68.1279238,286
7809722,-16.5012181,-68.1279072,287
7809722,-16.5012541,-68.1278738,288
7809722,-16.501336,-68.1277228,289
7809722,-16.5013686,-68.1276976,290
7809722,-16.5013954,-68.1276924,291
7809722,-16.5014262,-68.1276929,292
7809722,-16.5014515,-68.1277018,293
7809722,-16.501474,-68.1277145,294
7809722,-16.5014969,-68.1277367,295
7809722,-16.5015059,-68.1277632,296
7809722,-16.501508,-68.1278028,297
7809722,-16.5015035,-68.1278341,298
7809722,-16.5014868,-68.1278829,299
7809722,-16.5014778,-68.1279388,300
7809722,-16.5014841,-68.1279903,301
7809722,-16.5015054,-68.1280573,302
7809722,-16.5015335,-68.1281448,303
7809722,-16.5015898,-68.1283093,304
7809722,-16.5016445,-68.1284289,305
7809722,-16.5016932,-68.1285162,306
7809722,-16.5017215,-68.1285668,307
7809722,-16.5017388,-68.1285873,308
7809722,-16.5017916,-68.1286499,309
7809722,-16.5017916,-68.1286499,310
7809722,-16.5019001,-68.1287349,311
7809722,-16.5019302,-68.1287585,312
7809722,-16.5020066,-68.1288039,313
7809722,-16.5020066,-68.1288039,314
7809722,-16.5021431,-68.1288554,315
7809722,-16.5021431,-68.1288554,316
7809722,-16.5021611,-68.1288496,317
7809722,-16.5022282,-68.128828,318
7809722,-16.502223,-68.1288045,319
7809722,-16.5022282,-68.128828,320
7809722,-16.5022766,-68.128724,321
7809722,-16.5022538,-68.1287355,322
7809722,-16.5022361,-68.1287543,323
7809722,-16.5022254,-68.1287782,324
7809722,-16.502223,-68.1288045,325
7809722,-16.5023476,-68.128741,326
7809722,-16.5023263,-68.1287269,327
7809722,-16.5023017,-68.128721,328
7809722,-16.5022766,-68.128724,329
7809722,-16.5023243,-68.1288715,330
7809722,-16.502346,-68.1288581,331
7809722,-16.5023622,-68.1288378,332
7809722,-16.502371,-68.1288131,333
7809722,-16.5023713,-68.1287867,334
7809722,-16.5023632,-68.1287617,335
7809722,-16.5023476,-68.128741,336
7809722,-16.5022282,-68.128828,337
7809722,-16.5022401,-68.1288487,338
7809722,-16.5022575,-68.1288646,339
7809722,-16.5022787,-68.1288742,340
7809722,-16.5023017,-68.1288766,341
7809722,-16.5023243,-68.1288715,342
7809722,-16.5023243,-68.1288715,343
7809722,-16.5024559,-68.1288282,344
7809722,-16.5025697,-68.1287962,345
7809722,-16.5025697,-68.1287962,346
7809722,-16.5029593,-68.1286922,347
7809722,-16.5029593,-68.1286922,348
7809722,-16.5032875,-68.1285644,349
7809722,-16.5032875,-68.1285644,350
7809722,-16.5035234,-68.1284968,351
7809722,-16.5036891,-68.1284451,352
7809722,-16.5038012,-68.1284248,353
7809722,-16.5038012,-68.1284248,354
7809722,-16.5039133,-68.128406,355
7809722,-16.5040247,-68.1283995,356
7809722,-16.5041167,-68.1284054,357
7809722,-16.5041961,-68.1284275,358
7809722,-16.5041961,-68.1284275,359
7809722,-16.5043056,-68.128433,360
7809722,-16.5043296,-68.1284262,361
7809722,-16.5043654,-68.1284052,362
7809722,-16.5043917,-68.1283791,363
7809722,-16.5044102,-68.128346,364
7809722,-16.5044487,-68.1281876,365
7809722,-16.5044487,-68.1281876,366
7809722,-16.5044809,-68.1279443,367
7809722,-16.5045001,-68.1276347,368
7809722,-16.5045193,-68.1270655,369
7809722,-16.504505,-68.1269852,370
7809722,-16.504505,-68.1269852,371
7809722,-16.5044938,-68.126934,372
7809722,-16.5044723,-68.1268809,373
7809722,-16.5043498,-68.1266598,374
7809722,-16.5043021,-68.1265753,375
7809722,-16.5042835,-68.1265148,376
7809725,-16.5194621,-68.1233028,0
7809725,-16.5193248,-68.1232847,1
7809725,-16.5192087,-68.1232942,2
7809725,-16.5190781,-68.1233266,3
7809725,-16.5189442,-68.1233852,4
7809725,-16.5188569,-68.1234341,5
7809725,-16.5187736,-68.1234733,6
7809725,-16.5186956,-68.1234959,7
7809725,-16.5186216,-68.1235073,8
7809725,-16.5185553,-68.1235093,9
7809725,-16.5184624,-68.1235056,10
7809725,-16.5183738,-68.1234792,11
7809725,-16.51828,-68.1234306,12
7809725,-16.5182219,-68.1233835,13
7809725,-16.5181212,-68.1232658,14
7809725,-16.51976,-68.1241868,15
7809725,-16.5198007,-68.124111,16
7809725,-16.5198547,-68.1240058,17
7809725,-16.5198893,-68.123928,18
7809725,-16.519904,-68.1238427,19
7809725,-16.5198994,-68.1237688,20
7809725,-16.5198692,-68.1236931,21
7809725,-16.5198258,-68.1236046,22
7809725,-16.5197639,-68.1235125,23
7809725,-16.5196806,-68.1234147,24
7809725,-16.5195913,-68.1233486,25
7809725,-16.5194621,-68.1233028,26
7809725,-16.5196426,-68.1246066,27
7809725,-16.519645,-68.1245361,28
7809725,-16.5196668,-68.1244124,29
7809725,-16.5197048,-68.1242975,30
7809725,-16.51976,-68.1241868,31
7809725,-16.519774,-68.1251151,32
7809725,-16.5197351,-68.1250119,33
7809725,-16.5196792,-68.1248585,34
7809725,-16.5196571,-68.1247723,35
7809725,-16.5196427,-68.1246637,36
7809725,-16.5196426,-68.1246066,37
7809725,-16.52,-68.1255242,38
7809725,-16.5198979,-68.1253903,39
7809725,-16.519838,-68.1252798,40
7809725,-16.519774,-68.1251151,41
7809725,-16.5201354,-68.1256075,42
7809725,-16.5201353,-68.1255932,43
7809725,-16.5201332,-68.1255791,44
7809725,-16.520129,-68.1255655,45
7809725,-16.5201209,-68.1255498,46
7809725,-16.5201101,-68.125536,47
7809725,-16.5200969,-68.1255247,48
7809725,-16.5200819,-68.1255162,49
7809725,-16.5200655,-68.125511,50
7809725,-16.5200485,-68.1255092,51
7809725,-16.5200315,-68.1255108,52
7809725,-16.5200151,-68.1255159,53
7809725,-16.52,-68.1255242,54
7809725,-16.520156,-68.1256196,55
7809725,-16.5201354,-68.1256075,56
7809725,-16.5202805,-68.1257661,57
7809725,-16.5202554,-68.1257254,58
7809725,-16.5202051,-68.125668,59
7809725,-16.520156,-68.1256196,60
7809725,-16.5202805,-68.1257661,61
7809725,-16.5203113,-68.1257801,62
7809725,-16.520364,-68.1257836,63
7809725,-16.520432,-68.1257664,64
7809725,-16.5204922,-68.1257434,65
7809725,-16.5207439,-68.1256554,66
7809725,-16.5208758,-68.1255784,67
7809725,-16.5208987,-68.125567,68
7809725,-16.5209217,-68.1255556,69
7809725,-16.5209515,-68.1255163,70
7809725,-16.5209757,-68.125466,71
7809725,-16.5209901,-68.1253982,72
7809725,-16.5209959,-68.1253408,73
7809725,-16.5210189,-68.125116,74
7809725,-16.5210718,-68.1248094,75
7809725,-16.5211327,-68.1245604,76
7809725,-16.5211429,-68.1245304,77
7809725,-16.5211457,-68.1245221,78
7809725,-16.5212242,-68.1242923,79
7809725,-16.5212899,-68.124132,80
7809725,-16.5213794,-68.1238996,81
7809725,-16.5216169,-68.1232641,82
7809725,-16.5216868,-68.1230878,83
7809725,-16.5217481,-68.1229464,84
7809725,-16.5217232,-68.1230019,85
7809725,-16.5216868,-68.1230878,86
7809725,-16.523235,-68.1219178,87
7809725,-16.523164,-68.1219753,88
7809725,-16.5231203,-68.1220088,89
7809725,-16.5230666,-68.1220207,90
7809725,-16.5230089,-68.1220249,91
7809725,-16.5227013,-68.1220225,92
7809725,-16.5225497,-68.1220273,93
7809725,-16.522437,-68.1220423,94
7809725,-16.5223233,-68.1220777,95
7809725,-16.5222136,-68.1221324,96
7809725,-16.5221243,-68.1221902,97
7809725,-16.5220376,-68.122269,98
7809725,-16.5219359,-68.1224015,99
7809725,-16.5218918,-68.1224647,100
7809725,-16.5218449,-68.1225559,101
7809725,-16.5217743,-68.1227196,102
7809725,-16.5217601,-68.1227716,103
7809725,-16.5217453,-68.1228698,104
7809725,-16.5217481,-68.1229464,105
7809725,-16.523235,-68.1219178,106
7809725,-16.5232405,-68.1219483,107
7809725,-16.5232562,-68.1219932,108
7809725,-16.5232836,-68.122035,109
7809725,-16.5233151,-68.1220683,110
7809725,-16.5233533,-68.1220941,111
7809725,-16.5233964,-68.1221065,112
7809725,-16.523525,-68.122127,113
7809725,-16.5235937,-68.1221357,114
7809725,-16.5236638,-68.122125,115
7809725,-16.5236638,-68.122125,116
7809725,-16.5236927,-68.1221753,117
7809725,-16.5237731,-68.1223235,118
7809725,-16.5239287,-68.1225843,119
7809725,-16.5240386,-68.1226963,120
7809725,-16.5242771,-68.1229672,121
7809725,-16.5245069,-68.1232303,122
7809725,-16.5246062,-68.123344,123
7809725,-16.524767,-68.1235164,124
7809725,-16.5250299,-68.1238201,125
7809725,-16.52508,-68.1238704,126
7809725,-16.5251225,-68.1238885,127
7809725,-16.5251855,-68.1239019,128
7809725,-16.5252414,-68.1239006,129
7809725,-16.5253481,-68.1238738,130
7809725,-16.5254447,-68.1238367,131
7809725,-16.5254447,-68.1238367,132
7809725,-16.525523,-68.1238067,133
7809725,-16.5256515,-68.1237745,134
7809725,-16.5257949,-68.1237659,135
7809725,-16.525881,-68.1237631,136
7809725,-16.5259891,-68.1237619,137
7809725,-16.5260937,-68.1237671,138
7809725,-16.5260937,-68.1237671,139
7809725,-16.5264185,-68.1237833,140
7809725,-16.5266362,-68.1237958,141
7809725,-16.5268158,-68.1238061,142
7809725,-16.5269216,-68.1238144,143
7809725,-16.5271494,-68.1238322,144
7809725,-16.5274438,-68.1238455,145
7809725,-16.5278311,-68.1238651,146
7809725,-16.5279922,-68.1238745,147
7809725,-16.5281848,-68.123889,148
7809725,-16.5282471,-68.1239099,149
7809725,-16.5282773,-68.1239298,150
7809725,-16.5283206,-68.1239583,151
7809725,-16.5283915,-68.1240505,152
7809725,-16.5284034,-68.1240816,153
7809725,-16.5284161,-68.1241152,154
7809725,-16.5284269,-68.1241908,155
7809725,-16.5284229,-68.1242508,156
7809725,-16.5284096,-68.1243043,157
7809725,-16.5283848,-68.1243599,158
7809725,-16.5283337,-68.1244272,159
7809725,-16.5282702,-68.124476,160
7809725,-16.5280387,-68.1245908,161
7809725,-16.5277733,-68.1247491,162
7809725,-16.5274116,-68.1249674,163
7809725,-16.5272323,-68.1250694,164
7809725,-16.5269546,-68.1252464,165
7809725,-16.5266017,-68.1254523,166
7809725,-16.5264236,-68.1255662,167
7809725,-16.526174,-68.1257252,168
7809725,-16.5260617,-68.125801,169
7809725,-16.5260291,-68.1258407,170
7809725,-16.5260147,-68.1258727,171
7809725,-16.5259979,-68.1259124,172
7809725,-16.5259915,-68.1259526,173
7809725,-16.525993,-68.1260109,174
7809725,-16.5260053,-68.1260805,175
7809725,-16.5260484,-68.1262162,176
7809725,-16.5261735,-68.1266133,177
7809725,-16.526214,-68.126669,178
7809725,-16.5262457,-68.1266953,179
7809725,-16.5262931,-68.126718,180
7809725,-16.5263465,-68.1267222,181
7809725,-16.5263762,-68.1267175,182
7809725,-16.5263989,-68.1267077,183
7809725,-16.5264439,-68.1266742,184
7809725,-16.5265043,-68.1266138,185
7809725,-16.5265646,-68.1265468,186
7809725,-16.5268929,-68.1261798,187
7809725,-16.5270883,-68.1259578,188
7809725,-16.527177,-68.1258606,189
7809725,-16.5275319,-68.1254985,190
7809725,-16.5276688,-68.1253765,191
7809725,-16.5277659,-68.1253134,192
7809725,-16.5278751,-68.1252477,193
7809725,-16.5280596,-68.1251337,194
7809725,-16.5281844,-68.1250593,195
7809725,-16.5282473,-68.1250298,196
7809725,-16.5283624,-68.1249943,197
7809725,-16.5284717,-68.1249795,198
7809725,-16.5286022,-68.1249799,199
7809725,-16.5287354,-68.1249869,200
7809725,-16.5287912,-68.1250077,201
7809725,-16.5289198,-68.1250472,202
7809725,-16.5289969,-68.1250767,203
7809725,-16.5291216,-68.1251438,204
7809725,-16.5295227,-68.1253839,205
7809725,-16.5296172,-68.1254435,206
7809725,-16.5297562,-68.1255315,207
7809725,-16.5298789,-68.1256092,208
7809725,-16.5301283,-68.1257674,209
7809725,-16.530577,-68.1260343,210
7809725,-16.5307174,-68.1261169,211
7809725,-16.5309546,-68.1262564,212
7809725,-16.5310398,-68.1263065,213
7809725,-16.531168,-68.1263844,214
7809725,-16.5315753,-68.1266318,215
7809725,-16.5318833,-68.126809,216
7809725,-16.5320658,-68.1269322,217
7809725,-16.5321275,-68.1269838,218
7809725,-16.5321744,-68.1270468,219
7809725,-16.5322008,-68.1271373,220
7809725,-16.5322072,-68.1272366,221
7809725,-16.5321809,-68.1273392,222
7809725,-16.5321192,-68.1274371,223
7809725,-16.5320407,-68.1275343,224
7809725,-16.5319784,-68.127594,225
7809725,-16.5318787,-68.1276631,226
7809725,-16.531801,-68.1276879,227
7809725,-16.5317405,-68.1276912,228
7809725,-16.5316505,-68.1276838,229
7809725,-16.5316197,-68.1276772,230
7809725,-16.5315721,-68.1276671,231
7809725,-16.5312449,-68.1274901,232
7809725,-16.5311733,-68.1274503,233
7809725,-16.5305638,-68.1271117,234
7809725,-16.5301984,-68.1269087,235
7809725,-16.5300839,-68.1268557,236
7809725,-16.5299817,-68.1268571,237
7809725,-16.5298725,-68.1268939,238
7809725,-16.529589,-68.1270944,239
7809725,-16.5294925,-68.1271823,240
7809725,-16.5294083,-68.1272808,241
7809725,-16.5294083,-68.1272808,242
7809725,-16.5293852,-68.1273459,243
7809725,-16.5293749,-68.1274116,244
7809725,-16.5293707,-68.1275247,245
7809725,-16.5293749,-68.1275712,246
7809725,-16.5294135,-68.1277107,247
7809725,-16.5297759,-68.1288005,248
7809725,-16.5298339,-68.128982,249
7809725,-16.5298899,-68.1290937,250
7809725,-16.5299422,-68.1291924,251
7809725,-16.5299962,-68.1292686,252
7809725,-16.5300706,-68.1293395,253
7809725,-16.5301714,-68.1293996,254
7809725,-16.5303005,-68.1294363,255
7809725,-16.5304228,-68.129437,256
7809725,-16.5308219,-68.1293912,257
7809725,-16.5311504,-68.1293535,258
7809725,-16.5312546,-68.1293511,259
7809725,-16.5313518,-68.1293824,260
7809725,-16.5314242,-68.1294424,261
7809725,-16.5316243,-68.1297274,262
7809725,-16.5317573,-68.1299092,263
7809725,-16.5318576,-68.1300459,264
7809725,-16.5319553,-68.1301696,265
7809725,-16.5320761,-68.1303021,266
7809725,-16.5321648,-68.1303875,267
7809725,-16.5323442,-68.1305354,268
7809725,-16.5324651,-68.1305918,269
7809725,-16.5327261,-68.1306535,270
7809725,-16.5328814,-68.1306897,271
7809725,-16.5329665,-68.1307116,272
7809725,-16.5330205,-68.1307348,273
7809725,-16.5330536,-68.130763,274
7809725,-16.5330874,-68.130806,275
7809725,-16.5331083,-68.1308518,276
7809725,-16.5331211,-68.1309117,277
7809725,-16.5331198,-68.1309842,278
7809725,-16.5330948,-68.1310963,279
7809725,-16.5330543,-68.1312063,280
7809725,-16.53303,-68.1312724,281
7809725,-16.5329615,-68.1314831,282
7809725,-16.5328078,-68.1318988,283
7809725,-16.5327776,-68.1319866,284
7809725,-16.5327645,-68.1320654,285
7809725,-16.5327595,-68.1321794,286
7809725,-16.5327715,-68.1322504,287
7809725,-16.5327862,-68.1323119,288
7809725,-16.5327958,-68.1323463,289
7809725,-16.5328104,-68.1323887,290
7809725,-16.5328327,-68.1324366,291
7809725,-16.5328642,-68.1324963,292
7809725,-16.5329222,-68.1325867,293
7809725,-16.5329862,-68.132664,294
7809725,-16.5330708,-68.1327465,295
7809725,-16.5332159,-68.1328589,296
7809725,-16.5334446,-68.1330282,297
7809725,-16.5335939,-68.1331365,298
7809725,-16.5338834,-68.133343,299
7809725,-16.5340603,-68.1334754,300
7809725,-16.5342461,-68.1336094,301
7809725,-16.5343016,-68.1336493,302
7809725,-16.5344144,-68.1337329,303
7809725,-16.5344683,-68.1338096,304
7809725,-16.534493,-68.133869,305
7809725,-16.5345056,-68.13394,306
7809725,-16.5345001,-68.1339962,307
7809725,-16.5344845,-68.1340556,308
7809725,-16.5344598,-68.1341076,309
7809725,-16.5344159,-68.1341612,310
7809725,-16.5342703,-68.1343225,311
7809725,-16.5341746,-68.1344308,312
7809725,-16.5340207,-68.1345708,313
7809725,-16.5338907,-68.134689,314
7809725,-16.5337317,-68.1348549,315
7809725,-16.5336007,-68.13495,316
7809725,-16.5334771,-68.1350352,317
7809725,-16.5333899,-68.1350782,318
7809725,-16.5332896,-68.1351089,319
7809725,-16.5331966,-68.1351146,320
7809725,-16.5331914,-68.1351149,321
7809725,-16.5331664,-68.135115,322
7809725,-16.5330738,-68.1351046,323
7809725,-16.5328929,-68.135062,324
7809725,-16.5328061,-68.1350439,325
7809725,-16.53274,-68.135043,326
7809725,-16.5326792,-68.1350543,327
7809725,-16.5325933,-68.1350987,328
7809725,-16.5325496,-68.1351403,329
7809725,-16.5325413,-68.1351529,330
7809725,-16.5325114,-68.1351982,331
7809725,-16.5324922,-68.1352465,332
7809725,-16.5324803,-68.1353133,333
7809725,-16.5324842,-68.1353853,334
7809725,-16.5325008,-68.1354439,335
7809725,-16.5325212,-68.1354856,336
7809725,-16.5325608,-68.1355379,337
7809725,-16.5326329,-68.1355941,338
7809725,-16.5328154,-68.1357296,339
7809725,-16.5332335,-68.136059,340
7809725,-16.5334246,-68.1362067,341
7809725,-16.5336537,-68.1363572,342
7809725,-16.5338262,-68.1364835,343
7809725,-16.5339995,-68.1366026,344
7809725,-16.5340853,-68.1366457,345
7809725,-16.5341708,-68.1366732,346
7809725,-16.5342695,-68.1366938,347
7809725,-16.5343112,-68.1366955,348
7809725,-16.5343906,-68.1366987,349
7809725,-16.5344388,-68.1367074,350
7809725,-16.5344812,-68.1367249,351
7809725,-16.5345134,-68.1367517,352
7809725,-16.5345417,-68.1368073,353
7809725,-16.5345577,-68.136857,354
7809725,-16.5345552,-68.1369307,355
7809725,-16.5345404,-68.1370038,356
7809725,-16.5345127,-68.1370903,357
7809725,-16.5344652,-68.1371714,358
7809725,-16.534417,-68.1372278,359
7809725,-16.5343591,-68.137272,360
7809725,-16.5343189,-68.137296,361
7809725,-16.5342595,-68.1373236,362
7809725,-16.5341817,-68.1373364,363
7809725,-16.5339934,-68.1373357,364
7809725,-16.5336598,-68.1373015,365
7809725,-16.5332702,-68.1372459,366
7809725,-16.5331436,-68.1372298,367
7809725,-16.5330588,-68.1372311,368
7809725,-16.53297,-68.1372519,369
7809725,-16.5329205,-68.137268,370
7809725,-16.5328762,-68.1373075,371
7809725,-16.5328466,-68.1373384,372
7809725,-16.5328126,-68.13739,373
7809725,-16.5327965,-68.1374423,374
7809725,-16.5327823,-68.1375054,375
7809725,-16.5327817,-68.1375597,376
7809725,-16.5327946,-68.1376066,377
7809725,-16.5328145,-68.1376602,378
7809725,-16.5328576,-68.1377273,379
7809725,-16.5328948,-68.1377715,380
7809725,-16.5329578,-68.1378078,381
7809725,-16.5330173,-68.1378378,382
7809725,-16.5331012,-68.1378694,383
7809725,-16.5331828,-68.1378969,384
7809725,-16.5334965,-68.1379827,385
7809725,-16.5335919,-68.1380109,386
7809725,-16.5336338,-68.1380366,387
7809725,-16.5336515,-68.1380536,388
7809725,-16.5336893,-68.1380898,389
7809725,-16.5337332,-68.138164,390
7809725,-16.5337466,-68.1382032,391
7809725,-16.5337573,-68.1382824,392
7809725,-16.5337517,-68.1383446,393
7809725,-16.5337255,-68.138423,394
7809725,-16.5336985,-68.1384681,395
7809725,-16.5336556,-68.1385157,396
7809725,-16.5335801,-68.138548,397
7809725,-16.5333789,-68.1386238,398
7809725,-16.5332227,-68.1386727,399
7809725,-16.5330935,-68.1387116,400
7809725,-16.5329919,-68.1387371,401
7809725,-16.5329919,-68.1387371,402
7809725,-16.5328604,-68.1387844,403
7809725,-16.5327554,-68.1388222,404
7809725,-16.5324924,-68.1389081,405
7809725,-16.5324002,-68.1389351,406
7809725,-16.5323482,-68.1389743,407
7809725,-16.5323117,-68.1390187,408
7809725,-16.5322922,-68.1390544,409
7809725,-16.5322785,-68.1390919,410
7809725,-16.5322689,-68.1391452,411
7809725,-16.5322704,-68.1391883,412
7809725,-16.5322796,-68.1392461,413
7809725,-16.5322964,-68.1392886,414
7809725,-16.5323197,-68.139327,415
7809725,-16.5323446,-68.1393563,416
7809725,-16.532384,-68.139389,417
7809725,-16.5324137,-68.1394061,418
7809725,-16.5324577,-68.1394226,419
7809725,-16.5325002,-68.1394302,420
7809725,-16.5326133,-68.1394418,421
7809725,-16.5327753,-68.139468,422
7809725,-16.5328656,-68.1394934,423
7809725,-16.5329684,-68.1395269,424
7809725,-16.5331185,-68.1396168,425
7809725,-16.5332509,-68.1396986,426
7809725,-16.5332509,-68.1396986,427
7809725,-16.5335576,-68.1398931,428
7809725,-16.5338397,-68.1400828,429
7809725,-16.5339309,-68.1401473,430
7809725,-16.5339723,-68.1401857,431
7809725,-16.5340046,-68.1402403,432
7809725,-16.5340204,-68.1403138,433
7809725,-16.5340106,-68.140388,434
7809725,-16.5339897,-68.1404344,435
7809725,-16.5339512,-68.1404814,436
7809725,-16.5339218,-68.1405036,437
7809725,-16.5338809,-68.1405228,438
7809725,-16.5338182,-68.1405331,439
7809725,-16.5336537,-68.1404938,440
7809725,-16.5332474,-68.1404321,441
7809725,-16.5329298,-68.1403919,442
7809725,-16.5328041,-68.1403928,443
7809725,-16.5327734,-68.140395,444
7809725,-16.5327544,-68.1404055,445
7809725,-16.5327544,-68.1404055,446
7809725,-16.5327314,-68.140394,447
7809725,-16.5327065,-68.1403883,448
7809725,-16.532681,-68.140389,449
7809725,-16.5326563,-68.1403959,450
7809725,-16.5326276,-68.1404137,451
7809725,-16.5326055,-68.1404398,452
7809725,-16.5325922,-68.1404718,453
7809725,-16.5325888,-68.1405064,454
7809725,-16.5325958,-68.1405405,455
7809725,-16.5326128,-68.1405712,456
7809725,-16.5326128,-68.1405712,457
7809725,-16.5326386,-68.1405951,458
7809725,-16.5326386,-68.1405951,459
7809725,-16.5326573,-68.1406212,460
7809725,-16.532689,-68.1406521,461
7809725,-16.5327221,-68.1406869,462
7809725,-16.5327575,-68.1407204,463
7809725,-16.5327867,-68.1407522,464
7809725,-16.5328312,-68.1407779,465
7809725,-16.5328902,-68.1408149,466
7809725,-16.5329446,-68.1408401,467
7809725,-16.5330307,-68.1408807,468
7809725,-16.5331258,-68.1409205,469
7809725,-16.5333033,-68.1409829,470
7809725,-16.5334386,-68.1410469,471
7809725,-16.5336047,-68.1411687,472
7809725,-16.5337809,-68.1413101,473
7809725,-16.5338715,-68.1413849,474
7809725,-16.5339504,-68.1414619,475
7809725,-16.5339711,-68.1415117,476
7809725,-16.533974,-68.1415764,477
7809725,-16.5339576,-68.1416291,478
7809725,-16.5339364,-68.1416629,479
7809725,-16.5339115,-68.1416838,480
7809725,-16.5338781,-68.1417054,481
7809725,-16.5337937,-68.1417366,482
7809725,-16.5336729,-68.1417643,483
7809725,-16.5333843,-68.1418305,484
7809725,-16.533234,-68.1418775,485
7809725,-16.5328636,-68.1419934,486
7809725,-16.5327401,-68.1420417,487
7809725,-16.532631,-68.1420744,488
7809725,-16.5325253,-68.1421049,489
7809725,-16.5324724,-68.1421125,490
7809725,-16.53243,-68.1421178,491
7809725,-16.5323827,-68.1421291,492
7809725,-16.5323577,-68.142141,493
7809725,-16.5323403,-68.1421507,494
7809725,-16.5323136,-68.1421805,495
7809725,-16.5323086,-68.1421929,496
7809725,-16.5322993,-68.1422162,497
7809725,-16.5322971,-68.1422385,498
7809725,-16.5322992,-68.142264,499
7809725,-16.532307,-68.142297,500
7809725,-16.5323258,-68.1423334,501
7809725,-16.5323487,-68.1423753,502
7809725,-16.5323904,-68.1424212,503
7809725,-16.5325283,-68.1425906,504
7809725,-16.5325762,-68.1426466,505
7809725,-16.5326881,-68.1427854,506
7809725,-16.5327628,-68.1428817,507
7809725,-16.5328115,-68.1429446,508
7809725,-16.5329169,-68.1431066,509
7809725,-16.5329799,-68.1432205,510
7809725,-16.5330468,-68.1433687,511
7809725,-16.5330654,-68.1434398,512
7809725,-16.5330841,-68.1435196,513
7809725,-16.5330969,-68.1436182,514
7809725,-16.5331085,-68.1437335,515
7809725,-16.5331297,-68.1440024,516
7809725,-16.5331483,-68.1442177,517
7809725,-16.5331805,-68.1444356,518
7809725,-16.5331911,-68.1444835,519
7809725,-16.5332046,-68.1445234,520
7809725,-16.5332242,-68.1445627,521
7809725,-16.5332496,-68.1445972,522
7809725,-16.5332994,-68.1446475,523
7809725,-16.5333727,-68.1447045,524
7809725,-16.533498,-68.1447843,525
7809725,-16.5336803,-68.1449201,526
7809725,-16.5338593,-68.1450458,527
7809725,-16.533993,-68.1451423,528
7809725,-16.5340978,-68.1452087,529
7809725,-16.5341968,-68.1452744,530
7809725,-16.5343022,-68.1453348,531
7809725,-16.534514,-68.1454387,532
7809725,-16.5347008,-68.1455018,533
7809725,-16.5348133,-68.14554,534
7809725,-16.5348493,-68.1455631,535
7809725,-16.5348753,-68.145593,536
7809725,-16.5348904,-68.1456211,537
7809725,-16.5348981,-68.1456493,538
7809725,-16.534902,-68.1456882,539
7809725,-16.5348981,-68.1457244,540
7809725,-16.5348862,-68.1457536,541
7809725,-16.5348724,-68.145776,542
7809725,-16.5348438,-68.1457968,543
7809725,-16.5347837,-68.1458183,544
7809725,-16.5345677,-68.1458853,545
7809725,-16.5344813,-68.1459028,546
7809725,-16.5343725,-68.1459248,547
7809725,-16.5341184,-68.1459456,548
7809725,-16.5336425,-68.1459369,549
7809725,-16.5329638,-68.1459437,550
7809725,-16.532591,-68.145943,551
7809725,-16.5325094,-68.1459316,552
7809725,-16.5324374,-68.1459054,553
7809725,-16.5323583,-68.1458612,554
7809725,-16.5322259,-68.1457586,555
7809725,-16.532033,-68.1456057,556
7809725,-16.5319321,-68.1455333,557
7809725,-16.531801,-68.1454524,558
7809725,-16.5315188,-68.1452979,559
7809725,-16.5313593,-68.1452016,560
7809725,-16.5312637,-68.1451246,561
7809725,-16.5311757,-68.1450361,562
7809725,-16.5311048,-68.1449349,563
7809725,-16.531009,-68.1447508,564
7809725,-16.5306792,-68.1441171,565
7809725,-16.5306149,-68.1440098,566
7809725,-16.530568,-68.1439729,567
7809725,-16.530532,-68.1439548,568
7809725,-16.5304754,-68.1439474,569
7809725,-16.5304132,-68.1439528,570
7809725,-16.5303588,-68.1439716,571
7809725,-16.5303392,-68.143983,572
7809725,-16.5303012,-68.1440084,573
7809725,-16.5302684,-68.14405,574
7809725,-16.5302479,-68.1440896,575
7809725,-16.5302324,-68.1441365,576
7809725,-16.5302234,-68.1442036,577
7809725,-16.5302215,-68.1442512,578
7809725,-16.5302299,-68.1443182,579
7809725,-16.5302742,-68.1444711,580
7809725,-16.5304242,-68.1449629,581
7809725,-16.5304761,-68.145133,582
7809725,-16.5304761,-68.145133,583
7809725,-16.5304243,-68.1451534,584
7809725,-16.5303993,-68.1451544,585
7809725,-16.5303787,-68.1451504,586
7809725,-16.5303469,-68.145136,587
7809725,-16.5303314,-68.1451222,588
7809725,-16.5285607,-68.1431048,589
7809725,-16.5286834,-68.1430147,590
7809725,-16.528765,-68.1429834,591
7809725,-16.5288048,-68.1429732,592
7809725,-16.5288614,-68.1429783,593
7809725,-16.5289311,-68.1430012,594
7809725,-16.5290024,-68.1430359,595
7809725,-16.52907,-68.1431076,596
7809725,-16.5292833,-68.1433238,597
7809725,-16.5292919,-68.1433348,598
7809725,-16.5293014,-68.1433469,599
7809725,-16.5295342,-68.1436457,600
7809725,-16.5298017,-68.144062,601
7809725,-16.5300554,-68.1445614,602
7809725,-16.5301251,-68.1446899,603
7809725,-16.5302408,-68.1448795,604
7809725,-16.5303314,-68.1451222,605
8422678,-16.5014636,-68.1209126,0
8422678,-16.5014684,-68.1210483,1
8517482,-16.4850425,-68.0932318,0
8517482,-16.4854301,-68.094112,1
8517482,-16.4854301,-68.094112,2
8517482,-16.485485,-68.0942047,3
8517482,-16.4858262,-68.0947247,4
8517482,-16.4858262,-68.0947247,5
8517482,-16.4859021,-68.0948045,6
8517482,-16.4861077,-68.095007,7
8517482,-16.4861616,-68.09506,8
8517482,-16.4862939,-68.0951817,9
8517482,-16.4862939,-68.0951817,10
8517482,-16.4867523,-68.0955895,11
8517482,-16.4867523,-68.0955895,12
8517482,-16.4873395,-68.096125,13
8517482,-16.4875118,-68.0963295,14
8517482,-16.4877985,-68.0967072,15
8517482,-16.4879124,-68.0968533,16
8517482,-16.4881396,-68.0971523,17
8517482,-16.4882809,-68.0973383,18
8517482,-16.488379,-68.0974673,19
8517482,-16.4884061,-68.097503,20
8517482,-16.4886219,-68.0977709,21
8517482,-16.4895895,-68.0990271,22
8517482,-16.4904785,-68.1001288,23
8517482,-16.490527,-68.1001578,24
8517482,-16.4905917,-68.1001767,25
8517482,-16.4906215,-68.1003437,26
8517482,-16.4905917,-68.1001767,27
8517482,-16.4906215,-68.1003437,28
8517482,-16.4905971,-68.1004283,29
8517482,-16.4905462,-68.1008965,30
8517482,-16.490532,-68.1010087,31
8517482,-16.4905259,-68.1010801,32
8517482,-16.4905286,-68.101139,33
8517482,-16.4905498,-68.1012291,34
8517482,-16.4905658,-68.1012627,35
8517482,-16.4905909,-68.1013008,36
8517482,-16.4906145,-68.1013276,37
8517482,-16.4907355,-68.1014093,38
8517482,-16.4907789,-68.1014197,39
8517482,-16.4907933,-68.1014174,40
8517482,-16.4955303,-68.1020609,41
8517482,-16.4953553,-68.1018475,42
8517482,-16.4952486,-68.1016289,43
8517482,-16.4951555,-68.1014112,44
8517482,-16.4951226,-68.1013262,45
8517482,-16.4949374,-68.1009009,46
8517482,-16.4948965,-68.1008068,47
8517482,-16.4948763,-68.1007682,48
8517482,-16.4948466,-68.1007416,49
8517482,-16.4948113,-68.1007259,50
8517482,-16.494772,-68.1007144,51
8517482,-16.4946446,-68.1006941,52
8517482,-16.4945056,-68.1006879,53
8517482,-16.4943709,-68.1007019,54
8517482,-16.4942716,-68.1007319,55
8517482,-16.4936454,-68.1009921,56
8517482,-16.4929605,-68.1012715,57
8517482,-16.4929206,-68.1012894,58
8517482,-16.4924941,-68.101453,59
8517482,-16.4923651,-68.1014973,60
8517482,-16.4920094,-68.1016155,61
8517482,-16.4918435,-68.1016597,62
8517482,-16.4917072,-68.1016812,63
8517482,-16.4915811,-68.1016785,64
8517482,-16.4914718,-68.1016691,65
8517482,-16.4913593,-68.1016485,66
8517482,-16.4912558,-68.1016235,67
8517482,-16.4911156,-68.1015766,68
8517482,-16.4909562,-68.1015068,69
8517482,-16.4907933,-68.1014174,70
8517482,-16.4970144,-68.1017957,71
8517482,-16.496566,-68.1018764,72
8517482,-16.4963379,-68.1019065,73
8517482,-16.496173,-68.1019283,74
8517482,-16.4959534,-68.1019605,75
8517482,-16.4957881,-68.101985,76
8517482,-16.4956092,-68.1020108,77
8517482,-16.4955757,-68.1020221,78
8517482,-16.4955303,-68.1020609,79
8517482,-16.4975924,-68.1013995,80
8517482,-16.4975514,-68.1014576,81
8517482,-16.4974812,-68.1015989,82
8517482,-16.4974325,-68.1016497,83
8517482,-16.4973708,-68.101693,84
8517482,-16.4972522,-68.1017465,85
8517482,-16.4970144,-68.1017957,86
8517482,-16.4987985,-68.1011902,87
8517482,-16.4977758,-68.1013366,88
8517482,-16.4976797,-68.1013591,89
8517482,-16.4975924,-68.1013995,90
8517482,-16.4991863,-68.1011265,91
8517482,-16.4987985,-68.1011902,92
8517482,-16.4994376,-68.1044498,93
8517482,-16.4994369,-68.1042017,94
8517482,-16.4994363,-68.1040193,95
8517482,-16.4994267,-68.1036979,96
8517482,-16.4994115,-68.1031869,97
8517482,-16.4994106,-68.1031587,98
8517482,-16.4993529,-68.102314,99
8517482,-16.4991863,-68.1011265,100
8517482,-16.4994292,-68.1047221,101
8517482,-16.4994318,-68.1046067,102
8517482,-16.4994376,-68.1044498,103
8517482,-16.4994292,-68.1047221,104
8517482,-16.5001301,-68.1046494,105
8517482,-16.5009387,-68.104444,106
8517482,-16.5019379,-68.1041713,107
8517482,-16.5018902,-68.1051082,108
8517482,-16.5019297,-68.1045611,109
8517482,-16.5019379,-68.1041713,110
8517482,-16.5018902,-68.1051082,111
8517482,-16.5020139,-68.1051693,112
8517482,-16.5021072,-68.1052541,113
8517482,-16.5022331,-68.1054288,114
8517482,-16.5022659,-68.1054777,115
8517482,-16.5022877,-68.1055376,116
8517482,-16.5022784,-68.1055793,117
8517482,-16.5022573,-68.1056265,118
8517482,-16.5022052,-68.1056688,119
8517482,-16.5020983,-68.1057174,120
8517482,-16.5019469,-68.1057828,121
8517482,-16.5016778,-68.105963,122
8517482,-16.5014056,-68.1061991,123
8517482,-16.5011028,-68.1063953,124
8517482,-16.5007053,-68.1065931,125
8517482,-16.5003142,-68.1067914,126
8517482,-16.5001501,-68.1068598,127
8517482,-16.4993227,-68.107208,128
8517482,-16.4991884,-68.1072737,129
8517482,-16.4985745,-68.107529,130
8517482,-16.4985745,-68.107529,131
8517482,-16.4984978,-68.1075688,132
8517482,-16.4980747,-68.107784,133
8517482,-16.4978928,-68.1079054,134
8517482,-16.4977361,-68.1080742,135
8517482,-16.4976576,-68.1081634,136
8517482,-16.4976576,-68.1081634,137
8517482,-16.4976265,-68.1083805,138
8517482,-16.4975259,-68.1089191,139
8517482,-16.4975259,-68.1089191,140
8517482,-16.4973896,-68.1090116,141
8517482,-16.497193,-68.1092271,142
8517482,-16.4970744,-68.1093499,143
8517482,-16.4968936,-68.1095907,144
8517482,-16.4968936,-68.1095907,145
8517482,-16.4966367,-68.1099585,146
8517482,-16.4957464,-68.1113154,147
8517482,-16.4956356,-68.1113274,148
8517482,-16.4955816,-68.1113197,149
8517482,-16.4955276,-68.1112888,150
8517482,-16.4954891,-68.1112595,151
8517482,-16.4954306,-68.1112023,152
8517482,-16.4953701,-68.1111245,153
8517482,-16.4953378,-68.1110577,154
8517482,-16.4952319,-68.1106598,155
8517482,-16.4952049,-68.1105653,156
8517482,-16.4952068,-68.110517,157
8517482,-16.4952384,-68.1104506,158
8517482,-16.4953078,-68.1104077,159
8517482,-16.4956273,-68.1102636,160
8517482,-16.4958002,-68.1101851,161
8517482,-16.4960992,-68.1100939,162
8517482,-16.4963815,-68.1100027,163
8517482,-16.4964789,-68.1099732,164
8517482,-16.4966367,-68.1099585,165
8517482,-16.4967546,-68.1113966,166
8517482,-16.4967268,-68.1113678,167
8517482,-16.4966926,-68.1113562,168
8517482,-16.4966579,-68.1113586,169
8517482,-16.4965107,-68.1114051,170
8517482,-16.4964252,-68.1114231,171
8517482,-16.4963654,-68.1114317,172
8517482,-16.4962947,-68.1114337,173
8517482,-16.4962291,-68.1114279,174
8517482,-16.4960308,-68.1113719,175
8517482,-16.4958438,-68.1113025,176
8517482,-16.4958015,-68.1113016,177
8517482,-16.4957464,-68.1113154,178
8517482,-16.4944598,-68.1137158,179
8517482,-16.4947721,-68.1137354,180
8517482,-16.4949053,-68.1137323,181
8517482,-16.4950185,-68.1137153,182
8517482,-16.4951226,-68.1136783,183
8517482,-16.4952203,-68.1135983,184
8517482,-16.4957157,-68.113019,185
8517482,-16.495772,-68.112933,186
8517482,-16.4958041,-68.1128392,187
8517482,-16.4958183,-68.1127976,188
8517482,-16.4959005,-68.1125589,189
8517482,-16.4959813,-68.1123722,190
8517482,-16.4961924,-68.1121404,191
8517482,-16.4962413,-68.1120855,192
8517482,-16.4965555,-68.1117665,193
8517482,-16.4966605,-68.111651,194
8517482,-16.4967184,-68.1115678,195
8517482,-16.4967558,-68.1114881,196
8517482,-16.4967647,-68.1114364,197
8517482,-16.4967546,-68.1113966,198
8517482,-16.4934968,-68.1145617,199
8517482,-16.4934947,-68.1145146,200
8517482,-16.4934947,-68.114452,201
8517482,-16.4935005,-68.1143962,202
8517482,-16.4935122,-68.1143288,203
8517482,-16.4935322,-68.1142696,204
8517482,-16.4935707,-68.1142055,205
8517482,-16.4936078,-68.1141755,206
8517482,-16.4942509,-68.1137777,207
8517482,-16.4943227,-68.1137458,208
8517482,-16.4944598,-68.1137158,209
8517482,-16.4924163,-68.1151929,210
8517482,-16.492743,-68.1149944,211
8517482,-16.4930165,-68.1148242,212
8517482,-16.4934968,-68.1145617,213
8517482,-16.4928466,-68.1157663,214
8517482,-16.4924163,-68.1151929,215
8517482,-16.4932547,-68.1163863,216
8517482,-16.4932144,-68.1162767,217
8517482,-16.4930904,-68.1161111,218
8517482,-16.4928466,-68.1157663,219
8517482,-16.4932929,-68.1164307,220
8517482,-16.4932773,-68.1164053,221
8517482,-16.4932547,-68.1163863,222
8517482,-16.494633,-68.1184193,223
8517482,-16.4945962,-68.1183855,224
8517482,-16.4943123,-68.1180942,225
8517482,-16.4941844,-68.1179077,226
8517482,-16.4940536,-68.1176874,227
8517482,-16.4937999,-68.1171753,228
8517482,-16.4937197,-68.117037,229
8517482,-16.4934951,-68.1167218,230
8517482,-16.4932929,-68.1164307,231
8517482,-16.494633,-68.1184193,232
8517482,-16.4946279,-68.1184518,233
8517482,-16.4946333,-68.1184843,234
8517482,-16.4946487,-68.1185131,235
8517482,-16.4926388,-68.1191767,236
8517482,-16.4927488,-68.1191584,237
8517482,-16.4928697,-68.1191316,238
8517482,-16.4933449,-68.118924,239
8517482,-16.493555,-68.1188312,240
8517482,-16.4938431,-68.1187118,241
8517482,-16.4939524,-68.118685,242
8517482,-16.4941196,-68.1186569,243
8517482,-16.4944706,-68.1185912,244
8517482,-16.4945439,-68.1185718,245
8517482,-16.4946487,-68.1185131,246
8517482,-16.491358,-68.119225,247
8517482,-16.4914769,-68.1192195,248
8517482,-16.4922201,-68.1192061,249
8517482,-16.4924427,-68.1191987,250
8517482,-16.4926388,-68.1191767,251
8517482,-16.4913441,-68.1193257,252
8517482,-16.491358,-68.119225,253
8517482,-16.4913462,-68.1194825,254
8517482,-16.4913441,-68.1193257,255
8517482,-16.4913677,-68.1195687,256
8517482,-16.4913462,-68.1194825,257
8517482,-16.4921892,-68.1195837,258
8517482,-16.4918713,-68.1195706,259
8517482,-16.4913677,-68.1195687,260
8517482,-16.4921892,-68.1195837,261
8517482,-16.4923325,-68.1196247,262
8517482,-16.4928047,-68.119663,263
8517482,-16.4930098,-68.1196903,264
8517482,-16.4932388,-68.1197604,265
8517482,-16.4932832,-68.1197858,266
8517482,-16.4933063,-68.119812,267
8517482,-16.4933217,-68.1198489,268
8517482,-16.4933282,-68.1198837,269
8517482,-16.4933249,-68.1199213,270
8517482,-16.4932884,-68.1199897,271
8517482,-16.4931781,-68.1201213,272
8517482,-16.4931781,-68.1201213,273
8517482,-16.4931218,-68.1200959,274
8517482,-16.4930874,-68.1200917,275
8517482,-16.4930531,-68.1200969,276
8517482,-16.4930213,-68.1201111,277
8517482,-16.492994,-68.1201334,278
8517482,-16.4929732,-68.1201623,279
8517482,-16.4929603,-68.1201959,280
8517482,-16.492956,-68.1202317,281
8517482,-16.4929614,-68.1202697,282
8517482,-16.4929765,-68.1203046,283
8517482,-16.4930002,-68.120334,284
8517482,-16.4930307,-68.1203554,285
8517482,-16.4930657,-68.1203673,286
8517482,-16.4931024,-68.1203689,287
8517482,-16.4931024,-68.1203689,288
8517482,-16.4931179,-68.120787,289
8517482,-16.4931389,-68.121112,290
8517482,-16.4931451,-68.1212288,291
8517482,-16.4931469,-68.1213237,292
8517482,-16.4931469,-68.1213237,293
8517482,-16.4931515,-68.1214593,294
8517482,-16.4931515,-68.1214593,295
8517482,-16.4932705,-68.1214537,296
8517482,-16.4935935,-68.1214369,297
8517482,-16.4935935,-68.1214369,298
8517482,-16.4937654,-68.121428,299
8517482,-16.4937654,-68.121428,300
8517482,-16.4941891,-68.1214071,301
8517482,-16.4942582,-68.1214071,302
8517482,-16.4943283,-68.1214114,303
8517482,-16.4943283,-68.1214114,304
8517482,-16.4943571,-68.1214493,305
8517482,-16.4943953,-68.1214768,306
8517482,-16.4944394,-68.1214916,307
8517482,-16.4944942,-68.121491,308
8517482,-16.4945097,-68.121485,309
8517482,-16.4945454,-68.1214711,310
8517482,-16.4945733,-68.1214493,311
8517482,-16.494596,-68.1214217,312
8517482,-16.494614,-68.1213852,313
8517482,-16.494614,-68.1213852,314
8517482,-16.4947151,-68.1213826,315
8517482,-16.4965867,-68.1212947,316
8517482,-16.4968789,-68.1212731,317
8517482,-16.4969646,-68.121269,318
8517482,-16.4969646,-68.121269,319
8517482,-16.4970728,-68.1212646,320
8517482,-16.4980014,-68.1212179,321
8517482,-16.4981079,-68.1212086,322
8517482,-16.4982531,-68.1212066,323
8517482,-16.4992971,-68.1211544,324
8517482,-16.4994199,-68.1211495,325
8517482,-16.4995349,-68.1211433,326
8517482,-16.501352,-68.1210577,327
8517482,-16.5014684,-68.1210483,328
8517482,-16.5014684,-68.1210483,329
8517482,-16.5014694,-68.1211004,330
8517482,-16.5014694,-68.1211004,331
8517482,-16.5014773,-68.1212878,332
8517482,-16.501506,-68.1219462,333
8517482,-16.5015351,-68.1225313,334
8517482,-16.5015511,-68.1229073,335
8517482,-16.5015511,-68.1229073,336
8517482,-16.5015517,-68.1229245,337
8517482,-16.501556,-68.1230433,338
8517482,-16.5015707,-68.1233563,339
8517482,-16.5015746,-68.1235691,340
8517482,-16.5015903,-68.1238094,341
8517482,-16.501608,-68.1239148,342
8517482,-16.501657,-68.1240478,343
8517482,-16.5017188,-68.1241449,344
8517482,-16.5018154,-68.1242209,345
8517482,-16.5018154,-68.1242209,346
8517482,-16.5019158,-68.1243034,347
8517482,-16.5020461,-68.1244276,348
8517482,-16.5021181,-68.1245183,349
8517482,-16.5021532,-68.1245785,350
8517482,-16.5022023,-68.1246782,351
8517482,-16.5022023,-68.1246782,352
8517482,-16.5022724,-68.1248508,353
8517482,-16.5023347,-68.1250456,354
8517482,-16.5023621,-68.1251312,355
8517482,-16.5023955,-68.1252357,356
8517482,-16.5024141,-68.1253838,357
8517482,-16.5023865,-68.1256759,358
8517482,-16.5023842,-68.1259079,359
8517482,-16.5023449,-68.1261439,360
8517482,-16.5022652,-68.1264429,361
8517482,-16.5022111,-68.1266672,362
8517482,-16.5021675,-68.1268029,363
8517482,-16.5021309,-68.1269137,364
8517482,-16.5018043,-68.1277943,365
8517482,-16.5017847,-68.1279161,366
8517482,-16.5017709,-68.1280114,367
8517482,-16.5017741,-68.128116,368
8517482,-16.5017884,-68.1282545,369
8517482,-16.5018022,-68.1283232,370
8517482,-16.5018293,-68.1283957,371
8517482,-16.5018633,-68.1284721,372
8517482,-16.5019148,-68.1285397,373
8517482,-16.5020252,-68.1286449,374
8517482,-16.5020252,-68.1286449,375
8517482,-16.5020936,-68.1287045,376
8517482,-16.5021324,-68.1287352,377
8517482,-16.502185,-68.1287719,378
8517482,-16.502223,-68.1288045,379
8517482,-16.502223,-68.1288045,380
8517482,-16.5022282,-68.128828,381
8517482,-16.5022282,-68.128828,382
8517482,-16.5022401,-68.1288487,383
8517482,-16.5022575,-68.1288646,384
8517482,-16.5022787,-68.1288742,385
8517482,-16.5023017,-68.1288766,386
8517482,-16.5023243,-68.1288715,387
8517482,-16.5023243,-68.1288715,388
8517482,-16.5024559,-68.1288282,389
8517482,-16.5025697,-68.1287962,390
8517482,-16.5025697,-68.1287962,391
8517482,-16.5029593,-68.1286922,392
8517482,-16.5029593,-68.1286922,393
8517482,-16.5032875,-68.1285644,394
8517482,-16.5032875,-68.1285644,395
8517482,-16.5035234,-68.1284968,396
8517482,-16.5036891,-68.1284451,397
8517482,-16.5038012,-68.1284248,398
8517482,-16.5038012,-68.1284248,399
8517482,-16.5039133,-68.128406,400
8517482,-16.5040247,-68.1283995,401
8517482,-16.5041167,-68.1284054,402
8517482,-16.5041961,-68.1284275,403
8517482,-16.5041961,-68.1284275,404
8517482,-16.5042525,-68.1284489,405
8517482,-16.5043753,-68.1285051,406
8517482,-16.5044124,-68.1285288,407
8517482,-16.5044433,-68.1285566,408
8517482,-16.5044578,-68.1285912,409
8517482,-16.5044635,-68.1286292,410
8517482,-16.5044588,-68.1286566,411
8517482,-16.5044469,-68.1286818,412
8517482,-16.5044217,-68.1287167,413
8517482,-16.5043223,-68.1287939,414
8517482,-16.5043223,-68.1287939,415
8517482,-16.5040209,-68.1290168,416
8517482,-16.503961,-68.1290554,417
8517482,-16.5030173,-68.1296627,418
8517482,-16.5030173,-68.1296627,419
8517482,-16.5029845,-68.1296928,420
8517482,-16.5025749,-68.1300638,421
8517482,-16.5024387,-68.1302023,422
8517482,-16.502389,-68.1302513,423
8517482,-16.5020063,-68.1306374,424
8517482,-16.5019608,-68.1306965,425
8517482,-16.5019608,-68.1306965,426
8517482,-16.5019075,-68.1307637,427
8517482,-16.5012506,-68.1316213,428
8517482,-16.5012066,-68.1316774,429
8517482,-16.5012066,-68.1316774,430
8517482,-16.5011597,-68.1317363,431
8517482,-16.5007841,-68.1321926,432
8517482,-16.5007489,-68.1322353,433
8517482,-16.5007489,-68.1322353,434
8517482,-16.5007343,-68.1322357,435
8517482,-16.5006766,-68.1322124,436
8517482,-16.5006766,-68.1322124,437
8517482,-16.5006018,-68.1321834,438
8517482,-16.500496,-68.1321423,439
8517482,-16.500496,-68.1321423,440
8517482,-16.5000686,-68.1319711,441
8517482,-16.5000612,-68.1319682,442
8517482,-16.5000199,-68.1319524,443
8517482,-16.4999975,-68.1319162,444
8517482,-16.4999932,-68.1318753,445
8517482,-16.5000199,-68.1319524,446
8517482,-16.4999544,-68.131956,447
8517482,-16.4999544,-68.131956,448
8517482,-16.4999932,-68.1318753,449
8517482,-16.4999932,-68.1318753,450
8517482,-16.5001953,-68.1314501,451
8538454,-16.5259197,-68.1007938,0
8538454,-16.5258562,-68.1008307,1
8538454,-16.5257651,-68.1008598,2
8538454,-16.5243237,-68.0995766,3
8538454,-16.5242408,-68.0995363,4
8538454,-16.524169,-68.0994814,5
8538454,-16.524169,-68.0994814,6
8538454,-16.5241357,-68.0994524,7
8538454,-16.5240951,-68.0994363,8
8538454,-16.5240951,-68.0994363,9
8538454,-16.5240534,-68.0994347,10
8538454,-16.5240133,-68.0994469,11
8538454,-16.5239788,-68.0994715,12
8538454,-16.5239536,-68.0995061,13
8538454,-16.52394,-68.0995473,14
8538454,-16.5239395,-68.0995907,15
8538454,-16.523952,-68.0996322,16
8538454,-16.5239764,-68.0996675,17
8538454,-16.5240102,-68.099693,18
8538454,-16.5240102,-68.099693,19
8538454,-16.5241565,-68.0998263,20
8538454,-16.5241565,-68.0998263,21
8538454,-16.5243298,-68.1000178,22
8538454,-16.5243944,-68.1000892,23
8538454,-16.524531,-68.1002401,24
8538454,-16.5246214,-68.1002897,25
8538454,-16.5247912,-68.1003557,26
8538454,-16.5249409,-68.1003947,27
8538454,-16.5249409,-68.1003947,28
8538454,-16.5257869,-68.1007255,29
8538454,-16.5257869,-68.1007255,30
8538454,-16.5259197,-68.1007938,31
8538454,-16.5227239,-68.1038879,32
8538454,-16.5231925,-68.1030837,33
8538454,-16.5233334,-68.1028774,34
8538454,-16.5234093,-68.1027903,35
8538454,-16.523489,-68.1026964,36
8538454,-16.5235764,-68.1026012,37
8538454,-16.5236285,-68.1025435,38
8538454,-16.5236812,-68.1025013,39
8538454,-16.5237412,-68.1024765,40
8538454,-16.5239197,-68.1024255,41
8538454,-16.5240643,-68.1023953,42
8538454,-16.5241801,-68.1023889,43
8538454,-16.5243375,-68.102394,44
8538454,-16.5244038,-68.1023896,45
8538454,-16.5244436,-68.1023806,46
8538454,-16.5245058,-68.1023569,47
8538454,-16.524571,-68.1022752,48
8538454,-16.5246034,-68.1022082,49
8538454,-16.5247026,-68.1020382,50
8538454,-16.5247508,-68.1019732,51
8538454,-16.5248717,-68.1018683,52
8538454,-16.5250378,-68.1017057,53
8538454,-16.5252595,-68.1013684,54
8538454,-16.5253387,-68.1012237,55
8538454,-16.5254805,-68.1010446,56
8538454,-16.5255774,-68.100952,57
8538454,-16.5257651,-68.1008598,58
8538454,-16.5227239,-68.1038879,59
8538454,-16.5225726,-68.103949,60
8538454,-16.5224733,-68.1040268,61
8538454,-16.5227088,-68.1041538,62
8538454,-16.5225797,-68.1040834,63
8538454,-16.5224733,-68.1040268,64
8538454,-16.5227088,-68.1041538,65
8538454,-16.5227053,-68.1042809,66
8538454,-16.5226636,-68.104356,67
8538454,-16.5224953,-68.1045299,68
8538454,-16.5224076,-68.1046021,69
8538454,-16.5223601,-68.1046497,70
8538454,-16.5223485,-68.1047395,71
8538454,-16.5200966,-68.1048562,72
8538454,-16.5205439,-68.1048345,73
8538454,-16.5223485,-68.1047395,74
8538454,-16.5200966,-68.1048562,75
8538454,-16.5201756,-68.1052928,76
8538454,-16.5201756,-68.1052928,77
8538454,-16.5201956,-68.1054973,78
8538454,-16.5202277,-68.1057079,79
8538454,-16.520243,-68.1058702,80
8538454,-16.5202663,-68.1061042,81
8538454,-16.5202766,-68.1062409,82
8538454,-16.5202972,-68.1064789,83
8538454,-16.520311,-68.1066671,84
8538454,-16.5203209,-68.1068882,85
8538454,-16.5203057,-68.1070745,86
8538454,-16.5203096,-68.1072618,87
8538454,-16.5203008,-68.1074501,88
8538454,-16.5203046,-68.1076395,89
8538454,-16.5202955,-68.1078639,90
8538454,-16.5202964,-68.1080156,91
8538454,-16.5202888,-68.1083786,92
8538454,-16.5202728,-68.1087197,93
8538454,-16.5202588,-68.1090897,94
8538454,-16.5202592,-68.1093672,95
8538454,-16.5202668,-68.1094728,96
8538454,-16.520694,-68.1101779,97
8538454,-16.5204974,-68.1099577,98
8538454,-16.5204112,-68.1099013,99
8538454,-16.5213019,-68.1109462,100
8538454,-16.5212834,-68.1109007,101
8538454,-16.5209844,-68.1105593,102
8538454,-16.5207576,-68.1102937,103
8538454,-16.520694,-68.1101779,104
8538454,-16.5208995,-68.1116993,105
8538454,-16.5212983,-68.1110026,106
8538454,-16.5213019,-68.1109462,107
8538454,-16.5208995,-68.1116993,108
8538454,-16.5208378,-68.1117844,109
8538454,-16.5207439,-68.1119071,110
8538454,-16.5207439,-68.1119071,111
8538454,-16.5206173,-68.1120338,112
8538454,-16.5204238,-68.1121961,113
8538454,-16.520346,-68.1122839,114
8538454,-16.5203003,-68.1123517,115
8538454,-16.5202425,-68.1124583,116
8538454,-16.5200489,-68.1129397,117
8538454,-16.5199712,-68.1131074,118
8538454,-16.5199372,-68.1131624,119
8538454,-16.5198619,-68.1132368,120
8538454,-16.5197816,-68.1133079,121
8538454,-16.5197057,-68.1133535,122
8538454,-16.519482,-68.1134131,123
8538454,-16.51919,-68.1134487,124
8538454,-16.5190597,-68.1134683,125
8538454,-16.518707,-68.1135176,126
8538454,-16.5180301,-68.1135969,127
8538454,-16.5178386,-68.1136078,128
8538454,-16.5177288,-68.1136058,129
8538454,-16.5173577,-68.113499,130
8538454,-16.5169544,-68.1133889,131
8538454,-16.5169544,-68.1133889,132
8538454,-16.5159821,-68.1133527,133
8538454,-16.5159821,-68.1133527,134
8538454,-16.5158734,-68.113353,135
8538454,-16.5158734,-68.113353,136
8538454,-16.5155237,-68.1133641,137
8538454,-16.5152409,-68.1133723,138
8538454,-16.5152409,-68.1133723,139
8538454,-16.5147645,-68.1134843,140
8538454,-16.5146321,-68.1134908,141
8538454,-16.5144681,-68.1134733,142
8538454,-16.5141493,-68.113389,143
8538454,-16.5141954,-68.1144475,144
8538454,-16.5141645,-68.1143348,145
8538454,-16.514121,-68.1141803,146
8538454,-16.514067,-68.1139563,147
8538454,-16.5140502,-68.1138437,148
8538454,-16.5140502,-68.1137511,149
8538454,-16.5140824,-68.1135969,150
8538454,-16.5141493,-68.113389,151
8538454,-16.5142271,-68.1144994,152
8538454,-16.5142249,-68.1144833,153
8538454,-16.5142185,-68.1144686,154
8538454,-16.5142084,-68.1144563,155
8538454,-16.5141954,-68.1144475,156
8538454,-16.5143123,-68.1145868,157
8538454,-16.5142271,-68.1144994,158
8538454,-16.5156937,-68.1162344,159
8538454,-16.5143123,-68.1145868,160
8538454,-16.5158412,-68.1165503,161
8538454,-16.5157973,-68.1164411,162
8538454,-16.515784,-68.1164079,163
8538454,-16.5157476,-68.1163155,164
8538454,-16.5157112,-68.1162608,165
8538454,-16.5156937,-68.1162344,166
8538454,-16.5158525,-68.1165797,167
8538454,-16.5158469,-68.1165651,168
8538454,-16.5158412,-68.1165503,169
8538454,-16.5164227,-68.1182946,170
8538454,-16.5158525,-68.1165797,171
8538454,-16.5164726,-68.1184242,172
8538454,-16.5164227,-68.1182946,173
8538454,-16.5164717,-68.1185682,174
8538454,-16.5164726,-68.1184242,175
8538454,-16.5164131,-68.1189118,176
8538454,-16.5164556,-68.1188597,177
8538454,-16.5164703,-68.118828,178
8538454,-16.5164818,-68.1187826,179
8538454,-16.516484,-68.1187249,180
8538454,-16.5164816,-68.1186829,181
8538454,-16.5164717,-68.1185682,182
8538454,-16.5163499,-68.1189334,183
8538454,-16.5164131,-68.1189118,184
8538454,-16.5163499,-68.1189334,185
8538454,-16.5163424,-68.1189389,186
8538454,-16.516199,-68.1190447,187
8538454,-16.5160115,-68.1191874,188
8538454,-16.5157638,-68.1193573,189
8538454,-16.5155133,-68.1194953,190
8538454,-16.5154291,-68.1195415,191
8538454,-16.5145215,-68.1209495,192
8538454,-16.51485,-68.120635,193
8538454,-16.5150467,-68.1204432,194
8538454,-16.5151432,-68.1202783,195
8538454,-16.5152055,-68.1200778,196
8538454,-16.5152229,-68.1200054,197
8538454,-16.5152796,-68.1198237,198
8538454,-16.5153097,-68.1197091,199
8538454,-16.5153527,-68.1196245,200
8538454,-16.5154291,-68.1195415,201
8538454,-16.5141312,-68.1201696,202
8538454,-16.5145215,-68.1209495,203
8538454,-16.5154291,-68.1195415,204
8538454,-16.5151863,-68.1196168,205
8538454,-16.5151058,-68.1196416,206
8538454,-16.5150057,-68.1196682,207
8538454,-16.5148547,-68.1197322,208
8538454,-16.5141312,-68.1201696,209
8538454,-16.5163499,-68.1189334,210
8538454,-16.5163424,-68.1189389,211
8538454,-16.516199,-68.1190447,212
8538454,-16.5160115,-68.1191874,213
8538454,-16.5157638,-68.1193573,214
8538454,-16.5155133,-68.1194953,215
8538454,-16.5154291,-68.1195415,216
8538454,-16.5163997,-68.1187472,217
8538454,-16.5164029,-68.1187935,218
8538454,-16.5163995,-68.1188363,219
8538454,-16.5163897,-68.1188741,220
8538454,-16.5163499,-68.1189334,221
8538454,-16.5164152,-68.1184444,222
8538454,-16.5164115,-68.1185204,223
8538454,-16.5164055,-68.1186369,224
8538454,-16.5163997,-68.1187472,225
8538454,-16.5163605,-68.1183168,226
8538454,-16.5164152,-68.1184444,227
8538454,-16.5157921,-68.1166009,228
8538454,-16.5163605,-68.1183168,229
8538454,-16.5118664,-68.1193837,230
8538454,-16.5118824,-68.1193171,231
8538454,-16.5119119,-68.1192536,232
8538454,-16.5119449,-68.1192032,233
8538454,-16.5119779,-68.1191638,234
8538454,-16.5120489,-68.1191001,235
8538454,-16.5121267,-68.1190485,236
8538454,-16.5123877,-68.1189157,237
8538454,-16.5127416,-68.1187345,238
8538454,-16.5129707,-68.1186111,239
8538454,-16.5131763,-68.1184609,240
8538454,-16.5134245,-68.1182336,241
8538454,-16.5135557,-68.1180861,242
8538454,-16.5137494,-68.1179112,243
8538454,-16.5139715,-68.1178121,244
8538454,-16.514283,-68.117693,245
8538454,-16.514418,-68.1176618,246
8538454,-16.514778,-68.1176215,247
8538454,-16.5151503,-68.1175816,248
8538454,-16.5152717,-68.1175572,249
8538454,-16.515426,-68.1174848,250
8538454,-16.5159015,-68.1172445,251
8538454,-16.5118714,-68.1195968,252
8538454,-16.511865,-68.1195594,253
8538454,-16.5118591,-68.1194712,254
8538454,-16.5118664,-68.1193837,255
8538454,-16.5118714,-68.1195968,256
8538454,-16.5118432,-68.1197158,257
8538454,-16.5117967,-68.1198471,258
8538454,-16.5117574,-68.1199343,259
8538454,-16.5117151,-68.1200072,260
8538454,-16.5116141,-68.1201421,261
8538454,-16.5114928,-68.1203073,262
8538454,-16.5114928,-68.1203073,263
8538454,-16.5111894,-68.1205436,264
8538454,-16.5111894,-68.1205436,265
8538454,-16.5109908,-68.1206932,266
8538454,-16.5109025,-68.1207585,267
8538454,-16.5107423,-68.1208764,268
8538454,-16.5105674,-68.1210058,269
8538454,-16.5103538,-68.1211699,270
8538454,-16.5100231,-68.1214384,271
8538454,-16.5098296,-68.1215959,272
8538454,-16.5096715,-68.1217247,273
8538454,-16.5096369,-68.1217529,274
8538454,-16.509201,-68.1221185,275
8538454,-16.5090081,-68.122282,276
8538454,-16.5087275,-68.1225008,277
8538454,-16.5083316,-68.122765,278
8538454,-16.5081937,-68.122842,279
8538454,-16.5081937,-68.122842,280
8538454,-16.5081202,-68.122886,281
8538454,-16.5079496,-68.1229767,282
8538454,-16.5075781,-68.1231436,283
8538454,-16.5074257,-68.1232182,284
8538454,-16.5072855,-68.123297,285
8538454,-16.507172,-68.1233781,286
8538454,-16.5070146,-68.1235057,287
8538454,-16.5068488,-68.1236554,288
8538454,-16.5066286,-68.1238563,289
8538454,-16.5064796,-68.1240024,290
8538454,-16.5063695,-68.1241521,291
8538454,-16.5061409,-68.1244519,292
8538454,-16.5060662,-68.1245542,293
8538454,-16.5059599,-68.1247006,294
8538454,-16.5057947,-68.1249272,295
8538454,-16.5057176,-68.1250228,296
8538454,-16.5056205,-68.1251197,297
8538454,-16.5055073,-68.1252041,298
8538454,-16.5053485,-68.1253034,299
8538454,-16.505182,-68.1253778,300
8538454,-16.5049566,-68.1254488,301
8538454,-16.5048112,-68.125492,302
8538454,-16.5044065,-68.1260528,303
8538454,-16.5045503,-68.1257518,304
8538454,-16.5045796,-68.1256928,305
8538454,-16.5046189,-68.1256308,306
8538454,-16.5048112,-68.125492,307
8538454,-16.5043527,-68.1261669,308
8538454,-16.5044065,-68.1260528,309
8538454,-16.5042835,-68.1265148,310
8538454,-16.5042709,-68.1264609,311
8538454,-16.5042702,-68.1263984,312
8538454,-16.5043527,-68.1261669,313
8538454,-16.504505,-68.1269852,314
8538454,-16.5044938,-68.126934,315
8538454,-16.5044723,-68.1268809,316
8538454,-16.5043498,-68.1266598,317
8538454,-16.5043021,-68.1265753,318
8538454,-16.5042835,-68.1265148,319
8538454,-16.5044487,-68.1281876,320
8538454,-16.5044809,-68.1279443,321
8538454,-16.5045001,-68.1276347,322
8538454,-16.5045193,-68.1270655,323
8538454,-16.504505,-68.1269852,324
8538454,-16.5041961,-68.1284275,325
8538454,-16.5043056,-68.128433,326
8538454,-16.5043296,-68.1284262,327
8538454,-16.5043654,-68.1284052,328
8538454,-16.5043917,-68.1283791,329
8538454,-16.5044102,-68.128346,330
8538454,-16.5044487,-68.1281876,331
8538454,-16.5038012,-68.1284248,332
8538454,-16.5039133,-68.128406,333
8538454,-16.5040247,-68.1283995,334
8538454,-16.5041167,-68.1284054,335
8538454,-16.5041961,-68.1284275,336
8538454,-16.5032875,-68.1285644,337
8538454,-16.5035234,-68.1284968,338
8538454,-16.5036891,-68.1284451,339
8538454,-16.5038012,-68.1284248,340
8538454,-16.5029593,-68.1286922,341
8538454,-16.5032875,-68.1285644,342
8538454,-16.5025697,-68.1287962,343
8538454,-16.5029593,-68.1286922,344
8538454,-16.5023243,-68.1288715,345
8538454,-16.5024559,-68.1288282,346
8538454,-16.5025697,-68.1287962,347
8538454,-16.5022282,-68.128828,348
8538454,-16.5022401,-68.1288487,349
8538454,-16.5022575,-68.1288646,350
8538454,-16.5022787,-68.1288742,351
8538454,-16.5023017,-68.1288766,352
8538454,-16.5023243,-68.1288715,353
8538454,-16.502223,-68.1288045,354
8538454,-16.5022282,-68.128828,355
8538454,-16.5022766,-68.128724,356
8538454,-16.5022538,-68.1287355,357
8538454,-16.5022361,-68.1287543,358
8538454,-16.5022254,-68.1287782,359
8538454,-16.502223,-68.1288045,360
8538454,-16.5023476,-68.128741,361
8538454,-16.5023263,-68.1287269,362
8538454,-16.5023017,-68.128721,363
8538454,-16.5022766,-68.128724,364
8538454,-16.5023243,-68.1288715,365
8538454,-16.502346,-68.1288581,366
8538454,-16.5023622,-68.1288378,367
8538454,-16.502371,-68.1288131,368
8538454,-16.5023713,-68.1287867,369
8538454,-16.5023632,-68.1287617,370
8538454,-16.5023476,-68.128741,371
8538454,-16.5021431,-68.1288554,372
8538454,-16.5021611,-68.1288496,373
8538454,-16.5022282,-68.128828,374
8538454,-16.5020066,-68.1288039,375
8538454,-16.5021431,-68.1288554,376
8538454,-16.5017916,-68.1286499,377
8538454,-16.5019001,-68.1287349,378
8538454,-16.5019302,-68.1287585,379
8538454,-16.5020066,-68.1288039,380
8538454,-16.5009676,-68.1279098,381
8538454,-16.5010137,-68.1279192,382
8538454,-16.5011517,-68.1279283,383
8538454,-16.5011841,-68.1279238,384
8538454,-16.5012181,-68.1279072,385
8538454,-16.5012541,-68.1278738,386
8538454,-16.501336,-68.1277228,387
8538454,-16.5013686,-68.1276976,388
8538454,-16.5013954,-68.1276924,389
8538454,-16.5014262,-68.1276929,390
8538454,-16.5014515,-68.1277018,391
8538454,-16.501474,-68.1277145,392
8538454,-16.5014969,-68.1277367,393
8538454,-16.5015059,-68.1277632,394
8538454,-16.501508,-68.1278028,395
8538454,-16.5015035,-68.1278341,396
8538454,-16.5014868,-68.1278829,397
8538454,-16.5014778,-68.1279388,398
8538454,-16.5014841,-68.1279903,399
8538454,-16.5015054,-68.1280573,400
8538454,-16.5015335,-68.1281448,401
8538454,-16.5015898,-68.1283093,402
8538454,-16.5016445,-68.1284289,403
8538454,-16.5016932,-68.1285162,404
8538454,-16.5017215,-68.1285668,405
8538454,-16.5017388,-68.1285873,406
8538454,-16.5017916,-68.1286499,407
8543666,-16.4912416,-68.1391667,0
8543666,-16.4912901,-68.1390937,1
8543666,-16.4913981,-68.1389172,2
8543666,-16.4915614,-68.1386667,3
8543666,-16.4916996,-68.1384745,4
8543666,-16.4919899,-68.1381169,5
8543666,-16.4920617,-68.1380324,6
8543666,-16.4921187,-68.1379684,7
8543666,-16.4912133,-68.1392385,8
8543666,-16.4912416,-68.1391667,9
8543666,-16.4910918,-68.1392445,10
8543666,-16.4912133,-68.1392385,11
8543666,-16.4895486,-68.1397742,12
8543666,-16.4898603,-68.1396716,13
8543666,-16.4903803,-68.1394998,14
8543666,-16.4908179,-68.1393451,15
8543666,-16.490895,-68.1393178,16
8543666,-16.4910918,-68.1392445,17
8543666,-16.4895233,-68.139717,18
8543666,-16.4895486,-68.1397742,19
8543666,-16.4895233,-68.139717,20
8543666,-16.4889966,-68.1399208,21
8543666,-16.4887553,-68.1400522,22
8543666,-16.4885312,-68.1402507,23
8543666,-16.4885312,-68.1402507,24
8543666,-16.4884782,-68.1402647,25
8543666,-16.4883711,-68.1402929,26
8543666,-16.4883711,-68.1402929,27
8543666,-16.4882842,-68.1404785,28
8543666,-16.4882412,-68.1405726,29
8543666,-16.4882366,-68.1408355,30
8543666,-16.4882348,-68.1407149,31
8543666,-16.4882412,-68.1405726,32
8543666,-16.4883025,-68.1416884,33
8543666,-16.4882366,-68.1408355,34
8543666,-16.488382,-68.1425508,35
8543666,-16.4883025,-68.1416884,36
8543666,-16.488382,-68.1425508,37
8543666,-16.4882999,-68.1425533,38
8543666,-16.4872855,-68.1425951,39
8543666,-16.4872855,-68.1425951,40
8543666,-16.4865003,-68.1426223,41
8543666,-16.4865003,-68.1426223,42
8543666,-16.4857849,-68.1426513,43
8543666,-16.4857849,-68.1426513,44
8543666,-16.4855291,-68.1435262,45
8543666,-16.4849762,-68.144655,46
8543666,-16.4850863,-68.1445127,47
8543666,-16.4851867,-68.1443629,48
8543666,-16.485277,-68.1442062,49
8543666,-16.4853567,-68.1440434,50
8543666,-16.4854256,-68.1438753,51
8543666,-16.4854831,-68.1437026,52
8543666,-16.4855291,-68.1435262,53
8543666,-16.4829671,-68.1458271,54
8543666,-16.4830774,-68.1457386,55
8543666,-16.483313,-68.1455516,56
8543666,-16.4834175,-68.1455339,57
8543666,-16.4837778,-68.1455645,58
8543666,-16.4839598,-68.1455696,59
8543666,-16.4844668,-68.145143,60
8543666,-16.4848173,-68.144814,61
8543666,-16.4849762,-68.144655,62
8543666,-16.4828602,-68.1457852,63
8543666,-16.4829055,-68.1458105,64
8543666,-16.4829671,-68.1458271,65
8543666,-16.4828602,-68.1457852,66
8543666,-16.4828027,-68.1457125,67
8543666,-16.4833409,-68.1452302,68
8543666,-16.4832428,-68.145298,69
8543666,-16.482976,-68.1455798,70
8543666,-16.4828027,-68.1457125,71
8543666,-16.4833409,-68.1452302,72
8543666,-16.4834029,-68.1451453,73
8543666,-16.4834029,-68.1451453,74
8543666,-16.4835524,-68.1449479,75
8543666,-16.4836847,-68.144707,76
8543666,-16.4837858,-68.1444765,77
8543666,-16.4838667,-68.1442635,78
8543666,-16.4839238,-68.1440186,79
8543666,-16.483951,-68.1437116,80
8543666,-16.483951,-68.1437116,81
8543666,-16.4839761,-68.1434586,82
8543666,-16.4840072,-68.1432032,83
8543666,-16.4840072,-68.1432032,84
8543666,-16.4840212,-68.1430914,85
8543666,-16.4840391,-68.1429869,86
8543666,-16.4840658,-68.1428667,87
8543666,-16.4840954,-68.1427592,88
8543666,-16.4841642,-68.1425616,89
8543666,-16.4842485,-68.1423783,90
8543666,-16.4844208,-68.1420925,91
8543666,-16.4846025,-68.1418588,92
8543666,-16.4848149,-68.1416506,93
8543666,-16.4849412,-68.1415311,94
8543666,-16.4851777,-68.1413317,95
8543666,-16.4854079,-68.1410964,96
8543666,-16.4854956,-68.1409925,97
8543666,-16.4855328,-68.1409148,98
8543666,-16.4855661,-68.1408099,99
8543666,-16.4855783,-68.1407489,100
8543666,-16.485586,-68.1406838,101
8543666,-16.4855854,-68.1405913,102
8543666,-16.4855828,-68.1405269,103
8543666,-16.4855648,-68.1403506,104
8543666,-16.4855288,-68.1401414,105
8543666,-16.4855024,-68.1399865,106
8543666,-16.4854729,-68.1398792,107
8543666,-16.4854475,-68.1398055,108
8543666,-16.4854206,-68.1396972,109
8543666,-16.4853825,-68.1396189,110
8543666,-16.4853394,-68.1395515,111
8543666,-16.485295,-68.139492,112
8543666,-16.4852275,-68.139428,113
8543666,-16.4851436,-68.1393647,114
8543666,-16.4850607,-68.1393072,115
8543666,-16.4848665,-68.1391664,116
8543666,-16.484772,-68.1390551,117
8543666,-16.4846582,-68.1389035,118
8543666,-16.4845817,-68.1387889,119
8543666,-16.4845245,-68.1386977,120
8543666,-16.4844756,-68.1386239,121
8543666,-16.4844389,-68.1385582,122
8543666,-16.4844209,-68.1384871,123
8543666,-16.4844152,-68.1384207,124
8543666,-16.4844203,-68.1383369,125
8543666,-16.484437,-68.1382618,126
8543666,-16.484457,-68.1382122,127
8543666,-16.4844711,-68.138178,128
8543666,-16.4845283,-68.1380908,129
8543666,-16.4845842,-68.1380144,130
8543666,-16.4846691,-68.1379112,131
8543666,-16.4847411,-68.1378361,132
8543666,-16.4848331,-68.1377314,133
8543666,-16.4849295,-68.1376543,134
8543666,-16.4850208,-68.1375926,135
8543666,-16.4850922,-68.1375477,136
8543666,-16.4851668,-68.1375114,137
8543666,-16.4852382,-68.1374893,138
8543666,-16.4853057,-68.1374773,139
8543666,-16.4854889,-68.1374511,140
8543666,-16.4855217,-68.1374411,141
8543666,-16.4855594,-68.1374188,142
8543666,-16.4856079,-68.1373774,143
8543666,-16.4856478,-68.1373237,144
8543666,-16.4857114,-68.1372124,145
8543666,-16.4857704,-68.1370627,146
8543666,-16.4858291,-68.1368456,147
8543666,-16.4858509,-68.1367826,148
8543666,-16.4858747,-68.1366894,149
8543666,-16.4858947,-68.136619,150
8543666,-16.4859114,-68.1365599,151
8543666,-16.4859275,-68.1364929,152
8543666,-16.4859519,-68.1364211,153
8543666,-16.4859699,-68.1363715,154
8543666,-16.4860081,-68.1363141,155
8543666,-16.4860503,-68.1362629,156
8543666,-16.4861052,-68.1362238,157
8543666,-16.4862336,-68.1361431,158
8543666,-16.4863572,-68.1360964,159
8543666,-16.4865178,-68.1360864,160
8543666,-16.4866553,-68.1360919,161
8543666,-16.4867248,-68.136102,162
8543666,-16.4868135,-68.1361113,163
8543666,-16.4868604,-68.136108,164
8543666,-16.4869099,-68.1360986,165
8543666,-16.4869447,-68.1360899,166
8543666,-16.4869845,-68.1360658,167
8543666,-16.4870488,-68.1360248,168
8543666,-16.4870983,-68.1359866,169
8543666,-16.4871646,-68.1359296,170
8543666,-16.4871903,-68.1358974,171
8543666,-16.4872295,-68.135829,172
8543666,-16.487252,-68.1357788,173
8543666,-16.4872649,-68.1357419,174
8543666,-16.4872893,-68.1356674,175
8543666,-16.4872951,-68.1356306,176
8543666,-16.4873002,-68.1355669,177
8543666,-16.4873034,-68.1354951,178
8543666,-16.4872991,-68.1354406,179
8543666,-16.4872852,-68.13536,180
8543666,-16.4872287,-68.135249,181
8543666,-16.4871362,-68.1351506,182
8543666,-16.4870016,-68.1350444,183
8543666,-16.4869493,-68.1350234,184
8543666,-16.4867292,-68.1349657,185
8543666,-16.4865555,-68.1349503,186
8543666,-16.4864086,-68.134946,187
8543666,-16.4862422,-68.1349458,188
8543666,-16.486187,-68.1349337,189
8543666,-16.4861358,-68.1349178,190
8543666,-16.4860819,-68.1348957,191
8543666,-16.4860391,-68.1348738,192
8543666,-16.4859726,-68.1348312,193
8543666,-16.4859234,-68.1347915,194
8543666,-16.4858775,-68.1347526,195
8543666,-16.4858379,-68.1347115,196
8543666,-16.4858038,-68.1346736,197
8543666,-16.4857729,-68.1346316,198
8543666,-16.4857384,-68.1345738,199
8543666,-16.4857148,-68.1345202,200
8543666,-16.485691,-68.1344443,201
8543666,-16.4856736,-68.1343686,202
8543666,-16.4856679,-68.1343269,203
8543666,-16.4856649,-68.1343003,204
8543666,-16.485663,-68.1342778,205
8543666,-16.48566,-68.1342311,206
8543666,-16.4856593,-68.1341915,207
8543666,-16.4856596,-68.13416,208
8543666,-16.4856599,-68.1341171,209
8543666,-16.4856615,-68.1340942,210
8543666,-16.4856633,-68.1340603,211
8543666,-16.4856659,-68.1340227,212
8543666,-16.4856717,-68.1339877,213
8543666,-16.4856778,-68.1339565,214
8543666,-16.4856846,-68.1339257,215
8543666,-16.4856952,-68.1338845,216
8543666,-16.485701,-68.1338555,217
8543666,-16.4857135,-68.1337994,218
8543666,-16.4857277,-68.1337606,219
8543666,-16.4857341,-68.1337431,220
8543666,-16.4857444,-68.1337169,221
8543666,-16.4857577,-68.1336862,222
8543666,-16.485764,-68.1336726,223
8543666,-16.4857722,-68.1336557,224
8543666,-16.4857845,-68.1336318,225
8543666,-16.4857923,-68.1336175,226
8543666,-16.4858103,-68.1335865,227
8543666,-16.4858315,-68.1335472,228
8543666,-16.4858411,-68.1335329,229
8543666,-16.4858609,-68.1335049,230
8543666,-16.4858856,-68.1334728,231
8543666,-16.4858945,-68.133462,232
8543666,-16.4859092,-68.1334448,233
8543666,-16.485927,-68.133425,234
8543666,-16.4860021,-68.133362,235
8543666,-16.4860458,-68.1333346,236
8543666,-16.4861204,-68.1332944,237
8543666,-16.4866794,-68.1331051,238
8543666,-16.4867866,-68.1330625,239
8543666,-16.4868512,-68.1330222,240
8543666,-16.4869725,-68.1329052,241
8543666,-16.4870545,-68.1328082,242
8543666,-16.4871243,-68.1326462,243
8543666,-16.4871582,-68.1324797,244
8543666,-16.4871617,-68.1323935,245
8543666,-16.4871487,-68.1323148,246
8543666,-16.4870779,-68.1319885,247
8543666,-16.4870564,-68.1317363,248
8543666,-16.4870514,-68.1316555,249
8543666,-16.4870514,-68.1316555,250
8543666,-16.4870563,-68.1314677,251
8543666,-16.487048,-68.131389,252
8543666,-16.4870392,-68.1312457,253
8543666,-16.4870263,-68.1311509,254
8543666,-16.4870116,-68.131095,255
8543666,-16.4869766,-68.131013,256
8543666,-16.4867723,-68.1306668,257
8543666,-16.4866486,-68.1304808,258
8543666,-16.4865478,-68.1303374,259
8543666,-16.486424,-68.1301481,260
8543666,-16.4863397,-68.1300522,261
8543666,-16.4862511,-68.130007,262
8543666,-16.4860562,-68.1299256,263
8543666,-16.4859072,-68.1298511,264
8543666,-16.4857878,-68.129751,265
8543666,-16.4857184,-68.1296691,266
8543666,-16.4856581,-68.1295871,267
8543666,-16.4855949,-68.129453,268
8543666,-16.4855255,-68.129238,269
8543666,-16.4854887,-68.129083,270
8543666,-16.4854806,-68.1290417,271
8543666,-16.4854067,-68.1288284,272
8543666,-16.4853615,-68.128727,273
8543666,-16.4853038,-68.1286352,274
8543666,-16.4852555,-68.1285948,275
8543666,-16.4851642,-68.1285542,276
8543666,-16.4850005,-68.1285064,277
8543666,-16.4848097,-68.1284594,278
8543666,-16.4846046,-68.1284326,279
8543666,-16.4845347,-68.1284287,280
8543666,-16.4844327,-68.1284448,281
8543666,-16.4844105,-68.1284525,282
8543666,-16.4843378,-68.1284776,283
8543666,-16.4842004,-68.1285442,284
8543666,-16.4840454,-68.1286766,285
8543666,-16.4837734,-68.1289773,286
8543666,-16.4837084,-68.1290492,287
8543666,-16.4835598,-68.129173,288
8543666,-16.4834193,-68.1292522,289
8543666,-16.4831534,-68.1293682,290
8543666,-16.4829942,-68.1294229,291
8543666,-16.4828642,-68.1294421,292
8543666,-16.4827612,-68.1294282,293
8543666,-16.482631,-68.1293785,294
8543666,-16.4825499,-68.1293175,295
8543666,-16.4823222,-68.1290407,296
8543666,-16.4821088,-68.1287959,297
8543666,-16.4820237,-68.128722,298
8543666,-16.4814615,-68.1284076,299
8543666,-16.4811826,-68.1282913,300
8543666,-16.4809421,-68.1281917,301
8543666,-16.4806611,-68.128077,302
8543666,-16.4805842,-68.1280579,303
8543666,-16.4804808,-68.1280632,304
8543666,-16.4803338,-68.1281231,305
8543666,-16.4801944,-68.1281986,306
8543666,-16.480106,-68.1282381,307
8543666,-16.4798798,-68.1283209,308
8543666,-16.4797482,-68.1283382,309
8543666,-16.479503,-68.1283272,310
8543666,-16.479294,-68.1282918,311
8543666,-16.4791848,-68.1282691,312
8543666,-16.4791848,-68.1282691,313
8543666,-16.479005,-68.1282357,314
8543666,-16.4788989,-68.1282163,315
8543666,-16.4787137,-68.1281774,316
8543666,-16.4786339,-68.1281512,317
8543666,-16.4785606,-68.1281184,318
8543666,-16.4784661,-68.1280694,319
8543666,-16.4783619,-68.1280077,320
8543666,-16.4782417,-68.1279185,321
8543666,-16.4781523,-68.1278408,322
8543666,-16.4780983,-68.1277905,323
8543666,-16.4780475,-68.1277368,324
8543666,-16.4779787,-68.1276577,325
8543666,-16.4779382,-68.12759,326
8543666,-16.4779382,-68.12759,327
8543666,-16.4778739,-68.1274679,328
8543666,-16.4778114,-68.127289,329
8543666,-16.4777239,-68.1269855,330
8543666,-16.4776459,-68.1267153,331
8543666,-16.4775991,-68.1265688,332
8543666,-16.4775613,-68.1264815,333
8543666,-16.4775209,-68.1264284,334
8543666,-16.4774804,-68.1263937,335
8543666,-16.477406,-68.1263505,336
8543666,-16.4773069,-68.1263242,337
8543666,-16.4772016,-68.1263139,338
8543666,-16.47714,-68.1263064,339
8543666,-16.4767595,-68.1263047,340
8543666,-16.4766272,-68.1263139,341
8543666,-16.4764971,-68.1263579,342
8543666,-16.4763966,-68.1264007,343
8543666,-16.4762917,-68.1264771,344
8543666,-16.4762259,-68.126525,345
8543666,-16.4760758,-68.1266561,346
8543666,-16.47594,-68.1267454,347
8543666,-16.4758819,-68.1267736,348
8543666,-16.4758472,-68.1267862,349
8543666,-16.4757365,-68.1268085,350
8543666,-16.4756239,-68.1268185,351
8543666,-16.4752401,-68.1268396,352
8543666,-16.4752401,-68.1268396,353
8543666,-16.4751269,-68.1268376,354
8543666,-16.4750793,-68.1268282,355
8543666,-16.4750369,-68.1268128,356
8543666,-16.4749385,-68.1267525,357
8543666,-16.4748948,-68.1267176,358
8543666,-16.4748344,-68.1266472,359
8543666,-16.4747932,-68.1265862,360
8543666,-16.4747656,-68.1265379,361
8543666,-16.4747405,-68.1264936,362
8543666,-16.4747013,-68.1263816,363
8543666,-16.4746865,-68.1262904,364
8543666,-16.4746691,-68.1261456,365
8543666,-16.4746511,-68.1260142,366
8543666,-16.4746389,-68.1259344,367
8543666,-16.4745521,-68.1256776,368
8543666,-16.4744968,-68.1255153,369
8543666,-16.4743064,-68.1249064,370
8543666,-16.474237,-68.1247509,371
8543666,-16.4741611,-68.1246114,372
8543666,-16.4741,-68.1245249,373
8543666,-16.4740344,-68.1244592,374
8543666,-16.4738833,-68.1243324,375
8543666,-16.4737264,-68.1242265,376
8543666,-16.4735502,-68.124138,377
8543666,-16.4733972,-68.1240843,378
8543666,-16.4732712,-68.1240481,379
8543666,-16.4731953,-68.1240253,380
8543666,-16.4730937,-68.1239998,381
8543666,-16.4730301,-68.1239701,382
8543666,-16.4729329,-68.1239247,383
8543666,-16.4727902,-68.1238322,384
8543666,-16.4726539,-68.1237417,385
8543666,-16.4726085,-68.123711,386
8543666,-16.4723979,-68.1235868,387
8543666,-16.4721832,-68.1234621,388
8543666,-16.4719465,-68.1233373,389
8543666,-16.4718115,-68.1232676,390
8543666,-16.4716674,-68.1231791,391
8543666,-16.4716089,-68.1231321,392
8543666,-16.4715716,-68.1231013,393
8543666,-16.4715305,-68.1230658,394
8543666,-16.4714488,-68.1229766,395
8543666,-16.4713832,-68.1228787,396
8543666,-16.4713061,-68.1227526,397
8543666,-16.4712225,-68.1226426,398
8543666,-16.471135,-68.1225581,399
8543666,-16.4710283,-68.1224763,400
8543666,-16.4709447,-68.1224334,401
8543666,-16.4708444,-68.1223865,402
8543666,-16.4707633,-68.122365,403
8543666,-16.4706322,-68.1223543,404
8543666,-16.4704804,-68.1223677,405
8543666,-16.4703222,-68.1223999,406
8543666,-16.4701975,-68.1224442,407
8543666,-16.4699216,-68.1225354,408
8543666,-16.4698412,-68.1225555,409
8543666,-16.4697647,-68.1225716,410
8543666,-16.4696496,-68.1225796,411
8543666,-16.4695615,-68.1225729,412
8543666,-16.4694975,-68.1225611,413
8543666,-16.469411,-68.1225293,414
8543666,-16.4693622,-68.1225058,415
8543666,-16.4693043,-68.1224683,416
8543666,-16.4691988,-68.1223704,417
8543666,-16.4691255,-68.1222712,418
8543666,-16.4690889,-68.1222007,419
8543666,-16.4690574,-68.1221109,420
8543666,-16.4690329,-68.1220232,421
8543666,-16.4690161,-68.1218792,422
8543666,-16.4690246,-68.1217776,423
8543666,-16.4690477,-68.1216596,424
8543666,-16.4690863,-68.1215443,425
8543666,-16.4692404,-68.121197,426
8543666,-16.469287,-68.1210855,427
8543666,-16.4693384,-68.12091,428
8543666,-16.4693512,-68.1207859,429
8543666,-16.4693384,-68.1207081,430
8543666,-16.4693088,-68.1206182,431
8543666,-16.4692471,-68.1205063,432
8543666,-16.4691532,-68.1203896,433
8543666,-16.469031,-68.1202917,434
8543666,-16.4689242,-68.12023,435
8543666,-16.4687661,-68.1201683,436
8543666,-16.4685487,-68.1201039,437
8543666,-16.468442,-68.1200691,438
8543666,-16.4683674,-68.1200275,439
8543666,-16.4682951,-68.1199692,440
8543666,-16.4682491,-68.1199048,441
8543666,-16.4681847,-68.1197626,442
8543666,-16.4681417,-68.1196728,443
8543666,-16.4680941,-68.119591,444
8543666,-16.4680413,-68.1195185,445
8543666,-16.4679713,-68.1194481,446
8543666,-16.4679025,-68.1193992,447
8543666,-16.4678246,-68.1193636,448
8543666,-16.4677353,-68.1193382,449
8543666,-16.4676356,-68.1193281,450
8543666,-16.4674793,-68.1193241,451
8543666,-16.46737,-68.1193221,452
8543666,-16.467179,-68.119314,453
8543666,-16.4669257,-68.1193033,454
8543666,-16.4666594,-68.1192859,455
8543666,-16.4664665,-68.119259,456
8543666,-16.4663154,-68.1192362,457
8543666,-16.4663154,-68.1192362,458
8543666,-16.4662325,-68.1192262,459
8543666,-16.466181,-68.1192161,460
8543666,-16.4660717,-68.1191826,461
8543666,-16.4659057,-68.1191279,462
8543666,-16.4658403,-68.1190952,463
8543666,-16.4655963,-68.1189818,464
8543666,-16.4655096,-68.1189481,465
8543666,-16.465397,-68.1189112,466
8543666,-16.465283,-68.1188777,467
8543666,-16.4649961,-68.1187919,468
8543666,-16.4647943,-68.1187196,469
8543666,-16.4647943,-68.1187196,470
8543666,-16.4647135,-68.1186909,471
8543666,-16.4644069,-68.1185896,472
8543666,-16.4643114,-68.1185557,473
8543666,-16.4642529,-68.1185281,474
8543666,-16.4642242,-68.1185053,475
8543666,-16.4641832,-68.1184484,476
8543666,-16.4641832,-68.1184484,477
8543666,-16.4641434,-68.1183187,478
8543666,-16.4641434,-68.1183187,479
8543666,-16.4641367,-68.1182807,480
8543666,-16.4641363,-68.1182467,481
8543666,-16.4641616,-68.1181912,482
8543666,-16.464192,-68.118149,483
8543666,-16.4643127,-68.1180658,484
8543666,-16.4644309,-68.117956,485
8543666,-16.4645054,-68.1178742,486
8543666,-16.46467,-68.1175894,487
8543666,-16.4648552,-68.117382,488
8543666,-16.4651687,-68.1171409,489
8543666,-16.4653495,-68.1169846,490
8543666,-16.4654622,-68.1168521,491
8543666,-16.4655203,-68.1167587,492
8543666,-16.4655461,-68.1166733,493
8543666,-16.4655783,-68.1165357,494
8543666,-16.4655966,-68.1164087,495
8543666,-16.4643515,-68.1131921,496
8543666,-16.4643695,-68.113271,497
8543666,-16.4648753,-68.1139646,498
8543666,-16.4650079,-68.1141651,499
8543666,-16.4651174,-68.1143739,500
8543666,-16.4651925,-68.1146187,501
8543666,-16.4654372,-68.1156626,502
8543666,-16.4655399,-68.1161687,503
8543666,-16.4655966,-68.1164087,504
8543666,-16.4655966,-68.1164087,505
8543666,-16.4656093,-68.1161505,506
8543666,-16.465515,-68.1156413,507
8543666,-16.4654714,-68.1154747,508
8543666,-16.465434,-68.1153234,509
8543666,-16.4653675,-68.1150375,510
8543666,-16.4652837,-68.1147055,511
8543666,-16.46525,-68.1146019,512
8543666,-16.4651825,-68.1143943,513
8543666,-16.4651646,-68.1143478,514
8543666,-16.4650584,-68.1141061,515
8543666,-16.4649369,-68.1139148,516
8543666,-16.4646935,-68.1135692,517
8543666,-16.4645466,-68.11338,518
8543666,-16.4644399,-68.1132487,519
8543666,-16.4643515,-68.1131921,520
8543666,-16.4643515,-68.1131921,521
8543666,-16.4642881,-68.1130925,522
8543666,-16.4641477,-68.112872,523
8543666,-16.4640898,-68.1127332,524
8543666,-16.4640467,-68.1126105,525
8543666,-16.4640081,-68.1124335,526
8543666,-16.4639792,-68.1122544,527
8543666,-16.4639625,-68.1120003,528
8543666,-16.4639837,-68.1115738,529
8543666,-16.4639882,-68.1113733,530
8543666,-16.4639715,-68.1112647,531
8543666,-16.4638487,-68.11092,532
8543666,-16.4637445,-68.1106377,533
8543666,-16.4636511,-68.1104415,534
8543666,-16.4635526,-68.1102413,535
8543666,-16.463431,-68.1100366,536
8543666,-16.4633124,-68.1098835,537
8543666,-16.4632356,-68.1097952,538
8543666,-16.4631713,-68.1097417,539
8543666,-16.4631103,-68.1096896,540
8543666,-16.4630656,-68.1096546,541
8543666,-16.4629743,-68.109598,542
8543666,-16.4629337,-68.1095772,543
8543666,-16.4625742,-68.1093869,544
8543666,-16.4624168,-68.1093049,545
8543666,-16.4622586,-68.1091969,546
8543666,-16.4621226,-68.1090704,547
8543666,-16.4620673,-68.1090137,548
8543666,-16.4620092,-68.1089199,549
8543666,-16.4619604,-68.1088345,550
8543666,-16.4619117,-68.1087327,551
8543666,-16.4618958,-68.1086947,552
8543666,-16.4618818,-68.1086319,553
8543666,-16.4618752,-68.1085233,554
8543666,-16.4618791,-68.1084,555
8543666,-16.4619014,-68.1082787,556
8543666,-16.4619274,-68.1081647,557
8543666,-16.4619131,-68.1080422,558
8543666,-16.4618886,-68.107975,559
8543666,-16.4618619,-68.1078993,560
8543666,-16.4618104,-68.1078116,561
8543666,-16.4617216,-68.1076828,562
8543666,-16.4615806,-68.1074867,563
8543666,-16.4614942,-68.1073796,564
8543666,-16.4612185,-68.1069718,565
8543666,-16.4610153,-68.1067103,566
8543666,-16.4609641,-68.1066491,567
8543666,-16.4606719,-68.1062993,568
8543666,-16.4604734,-68.1060621,569
8543666,-16.4603838,-68.1059226,570
8543666,-16.4603398,-68.1058587,571
8543666,-16.4603162,-68.1057839,572
8543666,-16.4602845,-68.1056965,573
8543666,-16.4601897,-68.105197,574
8543666,-16.4601451,-68.1049782,575
8543666,-16.4600784,-68.1047222,576
8543666,-16.4599844,-68.1044779,577
8543666,-16.4597451,-68.1041087,578
8543666,-16.4597451,-68.1041087,579
8543666,-16.4593149,-68.1035406,580
8543666,-16.4592731,-68.1034735,581
8543666,-16.4592487,-68.1034279,582
8543666,-16.4592487,-68.1034279,583
8543666,-16.4592654,-68.1034145,584
8543666,-16.4592885,-68.1034005,585
8543666,-16.4593471,-68.1033911,586
8543666,-16.4596084,-68.1034364,587
8543666,-16.4601737,-68.103458,588
8543666,-16.4602714,-68.1034594,589
8543666,-16.4603016,-68.10345,590
8543666,-16.4603177,-68.1034399,591
8543666,-16.4646654,-68.1099188,592
8543666,-16.4646442,-68.1098732,593
8543666,-16.4643893,-68.1094717,594
8543666,-16.4642787,-68.1093175,595
8543666,-16.4642106,-68.1092161,596
8543666,-16.4641855,-68.1091794,597
8543666,-16.4641399,-68.1091127,598
8543666,-16.4639537,-68.1088597,599
8543666,-16.4638508,-68.1087404,600
8543666,-16.4637378,-68.1086237,601
8543666,-16.4635372,-68.1084059,602
8543666,-16.46302,-68.1078923,603
8543666,-16.4626947,-68.1075426,604
8543666,-16.462633,-68.1074802,605
8543666,-16.4624402,-68.1072263,606
8543666,-16.4621435,-68.1067877,607
8543666,-16.4620238,-68.1066039,608
8543666,-16.4619997,-68.1065661,609
8543666,-16.461981,-68.1065349,610
8543666,-16.4619064,-68.1064125,611
8543666,-16.4618826,-68.1063756,612
8543666,-16.4618426,-68.1063146,613
8543666,-16.4613304,-68.1054571,614
8543666,-16.4612531,-68.1053461,615
8543666,-16.46111,-68.1049995,616
8543666,-16.4610664,-68.1048934,617
8543666,-16.4608526,-68.1043024,618
8543666,-16.4607156,-68.1039892,619
8543666,-16.4606327,-68.103831,620
8543666,-16.4605504,-68.1036955,621
8543666,-16.4604638,-68.1035843,622
8543666,-16.4603177,-68.1034399,623
8543666,-16.4664087,-68.11125,624
8543666,-16.4660595,-68.1108368,625
8543666,-16.4658235,-68.1106927,626
8543666,-16.4657296,-68.1106438,627
8543666,-16.4655675,-68.1105868,628
8543666,-16.465302,-68.1105412,629
8543666,-16.4651907,-68.1105231,630
8543666,-16.4651045,-68.1104942,631
8543666,-16.4650344,-68.1104587,632
8543666,-16.4649611,-68.1104051,633
8543666,-16.4648833,-68.1103279,634
8543666,-16.4647599,-68.1101033,635
8543666,-16.4647258,-68.1100275,636
8543666,-16.4646654,-68.1099188,637
8543666,-16.4671745,-68.1121961,638
8543666,-16.4671017,-68.1120831,639
8543666,-16.4669515,-68.1118389,640
8543666,-16.4668199,-68.1116469,641
8543666,-16.466712,-68.1115372,642
8543666,-16.4665366,-68.1113757,643
8543666,-16.4664688,-68.1113122,644
8543666,-16.4664087,-68.11125,645
8543666,-16.468608,-68.1144831,646
8543666,-16.4685044,-68.1143809,647
8543666,-16.4681204,-68.1140877,648
8543666,-16.4680304,-68.1140019,649
8543666,-16.4679764,-68.1139174,650
8543666,-16.4679378,-68.1138664,651
8543666,-16.4678851,-68.1137793,652
8543666,-16.4678324,-68.1136854,653
8543666,-16.4677385,-68.1135084,654
8543666,-16.4677205,-68.1134668,655
8543666,-16.4677012,-68.1134051,656
8543666,-16.4676682,-68.1133003,657
8543666,-16.4676443,-68.11321,658
8543666,-16.46762,-68.1131377,659
8543666,-16.4676016,-68.1130705,660
8543666,-16.4675791,-68.1130071,661
8543666,-16.4675132,-68.1128256,662
8543666,-16.46744,-68.1126469,663
8543666,-16.4673229,-68.1124118,664
8543666,-16.4671745,-68.1121961,665
8543666,-16.4688104,-68.1147737,666
8543666,-16.4687577,-68.1146657,667
8543666,-16.4686956,-68.1145785,668
8543666,-16.468608,-68.1144831,669
8543666,-16.4687909,-68.115204,670
8543666,-16.4688198,-68.1151217,671
8543666,-16.4688477,-68.1149923,672
8543666,-16.4688522,-68.1148984,673
8543666,-16.4688465,-68.1148213,674
8543666,-16.4688104,-68.1147737,675
8543666,-16.4684,-68.1159838,676
8543666,-16.4683776,-68.1158828,677
8543666,-16.4683764,-68.1158117,678
8543666,-16.4683847,-68.11575,679
8543666,-16.4684111,-68.1156608,680
8543666,-16.4684317,-68.1156132,681
8543666,-16.4684619,-68.1155603,682
8543666,-16.4685539,-68.115457,683
8543666,-16.4686847,-68.1153332,684
8543666,-16.4687355,-68.1152678,685
8543666,-16.4687909,-68.115204,686
8543666,-16.4694416,-68.11613,687
8543666,-16.4692658,-68.1162427,688
8543666,-16.469149,-68.1162875,689
8543666,-16.469035,-68.1163311,690
8543666,-16.4689103,-68.1163318,691
8543666,-16.4687782,-68.1163107,692
8543666,-16.4686491,-68.1162613,693
8543666,-16.4685901,-68.1162257,694
8543666,-16.468544,-68.11619,695
8543666,-16.4685088,-68.1161531,696
8543666,-16.4684658,-68.1161048,697
8543666,-16.4684,-68.1159838,698
8543666,-16.4697861,-68.1160024,699
8543666,-16.4696711,-68.1160203,700
8543666,-16.4696162,-68.116032,701
8543666,-16.4695535,-68.1160623,702
8543666,-16.469493,-68.116095,703
8543666,-16.4694416,-68.11613,704
8543666,-16.4732237,-68.1169718,705
8543666,-16.4730157,-68.1168253,706
8543666,-16.472466,-68.1164382,707
8543666,-16.4721956,-68.1162821,708
8543666,-16.4721386,-68.1162603,709
8543666,-16.4720832,-68.116238,710
8543666,-16.4720064,-68.1162152,711
8543666,-16.4719415,-68.1162,712
8543666,-16.4717221,-68.1161525,713
8543666,-16.4713409,-68.1160802,714
8543666,-16.4710347,-68.1160424,715
8543666,-16.4708364,-68.1160329,716
8543666,-16.470274,-68.1160279,717
8543666,-16.4697861,-68.1160024,718
8543666,-16.4732237,-68.1169718,719
8543666,-16.4732936,-68.1168662,720
8543666,-16.4733088,-68.1167901,721
8543666,-16.4735092,-68.1164647,722
8543666,-16.4735092,-68.1164647,723
8543666,-16.47404,-68.116805,724
8543666,-16.4742461,-68.1168991,725
8543666,-16.4744711,-68.1170345,726
8543666,-16.4748709,-68.1178844,727
8543666,-16.474658,-68.1172764,728
8543666,-16.4746276,-68.1172049,729
8543666,-16.4745679,-68.117131,730
8543666,-16.4744711,-68.1170345,731
8543666,-16.4750617,-68.1179564,732
8543666,-16.4750405,-68.1179358,733
8543666,-16.4750167,-68.1179184,734
8543666,-16.4749828,-68.1179005,735
8543666,-16.4749465,-68.1178887,736
8543666,-16.4749089,-68.1178833,737
8543666,-16.4748709,-68.1178844,738
8543666,-16.4752721,-68.1180255,739
8543666,-16.4750617,-68.1179564,740
8543666,-16.4752721,-68.1180255,741
8543666,-16.4756045,-68.1181024,742
8543666,-16.4758283,-68.1181597,743
8543666,-16.477186,-68.1184598,744
8543666,-16.4776079,-68.1185445,745
8543666,-16.477758,-68.1185724,746
8543666,-16.478952,-68.118826,747
8543666,-16.4790774,-68.1188608,748
8543666,-16.4794635,-68.1189466,749
8543666,-16.4804963,-68.1191553,750
8543666,-16.4807264,-68.1191989,751
8543666,-16.4808314,-68.1192231,752
8543666,-16.4808728,-68.1192315,753
8543666,-16.4812847,-68.1193208,754
8543666,-16.4812847,-68.1193208,755
8543666,-16.4818649,-68.1194338,756
8543666,-16.4819097,-68.1205726,757
8543666,-16.4818737,-68.1199226,758
8543666,-16.4818649,-68.1194338,759
8543666,-16.4819422,-68.121858,760
8543666,-16.4819234,-68.1208125,761
8543666,-16.4819099,-68.120647,762
8543666,-16.4819097,-68.1205726,763
8543666,-16.4827385,-68.1203849,764
8543666,-16.4826602,-68.1203614,765
8543666,-16.4824663,-68.1202497,766
8543666,-16.4818737,-68.1199226,767
8543666,-16.4838854,-68.1211062,768
8543666,-16.4834465,-68.120663,769
8543666,-16.4833339,-68.1205956,770
8543666,-16.4831994,-68.1205651,771
8543666,-16.4829272,-68.1204759,772
8543666,-16.4828006,-68.1204149,773
8543666,-16.4827385,-68.1203849,774
8543666,-16.4850336,-68.121058,775
8543666,-16.484063,-68.121097,776
8543666,-16.4838854,-68.1211062,777
8543666,-16.4850549,-68.1216442,778
8543666,-16.4850377,-68.1211719,779
8543666,-16.4850336,-68.121058,780
8543666,-16.4872855,-68.1216088,781
8543666,-16.4871953,-68.1216128,782
8543666,-16.4865199,-68.1216435,783
8543666,-16.4852175,-68.1217085,784
8543666,-16.4851403,-68.1217099,785
8543666,-16.4850944,-68.1216905,786
8543666,-16.4850549,-68.1216442,787
8543666,-16.4890957,-68.1215284,788
8543666,-16.4889945,-68.1215327,789
8543666,-16.4888795,-68.1215377,790
8543666,-16.4883818,-68.121561,791
8543666,-16.4882873,-68.1215655,792
8543666,-16.4881882,-68.121568,793
8543666,-16.4873771,-68.1216051,794
8543666,-16.4872855,-68.1216088,795
8543666,-16.4898858,-68.1214867,796
8543666,-16.4898289,-68.12149,797
8543666,-16.4894747,-68.1215107,798
8543666,-16.4892283,-68.1215232,799
8543666,-16.4891898,-68.1215247,800
8543666,-16.4890957,-68.1215284,801
8543666,-16.4909765,-68.1214499,802
8543666,-16.490858,-68.1214539,803
8543666,-16.4904734,-68.1214669,804
8543666,-16.4899867,-68.1214833,805
8543666,-16.4898858,-68.1214867,806
8543666,-16.4935879,-68.1213024,807
8543666,-16.4932652,-68.1213214,808
8543666,-16.4931469,-68.1213237,809
8543666,-16.4930572,-68.1213282,810
8543666,-16.4927274,-68.1213724,811
8543666,-16.4910553,-68.1214468,812
8543666,-16.4909765,-68.1214499,813
8543666,-16.4937595,-68.1212934,814
8543666,-16.4935879,-68.1213024,815
8543666,-16.4943262,-68.1212499,816
8543666,-16.4942566,-68.1212687,817
8543666,-16.494184,-68.1212742,818
8543666,-16.4937595,-68.1212934,819
8543666,-16.4943513,-68.1212141,820
8543666,-16.4943262,-68.1212499,821
8543666,-16.494582,-68.1212172,822
8543666,-16.4945339,-68.12118,823
8543666,-16.4945013,-68.1211668,824
8543666,-16.4944659,-68.1211636,825
8543666,-16.4944238,-68.1211694,826
8543666,-16.4943882,-68.1211868,827
8543666,-16.4943513,-68.1212141,828
8543666,-16.4946002,-68.1212425,829
8543666,-16.494582,-68.1212172,830
8543666,-16.4969598,-68.1211352,831
8543666,-16.4968747,-68.1211404,832
8543666,-16.494712,-68.1212477,833
8543666,-16.4946312,-68.1212496,834
8543666,-16.4946002,-68.1212425,835
8543666,-16.5014636,-68.1209126,836
8543666,-16.501348,-68.1209145,837
8543666,-16.4995317,-68.1210071,838
8543666,-16.4994139,-68.1210149,839
8543666,-16.4992912,-68.1210221,840
8543666,-16.4989929,-68.1210373,841
8543666,-16.4987828,-68.1210458,842
8543666,-16.4986199,-68.1210524,843
8543666,-16.4982497,-68.121076,844
8543666,-16.4981151,-68.121081,845
8543666,-16.497996,-68.121086,846
8543666,-16.4970706,-68.1211307,847
8543666,-16.4969598,-68.1211352,848
8543666,-16.5026759,-68.1208583,849
8543666,-16.5025847,-68.1208622,850
8543666,-16.501545,-68.1209126,851
8543666,-16.5014636,-68.1209126,852
8543666,-16.5026846,-68.1209899,853
8543666,-16.5026759,-68.1208583,854
8543666,-16.5027582,-68.1221515,855
8543666,-16.5027593,-68.1220363,856
8543666,-16.5026896,-68.1210587,857
8543666,-16.5026846,-68.1209899,858
8543666,-16.5027245,-68.1229581,859
8543666,-16.5027531,-68.1222653,860
8543666,-16.5027582,-68.1221515,861
8543666,-16.5027245,-68.1229581,862
8543666,-16.5027829,-68.122959,863
8543666,-16.5028127,-68.1229594,864
8543666,-16.5028829,-68.1238145,865
8543666,-16.5028641,-68.123741,866
8543666,-16.5028456,-68.1234738,867
8543666,-16.5028346,-68.1233412,868
8543666,-16.5028174,-68.1230269,869
8543666,-16.5028127,-68.1229594,870
8543666,-16.5018154,-68.1242209,871
8543666,-16.5020013,-68.1241521,872
8543666,-16.50272,-68.1238748,873
8543666,-16.5028829,-68.1238145,874
8543666,-16.5018154,-68.1242209,875
8543666,-16.5019158,-68.1243034,876
8543666,-16.5020461,-68.1244276,877
8543666,-16.5021181,-68.1245183,878
8543666,-16.5021532,-68.1245785,879
8543666,-16.5022023,-68.1246782,880
8543666,-16.5022023,-68.1246782,881
8543666,-16.5022724,-68.1248508,882
8543666,-16.5023347,-68.1250456,883
8543666,-16.5023621,-68.1251312,884
8543666,-16.5023955,-68.1252357,885
8543666,-16.5024141,-68.1253838,886
8543666,-16.5023865,-68.1256759,887
8543666,-16.5023842,-68.1259079,888
8543666,-16.5023449,-68.1261439,889
8543666,-16.5022652,-68.1264429,890
8543666,-16.5022111,-68.1266672,891
8543666,-16.5021675,-68.1268029,892
8543666,-16.5021309,-68.1269137,893
8543666,-16.5018043,-68.1277943,894
8543666,-16.5017847,-68.1279161,895
8543666,-16.5017709,-68.1280114,896
8543666,-16.5017741,-68.128116,897
8543666,-16.5017884,-68.1282545,898
8543666,-16.5018022,-68.1283232,899
8543666,-16.5018293,-68.1283957,900
8543666,-16.5018633,-68.1284721,901
8543666,-16.5019148,-68.1285397,902
8543666,-16.5020252,-68.1286449,903
8543666,-16.5022766,-68.128724,904
8543666,-16.5021665,-68.1286787,905
8543666,-16.5021107,-68.1286623,906
8543666,-16.5020252,-68.1286449,907
8543666,-16.5023476,-68.128741,908
8543666,-16.5023263,-68.1287269,909
8543666,-16.5023017,-68.128721,910
8543666,-16.5022766,-68.128724,911
8543666,-16.5023243,-68.1288715,912
8543666,-16.502346,-68.1288581,913
8543666,-16.5023622,-68.1288378,914
8543666,-16.502371,-68.1288131,915
8543666,-16.5023713,-68.1287867,916
8543666,-16.5023632,-68.1287617,917
8543666,-16.5023476,-68.128741,918
8543666,-16.5022282,-68.128828,919
8543666,-16.5022401,-68.1288487,920
8543666,-16.5022575,-68.1288646,921
8543666,-16.5022787,-68.1288742,922
8543666,-16.5023017,-68.1288766,923
8543666,-16.5023243,-68.1288715,924
8543666,-16.5021431,-68.1288554,925
8543666,-16.5021611,-68.1288496,926
8543666,-16.5022282,-68.128828,927
8543666,-16.5020066,-68.1288039,928
8543666,-16.5021431,-68.1288554,929
8543666,-16.5017916,-68.1286499,930
8543666,-16.5019001,-68.1287349,931
8543666,-16.5019302,-68.1287585,932
8543666,-16.5020066,-68.1288039,933
8543666,-16.5009676,-68.1279098,934
8543666,-16.5010137,-68.1279192,935
8543666,-16.5011517,-68.1279283,936
8543666,-16.5011841,-68.1279238,937
8543666,-16.5012181,-68.1279072,938
8543666,-16.5012541,-68.1278738,939
8543666,-16.501336,-68.1277228,940
8543666,-16.5013686,-68.1276976,941
8543666,-16.5013954,-68.1276924,942
8543666,-16.5014262,-68.1276929,943
8543666,-16.5014515,-68.1277018,944
8543666,-16.501474,-68.1277145,945
8543666,-16.5014969,-68.1277367,946
8543666,-16.5015059,-68.1277632,947
8543666,-16.501508,-68.1278028,948
8543666,-16.5015035,-68.1278341,949
8543666,-16.5014868,-68.1278829,950
8543666,-16.5014778,-68.1279388,951
8543666,-16.5014841,-68.1279903,952
8543666,-16.5015054,-68.1280573,953
8543666,-16.5015335,-68.1281448,954
8543666,-16.5015898,-68.1283093,955
8543666,-16.5016445,-68.1284289,956
8543666,-16.5016932,-68.1285162,957
8543666,-16.5017215,-68.1285668,958
8543666,-16.5017388,-68.1285873,959
8543666,-16.5017916,-68.1286499,960
8543666,-16.494614,-68.1213852,961
8543666,-16.4946223,-68.1213492,962
8543666,-16.4946228,-68.1213122,963
8543666,-16.4946153,-68.121276,964
8543666,-16.4946002,-68.1212425,965
8543666,-16.4943283,-68.1214114,966
8543666,-16.4943571,-68.1214493,967
8543666,-16.4943953,-68.1214768,968
8543666,-16.4944394,-68.1214916,969
8543666,-16.4944942,-68.121491,970
8543666,-16.4945097,-68.121485,971
8543666,-16.4945454,-68.1214711,972
8543666,-16.4945733,-68.1214493,973
8543666,-16.494596,-68.1214217,974
8543666,-16.494614,-68.1213852,975
8543666,-16.4943262,-68.1212499,976
8543666,-16.4943106,-68.1212892,977
8543666,-16.494307,-68.1213324,978
8543666,-16.4943129,-68.1213733,979
8543666,-16.4943283,-68.1214114,980
8543666,-16.500366,-68.1294551,981
8543666,-16.5003736,-68.1293935,982
8543666,-16.5003815,-68.1293175,983
8543666,-16.5003874,-68.1292661,984
8543666,-16.5004115,-68.1291389,985
8543666,-16.5004332,-68.1289329,986
8543666,-16.5004492,-68.1288155,987
8543666,-16.5004562,-68.1287852,988
8543666,-16.5004797,-68.1286837,989
8543666,-16.5005336,-68.1285098,990
8543666,-16.5006227,-68.1282688,991
8543666,-16.5006472,-68.1282127,992
8543666,-16.5007291,-68.1280251,993
8543666,-16.5007795,-68.1279543,994
8543666,-16.5008204,-68.1279255,995
8543666,-16.5008549,-68.12791,996
8543666,-16.5008873,-68.1279028,997
8543666,-16.5009191,-68.1279039,998
8543666,-16.5009676,-68.1279098,999
8543666,-16.5007256,-68.1302131,1000
8543666,-16.5007134,-68.1301465,1001
8543666,-16.5006889,-68.1300721,1002
8543666,-16.5006109,-68.1298937,1003
8543666,-16.5004863,-68.1296769,1004
8543666,-16.500366,-68.1294551,1005
8543666,-16.5001953,-68.1314501,1006
8543666,-16.5004295,-68.1309588,1007
8543666,-16.500599,-68.1306831,1008
8543666,-16.5006687,-68.1305698,1009
8543666,-16.5007182,-68.1304683,1010
8543666,-16.5007267,-68.1303858,1011
8543666,-16.5007324,-68.1303302,1012
8543666,-16.5007256,-68.1302131,1013
8543666,-16.4999932,-68.1318753,1014
8543666,-16.5001953,-68.1314501,1015
8543666,-16.4999544,-68.131956,1016
8543666,-16.4999932,-68.1318753,1017
8543666,-16.5000199,-68.1319524,1018
8543666,-16.4999544,-68.131956,1019
8543666,-16.500496,-68.1321423,1020
8543666,-16.5000686,-68.1319711,1021
8543666,-16.5000612,-68.1319682,1022
8543666,-16.5000199,-68.1319524,1023
8543666,-16.4999975,-68.1319162,1024
8543666,-16.4999932,-68.1318753,1025
8543666,-16.5006766,-68.1322124,1026
8543666,-16.5006018,-68.1321834,1027
8543666,-16.500496,-68.1321423,1028
8543666,-16.5007489,-68.1322353,1029
8543666,-16.5007343,-68.1322357,1030
8543666,-16.5006766,-68.1322124,1031
8543666,-16.5012356,-68.1328607,1032
8543666,-16.5011919,-68.1327925,1033
8543666,-16.5007751,-68.1322683,1034
8543666,-16.5007489,-68.1322353,1035
9317022,-16.5019608,-68.1306965,0
9317022,-16.5020048,-68.130765,1
9317022,-16.5023446,-68.1313193,2
9317022,-16.5023963,-68.1314033,3
9317022,-16.5030173,-68.1296627,4
9317022,-16.5029845,-68.1296928,5
9317022,-16.5025749,-68.1300638,6
9317022,-16.5024387,-68.1302023,7
9317022,-16.502389,-68.1302513,8
9317022,-16.5020063,-68.1306374,9
9317022,-16.5019608,-68.1306965,10
9317022,-16.5043223,-68.1287939,11
9317022,-16.5040209,-68.1290168,12
9317022,-16.503961,-68.1290554,13
9317022,-16.5030173,-68.1296627,14
9317022,-16.5041961,-68.1284275,15
9317022,-16.5042525,-68.1284489,16
9317022,-16.5043753,-68.1285051,17
9317022,-16.5044124,-68.1285288,18
9317022,-16.5044433,-68.1285566,19
9317022,-16.5044578,-68.1285912,20
9317022,-16.5044635,-68.1286292,21
9317022,-16.5044588,-68.1286566,22
9317022,-16.5044469,-68.1286818,23
9317022,-16.5044217,-68.1287167,24
9317022,-16.5043223,-68.1287939,25
9317022,-16.5038012,-68.1284248,26
9317022,-16.5039133,-68.128406,27
9317022,-16.5040247,-68.1283995,28
9317022,-16.5041167,-68.1284054,29
9317022,-16.5041961,-68.1284275,30
9317022,-16.5032875,-68.1285644,31
9317022,-16.5035234,-68.1284968,32
9317022,-16.5036891,-68.1284451,33
9317022,-16.5038012,-68.1284248,34
9317022,-16.5029593,-68.1286922,35
9317022,-16.5032875,-68.1285644,36
9317022,-16.5025697,-68.1287962,37
9317022,-16.5029593,-68.1286922,38
9317022,-16.5023243,-68.1288715,39
9317022,-16.5024559,-68.1288282,40
9317022,-16.5025697,-68.1287962,41
9317022,-16.5022282,-68.128828,42
9317022,-16.5022401,-68.1288487,43
9317022,-16.5022575,-68.1288646,44
9317022,-16.5022787,-68.1288742,45
9317022,-16.5023017,-68.1288766,46
9317022,-16.5023243,-68.1288715,47
9317022,-16.502223,-68.1288045,48
9317022,-16.5022282,-68.128828,49
9317022,-16.5022766,-68.128724,50
9317022,-16.5022538,-68.1287355,51
9317022,-16.5022361,-68.1287543,52
9317022,-16.5022254,-68.1287782,53
9317022,-16.502223,-68.1288045,54
9317022,-16.5023476,-68.128741,55
9317022,-16.5023263,-68.1287269,56
9317022,-16.5023017,-68.128721,57
9317022,-16.5022766,-68.128724,58
9317022,-16.5023243,-68.1288715,59
9317022,-16.502346,-68.1288581,60
9317022,-16.5023622,-68.1288378,61
9317022,-16.502371,-68.1288131,62
9317022,-16.5023713,-68.1287867,63
9317022,-16.5023632,-68.1287617,64
9317022,-16.5023476,-68.128741,65
9317022,-16.5020252,-68.1286449,66
9317022,-16.5020936,-68.1287045,67
9317022,-16.5021324,-68.1287352,68
9317022,-16.502185,-68.1287719,69
9317022,-16.502223,-68.1288045,70
9317022,-16.5022023,-68.1246782,71
9317022,-16.5022724,-68.1248508,72
9317022,-16.5023347,-68.1250456,73
9317022,-16.5023621,-68.1251312,74
9317022,-16.5023955,-68.1252357,75
9317022,-16.5024141,-68.1253838,76
9317022,-16.5023865,-68.1256759,77
9317022,-16.5023842,-68.1259079,78
9317022,-16.5023449,-68.1261439,79
9317022,-16.5022652,-68.1264429,80
9317022,-16.5022111,-68.1266672,81
9317022,-16.5021675,-68.1268029,82
9317022,-16.5021309,-68.1269137,83
9317022,-16.5018043,-68.1277943,84
9317022,-16.5017847,-68.1279161,85
9317022,-16.5017709,-68.1280114,86
9317022,-16.5017741,-68.128116,87
9317022,-16.5017884,-68.1282545,88
9317022,-16.5018022,-68.1283232,89
9317022,-16.5018293,-68.1283957,90
9317022,-16.5018633,-68.1284721,91
9317022,-16.5019148,-68.1285397,92
9317022,-16.5020252,-68.1286449,93
9317022,-16.5018154,-68.1242209,94
9317022,-16.5019158,-68.1243034,95
9317022,-16.5020461,-68.1244276,96
9317022,-16.5021181,-68.1245183,97
9317022,-16.5021532,-68.1245785,98
9317022,-16.5022023,-68.1246782,99
9317022,-16.5015511,-68.1229073,100
9317022,-16.5015517,-68.1229245,101
9317022,-16.501556,-68.1230433,102
9317022,-16.5015707,-68.1233563,103
9317022,-16.5015746,-68.1235691,104
9317022,-16.5015903,-68.1238094,105
9317022,-16.501608,-68.1239148,106
9317022,-16.501657,-68.1240478,107
9317022,-16.5017188,-68.1241449,108
9317022,-16.5018154,-68.1242209,109
9317022,-16.5014694,-68.1211004,110
9317022,-16.5014773,-68.1212878,111
9317022,-16.501506,-68.1219462,112
9317022,-16.5015351,-68.1225313,113
9317022,-16.5015511,-68.1229073,114
9317022,-16.5014684,-68.1210483,115
9317022,-16.5014694,-68.1211004,116
9317022,-16.4969646,-68.121269,117
9317022,-16.4970728,-68.1212646,118
9317022,-16.4980014,-68.1212179,119
9317022,-16.4981079,-68.1212086,120
9317022,-16.4982531,-68.1212066,121
9317022,-16.4992971,-68.1211544,122
9317022,-16.4994199,-68.1211495,123
9317022,-16.4995349,-68.1211433,124
9317022,-16.501352,-68.1210577,125
9317022,-16.5014684,-68.1210483,126
9317022,-16.494614,-68.1213852,127
9317022,-16.4947151,-68.1213826,128
9317022,-16.4965867,-68.1212947,129
9317022,-16.4968789,-68.1212731,130
9317022,-16.4969646,-68.121269,131
9317022,-16.4943283,-68.1214114,132
9317022,-16.4943571,-68.1214493,133
9317022,-16.4943953,-68.1214768,134
9317022,-16.4944394,-68.1214916,135
9317022,-16.4944942,-68.121491,136
9317022,-16.4945097,-68.121485,137
9317022,-16.4945454,-68.1214711,138
9317022,-16.4945733,-68.1214493,139
9317022,-16.494596,-68.1214217,140
9317022,-16.494614,-68.1213852,141
9317022,-16.4943262,-68.1212499,142
9317022,-16.4943106,-68.1212892,143
9317022,-16.494307,-68.1213324,144
9317022,-16.4943129,-68.1213733,145
9317022,-16.4943283,-68.1214114,146
9317022,-16.4943513,-68.1212141,147
9317022,-16.4943262,-68.1212499,148
9317022,-16.494582,-68.1212172,149
9317022,-16.4945339,-68.12118,150
9317022,-16.4945013,-68.1211668,151
9317022,-16.4944659,-68.1211636,152
9317022,-16.4944238,-68.1211694,153
9317022,-16.4943882,-68.1211868,154
9317022,-16.4943513,-68.1212141,155
9317022,-16.4946002,-68.1212425,156
9317022,-16.494582,-68.1212172,157
9317022,-16.494614,-68.1213852,158
9317022,-16.4946223,-68.1213492,159
9317022,-16.4946228,-68.1213122,160
9317022,-16.4946153,-68.121276,161
9317022,-16.4946002,-68.1212425,162
9317022,-16.4937654,-68.121428,163
9317022,-16.4941891,-68.1214071,164
9317022,-16.4942582,-68.1214071,165
9317022,-16.4943283,-68.1214114,166
9317022,-16.4935935,-68.1214369,167
9317022,-16.4937654,-68.121428,168
9317022,-16.4931515,-68.1214593,169
9317022,-16.4932705,-68.1214537,170
9317022,-16.4935935,-68.1214369,171
9317022,-16.490979,-68.1215922,172
9317022,-16.4910617,-68.1215887,173
9317022,-16.4930445,-68.1215072,174
9317022,-16.4931515,-68.1214593,175
9317022,-16.4898964,-68.1216362,176
9317022,-16.4899957,-68.1216321,177
9317022,-16.4908204,-68.1215982,178
9317022,-16.4908594,-68.1215967,179
9317022,-16.490979,-68.1215922,180
9317022,-16.4850685,-68.1219152,181
9317022,-16.4851056,-68.1218664,182
9317022,-16.4851451,-68.1218496,183
9317022,-16.4852237,-68.121846,184
9317022,-16.4854123,-68.1218375,185
9317022,-16.4865092,-68.1217915,186
9317022,-16.4872005,-68.121748,187
9317022,-16.4872924,-68.1217436,188
9317022,-16.4873811,-68.1217385,189
9317022,-16.4875589,-68.1217334,190
9317022,-16.4881927,-68.1217023,191
9317022,-16.4882872,-68.1216989,192
9317022,-16.4883848,-68.121696,193
9317022,-16.4889332,-68.1216753,194
9317022,-16.4890007,-68.1216725,195
9317022,-16.4890965,-68.1216653,196
9317022,-16.4891937,-68.1216616,197
9317022,-16.4898394,-68.1216383,198
9317022,-16.4898964,-68.1216362,199
9317022,-16.4850913,-68.1225149,200
9317022,-16.485073,-68.1219903,201
9317022,-16.4850685,-68.1219152,202
9317022,-16.4841449,-68.1225767,203
9317022,-16.4850113,-68.1225201,204
9317022,-16.4850913,-68.1225149,205
9317022,-16.4832118,-68.121984,206
9317022,-16.4832684,-68.1221451,207
9317022,-16.4833761,-68.1223232,208
9317022,-16.4834906,-68.1224347,209
9317022,-16.4835683,-68.1224876,210
9317022,-16.4836872,-68.1225479,211
9317022,-16.4838025,-68.1225768,212
9317022,-16.4839262,-68.1225855,213
9317022,-16.4841449,-68.1225767,214
9317022,-16.4832022,-68.1217572,215
9317022,-16.4832009,-68.121874,216
9317022,-16.4832118,-68.121984,217
9317022,-16.4832759,-68.121502,218
9317022,-16.4832263,-68.1216551,219
9317022,-16.4832022,-68.1217572,220
9317022,-16.48236,-68.1208976,221
9317022,-16.4829222,-68.1212686,222
9317022,-16.4831855,-68.1214094,223
9317022,-16.48322,-68.1214324,224
9317022,-16.48325,-68.1214617,225
9317022,-16.4832759,-68.121502,226
9317022,-16.4823543,-68.1206875,227
9317022,-16.48236,-68.1208976,228
9317022,-16.4823557,-68.1209493,229
9317022,-16.4823273,-68.1213351,230
9317022,-16.4823177,-68.121851,231
9317022,-16.4807226,-68.1209099,232
9317022,-16.4808446,-68.1209004,233
9317022,-16.4813311,-68.1206673,234
9317022,-16.4815561,-68.1206249,235
9317022,-16.4819099,-68.120647,236
9317022,-16.4823543,-68.1206875,237
9317022,-16.482462,-68.1206746,238
9317022,-16.4825786,-68.1206176,239
9317022,-16.4826999,-68.1205363,240
9317022,-16.4828006,-68.1204149,241
9317022,-16.4819097,-68.1205726,242
9317022,-16.4817439,-68.1205621,243
9317022,-16.4815462,-68.1205646,244
9317022,-16.4813297,-68.1205875,245
9317022,-16.4813297,-68.1205875,246
9317022,-16.4813067,-68.1197807,247
9317022,-16.4812847,-68.1193208,248
9317022,-16.4752721,-68.1180255,249
9317022,-16.4756045,-68.1181024,250
9317022,-16.4758283,-68.1181597,251
9317022,-16.477186,-68.1184598,252
9317022,-16.4776079,-68.1185445,253
9317022,-16.477758,-68.1185724,254
9317022,-16.478952,-68.118826,255
9317022,-16.4790774,-68.1188608,256
9317022,-16.4794635,-68.1189466,257
9317022,-16.4804963,-68.1191553,258
9317022,-16.4807264,-68.1191989,259
9317022,-16.4808314,-68.1192231,260
9317022,-16.4808728,-68.1192315,261
9317022,-16.4812847,-68.1193208,262
9317022,-16.475126,-68.11813,263
9317022,-16.475189,-68.1180567,264
9317022,-16.4752721,-68.1180255,265
9317022,-16.475066,-68.1182877,266
9317022,-16.4750984,-68.118238,267
9317022,-16.475113,-68.1182041,268
9317022,-16.475113,-68.1182041,269
9317022,-16.4751223,-68.118169,270
9317022,-16.475126,-68.11813,271
9317022,-16.4746767,-68.1180512,272
9317022,-16.4746677,-68.1180952,273
9317022,-16.4746667,-68.11814,274
9317022,-16.4746738,-68.1181843,275
9317022,-16.4746886,-68.1182265,276
9317022,-16.4747107,-68.118265,277
9317022,-16.4747393,-68.1182986,278
9317022,-16.4747734,-68.118326,279
9317022,-16.4748118,-68.1183463,280
9317022,-16.4748531,-68.1183588,281
9317022,-16.4748953,-68.1183631,282
9317022,-16.4749374,-68.1183592,283
9317022,-16.4749782,-68.1183474,284
9317022,-16.4750162,-68.118328,285
9317022,-16.4750502,-68.1183016,286
9317022,-16.475066,-68.1182877,287
9317022,-16.4695635,-68.1161452,288
9317022,-16.4696662,-68.1160948,289
9317022,-16.4697402,-68.1160721,290
9317022,-16.469833,-68.1160709,291
9317022,-16.4699361,-68.1160916,292
9317022,-16.4702029,-68.1161483,293
9317022,-16.4704492,-68.116157,294
9317022,-16.4708353,-68.1161574,295
9317022,-16.471042,-68.1161631,296
9317022,-16.4713271,-68.1162105,297
9317022,-16.4717075,-68.1162693,298
9317022,-16.4718944,-68.1163112,299
9317022,-16.47198,-68.1163328,300
9317022,-16.4720731,-68.1163605,301
9317022,-16.4721834,-68.1164095,302
9317022,-16.4724016,-68.1165469,303
9317022,-16.4731613,-68.1170707,304
9317022,-16.4735994,-68.1173787,305
9317022,-16.4738966,-68.1175796,306
9317022,-16.474063,-68.1176889,307
9317022,-16.4741905,-68.1177756,308
9317022,-16.4745569,-68.1179946,309
9317022,-16.4746767,-68.1180512,310
9317022,-16.4697861,-68.1160024,311
9317022,-16.4696711,-68.1160203,312
9317022,-16.4696162,-68.116032,313
9317022,-16.4695535,-68.1160623,314
9317022,-16.469493,-68.116095,315
9317022,-16.4694416,-68.11613,316
9317022,-16.4683383,-68.1160254,317
9317022,-16.468382,-68.1161124,318
9317022,-16.4684011,-68.1161486,319
9317022,-16.4684391,-68.1161988,320
9317022,-16.4684921,-68.1162529,321
9317022,-16.4685608,-68.1163081,322
9317022,-16.4687007,-68.1163885,323
9317022,-16.4687628,-68.1164112,324
9317022,-16.4688352,-68.1164241,325
9317022,-16.468939,-68.1164246,326
9317022,-16.4690599,-68.1164078,327
9317022,-16.4691358,-68.116383,328
9317022,-16.4692168,-68.1163482,329
9317022,-16.4693505,-68.1162811,330
9317022,-16.4695027,-68.1161896,331
9317022,-16.4695635,-68.1161452,332
9317022,-16.4688104,-68.1147737,333
9317022,-16.4687866,-68.1148307,334
9317022,-16.4687892,-68.1148526,335
9317022,-16.4687905,-68.115005,336
9317022,-16.4687693,-68.1151063,337
9317022,-16.4687339,-68.1151962,338
9317022,-16.4686413,-68.1152994,339
9317022,-16.4685037,-68.1154282,340
9317022,-16.4684175,-68.1155201,341
9317022,-16.4683629,-68.1155891,342
9317022,-16.468332,-68.1156541,343
9317022,-16.4683114,-68.1157447,344
9317022,-16.4683024,-68.1158486,345
9317022,-16.4683114,-68.1159411,346
9317022,-16.4683383,-68.1160254,347
9317022,-16.4688104,-68.1147737,348
9317022,-16.4687577,-68.1146657,349
9317022,-16.4686956,-68.1145785,350
9317022,-16.468608,-68.1144831,351
9317022,-16.468608,-68.1144831,352
9317022,-16.4685044,-68.1143809,353
9317022,-16.4681204,-68.1140877,354
9317022,-16.4680304,-68.1140019,355
9317022,-16.4679764,-68.1139174,356
9317022,-16.4679378,-68.1138664,357
9317022,-16.4678851,-68.1137793,358
9317022,-16.4678324,-68.1136854,359
9317022,-16.4677385,-68.1135084,360
9317022,-16.4677205,-68.1134668,361
9317022,-16.4677012,-68.1134051,362
9317022,-16.4676682,-68.1133003,363
9317022,-16.4676443,-68.11321,364
9317022,-16.46762,-68.1131377,365
9317022,-16.4676016,-68.1130705,366
9317022,-16.4675791,-68.1130071,367
9317022,-16.4675132,-68.1128256,368
9317022,-16.46744,-68.1126469,369
9317022,-16.4673229,-68.1124118,370
9317022,-16.4671745,-68.1121961,371
9317022,-16.4671745,-68.1121961,372
9317022,-16.4671017,-68.1120831,373
9317022,-16.4669515,-68.1118389,374
9317022,-16.4668199,-68.1116469,375
9317022,-16.466712,-68.1115372,376
9317022,-16.4665366,-68.1113757,377
9317022,-16.4664688,-68.1113122,378
9317022,-16.4664087,-68.11125,379
9317022,-16.4664087,-68.11125,380
9317022,-16.4660595,-68.1108368,381
9317022,-16.4658235,-68.1106927,382
9317022,-16.4657296,-68.1106438,383
9317022,-16.4655675,-68.1105868,384
9317022,-16.465302,-68.1105412,385
9317022,-16.4651907,-68.1105231,386
9317022,-16.4651045,-68.1104942,387
9317022,-16.4650344,-68.1104587,388
9317022,-16.4649611,-68.1104051,389
9317022,-16.4648833,-68.1103279,390
9317022,-16.4647599,-68.1101033,391
9317022,-16.4647258,-68.1100275,392
9317022,-16.4646654,-68.1099188,393
9317022,-16.4646654,-68.1099188,394
9317022,-16.4646442,-68.1098732,395
9317022,-16.4643893,-68.1094717,396
9317022,-16.4642787,-68.1093175,397
9317022,-16.4642106,-68.1092161,398
9317022,-16.4641855,-68.1091794,399
9317022,-16.4641399,-68.1091127,400
9317022,-16.4639537,-68.1088597,401
9317022,-16.4638508,-68.1087404,402
9317022,-16.4637378,-68.1086237,403
9317022,-16.4635372,-68.1084059,404
9317022,-16.46302,-68.1078923,405
9317022,-16.4626947,-68.1075426,406
9317022,-16.462633,-68.1074802,407
9317022,-16.4624402,-68.1072263,408
9317022,-16.4621435,-68.1067877,409
9317022,-16.4620238,-68.1066039,410
9317022,-16.4619997,-68.1065661,411
9317022,-16.461981,-68.1065349,412
9317022,-16.4619064,-68.1064125,413
9317022,-16.4618826,-68.1063756,414
9317022,-16.4618426,-68.1063146,415
9317022,-16.4613304,-68.1054571,416
9317022,-16.4612531,-68.1053461,417
9317022,-16.46111,-68.1049995,418
9317022,-16.4610664,-68.1048934,419
9317022,-16.4608526,-68.1043024,420
9317022,-16.4607156,-68.1039892,421
9317022,-16.4606327,-68.103831,422
9317022,-16.4605504,-68.1036955,423
9317022,-16.4604638,-68.1035843,424
9317022,-16.4603177,-68.1034399,425
9317022,-16.4592487,-68.1034279,426
9317022,-16.4592654,-68.1034145,427
9317022,-16.4592885,-68.1034005,428
9317022,-16.4593471,-68.1033911,429
9317022,-16.4596084,-68.1034364,430
9317022,-16.4601737,-68.103458,431
9317022,-16.4602714,-68.1034594,432
9317022,-16.4603016,-68.10345,433
9317022,-16.4603177,-68.1034399,434
9317022,-16.4597451,-68.1041087,435
9317022,-16.4593149,-68.1035406,436
9317022,-16.4592731,-68.1034735,437
9317022,-16.4592487,-68.1034279,438
9317022,-16.4643515,-68.1131921,439
9317022,-16.4642881,-68.1130925,440
9317022,-16.4641477,-68.112872,441
9317022,-16.4640898,-68.1127332,442
9317022,-16.4640467,-68.1126105,443
9317022,-16.4640081,-68.1124335,444
9317022,-16.4639792,-68.1122544,445
9317022,-16.4639625,-68.1120003,446
9317022,-16.4639837,-68.1115738,447
9317022,-16.4639882,-68.1113733,448
9317022,-16.4639715,-68.1112647,449
9317022,-16.4638487,-68.11092,450
9317022,-16.4637445,-68.1106377,451
9317022,-16.4636511,-68.1104415,452
9317022,-16.4635526,-68.1102413,453
9317022,-16.463431,-68.1100366,454
9317022,-16.4633124,-68.1098835,455
9317022,-16.4632356,-68.1097952,456
9317022,-16.4631713,-68.1097417,457
9317022,-16.4631103,-68.1096896,458
9317022,-16.4630656,-68.1096546,459
9317022,-16.4629743,-68.109598,460
9317022,-16.4629337,-68.1095772,461
9317022,-16.4625742,-68.1093869,462
9317022,-16.4624168,-68.1093049,463
9317022,-16.4622586,-68.1091969,464
9317022,-16.4621226,-68.1090704,465
9317022,-16.4620673,-68.1090137,466
9317022,-16.4620092,-68.1089199,467
9317022,-16.4619604,-68.1088345,468
9317022,-16.4619117,-68.1087327,469
9317022,-16.4618958,-68.1086947,470
9317022,-16.4618818,-68.1086319,471
9317022,-16.4618752,-68.1085233,472
9317022,-16.4618791,-68.1084,473
9317022,-16.4619014,-68.1082787,474
9317022,-16.4619274,-68.1081647,475
9317022,-16.4619131,-68.1080422,476
9317022,-16.4618886,-68.107975,477
9317022,-16.4618619,-68.1078993,478
9317022,-16.4618104,-68.1078116,479
9317022,-16.4617216,-68.1076828,480
9317022,-16.4615806,-68.1074867,481
9317022,-16.4614942,-68.1073796,482
9317022,-16.4612185,-68.1069718,483
9317022,-16.4610153,-68.1067103,484
9317022,-16.4609641,-68.1066491,485
9317022,-16.4606719,-68.1062993,486
9317022,-16.4604734,-68.1060621,487
9317022,-16.4603838,-68.1059226,488
9317022,-16.4603398,-68.1058587,489
9317022,-16.4603162,-68.1057839,490
9317022,-16.4602845,-68.1056965,491
9317022,-16.4601897,-68.105197,492
9317022,-16.4601451,-68.1049782,493
9317022,-16.4600784,-68.1047222,494
9317022,-16.4599844,-68.1044779,495
9317022,-16.4597451,-68.1041087,496
9317022,-16.4643515,-68.1131921,497
9317022,-16.4643695,-68.113271,498
9317022,-16.4648753,-68.1139646,499
9317022,-16.4650079,-68.1141651,500
9317022,-16.4651174,-68.1143739,501
9317022,-16.4651925,-68.1146187,502
9317022,-16.4654372,-68.1156626,503
9317022,-16.4655399,-68.1161687,504
9317022,-16.4655966,-68.1164087,505
9317022,-16.4655966,-68.1164087,506
9317022,-16.4656093,-68.1161505,507
9317022,-16.465515,-68.1156413,508
9317022,-16.4654714,-68.1154747,509
9317022,-16.465434,-68.1153234,510
9317022,-16.4653675,-68.1150375,511
9317022,-16.4652837,-68.1147055,512
9317022,-16.46525,-68.1146019,513
9317022,-16.4651825,-68.1143943,514
9317022,-16.4651646,-68.1143478,515
9317022,-16.4650584,-68.1141061,516
9317022,-16.4649369,-68.1139148,517
9317022,-16.4646935,-68.1135692,518
9317022,-16.4645466,-68.11338,519
9317022,-16.4644399,-68.1132487,520
9317022,-16.4643515,-68.1131921,521
9317022,-16.4641434,-68.1183187,522
9317022,-16.4641367,-68.1182807,523
9317022,-16.4641363,-68.1182467,524
9317022,-16.4641616,-68.1181912,525
9317022,-16.464192,-68.118149,526
9317022,-16.4643127,-68.1180658,527
9317022,-16.4644309,-68.117956,528
9317022,-16.4645054,-68.1178742,529
9317022,-16.46467,-68.1175894,530
9317022,-16.4648552,-68.117382,531
9317022,-16.4651687,-68.1171409,532
9317022,-16.4653495,-68.1169846,533
9317022,-16.4654622,-68.1168521,534
9317022,-16.4655203,-68.1167587,535
9317022,-16.4655461,-68.1166733,536
9317022,-16.4655783,-68.1165357,537
9317022,-16.4655966,-68.1164087,538
9317022,-16.4641832,-68.1184484,539
9317022,-16.4641434,-68.1183187,540
9317022,-16.4647943,-68.1187196,541
9317022,-16.4647135,-68.1186909,542
9317022,-16.4644069,-68.1185896,543
9317022,-16.4643114,-68.1185557,544
9317022,-16.4642529,-68.1185281,545
9317022,-16.4642242,-68.1185053,546
9317022,-16.4641832,-68.1184484,547
9317022,-16.4663154,-68.1192362,548
9317022,-16.4662325,-68.1192262,549
9317022,-16.466181,-68.1192161,550
9317022,-16.4660717,-68.1191826,551
9317022,-16.4659057,-68.1191279,552
9317022,-16.4658403,-68.1190952,553
9317022,-16.4655963,-68.1189818,554
9317022,-16.4655096,-68.1189481,555
9317022,-16.465397,-68.1189112,556
9317022,-16.465283,-68.1188777,557
9317022,-16.4649961,-68.1187919,558
9317022,-16.4647943,-68.1187196,559
9317022,-16.4752401,-68.1268396,560
9317022,-16.4751269,-68.1268376,561
9317022,-16.4750793,-68.1268282,562
9317022,-16.4750369,-68.1268128,563
9317022,-16.4749385,-68.1267525,564
9317022,-16.4748948,-68.1267176,565
9317022,-16.4748344,-68.1266472,566
9317022,-16.4747932,-68.1265862,567
9317022,-16.4747656,-68.1265379,568
9317022,-16.4747405,-68.1264936,569
9317022,-16.4747013,-68.1263816,570
9317022,-16.4746865,-68.1262904,571
9317022,-16.4746691,-68.1261456,572
9317022,-16.4746511,-68.1260142,573
9317022,-16.4746389,-68.1259344,574
9317022,-16.4745521,-68.1256776,575
9317022,-16.4744968,-68.1255153,576
9317022,-16.4743064,-68.1249064,577
9317022,-16.474237,-68.1247509,578
9317022,-16.4741611,-68.1246114,579
9317022,-16.4741,-68.1245249,580
9317022,-16.4740344,-68.1244592,581
9317022,-16.4738833,-68.1243324,582
9317022,-16.4737264,-68.1242265,583
9317022,-16.4735502,-68.124138,584
9317022,-16.4733972,-68.1240843,585
9317022,-16.4732712,-68.1240481,586
9317022,-16.4731953,-68.1240253,587
9317022,-16.4730937,-68.1239998,588
9317022,-16.4730301,-68.1239701,589
9317022,-16.4729329,-68.1239247,590
9317022,-16.4727902,-68.1238322,591
9317022,-16.4726539,-68.1237417,592
9317022,-16.4726085,-68.123711,593
9317022,-16.4723979,-68.1235868,594
9317022,-16.4721832,-68.1234621,595
9317022,-16.4719465,-68.1233373,596
9317022,-16.4718115,-68.1232676,597
9317022,-16.4716674,-68.1231791,598
9317022,-16.4716089,-68.1231321,599
9317022,-16.4715716,-68.1231013,600
9317022,-16.4715305,-68.1230658,601
9317022,-16.4714488,-68.1229766,602
9317022,-16.4713832,-68.1228787,603
9317022,-16.4713061,-68.1227526,604
9317022,-16.4712225,-68.1226426,605
9317022,-16.471135,-68.1225581,606
9317022,-16.4710283,-68.1224763,607
9317022,-16.4709447,-68.1224334,608
9317022,-16.4708444,-68.1223865,609
9317022,-16.4707633,-68.122365,610
9317022,-16.4706322,-68.1223543,611
9317022,-16.4704804,-68.1223677,612
9317022,-16.4703222,-68.1223999,613
9317022,-16.4701975,-68.1224442,614
9317022,-16.4699216,-68.1225354,615
9317022,-16.4698412,-68.1225555,616
9317022,-16.4697647,-68.1225716,617
9317022,-16.4696496,-68.1225796,618
9317022,-16.4695615,-68.1225729,619
9317022,-16.4694975,-68.1225611,620
9317022,-16.469411,-68.1225293,621
9317022,-16.4693622,-68.1225058,622
9317022,-16.4693043,-68.1224683,623
9317022,-16.4691988,-68.1223704,624
9317022,-16.4691255,-68.1222712,625
9317022,-16.4690889,-68.1222007,626
9317022,-16.4690574,-68.1221109,627
9317022,-16.4690329,-68.1220232,628
9317022,-16.4690161,-68.1218792,629
9317022,-16.4690246,-68.1217776,630
9317022,-16.4690477,-68.1216596,631
9317022,-16.4690863,-68.1215443,632
9317022,-16.4692404,-68.121197,633
9317022,-16.469287,-68.1210855,634
9317022,-16.4693384,-68.12091,635
9317022,-16.4693512,-68.1207859,636
9317022,-16.4693384,-68.1207081,637
9317022,-16.4693088,-68.1206182,638
9317022,-16.4692471,-68.1205063,639
9317022,-16.4691532,-68.1203896,640
9317022,-16.469031,-68.1202917,641
9317022,-16.4689242,-68.12023,642
9317022,-16.4687661,-68.1201683,643
9317022,-16.4685487,-68.1201039,644
9317022,-16.468442,-68.1200691,645
9317022,-16.4683674,-68.1200275,646
9317022,-16.4682951,-68.1199692,647
9317022,-16.4682491,-68.1199048,648
9317022,-16.4681847,-68.1197626,649
9317022,-16.4681417,-68.1196728,650
9317022,-16.4680941,-68.119591,651
9317022,-16.4680413,-68.1195185,652
9317022,-16.4679713,-68.1194481,653
9317022,-16.4679025,-68.1193992,654
9317022,-16.4678246,-68.1193636,655
9317022,-16.4677353,-68.1193382,656
9317022,-16.4676356,-68.1193281,657
9317022,-16.4674793,-68.1193241,658
9317022,-16.46737,-68.1193221,659
9317022,-16.467179,-68.119314,660
9317022,-16.4669257,-68.1193033,661
9317022,-16.4666594,-68.1192859,662
9317022,-16.4664665,-68.119259,663
9317022,-16.4663154,-68.1192362,664
9317022,-16.4779382,-68.12759,665
9317022,-16.4778739,-68.1274679,666
9317022,-16.4778114,-68.127289,667
9317022,-16.4777239,-68.1269855,668
9317022,-16.4776459,-68.1267153,669
9317022,-16.4775991,-68.1265688,670
9317022,-16.4775613,-68.1264815,671
9317022,-16.4775209,-68.1264284,672
9317022,-16.4774804,-68.1263937,673
9317022,-16.477406,-68.1263505,674
9317022,-16.4773069,-68.1263242,675
9317022,-16.4772016,-68.1263139,676
9317022,-16.47714,-68.1263064,677
9317022,-16.4767595,-68.1263047,678
9317022,-16.4766272,-68.1263139,679
9317022,-16.4764971,-68.1263579,680
9317022,-16.4763966,-68.1264007,681
9317022,-16.4762917,-68.1264771,682
9317022,-16.4762259,-68.126525,683
9317022,-16.4760758,-68.1266561,684
9317022,-16.47594,-68.1267454,685
9317022,-16.4758819,-68.1267736,686
9317022,-16.4758472,-68.1267862,687
9317022,-16.4757365,-68.1268085,688
9317022,-16.4756239,-68.1268185,689
9317022,-16.4752401,-68.1268396,690
9317022,-16.4791848,-68.1282691,691
9317022,-16.479005,-68.1282357,692
9317022,-16.4788989,-68.1282163,693
9317022,-16.4787137,-68.1281774,694
9317022,-16.4786339,-68.1281512,695
9317022,-16.4785606,-68.1281184,696
9317022,-16.4784661,-68.1280694,697
9317022,-16.4783619,-68.1280077,698
9317022,-16.4782417,-68.1279185,699
9317022,-16.4781523,-68.1278408,700
9317022,-16.4780983,-68.1277905,701
9317022,-16.4780475,-68.1277368,702
9317022,-16.4779787,-68.1276577,703
9317022,-16.4779382,-68.12759,704
9317022,-16.4870514,-68.1316555,705
9317022,-16.4870563,-68.1314677,706
9317022,-16.487048,-68.131389,707
9317022,-16.4870392,-68.1312457,708
9317022,-16.4870263,-68.1311509,709
9317022,-16.4870116,-68.131095,710
9317022,-16.4869766,-68.131013,711
9317022,-16.4867723,-68.1306668,712
9317022,-16.4866486,-68.1304808,713
9317022,-16.4865478,-68.1303374,714
9317022,-16.486424,-68.1301481,715
9317022,-16.4863397,-68.1300522,716
9317022,-16.4862511,-68.130007,717
9317022,-16.4860562,-68.1299256,718
9317022,-16.4859072,-68.1298511,719
9317022,-16.4857878,-68.129751,720
9317022,-16.4857184,-68.1296691,721
9317022,-16.4856581,-68.1295871,722
9317022,-16.4855949,-68.129453,723
9317022,-16.4855255,-68.129238,724
9317022,-16.4854887,-68.129083,725
9317022,-16.4854806,-68.1290417,726
9317022,-16.4854067,-68.1288284,727
9317022,-16.4853615,-68.128727,728
9317022,-16.4853038,-68.1286352,729
9317022,-16.4852555,-68.1285948,730
9317022,-16.4851642,-68.1285542,731
9317022,-16.4850005,-68.1285064,732
9317022,-16.4848097,-68.1284594,733
9317022,-16.4846046,-68.1284326,734
9317022,-16.4845347,-68.1284287,735
9317022,-16.4844327,-68.1284448,736
9317022,-16.4844105,-68.1284525,737
9317022,-16.4843378,-68.1284776,738
9317022,-16.4842004,-68.1285442,739
9317022,-16.4840454,-68.1286766,740
9317022,-16.4837734,-68.1289773,741
9317022,-16.4837084,-68.1290492,742
9317022,-16.4835598,-68.129173,743
9317022,-16.4834193,-68.1292522,744
9317022,-16.4831534,-68.1293682,745
9317022,-16.4829942,-68.1294229,746
9317022,-16.4828642,-68.1294421,747
9317022,-16.4827612,-68.1294282,748
9317022,-16.482631,-68.1293785,749
9317022,-16.4825499,-68.1293175,750
9317022,-16.4823222,-68.1290407,751
9317022,-16.4821088,-68.1287959,752
9317022,-16.4820237,-68.128722,753
9317022,-16.4814615,-68.1284076,754
9317022,-16.4811826,-68.1282913,755
9317022,-16.4809421,-68.1281917,756
9317022,-16.4806611,-68.128077,757
9317022,-16.4805842,-68.1280579,758
9317022,-16.4804808,-68.1280632,759
9317022,-16.4803338,-68.1281231,760
9317022,-16.4801944,-68.1281986,761
9317022,-16.480106,-68.1282381,762
9317022,-16.4798798,-68.1283209,763
9317022,-16.4797482,-68.1283382,764
9317022,-16.479503,-68.1283272,765
9317022,-16.479294,-68.1282918,766
9317022,-16.4791848,-68.1282691,767
9317022,-16.4840072,-68.1432032,768
9317022,-16.4840212,-68.1430914,769
9317022,-16.4840391,-68.1429869,770
9317022,-16.4840658,-68.1428667,771
9317022,-16.4840954,-68.1427592,772
9317022,-16.4841642,-68.1425616,773
9317022,-16.4842485,-68.1423783,774
9317022,-16.4844208,-68.1420925,775
9317022,-16.4846025,-68.1418588,776
9317022,-16.4848149,-68.1416506,777
9317022,-16.4849412,-68.1415311,778
9317022,-16.4851777,-68.1413317,779
9317022,-16.4854079,-68.1410964,780
9317022,-16.4854956,-68.1409925,781
9317022,-16.4855328,-68.1409148,782
9317022,-16.4855661,-68.1408099,783
9317022,-16.4855783,-68.1407489,784
9317022,-16.485586,-68.1406838,785
9317022,-16.4855854,-68.1405913,786
9317022,-16.4855828,-68.1405269,787
9317022,-16.4855648,-68.1403506,788
9317022,-16.4855288,-68.1401414,789
9317022,-16.4855024,-68.1399865,790
9317022,-16.4854729,-68.1398792,791
9317022,-16.4854475,-68.1398055,792
9317022,-16.4854206,-68.1396972,793
9317022,-16.4853825,-68.1396189,794
9317022,-16.4853394,-68.1395515,795
9317022,-16.485295,-68.139492,796
9317022,-16.4852275,-68.139428,797
9317022,-16.4851436,-68.1393647,798
9317022,-16.4850607,-68.1393072,799
9317022,-16.4848665,-68.1391664,800
9317022,-16.484772,-68.1390551,801
9317022,-16.4846582,-68.1389035,802
9317022,-16.4845817,-68.1387889,803
9317022,-16.4845245,-68.1386977,804
9317022,-16.4844756,-68.1386239,805
9317022,-16.4844389,-68.1385582,806
9317022,-16.4844209,-68.1384871,807
9317022,-16.4844152,-68.1384207,808
9317022,-16.4844203,-68.1383369,809
9317022,-16.484437,-68.1382618,810
9317022,-16.484457,-68.1382122,811
9317022,-16.4844711,-68.138178,812
9317022,-16.4845283,-68.1380908,813
9317022,-16.4845842,-68.1380144,814
9317022,-16.4846691,-68.1379112,815
9317022,-16.4847411,-68.1378361,816
9317022,-16.4848331,-68.1377314,817
9317022,-16.4849295,-68.1376543,818
9317022,-16.4850208,-68.1375926,819
9317022,-16.4850922,-68.1375477,820
9317022,-16.4851668,-68.1375114,821
9317022,-16.4852382,-68.1374893,822
9317022,-16.4853057,-68.1374773,823
9317022,-16.4854889,-68.1374511,824
9317022,-16.4855217,-68.1374411,825
9317022,-16.4855594,-68.1374188,826
9317022,-16.4856079,-68.1373774,827
9317022,-16.4856478,-68.1373237,828
9317022,-16.4857114,-68.1372124,829
9317022,-16.4857704,-68.1370627,830
9317022,-16.4858291,-68.1368456,831
9317022,-16.4858509,-68.1367826,832
9317022,-16.4858747,-68.1366894,833
9317022,-16.4858947,-68.136619,834
9317022,-16.4859114,-68.1365599,835
9317022,-16.4859275,-68.1364929,836
9317022,-16.4859519,-68.1364211,837
9317022,-16.4859699,-68.1363715,838
9317022,-16.4860081,-68.1363141,839
9317022,-16.4860503,-68.1362629,840
9317022,-16.4861052,-68.1362238,841
9317022,-16.4862336,-68.1361431,842
9317022,-16.4863572,-68.1360964,843
9317022,-16.4865178,-68.1360864,844
9317022,-16.4866553,-68.1360919,845
9317022,-16.4867248,-68.136102,846
9317022,-16.4868135,-68.1361113,847
9317022,-16.4868604,-68.136108,848
9317022,-16.4869099,-68.1360986,849
9317022,-16.4869447,-68.1360899,850
9317022,-16.4869845,-68.1360658,851
9317022,-16.4870488,-68.1360248,852
9317022,-16.4870983,-68.1359866,853
9317022,-16.4871646,-68.1359296,854
9317022,-16.4871903,-68.1358974,855
9317022,-16.4872295,-68.135829,856
9317022,-16.487252,-68.1357788,857
9317022,-16.4872649,-68.1357419,858
9317022,-16.4872893,-68.1356674,859
9317022,-16.4872951,-68.1356306,860
9317022,-16.4873002,-68.1355669,861
9317022,-16.4873034,-68.1354951,862
9317022,-16.4872991,-68.1354406,863
9317022,-16.4872852,-68.13536,864
9317022,-16.4872287,-68.135249,865
9317022,-16.4871362,-68.1351506,866
9317022,-16.4870016,-68.1350444,867
9317022,-16.4869493,-68.1350234,868
9317022,-16.4867292,-68.1349657,869
9317022,-16.4865555,-68.1349503,870
9317022,-16.4864086,-68.134946,871
9317022,-16.4862422,-68.1349458,872
9317022,-16.486187,-68.1349337,873
9317022,-16.4861358,-68.1349178,874
9317022,-16.4860819,-68.1348957,875
9317022,-16.4860391,-68.1348738,876
9317022,-16.4859726,-68.1348312,877
9317022,-16.4859234,-68.1347915,878
9317022,-16.4858775,-68.1347526,879
9317022,-16.4858379,-68.1347115,880
9317022,-16.4858038,-68.1346736,881
9317022,-16.4857729,-68.1346316,882
9317022,-16.4857384,-68.1345738,883
9317022,-16.4857148,-68.1345202,884
9317022,-16.485691,-68.1344443,885
9317022,-16.4856736,-68.1343686,886
9317022,-16.4856679,-68.1343269,887
9317022,-16.4856649,-68.1343003,888
9317022,-16.485663,-68.1342778,889
9317022,-16.48566,-68.1342311,890
9317022,-16.4856593,-68.1341915,891
9317022,-16.4856596,-68.13416,892
9317022,-16.4856599,-68.1341171,893
9317022,-16.4856615,-68.1340942,894
9317022,-16.4856633,-68.1340603,895
9317022,-16.4856659,-68.1340227,896
9317022,-16.4856717,-68.1339877,897
9317022,-16.4856778,-68.1339565,898
9317022,-16.4856846,-68.1339257,899
9317022,-16.4856952,-68.1338845,900
9317022,-16.485701,-68.1338555,901
9317022,-16.4857135,-68.1337994,902
9317022,-16.4857277,-68.1337606,903
9317022,-16.4857341,-68.1337431,904
9317022,-16.4857444,-68.1337169,905
9317022,-16.4857577,-68.1336862,906
9317022,-16.485764,-68.1336726,907
9317022,-16.4857722,-68.1336557,908
9317022,-16.4857845,-68.1336318,909
9317022,-16.4857923,-68.1336175,910
9317022,-16.4858103,-68.1335865,911
9317022,-16.4858315,-68.1335472,912
9317022,-16.4858411,-68.1335329,913
9317022,-16.4858609,-68.1335049,914
9317022,-16.4858856,-68.1334728,915
9317022,-16.4858945,-68.133462,916
9317022,-16.4859092,-68.1334448,917
9317022,-16.485927,-68.133425,918
9317022,-16.4860021,-68.133362,919
9317022,-16.4860458,-68.1333346,920
9317022,-16.4861204,-68.1332944,921
9317022,-16.4866794,-68.1331051,922
9317022,-16.4867866,-68.1330625,923
9317022,-16.4868512,-68.1330222,924
9317022,-16.4869725,-68.1329052,925
9317022,-16.4870545,-68.1328082,926
9317022,-16.4871243,-68.1326462,927
9317022,-16.4871582,-68.1324797,928
9317022,-16.4871617,-68.1323935,929
9317022,-16.4871487,-68.1323148,930
9317022,-16.4870779,-68.1319885,931
9317022,-16.4870564,-68.1317363,932
9317022,-16.4870514,-68.1316555,933
9317022,-16.483951,-68.1437116,934
9317022,-16.4839761,-68.1434586,935
9317022,-16.4840072,-68.1432032,936
9317022,-16.4842017,-68.1438956,937
9317022,-16.483951,-68.1437116,938
9317022,-16.4855291,-68.1435262,939
9317022,-16.4848697,-68.1433067,940
9317022,-16.484784,-68.1433039,941
9317022,-16.4847274,-68.1433345,942
9317022,-16.4843422,-68.1438804,943
9317022,-16.4842826,-68.1439043,944
9317022,-16.4842017,-68.1438956,945
9317022,-16.4857849,-68.1426513,946
9317022,-16.4855291,-68.1435262,947
9317022,-16.4872602,-68.1407839,948
9317022,-16.4868684,-68.1410616,949
9317022,-16.4866446,-68.1412589,950
9317022,-16.4865034,-68.1414076,951
9317022,-16.4864381,-68.1414738,952
9317022,-16.4860268,-68.1418823,953
9317022,-16.4859722,-68.1419532,954
9317022,-16.485932,-68.1420288,955
9317022,-16.4858945,-68.1421585,956
9317022,-16.4857849,-68.1426513,957
9317022,-16.487604,-68.1408721,958
9317022,-16.4873889,-68.1408517,959
9317022,-16.4872602,-68.1407839,960
9317022,-16.4872855,-68.1425951,961
9317022,-16.4872813,-68.1422643,962
9317022,-16.4872958,-68.1421687,963
9317022,-16.4873946,-68.1417972,964
9317022,-16.487604,-68.1408721,965
9317022,-16.488382,-68.1425508,966
9317022,-16.4882999,-68.1425533,967
9317022,-16.4872855,-68.1425951,968
9317022,-16.4884208,-68.1429543,969
9317022,-16.488382,-68.1425508,970
9317022,-16.4884693,-68.1434313,971
9317022,-16.4884208,-68.1429543,972
9317022,-16.4885002,-68.1437179,973
9317022,-16.4884932,-68.1436531,974
9317022,-16.4884693,-68.1434313,975
9317022,-16.4885513,-68.1441991,976
9317022,-16.4885002,-68.1437179,977
9317022,-16.4885578,-68.1442351,978
9317022,-16.4885513,-68.1441991,979
9317022,-16.4887548,-68.144458,980
9317022,-16.4887173,-68.144443,981
9317022,-16.4886795,-68.1444229,982
9317022,-16.488645,-68.1443981,983
9317022,-16.48861,-68.1443547,984
9317022,-16.488587,-68.1443144,985
9317022,-16.4885578,-68.1442351,986
9317022,-16.4888784,-68.1444834,987
9317022,-16.4888044,-68.1444729,988
9317022,-16.4887548,-68.144458,989
9317022,-16.4891105,-68.1444808,990
9317022,-16.4889415,-68.1444855,991
9317022,-16.4888784,-68.1444834,992
9317022,-16.4920843,-68.1437959,993
9317022,-16.4917486,-68.1438857,994
9317022,-16.4915842,-68.1439275,995
9317022,-16.491227,-68.1440253,996
9317022,-16.4909496,-68.1440994,997
9317022,-16.490704,-68.1441651,998
9317022,-16.4905284,-68.1442121,999
9317022,-16.489951,-68.1443482,1000
9317022,-16.489748,-68.1443902,1001
9317022,-16.4894006,-68.1444339,1002
9317022,-16.4892254,-68.1444619,1003
9317022,-16.4891105,-68.1444808,1004
9317022,-16.4923729,-68.1435243,1005
9317022,-16.4923241,-68.1435936,1006
9317022,-16.4922728,-68.1436544,1007
9317022,-16.4922152,-68.1437087,1008
9317022,-16.492152,-68.1437558,1009
9317022,-16.4920843,-68.1437959,1010
9317022,-16.4933941,-68.1395908,1011
9317022,-16.4933107,-68.1399605,1012
9317022,-16.4931951,-68.1405937,1013
9317022,-16.4928173,-68.1417913,1014
9317022,-16.4926563,-68.1423561,1015
9317022,-16.4926125,-68.1425155,1016
9317022,-16.4924565,-68.1431658,1017
9317022,-16.4923764,-68.1435047,1018
9317022,-16.493551,-68.1389722,1019
9317022,-16.493533,-68.1390442,1020
9317022,-16.4933941,-68.1395908,1021
9317022,-16.4929167,-68.1385352,1022
9317022,-16.4929653,-68.1385686,1023
9317022,-16.4931739,-68.1387081,1024
9317022,-16.4933214,-68.138814,1025
9317022,-16.493551,-68.1389722,1026
9353130,-16.5026971,-68.1551503,0
9353130,-16.5024534,-68.1549364,1
9353130,-16.5023223,-68.1548211,2
9353130,-16.502222,-68.1547239,3
9353130,-16.5021995,-68.1547011,4
9353130,-16.5020877,-68.1545775,5
9353130,-16.5020541,-68.1545187,6
9353130,-16.5020194,-68.1544449,7
9353130,-16.5019911,-68.1543812,8
9353130,-16.5019911,-68.1543812,9
9353130,-16.5014749,-68.1537201,10
9353130,-16.5014749,-68.1537201,11
9353130,-16.5016005,-68.1536116,12
9353130,-16.5016953,-68.1535138,13
9353130,-16.5017837,-68.1533644,14
9353130,-16.501842,-68.1532419,15
9353130,-16.5018703,-68.1531824,16
9353130,-16.5019147,-68.153089,17
9353130,-16.5019147,-68.153089,18
9353130,-16.5017625,-68.153123,19
9353130,-16.5016345,-68.1531401,20
9353130,-16.5015057,-68.1531483,21
9353130,-16.5013085,-68.1531435,22
9353130,-16.5011127,-68.1531179,23
9353130,-16.5009205,-68.1530716,24
9353130,-16.500782,-68.1530245,25
9353130,-16.5006473,-68.1529667,26
9353130,-16.5005171,-68.1528985,27
9353130,-16.5004135,-68.1530465,28
9353130,-16.5004411,-68.1530373,29
9353130,-16.500466,-68.153022,30
9353130,-16.500487,-68.1530011,31
9353130,-16.5005029,-68.1529759,32
9353130,-16.5005118,-68.152952,33
9353130,-16.5005162,-68.1529267,34
9353130,-16.5005171,-68.1528985,35
9353130,-16.5002825,-68.1528427,36
9353130,-16.5002703,-68.1528673,37
9353130,-16.5002632,-68.152894,38
9353130,-16.5002616,-68.1529218,39
9353130,-16.5002643,-68.1529439,40
9353130,-16.5002706,-68.1529652,41
9353130,-16.5002801,-68.1529851,42
9353130,-16.5002927,-68.1530031,43
9353130,-16.5003088,-68.1530193,44
9353130,-16.5003272,-68.1530323,45
9353130,-16.5003476,-68.1530417,46
9353130,-16.5003692,-68.1530473,47
9353130,-16.5003914,-68.1530489,48
9353130,-16.5004135,-68.1530465,49
9353130,-16.5000958,-68.1524353,50
9353130,-16.5001189,-68.1525466,51
9353130,-16.5001543,-68.1526311,52
9353130,-16.5002192,-68.152739,53
9353130,-16.5002825,-68.1528427,54
9353130,-16.5000958,-68.1524353,55
9353130,-16.5000231,-68.1522824,56
9353130,-16.4999781,-68.152159,57
9353130,-16.4999563,-68.1520557,58
9353130,-16.499946,-68.1519096,59
9353130,-16.4999408,-68.1513946,60
9353130,-16.4999126,-68.1505036,61
9353130,-16.4999037,-68.1503197,62
9353130,-16.4999048,-68.1502339,63
9353130,-16.4999083,-68.1501608,64
9353130,-16.4999221,-68.1500181,65
9353130,-16.4999562,-68.1498193,66
9353130,-16.4999795,-68.149739,67
9353130,-16.4999679,-68.1497375,68
9353130,-16.4999565,-68.1497396,69
9353130,-16.499946,-68.1497449,70
9353130,-16.4999393,-68.149751,71
9353130,-16.499934,-68.1497585,72
9353130,-16.4999304,-68.149767,73
9353130,-16.4999287,-68.1497761,74
9353130,-16.499929,-68.1497854,75
9353130,-16.4999312,-68.1497944,76
9353130,-16.4999353,-68.1498027,77
9353130,-16.499941,-68.1498098,78
9353130,-16.4999481,-68.1498155,79
9353130,-16.4999562,-68.1498193,80
9353130,-16.5000089,-68.1497838,81
9353130,-16.5000087,-68.149774,82
9353130,-16.5000064,-68.1497645,83
9353130,-16.500002,-68.1497558,84
9353130,-16.4999959,-68.1497484,85
9353130,-16.4999882,-68.1497427,86
9353130,-16.4999795,-68.149739,87
9353130,-16.5000089,-68.1497838,88
9353130,-16.5000504,-68.1497799,89
9353130,-16.5000749,-68.1497749,90
9353130,-16.5001131,-68.1497571,91
9353130,-16.5001395,-68.1497383,92
9353130,-16.5001909,-68.1496773,93
9353130,-16.5002887,-68.1495318,94
9353130,-16.5004057,-68.149332,95
9353130,-16.5004513,-68.1492609,96
9353130,-16.5005169,-68.1491858,97
9353130,-16.50065,-68.1490242,98
9353130,-16.50065,-68.1490242,99
9353130,-16.5007271,-68.1489236,100
9353130,-16.5008107,-68.1487788,101
9353130,-16.5008461,-68.1486648,102
9353130,-16.5008551,-68.1485994,103
9353130,-16.5008567,-68.1485585,104
9353130,-16.5008544,-68.1485203,105
9353130,-16.5008441,-68.1484797,106
9353130,-16.5007403,-68.148207,107
9353130,-16.5006146,-68.1479593,108
9353130,-16.5004871,-68.1477008,109
9353130,-16.5004871,-68.1477008,110
9353130,-16.5004642,-68.1476583,111
9353130,-16.5004243,-68.1475644,112
9353130,-16.5004009,-68.147418,113
9353130,-16.5003838,-68.1473097,114
9353130,-16.5003238,-68.1467559,115
9353130,-16.5001819,-68.1459772,116
9353130,-16.5001781,-68.1459556,117
9353130,-16.5001774,-68.145942,118
9353130,-16.5001781,-68.1459319,119
9353130,-16.5001822,-68.1459193,120
9353130,-16.5001873,-68.1459114,121
9353130,-16.5001975,-68.145902,122
9353130,-16.5001975,-68.145902,123
9353130,-16.5002057,-68.1458978,124
9353130,-16.5002112,-68.1458962,125
9353130,-16.5002167,-68.1458953,126
9353130,-16.5002267,-68.1458956,127
9353130,-16.5002375,-68.1458964,128
9353130,-16.5002501,-68.1458991,129
9353130,-16.5002774,-68.1459071,130
9353130,-16.5003787,-68.1459376,131
9353130,-16.5006892,-68.146063,132
9353130,-16.5008614,-68.1461433,133
9353130,-16.5010634,-68.1462387,134
9353130,-16.5011348,-68.1462622,135
9353130,-16.5011843,-68.1462642,136
9353130,-16.5012299,-68.1462602,137
9353130,-16.5012717,-68.1462546,138
9353130,-16.5010254,-68.1454088,139
9353130,-16.5010664,-68.1456196,140
9353130,-16.5010822,-68.1457029,141
9353130,-16.5011142,-68.1458042,142
9353130,-16.5011476,-68.1459142,143
9353130,-16.501181,-68.1460302,144
9353130,-16.5012138,-68.1461086,145
9353130,-16.5012717,-68.1462546,146
9353130,-16.4997121,-68.1448302,147
9353130,-16.4999603,-68.1449852,148
9353130,-16.5002032,-68.1451318,149
9353130,-16.500476,-68.1452909,150
9353130,-16.500656,-68.1453585,151
9353130,-16.5010254,-68.1454088,152
9353130,-16.4992925,-68.1434815,153
9353130,-16.4995439,-68.1440227,154
9353130,-16.499692,-68.14437,155
9353130,-16.4997263,-68.1444466,156
9353130,-16.4997428,-68.144502,157
9353130,-16.4997531,-68.1445697,158
9353130,-16.499755,-68.1446381,159
9353130,-16.4997479,-68.1446964,160
9353130,-16.4997353,-68.1447658,161
9353130,-16.4997121,-68.1448302,162
9353130,-16.498916,-68.1427057,163
9353130,-16.4992925,-68.1434815,164
9353130,-16.4981196,-68.1432699,165
9353130,-16.4983731,-68.143087,166
9353130,-16.498916,-68.1427057,167
9353130,-16.4981196,-68.1432699,168
9353130,-16.4979205,-68.1427615,169
9353130,-16.4979205,-68.1427615,170
9353130,-16.4978779,-68.1426602,171
9353130,-16.4976148,-68.1419112,172
9353130,-16.4978779,-68.1426602,173
9353130,-16.497483,-68.1418787,174
9353130,-16.4975223,-68.1419056,175
9353130,-16.4975681,-68.1419169,176
9353130,-16.4976148,-68.1419112,177
9353130,-16.4975966,-68.1416355,178
9353130,-16.497569,-68.1416341,179
9353130,-16.4975417,-68.1416385,180
9353130,-16.4975158,-68.1416486,181
9353130,-16.4974925,-68.1416639,182
9353130,-16.4974725,-68.1416839,183
9353130,-16.4974569,-68.1417076,184
9353130,-16.4974462,-68.1417341,185
9353130,-16.4974408,-68.1417624,186
9353130,-16.4974432,-68.1418051,187
9353130,-16.4974577,-68.141845,188
9353130,-16.497483,-68.1418787,189
9353130,-16.4965072,-68.1397431,190
9353130,-16.4970415,-68.1406032,191
9353130,-16.4973029,-68.1410546,192
9353130,-16.4975237,-68.1414605,193
9353130,-16.4975563,-68.1415226,194
9353130,-16.4975791,-68.1415776,195
9353130,-16.4975966,-68.1416355,196
9353130,-16.4960377,-68.1389837,197
9353130,-16.4961401,-68.1391598,198
9353130,-16.4965072,-68.1397431,199
9353130,-16.4956955,-68.1383617,200
9353130,-16.4958471,-68.1386616,201
9353130,-16.4960377,-68.1389837,202
9353130,-16.4953601,-68.1376843,203
9353130,-16.4953926,-68.1377559,204
9353130,-16.4956955,-68.1383617,205
9353130,-16.4957794,-68.1373197,206
9353130,-16.4957682,-68.1373791,207
9353130,-16.4957511,-68.1374169,208
9353130,-16.4957026,-68.1374655,209
9353130,-16.4956541,-68.1375049,210
9353130,-16.4953601,-68.1376843,211
9353130,-16.4957812,-68.13731,212
9353130,-16.4957794,-68.1373197,213
9353130,-16.4959748,-68.1364255,214
9353130,-16.4959385,-68.1365139,215
9353130,-16.4959055,-68.1366352,216
9353130,-16.4958236,-68.13708,217
9353130,-16.4957812,-68.13731,218
9353130,-16.4959835,-68.1364042,219
9353130,-16.4959748,-68.1364255,220
9353130,-16.4942507,-68.135176,221
9353130,-16.4945128,-68.1353357,222
9353130,-16.4949252,-68.1355856,223
9353130,-16.4949624,-68.1356081,224
9353130,-16.4949937,-68.13563,225
9353130,-16.4956557,-68.1360938,226
9353130,-16.4958872,-68.1362832,227
9353130,-16.4959835,-68.1364042,228
9353130,-16.4951632,-68.133689,229
9353130,-16.4951385,-68.1337222,230
9353130,-16.4950709,-68.1338131,231
9353130,-16.4946904,-68.1344135,232
9353130,-16.4942507,-68.135176,233
9353130,-16.4955857,-68.1329575,234
9353130,-16.4955354,-68.1330589,235
9353130,-16.4954986,-68.1331264,236
9353130,-16.4953671,-68.1333486,237
9353130,-16.4952556,-68.133542,238
9353130,-16.495194,-68.1336478,239
9353130,-16.4951632,-68.133689,240
9353130,-16.4973258,-68.130104,241
9353130,-16.4972379,-68.1301649,242
9353130,-16.4970033,-68.1305116,243
9353130,-16.4964466,-68.1314402,244
9353130,-16.4960164,-68.1321901,245
9353130,-16.4956257,-68.1328615,246
9353130,-16.4956008,-68.1329046,247
9353130,-16.4955857,-68.1329575,248
9353130,-16.4972276,-68.129721,249
9353130,-16.4973258,-68.130104,250
9353130,-16.4973138,-68.128687,251
9353130,-16.497261,-68.128923,252
9353130,-16.4972405,-68.1292301,253
9353130,-16.4972302,-68.1295118,254
9353130,-16.4972276,-68.129721,255
9353130,-16.4973756,-68.128545,256
9353130,-16.4973138,-68.128687,257
9353130,-16.4974624,-68.1283012,258
9353130,-16.4973756,-68.128545,259
9353130,-16.4974627,-68.1279535,260
9353130,-16.4974998,-68.1280467,261
9353130,-16.4975004,-68.1281944,262
9353130,-16.4974624,-68.1283012,263
9353130,-16.4974627,-68.1279535,264
9353130,-16.4970381,-68.1277535,265
9353130,-16.4969518,-68.1276933,266
9353130,-16.4969036,-68.1276261,267
9353130,-16.4968547,-68.1275082,268
9353130,-16.4968178,-68.1273911,269
9353130,-16.4968279,-68.127254,270
9353130,-16.4969027,-68.1269888,271
9353130,-16.4970111,-68.1265084,272
9353130,-16.4970182,-68.1264062,273
9353130,-16.4969995,-68.1262057,274
9353130,-16.4969758,-68.126101,275
9353130,-16.4969441,-68.1260255,276
9353130,-16.4968745,-68.1258518,277
9353130,-16.4967988,-68.1256471,278
9353130,-16.4967763,-68.1255186,279
9353130,-16.4967771,-68.1253825,280
9353130,-16.4968261,-68.1249661,281
9353130,-16.4968774,-68.124619,282
9353130,-16.4968919,-68.1245208,283
9353130,-16.4971303,-68.1243178,284
9353130,-16.4971247,-68.1242683,285
9353130,-16.4971079,-68.1242216,286
9353130,-16.497081,-68.1241804,287
9353130,-16.4970731,-68.1241715,288
9353130,-16.4970648,-68.1241632,289
9353130,-16.4970335,-68.124139,290
9353130,-16.4969983,-68.1241216,291
9353130,-16.4969606,-68.1241117,292
9353130,-16.4969217,-68.1241097,293
9353130,-16.4968886,-68.1241142,294
9353130,-16.4968567,-68.1241245,295
9353130,-16.4968269,-68.1241401,296
9353130,-16.4967993,-68.1241615,297
9353130,-16.4967756,-68.1241874,298
9353130,-16.4967565,-68.1242172,299
9353130,-16.4967367,-68.1242723,300
9353130,-16.4967324,-68.124331,301
9353130,-16.4967383,-68.124369,302
9353130,-16.4967507,-68.1244052,303
9353130,-16.4967853,-68.1244587,304
9353130,-16.4968339,-68.1244985,305
9353130,-16.4968919,-68.1245208,306
9353130,-16.4969384,-68.1245247,307
9353130,-16.4969845,-68.1245173,308
9353130,-16.4970275,-68.1244989,309
9353130,-16.4970653,-68.1244707,310
9353130,-16.4970915,-68.1244403,311
9353130,-16.4971115,-68.1244052,312
9353130,-16.4971254,-68.1243626,313
9353130,-16.4971303,-68.1243178,314
9353130,-16.4979934,-68.1243052,315
9353130,-16.4972278,-68.1243175,316
9353130,-16.4971303,-68.1243178,317
9353130,-16.4984462,-68.1231455,318
9353130,-16.4982827,-68.1236683,319
9353130,-16.4980567,-68.1241456,320
9353130,-16.4979934,-68.1243052,321
9353130,-16.4985521,-68.1231113,322
9353130,-16.4984462,-68.1231455,323
9353130,-16.4985402,-68.1222126,324
9353130,-16.4985105,-68.1222613,325
9353130,-16.4984581,-68.1223745,326
9353130,-16.4984161,-68.1225407,327
9353130,-16.4984101,-68.1227139,328
9353130,-16.4984389,-68.1228772,329
9353130,-16.4985521,-68.1231113,330
9353130,-16.4981059,-68.1219002,331
9353130,-16.4985402,-68.1222126,332
9353130,-16.4981079,-68.1212086,333
9353130,-16.4981045,-68.1212906,334
9353130,-16.4981059,-68.1219002,335
9353130,-16.4981151,-68.121081,336
9353130,-16.4981079,-68.1212086,337
9353130,-16.4973171,-68.1193009,338
9353130,-16.4973626,-68.1193756,339
9353130,-16.4975414,-68.1197887,340
9353130,-16.4977527,-68.1202769,341
9353130,-16.4979664,-68.1206944,342
9353130,-16.4980633,-68.1209101,343
9353130,-16.498092,-68.120974,344
9353130,-16.4981151,-68.121081,345
9353130,-16.496118,-68.1183113,346
9353130,-16.4961268,-68.1183269,347
9353130,-16.4961974,-68.118462,348
9353130,-16.4962622,-68.1185188,349
9353130,-16.4963257,-68.1185475,350
9353130,-16.4964247,-68.1185656,351
9353130,-16.4967192,-68.1185482,352
9353130,-16.4968014,-68.118547,353
9353130,-16.4969236,-68.118563,354
9353130,-16.49698,-68.1185992,355
9353130,-16.4970144,-68.1186387,356
9353130,-16.4973171,-68.1193009,357
9353130,-16.4960723,-68.1182041,358
9353130,-16.496118,-68.1183113,359
9353130,-16.4960657,-68.1181887,360
9353130,-16.4960723,-68.1182041,361
9353130,-16.495916,-68.1180781,362
9353130,-16.4959762,-68.118098,363
9353130,-16.4960277,-68.118136,364
9353130,-16.4960657,-68.1181887,365
9353130,-16.4950416,-68.1184568,366
9353130,-16.4956189,-68.1181312,367
9353130,-16.4956997,-68.1181086,368
9353130,-16.4958057,-68.1180989,369
9353130,-16.495916,-68.1180781,370
9353130,-16.4947588,-68.1185418,371
9353130,-16.4949184,-68.1185133,372
9353130,-16.4950416,-68.1184568,373
9353130,-16.4946487,-68.1185131,374
9353130,-16.4946713,-68.1185342,375
9353130,-16.4946991,-68.1185467,376
9353130,-16.4947293,-68.1185493,377
9353130,-16.4947588,-68.1185418,378
9353130,-16.494633,-68.1184193,379
9353130,-16.4946279,-68.1184518,380
9353130,-16.4946333,-68.1184843,381
9353130,-16.4946487,-68.1185131,382
9353130,-16.4947301,-68.1183535,383
9353130,-16.4946992,-68.1183561,384
9353130,-16.4946707,-68.118369,385
9353130,-16.4946479,-68.1183909,386
9353130,-16.494633,-68.1184193,387
9353130,-16.4948635,-68.118286,388
9353130,-16.4947301,-68.1183535,389
9353130,-16.4958446,-68.1170582,390
9353130,-16.4955328,-68.1177554,391
9353130,-16.4954543,-68.1178737,392
9353130,-16.4953861,-68.117945,393
9353130,-16.4953283,-68.1179896,394
9353130,-16.4950365,-68.1181405,395
9353130,-16.4949618,-68.1181875,396
9353130,-16.4948635,-68.118286,397
9353130,-16.4958063,-68.116897,398
9353130,-16.4958282,-68.1169674,399
9353130,-16.4958381,-68.1170093,400
9353130,-16.4958446,-68.1170582,401
9353130,-16.4957647,-68.1164688,402
9353130,-16.4957806,-68.1167711,403
9353130,-16.4958063,-68.116897,404
9353130,-16.4955348,-68.1154934,405
9353130,-16.4955637,-68.1156236,406
9353130,-16.4956055,-68.1158372,407
9353130,-16.4957647,-68.1164688,408
9353130,-16.4955348,-68.1154934,409
9353130,-16.4955502,-68.1154825,410
9353130,-16.4955614,-68.115467,411
9353130,-16.4955672,-68.1154485,412
9353130,-16.495567,-68.1154291,413
9353130,-16.4955606,-68.1154106,414
9353130,-16.4955489,-68.1153952,415
9353130,-16.495533,-68.1153847,416
9353130,-16.4955147,-68.1153802,417
9353130,-16.495496,-68.1153822,418
9353130,-16.4954789,-68.1153904,419
9353130,-16.4954695,-68.1153997,420
9353130,-16.4954695,-68.1153997,421
9353130,-16.4954567,-68.1154215,422
9353130,-16.495454,-68.1154409,423
9353130,-16.4954576,-68.1154602,424
9353130,-16.4954669,-68.1154772,425
9353130,-16.495481,-68.11549,426
9353130,-16.4954982,-68.1154973,427
9353130,-16.4955168,-68.1154985,428
9353130,-16.4955348,-68.1154934,429
9353130,-16.4954695,-68.1153997,430
9353130,-16.4954059,-68.1153502,431
9353130,-16.495363,-68.1153407,432
9353130,-16.4952146,-68.1153216,433
9353130,-16.4949407,-68.1152935,434
9353130,-16.4945318,-68.1152421,435
9353130,-16.4942418,-68.1152211,436
9353130,-16.4941701,-68.1152043,437
9353130,-16.4940606,-68.1151754,438
9353130,-16.494007,-68.1151451,439
9353130,-16.4937951,-68.115005,440
9353130,-16.4937951,-68.115005,441
9353130,-16.4936808,-68.1148732,442
9353130,-16.4935708,-68.1147209,443
9353130,-16.4934968,-68.1145617,444
9353130,-16.4934968,-68.1145617,445
9353130,-16.4934947,-68.1145146,446
9353130,-16.4934947,-68.114452,447
9353130,-16.4935005,-68.1143962,448
9353130,-16.4935122,-68.1143288,449
9353130,-16.4935322,-68.1142696,450
9353130,-16.4935707,-68.1142055,451
9353130,-16.4936078,-68.1141755,452
9353130,-16.4942509,-68.1137777,453
9353130,-16.4943227,-68.1137458,454
9353130,-16.4944598,-68.1137158,455
9353130,-16.4944598,-68.1137158,456
9353130,-16.4947721,-68.1137354,457
9353130,-16.4949053,-68.1137323,458
9353130,-16.4950185,-68.1137153,459
9353130,-16.4951226,-68.1136783,460
9353130,-16.4952203,-68.1135983,461
9353130,-16.4957157,-68.113019,462
9353130,-16.495772,-68.112933,463
9353130,-16.4958041,-68.1128392,464
9353130,-16.4958183,-68.1127976,465
9353130,-16.4959005,-68.1125589,466
9353130,-16.4959813,-68.1123722,467
9353130,-16.4961924,-68.1121404,468
9353130,-16.4962413,-68.1120855,469
9353130,-16.4965555,-68.1117665,470
9353130,-16.4966605,-68.111651,471
9353130,-16.4967184,-68.1115678,472
9353130,-16.4967558,-68.1114881,473
9353130,-16.4967647,-68.1114364,474
9353130,-16.4967546,-68.1113966,475
9353130,-16.4967546,-68.1113966,476
9353130,-16.4967268,-68.1113678,477
9353130,-16.4966926,-68.1113562,478
9353130,-16.4966579,-68.1113586,479
9353130,-16.4965107,-68.1114051,480
9353130,-16.4964252,-68.1114231,481
9353130,-16.4963654,-68.1114317,482
9353130,-16.4962947,-68.1114337,483
9353130,-16.4962291,-68.1114279,484
9353130,-16.4960308,-68.1113719,485
9353130,-16.4958438,-68.1113025,486
9353130,-16.4958015,-68.1113016,487
9353130,-16.4957464,-68.1113154,488
9353130,-16.4957456,-68.1112407,489
9353130,-16.4957464,-68.1113154,490
9353130,-16.4956266,-68.111047,491
9353130,-16.4956049,-68.1110724,492
9353130,-16.495596,-68.1111152,493
9353130,-16.4956088,-68.1111558,494
9353130,-16.4956549,-68.1111896,495
9353130,-16.4956936,-68.1112113,496
9353130,-16.4957456,-68.1112407,497
9353130,-16.4966882,-68.1107604,498
9353130,-16.496249,-68.1108617,499
9353130,-16.4960471,-68.1109314,500
9353130,-16.4958732,-68.1109911,501
9353130,-16.4956266,-68.111047,502
9353130,-16.4979464,-68.110173,503
9353130,-16.4978088,-68.1101811,504
9353130,-16.4977432,-68.1102106,505
9353130,-16.4976507,-68.1102723,506
9353130,-16.4975324,-68.1103608,507
9353130,-16.4973548,-68.1104697,508
9353130,-16.4971714,-68.1105664,509
9353130,-16.4969132,-68.1107088,510
9353130,-16.496791,-68.1107377,511
9353130,-16.4966882,-68.1107604,512
9353130,-16.4999351,-68.109817,513
9353130,-16.4997673,-68.1098069,514
9353130,-16.4996605,-68.1097935,515
9353130,-16.4995885,-68.1098029,516
9353130,-16.4994702,-68.1098552,517
9353130,-16.4992503,-68.1099504,518
9353130,-16.4988504,-68.1100027,519
9353130,-16.4984454,-68.1101221,520
9353130,-16.4982242,-68.1101677,521
9353130,-16.4979464,-68.110173,522
9353130,-16.500025,-68.1092121,523
9353130,-16.4999646,-68.1094321,524
9353130,-16.4999589,-68.109583,525
9353130,-16.4999544,-68.1097251,526
9353130,-16.4999351,-68.109817,527
9353130,-16.502627,-68.108203,528
9353130,-16.5025299,-68.1084846,529
9353130,-16.5024148,-68.1089755,530
9353130,-16.5023454,-68.1092625,531
9353130,-16.5023139,-68.1093061,532
9353130,-16.5022811,-68.1093389,533
9353130,-16.5022039,-68.1093879,534
9353130,-16.5021281,-68.1094368,535
9353130,-16.5020811,-68.1094643,536
9353130,-16.5020149,-68.1095052,537
9353130,-16.5019853,-68.1095186,538
9353130,-16.5019474,-68.1095274,539
9353130,-16.5018143,-68.1095093,540
9353130,-16.5014421,-68.1094931,541
9353130,-16.5013623,-68.1094797,542
9353130,-16.5009798,-68.1092893,543
9353130,-16.5008936,-68.1092524,544
9353130,-16.5008293,-68.1092396,545
9353130,-16.5007727,-68.1092396,546
9353130,-16.5007303,-68.1092477,547
9353130,-16.5005985,-68.1093167,548
9353130,-16.5005439,-68.1093409,549
9353130,-16.5004789,-68.1093556,550
9353130,-16.5004088,-68.109353,551
9353130,-16.5003619,-68.1093409,552
9353130,-16.500304,-68.1093134,553
9353130,-16.5001883,-68.1092631,554
9353130,-16.5001137,-68.1092269,555
9353130,-16.500025,-68.1092121,556
9377736,-16.4725859,-68.1532445,0
9377736,-16.4731278,-68.1533291,1
9377736,-16.4741013,-68.1534397,2
9377736,-16.4748564,-68.1536031,3
9377736,-16.4750394,-68.1536088,4
9377736,-16.4754279,-68.1535253,5
9377736,-16.4758559,-68.1534105,6
9377736,-16.4764802,-68.1532637,7
9377736,-16.4768203,-68.1531666,8
9377736,-16.4770933,-68.1530744,9
9377736,-16.4772617,-68.1530146,10
9377736,-16.4773723,-68.1529798,11
9377736,-16.4774675,-68.1529355,12
9377736,-16.4775871,-68.1528658,13
9377736,-16.4777029,-68.1528027,14
9377736,-16.4778842,-68.152729,15
9377736,-16.4779842,-68.1526593,16
9377736,-16.4780797,-68.1525559,17
9377736,-16.478135,-68.1524856,18
9377736,-16.4781896,-68.1524353,19
9377736,-16.4782231,-68.1524098,20
9377736,-16.4782616,-68.1523924,21
9377736,-16.4783105,-68.1523843,22
9377736,-16.4783639,-68.1523803,23
9377736,-16.4784417,-68.1523763,24
9377736,-16.4784991,-68.1523717,25
9377736,-16.4785566,-68.1523576,26
9377736,-16.478618,-68.1523261,27
9377736,-16.4788742,-68.1521075,28
9377736,-16.4789349,-68.1520531,29
9377736,-16.4796012,-68.1514997,30
9377736,-16.4797308,-68.1513935,31
9377736,-16.4798716,-68.1512971,32
9377736,-16.4799194,-68.1512741,33
9377736,-16.4802139,-68.1510928,34
9377736,-16.4802364,-68.1510614,35
9377736,-16.4802984,-68.1510126,36
9377736,-16.4805935,-68.1507766,37
9377736,-16.4807225,-68.1506539,38
9377736,-16.4811354,-68.1501816,39
9377736,-16.4814577,-68.1499129,40
9377736,-16.481705,-68.1497652,41
9377736,-16.4817849,-68.1497125,42
9377736,-16.4820056,-68.1495932,43
9377736,-16.4825355,-68.1492441,44
9377736,-16.4829421,-68.1488854,45
9377736,-16.483198,-68.1485179,46
9377736,-16.4834869,-68.1481127,47
9377736,-16.4836109,-68.1479862,48
9377736,-16.4838448,-68.147828,49
9377736,-16.4841812,-68.1476155,50
9377736,-16.4845894,-68.1473874,51
9377736,-16.4846576,-68.147331,52
9377736,-16.4848942,-68.1471097,53
9377736,-16.4850999,-68.1468871,54
9377736,-16.4852539,-68.1466559,55
9377736,-16.4852907,-68.1465392,56
9377736,-16.4852907,-68.1465392,57
9377736,-16.4857653,-68.1462743,58
9377736,-16.4859699,-68.1461582,59
9377736,-16.4862934,-68.1459709,60
9377736,-16.4865248,-68.1457995,61
9377736,-16.4868237,-68.1455851,62
9377736,-16.4870817,-68.1454474,63
9377736,-16.487291,-68.1453804,64
9377736,-16.4877227,-68.1452642,65
9377736,-16.4878984,-68.1452055,66
9377736,-16.4878984,-68.1452055,67
9377736,-16.488079,-68.1451349,68
9377736,-16.4887389,-68.1447426,69
9377736,-16.4888019,-68.1445504,70
9377736,-16.4887913,-68.1446332,71
9377736,-16.4887711,-68.1446869,72
9377736,-16.4887389,-68.1447426,73
9377736,-16.4886823,-68.1445234,74
9377736,-16.4887534,-68.1445435,75
9377736,-16.4885549,-68.144421,76
9377736,-16.4886216,-68.1444888,77
9377736,-16.4886823,-68.1445234,78
9377736,-16.4884932,-68.1442883,79
9377736,-16.4885187,-68.1443638,80
9377736,-16.4885549,-68.144421,81
9377736,-16.4884353,-68.1437742,82
9377736,-16.4884932,-68.1442883,83
9377736,-16.4883929,-68.1433943,84
9377736,-16.4884175,-68.1436161,85
9377736,-16.4884353,-68.1437742,86
9377736,-16.4882179,-68.1416975,87
9377736,-16.4882999,-68.1425533,88
9377736,-16.4883451,-68.1429686,89
9377736,-16.4881532,-68.1408254,90
9377736,-16.4882179,-68.1416975,91
9377736,-16.4882412,-68.1405726,92
9377736,-16.4881814,-68.1406731,93
9377736,-16.4881588,-68.1407419,94
9377736,-16.4881532,-68.1408254,95
9377736,-16.4883711,-68.1402929,96
9377736,-16.4882842,-68.1404785,97
9377736,-16.4882412,-68.1405726,98
9377736,-16.4885312,-68.1402507,99
9377736,-16.4884782,-68.1402647,100
9377736,-16.4883711,-68.1402929,101
9377736,-16.4895233,-68.139717,102
9377736,-16.4889966,-68.1399208,103
9377736,-16.4887553,-68.1400522,104
9377736,-16.4885312,-68.1402507,105
9377736,-16.4911256,-68.1391723,106
9377736,-16.4908005,-68.1392812,107
9377736,-16.4903614,-68.1394378,108
9377736,-16.4898403,-68.1396079,109
9377736,-16.4895233,-68.139717,110
9377736,-16.4920679,-68.1379359,111
9377736,-16.4919881,-68.1380231,112
9377736,-16.4914995,-68.1386329,113
9377736,-16.4913229,-68.1388634,114
9377736,-16.4912105,-68.1390393,115
9377736,-16.4911256,-68.1391723,116
9377736,-16.4940256,-68.1368788,117
9377736,-16.4937692,-68.1370065,118
9377736,-16.4936097,-68.1370763,119
9377736,-16.4929883,-68.1372496,120
9377736,-16.4928925,-68.1372839,121
9377736,-16.4926247,-68.137405,122
9377736,-16.492468,-68.1375181,123
9377736,-16.4923217,-68.137653,124
9377736,-16.4922537,-68.1377178,125
9377736,-16.4921986,-68.1377791,126
9377736,-16.4920679,-68.1379359,127
9377736,-16.4962125,-68.1366604,128
9377736,-16.4961068,-68.1366936,129
9377736,-16.4960193,-68.1367132,130
9377736,-16.4958354,-68.1367257,131
9377736,-16.4954992,-68.1367543,132
9377736,-16.4950223,-68.13675,133
9377736,-16.4947187,-68.1367622,134
9377736,-16.4943388,-68.1368039,135
9377736,-16.4942518,-68.1368206,136
9377736,-16.4940941,-68.136851,137
9377736,-16.4940256,-68.1368788,138
9377736,-16.4962938,-68.1366232,139
9377736,-16.496248,-68.1366439,140
9377736,-16.4962125,-68.1366604,141
9377736,-16.4972977,-68.1361569,142
9377736,-16.4971439,-68.1362303,143
9377736,-16.496592,-68.1364012,144
9377736,-16.4962938,-68.1366232,145
9377736,-16.4980692,-68.1356728,146
9377736,-16.4980081,-68.1357171,147
9377736,-16.4978115,-68.1358847,148
9377736,-16.4976198,-68.136008,149
9377736,-16.4972977,-68.1361569,150
9377736,-16.4982099,-68.1355435,151
9377736,-16.498122,-68.1356316,152
9377736,-16.4980692,-68.1356728,153
9377736,-16.4987961,-68.1351005,154
9377736,-16.4987046,-68.1351677,155
9377736,-16.4982099,-68.1355435,156
9377736,-16.4995324,-68.1345304,157
9377736,-16.4994697,-68.1345804,158
9377736,-16.4988715,-68.1350351,159
9377736,-16.4987961,-68.1351005,160
9377736,-16.500282,-68.1339826,161
9377736,-16.5002091,-68.1340326,162
9377736,-16.4995324,-68.1345304,163
9377736,-16.5038644,-68.131028,164
9377736,-16.5037781,-68.1310859,165
9377736,-16.5032507,-68.1314536,166
9377736,-16.5031832,-68.1314983,167
9377736,-16.5027241,-68.131825,168
9377736,-16.5026729,-68.1318594,169
9377736,-16.5026139,-68.1319005,170
9377736,-16.502151,-68.1322051,171
9377736,-16.5018183,-68.1324609,172
9377736,-16.5017644,-68.1324983,173
9377736,-16.5017151,-68.1325317,174
9377736,-16.5012885,-68.1328275,175
9377736,-16.5012356,-68.1328607,176
9377736,-16.5011825,-68.1328953,177
9377736,-16.5010124,-68.1330254,178
9377736,-16.5008616,-68.1331539,179
9377736,-16.5008142,-68.1332094,180
9377736,-16.5006506,-68.1334952,181
9377736,-16.5003296,-68.1339246,182
9377736,-16.500282,-68.1339826,183
9377736,-16.5041305,-68.1309495,184
9377736,-16.5040829,-68.1309394,185
9377736,-16.5040327,-68.1309403,186
9377736,-16.5039704,-68.1309552,187
9377736,-16.5039004,-68.1309852,188
9377736,-16.5038644,-68.131028,189
9377736,-16.5041804,-68.1309489,190
9377736,-16.5041305,-68.1309495,191
9377736,-16.5043583,-68.1309109,192
9377736,-16.5043124,-68.1309365,193
9377736,-16.5042661,-68.1309473,194
9377736,-16.5041804,-68.1309489,195
9377736,-16.5048862,-68.1303418,196
9377736,-16.5043865,-68.1308822,197
9377736,-16.5043583,-68.1309109,198
9377736,-16.5054639,-68.1297147,199
9377736,-16.5048862,-68.1303418,200
9377736,-16.5070293,-68.1273319,201
9377736,-16.5069395,-68.1274583,202
9377736,-16.5064128,-68.128227,203
9377736,-16.5062523,-68.1284547,204
9377736,-16.5062153,-68.1285056,205
9377736,-16.506062,-68.1287404,206
9377736,-16.5059598,-68.1288976,207
9377736,-16.505843,-68.1290847,208
9377736,-16.5055782,-68.1295374,209
9377736,-16.5055108,-68.1296518,210
9377736,-16.5054639,-68.1297147,211
9377736,-16.5077594,-68.1263211,212
9377736,-16.5070478,-68.1273059,213
9377736,-16.5070293,-68.1273319,214
9377736,-16.5084986,-68.1253488,215
9377736,-16.5077594,-68.1263211,216
9377736,-16.5089513,-68.1246671,217
9377736,-16.5084986,-68.1253488,218
9377736,-16.5089887,-68.1245349,219
9377736,-16.5089513,-68.1246671,220
9377736,-16.5090797,-68.1240726,221
9377736,-16.5090437,-68.124156,222
9377736,-16.5090228,-68.1242434,223
9377736,-16.5090096,-68.1243531,224
9377736,-16.5090022,-68.1244472,225
9377736,-16.5089887,-68.1245349,226
9377736,-16.5095473,-68.1239758,227
9377736,-16.5094875,-68.1239421,228
9377736,-16.5094163,-68.1239274,229
9377736,-16.5093372,-68.1239263,230
9377736,-16.5092379,-68.1239484,231
9377736,-16.5091501,-68.1240014,232
9377736,-16.5090797,-68.1240726,233
9377736,-16.5096142,-68.1239098,234
9377736,-16.5095473,-68.1239758,235
9377736,-16.5117067,-68.1220635,236
9377736,-16.5115704,-68.1221844,237
9377736,-16.5110433,-68.122635,238
9377736,-16.5106912,-68.1229464,239
9377736,-16.5104907,-68.1231309,240
9377736,-16.5104177,-68.1231979,241
9377736,-16.5100335,-68.1235365,242
9377736,-16.5096734,-68.123859,243
9377736,-16.5096281,-68.1238972,244
9377736,-16.5096142,-68.1239098,245
9377736,-16.5119563,-68.1218545,246
9377736,-16.5118207,-68.1219781,247
9377736,-16.5117067,-68.1220635,248
9377736,-16.5141312,-68.1201696,249
9377736,-16.5137269,-68.1204031,250
9377736,-16.5131489,-68.1208201,251
9377736,-16.5130216,-68.1209059,252
9377736,-16.5128455,-68.1210682,253
9377736,-16.5119563,-68.1218545,254
9377736,-16.5154291,-68.1195415,255
9377736,-16.5151863,-68.1196168,256
9377736,-16.5151058,-68.1196416,257
9377736,-16.5150057,-68.1196682,258
9377736,-16.5148547,-68.1197322,259
9377736,-16.5141312,-68.1201696,260
9377736,-16.5163499,-68.1189334,261
9377736,-16.5163424,-68.1189389,262
9377736,-16.516199,-68.1190447,263
9377736,-16.5160115,-68.1191874,264
9377736,-16.5157638,-68.1193573,265
9377736,-16.5155133,-68.1194953,266
9377736,-16.5154291,-68.1195415,267
9377736,-16.5163997,-68.1187472,268
9377736,-16.5164029,-68.1187935,269
9377736,-16.5163995,-68.1188363,270
9377736,-16.5163897,-68.1188741,271
9377736,-16.5163499,-68.1189334,272
9377736,-16.5161134,-68.1186248,273
9377736,-16.5161489,-68.1186198,274
9377736,-16.5162273,-68.1186087,275
9377736,-16.5162707,-68.1186095,276
9377736,-16.5163048,-68.118619,277
9377736,-16.5163345,-68.1186382,278
9377736,-16.5163625,-68.1186661,279
9377736,-16.5163859,-68.1187027,280
9377736,-16.5163997,-68.1187472,281
9377736,-16.5121239,-68.1197419,282
9377736,-16.512199,-68.1197349,283
9377736,-16.5123626,-68.1196706,284
9377736,-16.5126376,-68.1195699,285
9377736,-16.5127887,-68.1195168,286
9377736,-16.5133737,-68.1193116,287
9377736,-16.5143627,-68.1188956,288
9377736,-16.5145157,-68.1188453,289
9377736,-16.5146681,-68.1188118,290
9377736,-16.5153347,-68.118791,291
9377736,-16.515525,-68.1187829,292
9377736,-16.5156498,-68.1187642,293
9377736,-16.5158053,-68.1187186,294
9377736,-16.5159712,-68.1186622,295
9377736,-16.5161134,-68.1186248,296
9377736,-16.5119229,-68.1196754,297
9377736,-16.511968,-68.1197111,298
9377736,-16.5120278,-68.1197297,299
9377736,-16.5121239,-68.1197419,300
9377736,-16.5118714,-68.1195968,301
9377736,-16.5118773,-68.11961,302
9377736,-16.511887,-68.1196318,303
9377736,-16.5119229,-68.1196754,304
9377736,-16.5118714,-68.1195968,305
9377736,-16.511865,-68.1195594,306
9377736,-16.5118591,-68.1194712,307
9377736,-16.5118664,-68.1193837,308
9377736,-16.5118664,-68.1193837,309
9377736,-16.5118824,-68.1193171,310
9377736,-16.5119119,-68.1192536,311
9377736,-16.5119449,-68.1192032,312
9377736,-16.5119779,-68.1191638,313
9377736,-16.5120489,-68.1191001,314
9377736,-16.5121267,-68.1190485,315
9377736,-16.5123877,-68.1189157,316
9377736,-16.5127416,-68.1187345,317
9377736,-16.5129707,-68.1186111,318
9377736,-16.5131763,-68.1184609,319
9377736,-16.5134245,-68.1182336,320
9377736,-16.5135557,-68.1180861,321
9377736,-16.5137494,-68.1179112,322
9377736,-16.5139715,-68.1178121,323
9377736,-16.514283,-68.117693,324
9377736,-16.514418,-68.1176618,325
9377736,-16.514778,-68.1176215,326
9377736,-16.5151503,-68.1175816,327
9377736,-16.5152717,-68.1175572,328
9377736,-16.515426,-68.1174848,329
9377736,-16.5159015,-68.1172445,330
9377736,-16.5159015,-68.1172445,331
9377736,-16.5160777,-68.1171423,332
9377736,-16.5160777,-68.1171423,333
9377736,-16.5161714,-68.1170919,334
9377736,-16.5165136,-68.116901,335
9377736,-16.5167189,-68.1168091,336
9377736,-16.5168944,-68.116744,337
9377736,-16.5171573,-68.1167073,338
9377736,-16.5177751,-68.1166533,339
9377736,-16.5181788,-68.1165653,340
9377736,-16.5184891,-68.1164866,341
9377736,-16.5187877,-68.1164449,342
9377736,-16.5190437,-68.1164229,343
9377736,-16.5191376,-68.1164174,344
9377736,-16.5191376,-68.1164174,345
9377736,-16.51977,-68.1163711,346
9377736,-16.5198101,-68.1163679,347
9377736,-16.520358,-68.1163245,348
9377736,-16.520452,-68.116312,349
9377736,-16.520452,-68.116312,350
9377736,-16.5205287,-68.1162834,351
9377736,-16.5205945,-68.116249,352
9377736,-16.5206371,-68.1162148,353
9377736,-16.520688,-68.1161534,354
9377736,-16.5207378,-68.1160535,355
9377736,-16.5207594,-68.1159418,356
9377736,-16.52076,-68.1158488,357
9377736,-16.5207366,-68.1157552,358
9377736,-16.5207068,-68.1156944,359
9377736,-16.5206657,-68.1156351,360
9377736,-16.5206051,-68.1155814,361
9377736,-16.5205455,-68.1155399,362
9377736,-16.5204257,-68.1154715,363
9377736,-16.5199954,-68.1151445,364
9377736,-16.5203973,-68.1154502,365
9377736,-16.520414,-68.1154629,366
9377736,-16.5204257,-68.1154715,367
9377736,-16.5198519,-68.1148648,368
9377736,-16.5198526,-68.1149253,369
9377736,-16.5198703,-68.1149992,370
9377736,-16.5199134,-68.1150709,371
9377736,-16.5199954,-68.1151445,372
9377736,-16.5198519,-68.1148648,373
9377736,-16.5198672,-68.1148128,374
9377736,-16.5198932,-68.1147638,375
9377736,-16.5199273,-68.1147345,376
9377736,-16.5199693,-68.1147134,377
9377736,-16.5200208,-68.1147005,378
9377736,-16.5201038,-68.1146887,379
9377736,-16.5219986,-68.114973,380
9377736,-16.5216029,-68.1149492,381
9377736,-16.5208195,-68.1149162,382
9377736,-16.5206589,-68.1148833,383
9377736,-16.5204162,-68.1147922,384
9377736,-16.5201038,-68.1146887,385
9377736,-16.5224201,-68.1147653,386
9377736,-16.5222607,-68.114869,387
9377736,-16.5221887,-68.1149222,388
9377736,-16.5221188,-68.1149494,389
9377736,-16.5219986,-68.114973,390
9377736,-16.5228833,-68.1141759,391
9377736,-16.5226358,-68.1145312,392
9377736,-16.5225129,-68.1146893,393
9377736,-16.5224201,-68.1147653,394
9377736,-16.5232836,-68.1134548,395
9377736,-16.5228833,-68.1141759,396
9377736,-16.5237016,-68.1126759,397
9377736,-16.5236149,-68.1128398,398
9377736,-16.5235561,-68.112951,399
9377736,-16.5232836,-68.1134548,400
9377736,-16.5241115,-68.1119148,401
9377736,-16.5238586,-68.1123685,402
9377736,-16.5237016,-68.1126759,403
9377736,-16.5245163,-68.1111892,404
9377736,-16.5241115,-68.1119148,405
9377736,-16.5249395,-68.1104365,406
9377736,-16.5245776,-68.111078,407
9377736,-16.5245163,-68.1111892,408
9377736,-16.5253552,-68.1096879,409
9377736,-16.5252294,-68.1099145,410
9377736,-16.5249395,-68.1104365,411
9377736,-16.5257567,-68.1089218,412
9377736,-16.5253552,-68.1096879,413
9377736,-16.5261682,-68.1081845,414
9377736,-16.5257567,-68.1089218,415
9377736,-16.5264824,-68.1076216,416
9377736,-16.5262788,-68.1079823,417
9377736,-16.5261682,-68.1081845,418
9377736,-16.5268674,-68.1069063,419
9377736,-16.5264824,-68.1076216,420
9377736,-16.5272852,-68.1061529,421
9377736,-16.5268674,-68.1069063,422
9377736,-16.5276911,-68.1053864,423
9377736,-16.5274817,-68.1057671,424
9377736,-16.5274596,-68.1058104,425
9377736,-16.5274241,-68.1058801,426
9377736,-16.5272852,-68.1061529,427
9377736,-16.5281187,-68.1046635,428
9377736,-16.5276911,-68.1053864,429
9377736,-16.5285233,-68.1038714,430
9377736,-16.5284593,-68.1039896,431
9377736,-16.5283338,-68.1042216,432
9377736,-16.5281187,-68.1046635,433
9377736,-16.5289249,-68.1031289,434
9377736,-16.5287386,-68.1034736,435
9377736,-16.5286728,-68.1035951,436
9377736,-16.5286664,-68.103607,437
9377736,-16.5285233,-68.1038714,438
9377736,-16.5301671,-68.1007172,439
9377736,-16.5299217,-68.1011977,440
9377736,-16.5299053,-68.1012962,441
9377736,-16.5298911,-68.1013811,442
9377736,-16.5302158,-68.1006328,443
9377736,-16.5301671,-68.1007172,444
9377736,-16.5302873,-68.1005244,445
9377736,-16.5302158,-68.1006328,446
9377736,-16.5304414,-68.1002925,447
9377736,-16.5302873,-68.1005244,448
9377736,-16.5330725,-68.0978697,449
9377736,-16.5314478,-68.0991082,450
9377736,-16.5312697,-68.0992707,451
9377736,-16.5310509,-68.0995047,452
9377736,-16.5310034,-68.0995613,453
9377736,-16.5308176,-68.0997831,454
9377736,-16.5306173,-68.1000414,455
9377736,-16.5304414,-68.1002925,456
9377736,-16.5346342,-68.0966766,457
9377736,-16.5344856,-68.0967857,458
9377736,-16.5338966,-68.0972314,459
9377736,-16.5330725,-68.0978697,460
9377736,-16.5347695,-68.0965984,461
9377736,-16.5346342,-68.0966766,462
9377736,-16.5387128,-68.0949077,463
9377736,-16.5382153,-68.0951098,464
9377736,-16.5360468,-68.0959514,465
9377736,-16.5356026,-68.096141,466
9377736,-16.5354112,-68.0962214,467
9377736,-16.535136,-68.0963556,468
9377736,-16.5349341,-68.0964871,469
9377736,-16.5347695,-68.0965984,470
9377736,-16.5416664,-68.0929113,471
9377736,-16.541693,-68.0930367,472
9377736,-16.5416965,-68.0931286,473
9377736,-16.5416945,-68.0931903,474
9377736,-16.5416899,-68.0932215,475
9377736,-16.541674,-68.0932805,476
9377736,-16.5416316,-68.0933784,477
9377736,-16.5415795,-68.0934749,478
9377736,-16.5415043,-68.0935749,479
9377736,-16.5413905,-68.0936983,480
9377736,-16.541287,-68.0937734,481
9377736,-16.5411745,-68.0938558,482
9377736,-16.5410042,-68.0939551,483
9377736,-16.5407715,-68.094057,484
9377736,-16.5402589,-68.0942813,485
9377736,-16.539772,-68.0944667,486
9377736,-16.5396908,-68.0944973,487
9377736,-16.5387128,-68.0949077,488
9377736,-16.5416168,-68.0927602,489
9377736,-16.5416664,-68.0929113,490
9377736,-16.5414728,-68.0922284,491
9377736,-16.5416168,-68.0927602,492
9377736,-16.5414702,-68.0922195,493
9377736,-16.5414728,-68.0922284,494
9377736,-16.5411896,-68.0914668,495
9377736,-16.5412316,-68.0916135,496
9377736,-16.5413487,-68.0920234,497
9377736,-16.5414021,-68.0921104,498
9377736,-16.5414702,-68.0922195,499
9377736,-16.5409029,-68.0904556,500
9377736,-16.5409278,-68.0905455,501
9377736,-16.5411451,-68.0913226,502
9377736,-16.5411628,-68.0913819,503
9377736,-16.5411896,-68.0914668,504
9377736,-16.5406112,-68.0894386,505
9377736,-16.5406394,-68.0895416,506
9377736,-16.5407517,-68.0899393,507
9377736,-16.5408867,-68.0903948,508
9377736,-16.5409029,-68.0904556,509
9377736,-16.5403138,-68.0883873,510
9377736,-16.5403332,-68.0884573,511
9377736,-16.5404629,-68.0889157,512
9377736,-16.5404981,-68.0890383,513
9377736,-16.540583,-68.0893407,514
9377736,-16.5406112,-68.0894386,515
9377736,-16.5400431,-68.0873946,516
9377736,-16.5400632,-68.0874693,517
9377736,-16.5402905,-68.0883016,518
9377736,-16.5403138,-68.0883873,519
9377736,-16.5397541,-68.0863689,520
9377736,-16.5397741,-68.0864592,521
9377736,-16.539905,-68.0868997,522
9377736,-16.5400248,-68.0873216,523
9377736,-16.5400431,-68.0873946,524
9377736,-16.5394897,-68.0854183,525
9377736,-16.5395021,-68.0854631,526
9377736,-16.5396245,-68.0859028,527
9377736,-16.539734,-68.0863016,528
9377736,-16.5397541,-68.0863689,529
9377736,-16.5391572,-68.0842398,530
9377736,-16.5391791,-68.0843205,531
9377736,-16.5393243,-68.0848371,532
9377736,-16.5394721,-68.0853549,533
9377736,-16.5394897,-68.0854183,534
9377737,-16.5110182,-68.1495548,0
9377737,-16.5110312,-68.1495706,1
9377737,-16.5110622,-68.1495846,2
9377737,-16.5110957,-68.1495898,3
9377737,-16.5111297,-68.1495832,4
9377737,-16.5111678,-68.1495661,5
9377737,-16.5112018,-68.149534,6
9377737,-16.5112286,-68.1494631,7
9377737,-16.5112358,-68.1493988,8
9377737,-16.5112349,-68.1493246,9
9377737,-16.5112322,-68.1492064,10
9377737,-16.5112231,-68.1491203,11
9377737,-16.5111973,-68.1490135,12
9377737,-16.5111738,-68.1489237,13
9377737,-16.5111646,-68.1488376,14
9377737,-16.5111873,-68.1487506,15
9377737,-16.5113858,-68.148501,16
9377737,-16.5114099,-68.1484779,17
9377737,-16.5114293,-68.1484637,18
9377737,-16.5114733,-68.1484296,19
9377737,-16.5115481,-68.1483961,20
9377737,-16.5116125,-68.148398,21
9377737,-16.5117442,-68.1483959,22
9377737,-16.5123054,-68.1483234,23
9377737,-16.512677,-68.1482926,24
9377737,-16.5127844,-68.1482812,25
9377737,-16.5128557,-68.148253,26
9377737,-16.5129143,-68.1482155,27
9377737,-16.5129548,-68.1481927,28
9377737,-16.5130023,-68.148131,29
9377737,-16.513057,-68.1480291,30
9377737,-16.5131155,-68.147954,31
9377737,-16.513147,-68.1479292,32
9377737,-16.5132048,-68.147899,33
9377737,-16.5133296,-68.1478876,34
9377737,-16.5134119,-68.1478916,35
9377737,-16.5134806,-68.1479097,36
9377737,-16.5135366,-68.1479265,37
9377737,-16.5135517,-68.1479355,38
9377737,-16.5135816,-68.1479607,39
9377737,-16.5136436,-68.1480361,40
9377737,-16.5137841,-68.1482584,41
9377737,-16.5138169,-68.1483281,42
9377737,-16.5139095,-68.1485327,43
9377737,-16.5139573,-68.148595,44
9377737,-16.5139882,-68.1486242,45
9377737,-16.5140158,-68.148643,46
9377737,-16.5140576,-68.1486567,47
9377737,-16.5140907,-68.1486584,48
9377737,-16.514128,-68.1486581,49
9377737,-16.5141518,-68.148647,50
9377737,-16.5141737,-68.1486138,51
9377737,-16.5141975,-68.1485451,52
9377737,-16.5142438,-68.1484093,53
9377737,-16.514274,-68.1483469,54
9377737,-16.5142913,-68.1483335,55
9377737,-16.5143293,-68.1483141,56
9377737,-16.5143929,-68.14831,57
9377737,-16.5144418,-68.148308,58
9377737,-16.5146648,-68.1483234,59
9377737,-16.5147227,-68.1483214,60
9377737,-16.5147844,-68.148308,61
9377737,-16.5148817,-68.1482798,62
9377737,-16.5149786,-68.1482282,63
9377737,-16.5151027,-68.1481317,64
9377737,-16.5152062,-68.1480351,65
9377737,-16.5152749,-68.147966,66
9377737,-16.5153367,-68.1478775,67
9377737,-16.5154247,-68.1477883,68
9377737,-16.5154489,-68.1477743,69
9377737,-16.5154823,-68.1477719,70
9377737,-16.5155266,-68.1477806,71
9377737,-16.5155732,-68.1478048,72
9377737,-16.5156099,-68.1478366,73
9377737,-16.5156517,-68.1478983,74
9377737,-16.5157404,-68.1480472,75
9377737,-16.5158034,-68.1481256,76
9377737,-16.5158741,-68.1481907,77
9377737,-16.5159352,-68.1482376,78
9377737,-16.5159956,-68.1482799,79
9377737,-16.5160651,-68.1483053,80
9377737,-16.51613,-68.148308,81
9377737,-16.5162013,-68.1482866,82
9377737,-16.5162631,-68.1482363,83
9377737,-16.5163126,-68.1481806,84
9377737,-16.5163389,-68.1481283,85
9377737,-16.5163687,-68.1480498,86
9377737,-16.5163717,-68.1479846,87
9377737,-16.5163598,-68.1479255,88
9377737,-16.5162251,-68.1476824,89
9377737,-16.516175,-68.1475456,90
9377737,-16.5161538,-68.1474564,91
9377737,-16.5161396,-68.1473485,92
9377737,-16.5161454,-68.1472532,93
9377737,-16.5161576,-68.1471299,94
9377737,-16.5161808,-68.1470085,95
9377737,-16.5161988,-68.1469247,96
9377737,-16.5162271,-68.1468221,97
9377737,-16.5162534,-68.1467711,98
9377737,-16.5162926,-68.1467356,99
9377737,-16.5163499,-68.146688,100
9377737,-16.5166079,-68.1464732,101
9377737,-16.5166338,-68.1464501,102
9377737,-16.5167092,-68.1463842,103
9377737,-16.5167684,-68.1463587,104
9377737,-16.5168291,-68.146345,105
9377737,-16.5169023,-68.1463386,106
9377737,-16.5170092,-68.1463514,107
9377737,-16.5170924,-68.1463936,108
9377737,-16.5171663,-68.1464412,109
9377737,-16.5172505,-68.1465244,110
9377737,-16.5173007,-68.1465974,111
9377737,-16.5173984,-68.1468348,112
9377737,-16.5174447,-68.1469099,113
9377737,-16.5174749,-68.1469334,114
9377737,-16.5176761,-68.147032,115
9377737,-16.5179166,-68.1471446,116
9377737,-16.518103,-68.1472707,117
9377737,-16.5182393,-68.1473364,118
9377737,-16.51831,-68.1473424,119
9377737,-16.5183788,-68.147333,120
9377737,-16.5184411,-68.1473109,121
9377737,-16.5185106,-68.1472767,122
9377737,-16.5185866,-68.1472063,123
9377737,-16.5186534,-68.1471051,124
9377737,-16.518737,-68.1469564,125
9377737,-16.5187454,-68.146823,126
9377737,-16.5187331,-68.1466324,127
9377737,-16.5187162,-68.1464878,128
9377737,-16.5187304,-68.1463344,129
9377737,-16.5187539,-68.1461804,130
9377737,-16.5187719,-68.146072,131
9377737,-16.5188276,-68.1459261,132
9377737,-16.518898,-68.1457541,133
9377737,-16.5189555,-68.1456584,134
9377737,-16.5190097,-68.1455898,135
9377737,-16.5191102,-68.145527,136
9377737,-16.5194088,-68.1453396,137
9377737,-16.5195439,-68.1452598,138
9377737,-16.5196198,-68.1452176,139
9377737,-16.5199242,-68.1451147,140
9377737,-16.5207709,-68.1449224,141
9377737,-16.520894,-68.1449285,142
9377737,-16.5209797,-68.1449435,143
9377737,-16.5210388,-68.1449943,144
9377737,-16.5210717,-68.1450711,145
9377737,-16.5210827,-68.1453054,146
9377737,-16.521084,-68.1454691,147
9377737,-16.5211135,-68.1455477,148
9377737,-16.521211,-68.1456594,149
9377737,-16.521259,-68.1456984,150
9377737,-16.5213739,-68.1457551,151
9377737,-16.521427,-68.1457686,152
9377737,-16.521495,-68.1457564,153
9377737,-16.521495,-68.1457564,154
9377737,-16.5215164,-68.1458104,155
9377737,-16.5215402,-68.1458402,156
9377737,-16.5215936,-68.1458885,157
9377737,-16.5216819,-68.1459435,158
9377737,-16.5217617,-68.1459704,159
9377737,-16.5217617,-68.1459704,160
9377737,-16.5217995,-68.1459792,161
9377737,-16.5218541,-68.1459754,162
9377737,-16.5223016,-68.1458983,163
9377737,-16.522328,-68.1458925,164
9377737,-16.5224726,-68.1458653,165
9377737,-16.5225344,-68.1458557,166
9377737,-16.5225832,-68.1458477,167
9377737,-16.5226847,-68.145837,168
9377737,-16.5227725,-68.145828,169
9377737,-16.5227969,-68.145832,170
9377737,-16.5228184,-68.1458411,171
9377737,-16.5228288,-68.1458499,172
9377737,-16.5228362,-68.1458592,173
9377737,-16.5228415,-68.1458717,174
9377737,-16.5228451,-68.1458832,175
9377737,-16.5228456,-68.1458943,176
9377737,-16.5228451,-68.1459098,177
9377737,-16.5228426,-68.1459239,178
9377737,-16.5228361,-68.145944,179
9377737,-16.5228217,-68.1459654,180
9377737,-16.5227529,-68.1460382,181
9377737,-16.5225149,-68.1462515,182
9377737,-16.5224119,-68.146328,183
9377737,-16.5224119,-68.146328,184
9377737,-16.5223128,-68.1463658,185
9377737,-16.5212458,-68.1465591,186
9377737,-16.5212458,-68.1465591,187
9377737,-16.5205987,-68.1466742,188
9377737,-16.5205185,-68.1466962,189
9377737,-16.5204946,-68.1467082,190
9377737,-16.5204946,-68.1467082,191
9377737,-16.5204446,-68.1467551,192
9377737,-16.5204124,-68.146818,193
9377737,-16.5203909,-68.1468914,194
9377737,-16.5204012,-68.1469661,195
9377737,-16.5204238,-68.1470287,196
9377737,-16.5204752,-68.1471124,197
9377737,-16.5204752,-68.1471124,198
9377737,-16.5205211,-68.1471621,199
9377737,-16.5205211,-68.1471621,200
9377737,-16.520604,-68.1472001,201
9377737,-16.5206763,-68.1472088,202
9377737,-16.5208194,-68.1472041,203
9377737,-16.5208194,-68.1472041,204
9377737,-16.5209468,-68.1472039,205
9377737,-16.5210855,-68.1472285,206
9377737,-16.5212016,-68.1472513,207
9377737,-16.5212016,-68.1472513,208
9377737,-16.5215532,-68.1473326,209
9377737,-16.5218795,-68.1474138,210
9377737,-16.5220772,-68.1474436,211
9379031,-16.4888044,-68.1444729,0
9379031,-16.4888019,-68.1445504,1
9379031,-16.4888019,-68.1445504,2
9379031,-16.4887913,-68.1446332,3
9379031,-16.4887711,-68.1446869,4
9379031,-16.4887389,-68.1447426,5
9379031,-16.4878984,-68.1452055,6
9379031,-16.488079,-68.1451349,7
9379031,-16.4887389,-68.1447426,8
9379031,-16.4852907,-68.1465392,9
9379031,-16.4857653,-68.1462743,10
9379031,-16.4859699,-68.1461582,11
9379031,-16.4862934,-68.1459709,12
9379031,-16.4865248,-68.1457995,13
9379031,-16.4868237,-68.1455851,14
9379031,-16.4870817,-68.1454474,15
9379031,-16.487291,-68.1453804,16
9379031,-16.4877227,-68.1452642,17
9379031,-16.4878984,-68.1452055,18
9379031,-16.4725859,-68.1532445,19
9379031,-16.4731278,-68.1533291,20
9379031,-16.4741013,-68.1534397,21
9379031,-16.4748564,-68.1536031,22
9379031,-16.4750394,-68.1536088,23
9379031,-16.4754279,-68.1535253,24
9379031,-16.4758559,-68.1534105,25
9379031,-16.4764802,-68.1532637,26
9379031,-16.4768203,-68.1531666,27
9379031,-16.4770933,-68.1530744,28
9379031,-16.4772617,-68.1530146,29
9379031,-16.4773723,-68.1529798,30
9379031,-16.4774675,-68.1529355,31
9379031,-16.4775871,-68.1528658,32
9379031,-16.4777029,-68.1528027,33
9379031,-16.4778842,-68.152729,34
9379031,-16.4779842,-68.1526593,35
9379031,-16.4780797,-68.1525559,36
9379031,-16.478135,-68.1524856,37
9379031,-16.4781896,-68.1524353,38
9379031,-16.4782231,-68.1524098,39
9379031,-16.4782616,-68.1523924,40
9379031,-16.4783105,-68.1523843,41
9379031,-16.4783639,-68.1523803,42
9379031,-16.4784417,-68.1523763,43
9379031,-16.4784991,-68.1523717,44
9379031,-16.4785566,-68.1523576,45
9379031,-16.478618,-68.1523261,46
9379031,-16.4788742,-68.1521075,47
9379031,-16.4789349,-68.1520531,48
9379031,-16.4796012,-68.1514997,49
9379031,-16.4797308,-68.1513935,50
9379031,-16.4798716,-68.1512971,51
9379031,-16.4799194,-68.1512741,52
9379031,-16.4802139,-68.1510928,53
9379031,-16.4802364,-68.1510614,54
9379031,-16.4802984,-68.1510126,55
9379031,-16.4805935,-68.1507766,56
9379031,-16.4807225,-68.1506539,57
9379031,-16.4811354,-68.1501816,58
9379031,-16.4814577,-68.1499129,59
9379031,-16.481705,-68.1497652,60
9379031,-16.4817849,-68.1497125,61
9379031,-16.4820056,-68.1495932,62
9379031,-16.4825355,-68.1492441,63
9379031,-16.4829421,-68.1488854,64
9379031,-16.483198,-68.1485179,65
9379031,-16.4834869,-68.1481127,66
9379031,-16.4836109,-68.1479862,67
9379031,-16.4838448,-68.147828,68
9379031,-16.4841812,-68.1476155,69
9379031,-16.4845894,-68.1473874,70
9379031,-16.4846576,-68.147331,71
9379031,-16.4848942,-68.1471097,72
9379031,-16.4850999,-68.1468871,73
9379031,-16.4852539,-68.1466559,74
9379031,-16.4852907,-68.1465392,75
9379031,-16.4725379,-68.1532281,76
9379031,-16.4725859,-68.1532445,77
9379031,-16.4725379,-68.1532281,78
9379031,-16.4723398,-68.1536574,79
9379031,-16.4723373,-68.1536661,80
9379031,-16.4723354,-68.1536756,81
9379031,-16.472336,-68.1536834,82
9379031,-16.4723385,-68.1536921,83
9379031,-16.4723435,-68.1536982,84
9379031,-16.4723497,-68.1537032,85
9379031,-16.4716022,-68.1538129,86
9379031,-16.4719345,-68.1537615,87
9379031,-16.472104,-68.1537441,88
9379031,-16.4723497,-68.1537032,89
9379031,-16.4625814,-68.1516356,90
9379031,-16.4626967,-68.1517237,91
9379031,-16.4632609,-68.1521553,92
9379031,-16.463349,-68.1522232,93
9379031,-16.463437,-68.1523074,94
9379031,-16.4634858,-68.1523822,95
9379031,-16.4635244,-68.1524993,96
9379031,-16.4635435,-68.152541,97
9379031,-16.4636038,-68.1525842,98
9379031,-16.4636651,-68.1526117,99
9379031,-16.4639429,-68.1526824,100
9379031,-16.4647845,-68.1528904,101
9379031,-16.4649965,-68.1529404,102
9379031,-16.4650771,-68.1529747,103
9379031,-16.4651616,-68.1530252,104
9379031,-16.4652499,-68.1530862,105
9379031,-16.4653017,-68.153128,106
9379031,-16.4653939,-68.1532022,107
9379031,-16.4655172,-68.153267,108
9379031,-16.4666566,-68.1537355,109
9379031,-16.4669585,-68.1538033,110
9379031,-16.4675869,-68.1539036,111
9379031,-16.4680439,-68.1539643,112
9379031,-16.468097,-68.153976,113
9379031,-16.4681691,-68.1540023,114
9379031,-16.4682374,-68.1540407,115
9379031,-16.4683567,-68.154154,116
9379031,-16.4684889,-68.1543102,117
9379031,-16.4685768,-68.1543341,118
9379031,-16.4687185,-68.1542996,119
9379031,-16.4688603,-68.1542921,120
9379031,-16.4691104,-68.1543077,121
9379031,-16.4695208,-68.1543733,122
9379031,-16.4697189,-68.1543867,123
9379031,-16.4699092,-68.1543555,124
9379031,-16.4700376,-68.1543266,125
9379031,-16.4700556,-68.1543228,126
9379031,-16.4700893,-68.1543158,127
9379031,-16.4716022,-68.1538129,128
9379031,-16.4622817,-68.1513987,129
9379031,-16.4625814,-68.1516356,130
9379031,-16.4605076,-68.1500786,131
9379031,-16.4605849,-68.1500845,132
9379031,-16.4606639,-68.1501011,133
9379031,-16.4607377,-68.1501382,134
9379031,-16.4608165,-68.1501671,135
9379031,-16.4608752,-68.1501844,136
9379031,-16.4609064,-68.1501904,137
9379031,-16.4609977,-68.1502059,138
9379031,-16.4610498,-68.1502223,139
9379031,-16.4610927,-68.1502476,140
9379031,-16.4611953,-68.1503419,141
9379031,-16.4614134,-68.1505749,142
9379031,-16.4619851,-68.1511038,143
9379031,-16.462039,-68.151166,144
9379031,-16.4620936,-68.151225,145
9379031,-16.4622817,-68.1513987,146
9379031,-16.4599593,-68.1495806,147
9379031,-16.4605076,-68.1500786,148
9379031,-16.4558139,-68.149796,149
9379031,-16.4569101,-68.14933,150
9379031,-16.4579378,-68.1494078,151
9379031,-16.4580577,-68.1494205,152
9379031,-16.4598192,-68.1495813,153
9379031,-16.4599593,-68.1495806,154
9379031,-16.4538417,-68.1494231,155
9379031,-16.4539066,-68.14956,156
9379031,-16.4539714,-68.1496529,157
9379031,-16.4540492,-68.1497678,158
9379031,-16.4541489,-68.1498591,159
9379031,-16.4542321,-68.1498632,160
9379031,-16.4557865,-68.1498015,161
9379031,-16.4558139,-68.149796,162
9379031,-16.4534566,-68.1493066,163
9379031,-16.4535144,-68.1492846,164
9379031,-16.4535938,-68.1492846,165
9379031,-16.4536878,-68.1493049,166
9379031,-16.4537785,-68.1493657,167
9379031,-16.4538417,-68.1494231,168
9379031,-16.4533125,-68.1493893,169
9379031,-16.4534566,-68.1493066,170
9379031,-16.4531771,-68.1493824,171
9379031,-16.4531852,-68.1493997,172
9379031,-16.4531972,-68.1494143,173
9379031,-16.4532123,-68.1494254,174
9379031,-16.4532296,-68.1494321,175
9379031,-16.453248,-68.149434,176
9379031,-16.4532662,-68.1494311,177
9379031,-16.4532832,-68.1494235,178
9379031,-16.4532952,-68.1494143,179
9379031,-16.4533051,-68.1494027,180
9379031,-16.4533125,-68.1493893,181
9379031,-16.4530391,-68.1493476,182
9379031,-16.4531771,-68.1493824,183
9379031,-16.4526006,-68.1493149,184
9379031,-16.4530137,-68.1493471,185
9379031,-16.4530391,-68.1493476,186
9379031,-16.4452569,-68.1496652,187
9379031,-16.4455309,-68.1496793,188
9379031,-16.4456672,-68.1496746,189
9379031,-16.4457496,-68.1496672,190
9379031,-16.445857,-68.1496592,191
9379031,-16.4460878,-68.1496558,192
9379031,-16.4461669,-68.1496672,193
9379031,-16.4462936,-68.149686,194
9379031,-16.4464145,-68.1497215,195
9379031,-16.4465089,-68.1497499,196
9379031,-16.4466543,-68.1498033,197
9379031,-16.4467172,-68.1498291,198
9379031,-16.4468602,-68.1498753,199
9379031,-16.446949,-68.1499013,200
9379031,-16.4470114,-68.1499147,201
9379031,-16.4470713,-68.149921,202
9379031,-16.4471265,-68.149912,203
9379031,-16.447221,-68.1498771,204
9379031,-16.4473715,-68.1498208,205
9379031,-16.4474725,-68.1497759,206
9379031,-16.4477143,-68.149678,207
9379031,-16.447992,-68.1495583,208
9379031,-16.4481316,-68.1494886,209
9379031,-16.4482056,-68.1494568,210
9379031,-16.4485907,-68.1493426,211
9379031,-16.448678,-68.1493216,212
9379031,-16.4488508,-68.149282,213
9379031,-16.449003,-68.1492424,214
9379031,-16.4493172,-68.1491543,215
9379031,-16.4495007,-68.1491242,216
9379031,-16.4496936,-68.1491161,217
9379031,-16.4498938,-68.1491202,218
9379031,-16.45006,-68.1491602,219
9379031,-16.4505559,-68.1492925,220
9379031,-16.4507539,-68.1493418,221
9379031,-16.4509243,-68.1493696,222
9379031,-16.4511196,-68.1493721,223
9379031,-16.4514134,-68.1493732,224
9379031,-16.4517598,-68.1493414,225
9379031,-16.452266,-68.149306,226
9379031,-16.4526006,-68.1493149,227
9379031,-16.4427413,-68.1509769,228
9379031,-16.4427552,-68.1509057,229
9379031,-16.4428163,-68.1507274,230
9379031,-16.4428394,-68.1506898,231
9379031,-16.442878,-68.1506536,232
9379031,-16.4429147,-68.1506268,233
9379031,-16.442979,-68.1506127,234
9379031,-16.4432189,-68.150655,235
9379031,-16.4433141,-68.1506784,236
9379031,-16.4433578,-68.1506851,237
9379031,-16.4433951,-68.1506858,238
9379031,-16.4434362,-68.1506744,239
9379031,-16.44348,-68.1506469,240
9379031,-16.4435289,-68.1505792,241
9379031,-16.443581,-68.1504866,242
9379031,-16.4437848,-68.1500555,243
9379031,-16.4439212,-68.1497806,244
9379031,-16.4439829,-68.1496377,245
9379031,-16.4440221,-68.1495888,246
9379031,-16.4440511,-68.149564,247
9379031,-16.4441051,-68.1495351,248
9379031,-16.4441443,-68.1495251,249
9379031,-16.44423,-68.149519,250
9379031,-16.444435,-68.1495532,251
9379031,-16.4445598,-68.1495787,252
9379031,-16.4446974,-68.1496049,253
9379031,-16.4448286,-68.149627,254
9379031,-16.4449508,-68.1496505,255
9379031,-16.4450775,-68.1496578,256
9379031,-16.4452569,-68.1496652,257
9381264,-16.5052321,-68.1460744,0
9381264,-16.504903,-68.1462407,1
9381264,-16.5046625,-68.1463802,2
9381264,-16.5045513,-68.1464544,3
9381264,-16.503467,-68.144351,4
9381264,-16.5035316,-68.1445875,5
9381264,-16.5036412,-68.1448748,6
9381264,-16.5039265,-68.1454802,7
9381264,-16.5042334,-68.1460015,8
9381264,-16.5045513,-68.1464544,9
9381264,-16.503467,-68.144351,10
9381264,-16.5034673,-68.1442612,11
9381264,-16.5034557,-68.144162,12
9381264,-16.5034223,-68.1440051,13
9381264,-16.503349,-68.1437261,14
9381264,-16.5033261,-68.1436215,15
9381264,-16.5033156,-68.1435016,16
9381264,-16.5033132,-68.1433842,17
9381264,-16.5033153,-68.1433158,18
9381264,-16.5033304,-68.1432554,19
9381264,-16.5033612,-68.1432098,20
9381264,-16.5033998,-68.1431609,21
9381264,-16.5034403,-68.1431119,22
9381264,-16.5034827,-68.1430469,23
9381264,-16.5035001,-68.1429932,24
9381264,-16.5033857,-68.1423951,25
9381264,-16.503394,-68.1424963,26
9381264,-16.5034165,-68.1425922,27
9381264,-16.5034982,-68.1429141,28
9381264,-16.5035001,-68.1429932,29
9381264,-16.5041432,-68.1410702,30
9381264,-16.5038833,-68.1414362,31
9381264,-16.5037483,-68.1416414,32
9381264,-16.5035817,-68.1419331,33
9381264,-16.5034743,-68.1421369,34
9381264,-16.5034339,-68.1422241,35
9381264,-16.5034017,-68.1423032,36
9381264,-16.5033857,-68.1423951,37
9381264,-16.5041311,-68.141004,38
9381264,-16.5041386,-68.1410202,39
9381264,-16.5041438,-68.1410451,40
9381264,-16.5041432,-68.1410702,41
9381264,-16.5042017,-68.1407187,42
9381264,-16.5041567,-68.1407191,43
9381264,-16.5041144,-68.1407354,44
9381264,-16.5040791,-68.1407647,45
9381264,-16.5040542,-68.140804,46
9381264,-16.5040423,-68.1408494,47
9381264,-16.5040446,-68.1408965,48
9381264,-16.5040559,-68.1409309,49
9381264,-16.504075,-68.1409615,50
9381264,-16.5041006,-68.1409864,51
9381264,-16.5041311,-68.141004,52
9381264,-16.504352,-68.139678,53
9381264,-16.5042698,-68.1400511,54
9381264,-16.5042017,-68.1407187,55
9381264,-16.5045057,-68.1391928,56
9381264,-16.5044523,-68.1393736,57
9381264,-16.504352,-68.139678,58
9381264,-16.5033098,-68.1379165,59
9381264,-16.5035595,-68.138183,60
9381264,-16.5040038,-68.1386572,61
9381264,-16.5045057,-68.1391928,62
9381264,-16.5025859,-68.1371306,63
9381264,-16.5027993,-68.1373626,64
9381264,-16.5033098,-68.1379165,65
9381264,-16.5013379,-68.1357405,66
9381264,-16.5017571,-68.1362139,67
9381264,-16.5019268,-68.1363997,68
9381264,-16.5020446,-68.1365303,69
9381264,-16.5025859,-68.1371306,70
9381264,-16.5019216,-68.1351765,71
9381264,-16.5018509,-68.1352396,72
9381264,-16.5013379,-68.1357405,73
9381264,-16.5024474,-68.1346749,74
9381264,-16.5023962,-68.1347301,75
9381264,-16.5021842,-68.1349294,76
9381264,-16.5019778,-68.1351309,77
9381264,-16.5019216,-68.1351765,78
9381264,-16.503224,-68.1338995,79
9381264,-16.5031746,-68.1339477,80
9381264,-16.5024474,-68.1346749,81
9381264,-16.503693,-68.1332649,82
9381264,-16.5036563,-68.1333956,83
9381264,-16.5036062,-68.1335156,84
9381264,-16.5034115,-68.1337157,85
9381264,-16.503224,-68.1338995,86
9381264,-16.5037241,-68.1327961,87
9381264,-16.5037084,-68.1331495,88
9381264,-16.503693,-68.1332649,89
9381264,-16.5023243,-68.1288715,90
9381264,-16.502346,-68.1288581,91
9381264,-16.5023622,-68.1288378,92
9381264,-16.502371,-68.1288131,93
9381264,-16.5023713,-68.1287867,94
9381264,-16.5023632,-68.1287617,95
9381264,-16.5023476,-68.128741,96
9381264,-16.5023476,-68.128741,97
9381264,-16.5023263,-68.1287269,98
9381264,-16.5023017,-68.128721,99
9381264,-16.5022766,-68.128724,100
9381264,-16.5022766,-68.128724,101
9381264,-16.5022538,-68.1287355,102
9381264,-16.5022361,-68.1287543,103
9381264,-16.5022254,-68.1287782,104
9381264,-16.502223,-68.1288045,105
9381264,-16.502223,-68.1288045,106
9381264,-16.5022282,-68.128828,107
9381264,-16.5022282,-68.128828,108
9381264,-16.5022401,-68.1288487,109
9381264,-16.5022575,-68.1288646,110
9381264,-16.5022787,-68.1288742,111
9381264,-16.5023017,-68.1288766,112
9381264,-16.5023243,-68.1288715,113
9381264,-16.5023243,-68.1288715,114
9381264,-16.5024559,-68.1288282,115
9381264,-16.5025697,-68.1287962,116
9381264,-16.5025697,-68.1287962,117
9381264,-16.5029593,-68.1286922,118
9381264,-16.5029593,-68.1286922,119
9381264,-16.5032875,-68.1285644,120
9381264,-16.5032875,-68.1285644,121
9381264,-16.5035234,-68.1284968,122
9381264,-16.5036891,-68.1284451,123
9381264,-16.5038012,-68.1284248,124
9381264,-16.5038012,-68.1284248,125
9381264,-16.5039133,-68.128406,126
9381264,-16.5040247,-68.1283995,127
9381264,-16.5041167,-68.1284054,128
9381264,-16.5041961,-68.1284275,129
9381264,-16.5041961,-68.1284275,130
9381264,-16.5042525,-68.1284489,131
9381264,-16.5043753,-68.1285051,132
9381264,-16.5044124,-68.1285288,133
9381264,-16.5044433,-68.1285566,134
9381264,-16.5044578,-68.1285912,135
9381264,-16.5044635,-68.1286292,136
9381264,-16.5044588,-68.1286566,137
9381264,-16.5044469,-68.1286818,138
9381264,-16.5044217,-68.1287167,139
9381264,-16.5043223,-68.1287939,140
9381264,-16.5043223,-68.1287939,141
9381264,-16.5040209,-68.1290168,142
9381264,-16.503961,-68.1290554,143
9381264,-16.5030173,-68.1296627,144
9381264,-16.5030173,-68.1296627,145
9381264,-16.503014,-68.1297015,146
9381264,-16.503024,-68.1297357,147
9381264,-16.5033828,-68.1302691,148
9381264,-16.50383,-68.1309706,149
9381264,-16.5038644,-68.131028,150
9381264,-16.5038644,-68.131028,151
9381264,-16.5039197,-68.1310816,152
9381264,-16.5039197,-68.1310816,153
9381264,-16.5039587,-68.1311392,154
9381264,-16.5040077,-68.1312096,155
9381264,-16.5040077,-68.1312096,156
9381264,-16.504023,-68.1312363,157
9381264,-16.504023,-68.1312363,158
9381264,-16.5040387,-68.1312584,159
9381264,-16.5040387,-68.1312584,160
9381264,-16.5041186,-68.1313255,161
9381264,-16.5041186,-68.1313255,162
9381264,-16.5041663,-68.1313465,163
9381264,-16.5041663,-68.1313465,164
9381264,-16.5041988,-68.1313526,165
9381264,-16.5041988,-68.1313526,166
9381264,-16.5042915,-68.1313925,167
9381264,-16.5043816,-68.1314427,168
9381264,-16.5045406,-68.1315027,169
9381264,-16.5048392,-68.1316168,170
9381264,-16.5052675,-68.1318252,171
9381264,-16.4957647,-68.1164688,172
9381264,-16.4957806,-68.1167711,173
9381264,-16.4958063,-68.116897,174
9381264,-16.4955348,-68.1154934,175
9381264,-16.4955637,-68.1156236,176
9381264,-16.4956055,-68.1158372,177
9381264,-16.4957647,-68.1164688,178
9381264,-16.4955348,-68.1154934,179
9381264,-16.4955502,-68.1154825,180
9381264,-16.4955614,-68.115467,181
9381264,-16.4955672,-68.1154485,182
9381264,-16.495567,-68.1154291,183
9381264,-16.4955606,-68.1154106,184
9381264,-16.4955489,-68.1153952,185
9381264,-16.495533,-68.1153847,186
9381264,-16.4955147,-68.1153802,187
9381264,-16.495496,-68.1153822,188
9381264,-16.4954789,-68.1153904,189
9381264,-16.4954695,-68.1153997,190
9381264,-16.4954695,-68.1153997,191
9381264,-16.4954567,-68.1154215,192
9381264,-16.495454,-68.1154409,193
9381264,-16.4954576,-68.1154602,194
9381264,-16.4954669,-68.1154772,195
9381264,-16.495481,-68.11549,196
9381264,-16.4954982,-68.1154973,197
9381264,-16.4955168,-68.1154985,198
9381264,-16.4955348,-68.1154934,199
9381264,-16.5020252,-68.1286449,200
9381264,-16.5020936,-68.1287045,201
9381264,-16.5021324,-68.1287352,202
9381264,-16.502185,-68.1287719,203
9381264,-16.502223,-68.1288045,204
9381264,-16.5022023,-68.1246782,205
9381264,-16.5022724,-68.1248508,206
9381264,-16.5023347,-68.1250456,207
9381264,-16.5023621,-68.1251312,208
9381264,-16.5023955,-68.1252357,209
9381264,-16.5024141,-68.1253838,210
9381264,-16.5023865,-68.1256759,211
9381264,-16.5023842,-68.1259079,212
9381264,-16.5023449,-68.1261439,213
9381264,-16.5022652,-68.1264429,214
9381264,-16.5022111,-68.1266672,215
9381264,-16.5021675,-68.1268029,216
9381264,-16.5021309,-68.1269137,217
9381264,-16.5018043,-68.1277943,218
9381264,-16.5017847,-68.1279161,219
9381264,-16.5017709,-68.1280114,220
9381264,-16.5017741,-68.128116,221
9381264,-16.5017884,-68.1282545,222
9381264,-16.5018022,-68.1283232,223
9381264,-16.5018293,-68.1283957,224
9381264,-16.5018633,-68.1284721,225
9381264,-16.5019148,-68.1285397,226
9381264,-16.5020252,-68.1286449,227
9381264,-16.5018154,-68.1242209,228
9381264,-16.5019158,-68.1243034,229
9381264,-16.5020461,-68.1244276,230
9381264,-16.5021181,-68.1245183,231
9381264,-16.5021532,-68.1245785,232
9381264,-16.5022023,-68.1246782,233
9381264,-16.5015511,-68.1229073,234
9381264,-16.5015517,-68.1229245,235
9381264,-16.501556,-68.1230433,236
9381264,-16.5015707,-68.1233563,237
9381264,-16.5015746,-68.1235691,238
9381264,-16.5015903,-68.1238094,239
9381264,-16.501608,-68.1239148,240
9381264,-16.501657,-68.1240478,241
9381264,-16.5017188,-68.1241449,242
9381264,-16.5018154,-68.1242209,243
9381264,-16.5014694,-68.1211004,244
9381264,-16.5014773,-68.1212878,245
9381264,-16.501506,-68.1219462,246
9381264,-16.5015351,-68.1225313,247
9381264,-16.5015511,-68.1229073,248
9381264,-16.5014684,-68.1210483,249
9381264,-16.5014694,-68.1211004,250
9381264,-16.5014636,-68.1209126,251
9381264,-16.5014684,-68.1210483,252
9381264,-16.5013741,-68.1191319,253
9381264,-16.5013846,-68.1192381,254
9381264,-16.5014193,-68.1200354,255
9381264,-16.5014636,-68.1209126,256
9381264,-16.4998616,-68.1183769,257
9381264,-16.4999545,-68.1184188,258
9381264,-16.5003403,-68.1186099,259
9381264,-16.5006401,-68.1187631,260
9381264,-16.5009479,-68.1189217,261
9381264,-16.5013741,-68.1191319,262
9381264,-16.4987206,-68.1184595,263
9381264,-16.4991078,-68.1184219,264
9381264,-16.4996132,-68.1183935,265
9381264,-16.4998616,-68.1183769,266
9381264,-16.4986073,-68.1184791,267
9381264,-16.4987206,-68.1184595,268
9381264,-16.4973171,-68.1193009,269
9381264,-16.4978714,-68.1189478,270
9381264,-16.4982449,-68.1187081,271
9381264,-16.4986073,-68.1184791,272
9381264,-16.496118,-68.1183113,273
9381264,-16.4961268,-68.1183269,274
9381264,-16.4961974,-68.118462,275
9381264,-16.4962622,-68.1185188,276
9381264,-16.4963257,-68.1185475,277
9381264,-16.4964247,-68.1185656,278
9381264,-16.4967192,-68.1185482,279
9381264,-16.4968014,-68.118547,280
9381264,-16.4969236,-68.118563,281
9381264,-16.49698,-68.1185992,282
9381264,-16.4970144,-68.1186387,283
9381264,-16.4973171,-68.1193009,284
9381264,-16.4960723,-68.1182041,285
9381264,-16.496118,-68.1183113,286
9381264,-16.4960657,-68.1181887,287
9381264,-16.4960723,-68.1182041,288
9381264,-16.495916,-68.1180781,289
9381264,-16.4959762,-68.118098,290
9381264,-16.4960277,-68.118136,291
9381264,-16.4960657,-68.1181887,292
9381264,-16.4950416,-68.1184568,293
9381264,-16.4956189,-68.1181312,294
9381264,-16.4956997,-68.1181086,295
9381264,-16.4958057,-68.1180989,296
9381264,-16.495916,-68.1180781,297
9381264,-16.4947588,-68.1185418,298
9381264,-16.4949184,-68.1185133,299
9381264,-16.4950416,-68.1184568,300
9381264,-16.4946487,-68.1185131,301
9381264,-16.4946713,-68.1185342,302
9381264,-16.4946991,-68.1185467,303
9381264,-16.4947293,-68.1185493,304
9381264,-16.4947588,-68.1185418,305
9381264,-16.494633,-68.1184193,306
9381264,-16.4946279,-68.1184518,307
9381264,-16.4946333,-68.1184843,308
9381264,-16.4946487,-68.1185131,309
9381264,-16.4947301,-68.1183535,310
9381264,-16.4946992,-68.1183561,311
9381264,-16.4946707,-68.118369,312
9381264,-16.4946479,-68.1183909,313
9381264,-16.494633,-68.1184193,314
9381264,-16.4948635,-68.118286,315
9381264,-16.4947301,-68.1183535,316
9381264,-16.4958446,-68.1170582,317
9381264,-16.4955328,-68.1177554,318
9381264,-16.4954543,-68.1178737,319
9381264,-16.4953861,-68.117945,320
9381264,-16.4953283,-68.1179896,321
9381264,-16.4950365,-68.1181405,322
9381264,-16.4949618,-68.1181875,323
9381264,-16.4948635,-68.118286,324
9381264,-16.4958063,-68.116897,325
9381264,-16.4958282,-68.1169674,326
9381264,-16.4958381,-68.1170093,327
9381264,-16.4958446,-68.1170582,328
9381264,-16.495567,-68.1154291,329
9381264,-16.4959253,-68.1155441,330
9381264,-16.4961698,-68.1156276,331
9381264,-16.4962744,-68.1156799,332
9381264,-16.4963162,-68.1157286,333
9381264,-16.4963563,-68.1157808,334
9381264,-16.4966327,-68.1162345,335
9381264,-16.496704,-68.1163611,336
9381264,-16.4973316,-68.1160443,337
9381264,-16.4972482,-68.1161048,338
9381264,-16.4971662,-68.116149,339
9381264,-16.4967705,-68.1163313,340
9381264,-16.496704,-68.1163611,341
9381264,-16.4976224,-68.1157195,342
9381264,-16.4973316,-68.1160443,343
9381264,-16.4977635,-68.1155387,344
9381264,-16.4977298,-68.1155189,345
9381264,-16.4976918,-68.1155123,346
9381264,-16.4976539,-68.1155195,347
9381264,-16.4976205,-68.1155397,348
9381264,-16.4975955,-68.1155711,349
9381264,-16.4975824,-68.1156096,350
9381264,-16.4975828,-68.1156505,351
9381264,-16.4975967,-68.1156887,352
9381264,-16.4976224,-68.1157195,353
9381264,-16.4977635,-68.1155387,354
9381264,-16.4978416,-68.1154364,355
9381264,-16.4978751,-68.1153345,356
9381264,-16.4978943,-68.1151535,357
9381264,-16.4978713,-68.1148778,358
9381264,-16.4978941,-68.1146855,359
9381264,-16.4979532,-68.1145556,360
9381264,-16.4981208,-68.1142985,361
9381264,-16.4982998,-68.1140375,362
9381264,-16.4983577,-68.1139655,363
9381264,-16.4984696,-68.1138643,364
9381264,-16.4985471,-68.1138026,365
9381264,-16.4986367,-68.1137343,366
9381264,-16.4988268,-68.1136162,367
9381264,-16.4991809,-68.1134541,368
9381264,-16.4992377,-68.1134281,369
9381264,-16.4995297,-68.1133113,370
9381264,-16.4999035,-68.1131181,371
9381264,-16.5000398,-68.1130551,372
9381264,-16.5001247,-68.1129612,373
9381264,-16.5001864,-68.1128714,374
9381264,-16.500234,-68.1127386,375
9381264,-16.500261,-68.1126367,376
9381264,-16.500261,-68.1126367,377
9381264,-16.5002919,-68.1124046,378
9381264,-16.5003034,-68.1121297,379
9381264,-16.5002932,-68.1119004,380
9381264,-16.50027,-68.1117368,381
9381264,-16.5002173,-68.1115557,382
9381264,-16.49908,-68.1123114,383
9381264,-16.4991082,-68.1123027,384
9381264,-16.4991262,-68.112295,385
9381264,-16.4991373,-68.1122805,386
9381264,-16.4991871,-68.1120178,387
9381264,-16.4992497,-68.1116563,388
9381264,-16.4992619,-68.1116161,389
9381264,-16.4992855,-68.111579,390
9381264,-16.4993191,-68.1115638,391
9381264,-16.4994028,-68.111554,392
9381264,-16.4995591,-68.1115394,393
9381264,-16.4997415,-68.1115265,394
9381264,-16.5001025,-68.1115394,395
9381264,-16.5002173,-68.1115557,396
9381264,-16.49908,-68.1123114,397
9381264,-16.4990453,-68.112308,398
9381264,-16.4988195,-68.1122249,399
9381264,-16.4987927,-68.1121992,400
9381264,-16.4985681,-68.1119976,401
9381264,-16.4985058,-68.1119259,402
9381264,-16.4984466,-68.1118307,403
9381264,-16.4982396,-68.1113901,404
9381264,-16.4982062,-68.111311,405
9381264,-16.4982062,-68.111311,406
9381264,-16.498143,-68.1113612,407
9381264,-16.4980576,-68.1114538,408
9381264,-16.4980576,-68.1114538,409
9381264,-16.4980277,-68.1114918,410
9381264,-16.4978982,-68.1116059,411
9381264,-16.4978375,-68.1116197,412
9381264,-16.4977795,-68.1116214,413
9381264,-16.4977162,-68.1116121,414
9381264,-16.497654,-68.1115759,415
9381264,-16.4974479,-68.1113876,416
9381264,-16.4973417,-68.1113149,417
9381264,-16.4972896,-68.1113085,418
9381264,-16.4970772,-68.1113433,419
9381264,-16.4969068,-68.111381,420
9381264,-16.4967546,-68.1113966,421
9382420,-16.4992925,-68.1434815,0
9382420,-16.4995439,-68.1440227,1
9382420,-16.499692,-68.14437,2
9382420,-16.4997263,-68.1444466,3
9382420,-16.4997428,-68.144502,4
9382420,-16.4997531,-68.1445697,5
9382420,-16.499755,-68.1446381,6
9382420,-16.4997479,-68.1446964,7
9382420,-16.4997353,-68.1447658,8
9382420,-16.4997121,-68.1448302,9
9382420,-16.4992925,-68.1434815,10
9382420,-16.4996483,-68.143292,11
9382420,-16.5000287,-68.1430904,12
9382420,-16.5007559,-68.1427306,13
9382420,-16.5007559,-68.1427306,14
9382420,-16.5004063,-68.1419716,15
9382420,-16.5004063,-68.1419716,16
9382420,-16.5000674,-68.141317,17
9382420,-16.4999331,-68.1412483,18
9382420,-16.4999499,-68.1412773,19
9382420,-16.4999739,-68.1413002,20
9382420,-16.5000031,-68.1413151,21
9382420,-16.5000351,-68.1413209,22
9382420,-16.5000674,-68.141317,23
9382420,-16.4999414,-68.1411384,24
9382420,-16.4999272,-68.1411734,25
9382420,-16.4999243,-68.1412114,26
9382420,-16.4999331,-68.1412483,27
9382420,-16.4999414,-68.1411384,28
9382420,-16.4998557,-68.1410975,29
9382420,-16.4995541,-68.1409535,30
9382420,-16.4993761,-68.1406813,31
9382420,-16.4991318,-68.1403079,32
9382420,-16.4991318,-68.1403079,33
9382420,-16.4989139,-68.1400101,34
9382420,-16.4988325,-68.1398989,35
9382420,-16.498747,-68.1397487,36
9382420,-16.4986704,-68.1396617,37
9382420,-16.4986339,-68.1396168,38
9382420,-16.4984418,-68.1394551,39
9382420,-16.4981953,-68.1393114,40
9382420,-16.4980961,-68.1392746,41
9382420,-16.4980961,-68.1392746,42
9382420,-16.4977434,-68.1388532,43
9382420,-16.4975756,-68.1386469,44
9382420,-16.4973903,-68.1383779,45
9382420,-16.4972672,-68.1382101,46
9382420,-16.4969467,-68.1377733,47
9382420,-16.4969467,-68.1377733,48
9382420,-16.4975133,-68.137338,49
9382420,-16.4977918,-68.1371863,50
9382420,-16.4980876,-68.1370346,51
9382420,-16.4980876,-68.1370346,52
9382420,-16.4982981,-68.1369287,53
9382420,-16.498944,-68.1365999,54
9382420,-16.4992671,-68.1364075,55
9382420,-16.4995959,-68.1361946,56
9382420,-16.4995959,-68.1361946,57
9382420,-16.4989191,-68.1351898,58
9382420,-16.4989191,-68.1351898,59
9382420,-16.4987961,-68.1351005,60
9382420,-16.4987961,-68.1351005,61
9382420,-16.4985261,-68.1348856,62
9382420,-16.4985261,-68.1348856,63
9382420,-16.497783,-68.1344163,64
9382420,-16.4977522,-68.1343949,65
9382420,-16.4976358,-68.1343143,66
9382420,-16.4976358,-68.1343143,67
9382420,-16.4975862,-68.13428,68
9382420,-16.4974234,-68.1341768,69
9382420,-16.4972755,-68.1340853,70
9382420,-16.4969219,-68.1338728,71
9382420,-16.4969219,-68.1338728,72
9382420,-16.4973784,-68.1331382,73
9382420,-16.4973784,-68.1331382,74
9382420,-16.4978339,-68.1324068,75
9382420,-16.4978339,-68.1324068,76
9382420,-16.4971209,-68.1319115,77
9382420,-16.4971209,-68.1319115,78
9382420,-16.4964466,-68.1314402,79
9382420,-16.4964466,-68.1314402,80
9382420,-16.4961107,-68.1311694,81
9382420,-16.4960758,-68.131117,82
9382420,-16.4960737,-68.1310545,83
9382420,-16.4960846,-68.1310027,84
9382420,-16.4960966,-68.130838,85
9382420,-16.4961063,-68.1307462,86
9382420,-16.4960713,-68.1306921,87
9382420,-16.4960266,-68.1306832,88
9382420,-16.4959015,-68.130733,89
9382420,-16.4959015,-68.130733,90
9382420,-16.4958565,-68.1308175,91
9382420,-16.4958565,-68.1308175,92
9382420,-16.4957944,-68.1309177,93
9382420,-16.4953977,-68.131628,94
9382420,-16.4953295,-68.131729,95
9382420,-16.4948776,-68.1324761,96
9382420,-16.4948776,-68.1324761,97
9382420,-16.4942059,-68.1319939,98
9382420,-16.4942059,-68.1319939,99
9382420,-16.4935319,-68.1315771,100
9382420,-16.4906826,-68.125805,101
9382420,-16.4905921,-68.1257197,102
9382420,-16.49045,-68.1256325,103
9382420,-16.4903854,-68.1256194,104
9382420,-16.4902361,-68.1256051,105
9382420,-16.4900779,-68.1256226,106
9382420,-16.4898376,-68.1256713,107
9382420,-16.4894815,-68.1256839,108
9382420,-16.489428,-68.1256789,109
9382420,-16.4894143,-68.1256776,110
9382420,-16.4893264,-68.1256612,111
9382420,-16.4892553,-68.1256258,112
9382420,-16.4891896,-68.1255627,113
9382420,-16.494211,-68.1272265,114
9382420,-16.4939678,-68.1270589,115
9382420,-16.4938328,-68.126961,116
9382420,-16.4935465,-68.1267678,117
9382420,-16.4934685,-68.1267271,118
9382420,-16.4933941,-68.1266884,119
9382420,-16.4932881,-68.1266969,120
9382420,-16.493221,-68.126702,121
9382420,-16.4931524,-68.1267084,122
9382420,-16.4929874,-68.1267466,123
9382420,-16.4928088,-68.1267643,124
9382420,-16.4926481,-68.1267539,125
9382420,-16.4922325,-68.1266763,126
9382420,-16.4919559,-68.1265976,127
9382420,-16.4919029,-68.1265739,128
9382420,-16.4918963,-68.126571,129
9382420,-16.4917241,-68.1264959,130
9382420,-16.4914798,-68.1263475,131
9382420,-16.4913056,-68.1262432,132
9382420,-16.4911048,-68.1261178,133
9382420,-16.4907073,-68.1258283,134
9382420,-16.4906826,-68.125805,135
9382420,-16.4958442,-68.1273557,136
9382420,-16.4958271,-68.12746,137
9382420,-16.4958075,-68.1275831,138
9382420,-16.4957811,-68.127677,139
9382420,-16.4957387,-68.1277266,140
9382420,-16.4956739,-68.1277668,141
9382420,-16.4955708,-68.1277946,142
9382420,-16.4954296,-68.1277905,143
9382420,-16.4952732,-68.1277657,144
9382420,-16.4950015,-68.1276989,145
9382420,-16.4946112,-68.1276467,146
9382420,-16.4945505,-68.127647,147
9382420,-16.4945136,-68.1276501,148
9382420,-16.4944561,-68.1276129,149
9382420,-16.4943826,-68.127494,150
9382420,-16.4943169,-68.1273853,151
9382420,-16.4942625,-68.1272816,152
9382420,-16.4942228,-68.1272359,153
9382420,-16.494211,-68.1272265,154
9382420,-16.4941825,-68.1305748,155
9382420,-16.4942188,-68.1303618,156
9382420,-16.4942727,-68.1301165,157
9382420,-16.4943696,-68.1298227,158
9382420,-16.494515,-68.129576,159
9382420,-16.4946354,-68.1293603,160
9382420,-16.4947415,-68.1291365,161
9382420,-16.4948026,-68.1289188,162
9382420,-16.4948808,-68.1287425,163
9382420,-16.4949732,-68.128642,164
9382420,-16.4951676,-68.1284469,165
9382420,-16.4953611,-68.128242,166
9382420,-16.4957429,-68.127923,167
9382420,-16.4958386,-68.1278486,168
9382420,-16.4958681,-68.1278133,169
9382420,-16.4959187,-68.1277318,170
9382420,-16.4959226,-68.1276326,171
9382420,-16.495931,-68.1275093,172
9382420,-16.4959116,-68.1274279,173
9382420,-16.4958801,-68.1273774,174
9382420,-16.4958442,-68.1273557,175
9382420,-16.4941281,-68.1307102,176
9382420,-16.4941825,-68.1305748,177
9382420,-16.4939391,-68.1313425,178
9382420,-16.494021,-68.13101,179
9382420,-16.4941281,-68.1307102,180
9382420,-16.4939391,-68.1313425,181
9382420,-16.4939271,-68.131396,182
9416597,-16.5040387,-68.1312584,0
9416597,-16.5041186,-68.1313255,1
9416597,-16.4921187,-68.1379684,2
9416597,-16.4922436,-68.1378407,3
9416597,-16.492363,-68.137732,4
9416597,-16.4925377,-68.1375886,5
9416597,-16.4926995,-68.1374902,6
9416597,-16.4929478,-68.1373884,7
9416597,-16.4930461,-68.1373525,8
9416597,-16.4932862,-68.1372729,9
9416597,-16.4936373,-68.1371775,10
9416597,-16.4938771,-68.1370783,11
9416597,-16.4942902,-68.1369246,12
9416597,-16.4942902,-68.1369246,13
9416597,-16.4948225,-68.1368767,14
9416597,-16.4954481,-68.1368649,15
9416597,-16.4954481,-68.1368649,16
9416597,-16.4959095,-68.1368266,17
9416597,-16.4959095,-68.1368266,18
9416597,-16.4960465,-68.136808,19
9416597,-16.4961256,-68.1367835,20
9416597,-16.4962147,-68.1367471,21
9416597,-16.4963356,-68.1366953,22
9416597,-16.4963356,-68.1366953,23
9416597,-16.4976444,-68.1361282,24
9416597,-16.4976864,-68.1361125,25
9416597,-16.4976864,-68.1361125,26
9416597,-16.4978679,-68.1359968,27
9416597,-16.4981644,-68.1357465,28
9416597,-16.4982332,-68.1357138,29
9416597,-16.4987906,-68.135288,30
9416597,-16.4989191,-68.1351898,31
9416597,-16.4989191,-68.1351898,32
9416597,-16.4989819,-68.1351404,33
9416597,-16.4993229,-68.1348825,34
9416597,-16.4996052,-68.1346686,35
9416597,-16.4996743,-68.1346112,36
9416597,-16.4996743,-68.1346112,37
9416597,-16.5003216,-68.1341132,38
9416597,-16.5003917,-68.1340543,39
9416597,-16.5003917,-68.1340543,40
9416597,-16.50044,-68.1340074,41
9416597,-16.5007893,-68.1336181,42
9416597,-16.5009542,-68.1334111,43
9416597,-16.501031,-68.1333353,44
9416597,-16.5011969,-68.1332029,45
9416597,-16.5013255,-68.1331125,46
9416597,-16.5017309,-68.1328379,47
9416597,-16.501792,-68.1327973,48
9416597,-16.5023016,-68.1324292,49
9416597,-16.5023786,-68.1323705,50
9416597,-16.5027492,-68.1321016,51
9416597,-16.5033203,-68.131697,52
9416597,-16.503877,-68.131307,53
9416597,-16.5039122,-68.1312882,54
9416597,-16.5039297,-68.1312803,55
9416597,-16.5039918,-68.1312672,56
9416597,-16.5040387,-68.1312584,57
9416597,-16.5041186,-68.1313255,58
9416597,-16.5041663,-68.1313465,59
9416597,-16.5041663,-68.1313465,60
9416597,-16.5041988,-68.1313526,61
9416597,-16.5041988,-68.1313526,62
9416597,-16.5042838,-68.1313564,63
9416597,-16.5043301,-68.1313402,64
9416597,-16.5043648,-68.1313115,65
9416597,-16.5043648,-68.1313115,66
9416597,-16.5043867,-68.1312833,67
9416597,-16.5043978,-68.1312429,68
9416597,-16.5043999,-68.1311899,69
9423331,-16.4943497,-68.1482537,0
9423331,-16.4950256,-68.147952,1
9423331,-16.4951297,-68.1479058,2
9423331,-16.4952314,-68.1478624,3
9423331,-16.4955913,-68.1476959,4
9423331,-16.4935535,-68.1485754,5
9423331,-16.4936295,-68.1485224,6
9423331,-16.4940848,-68.148357,7
9423331,-16.4943497,-68.1482537,8
9423331,-16.4935238,-68.1485161,9
9423331,-16.4934973,-68.1484978,10
9423331,-16.4934666,-68.1484897,11
9423331,-16.493435,-68.1484924,12
9423331,-16.4934059,-68.1485058,13
9423331,-16.4933827,-68.1485284,14
9423331,-16.4933678,-68.1485576,15
9423331,-16.493363,-68.1485855,16
9423331,-16.4933658,-68.1486136,17
9423331,-16.4933771,-68.1486414,18
9423331,-16.4933958,-68.1486645,19
9423331,-16.4934203,-68.1486807,20
9423331,-16.4934483,-68.1486884,21
9423331,-16.4934773,-68.1486871,22
9423331,-16.4935045,-68.1486768,23
9423331,-16.4935275,-68.1486586,24
9423331,-16.4935442,-68.1486341,25
9423331,-16.4935531,-68.1486055,26
9423331,-16.4935535,-68.1485754,27
9423331,-16.4935535,-68.1485754,28
9423331,-16.4935436,-68.1485431,29
9423331,-16.4935238,-68.1485161,30
9423331,-16.4935238,-68.1485161,31
9423331,-16.4934896,-68.1483542,32
9423331,-16.4934549,-68.1481796,33
9423331,-16.4933751,-68.1477643,34
9423331,-16.4933751,-68.1477643,35
9423331,-16.4933365,-68.1475374,36
9423331,-16.4932494,-68.1471947,37
9423331,-16.4931285,-68.1468272,38
9423331,-16.4930862,-68.1466986,39
9423331,-16.4932053,-68.144739,40
9423331,-16.4930013,-68.1450711,41
9423331,-16.492886,-68.1453036,42
9423331,-16.4928227,-68.1454936,43
9423331,-16.4928036,-68.1456342,44
9423331,-16.4928036,-68.1457561,45
9423331,-16.4928369,-68.1459595,46
9423331,-16.4928906,-68.1461659,47
9423331,-16.493011,-68.1465458,48
9423331,-16.4930862,-68.1466986,49
9423331,-16.4933502,-68.1444686,50
9423331,-16.4932053,-68.144739,51
9423331,-16.4933616,-68.142506,52
9423331,-16.4933348,-68.1426141,53
9423331,-16.4933081,-68.1427356,54
9423331,-16.4932792,-68.1429308,55
9423331,-16.4932642,-68.1430703,56
9423331,-16.4932694,-68.1432508,57
9423331,-16.4933432,-68.1438266,58
9423331,-16.4933503,-68.1441322,59
9423331,-16.4933502,-68.1444686,60
9423331,-16.4938656,-68.140955,61
9423331,-16.4936151,-68.1417181,62
9423331,-16.4935395,-68.1419258,63
9423331,-16.4933616,-68.142506,64
9423331,-16.4938656,-68.140955,65
9423331,-16.4939044,-68.1409525,66
9423331,-16.4939415,-68.1409404,67
9423331,-16.4939747,-68.1409194,68
9423331,-16.4939747,-68.1409194,69
9423331,-16.4940113,-68.1408774,70
9423331,-16.4940326,-68.1408252,71
9423331,-16.494036,-68.1407685,72
9423331,-16.4940213,-68.1407139,73
9423331,-16.4940213,-68.1407139,74
9423331,-16.4939925,-68.1406701,75
9423331,-16.493952,-68.1406378,76
9423331,-16.493904,-68.1406202,77
9423331,-16.493853,-68.140619,78
9423331,-16.4938043,-68.1406343,79
9423331,-16.4938043,-68.1406343,80
9423331,-16.4937916,-68.1405472,81
9423331,-16.4937898,-68.1405055,82
9423331,-16.4937904,-68.1404766,83
9423331,-16.4937968,-68.140368,84
9423331,-16.4938302,-68.1396938,85
9423331,-16.4938302,-68.1396938,86
9423331,-16.4946185,-68.1390242,87
9423331,-16.4950217,-68.1387443,88
9423331,-16.495059,-68.1387231,89
9423331,-16.4956955,-68.1383617,90
9423331,-16.4956955,-68.1383617,91
9423331,-16.4961123,-68.1381744,92
9423331,-16.4961997,-68.1381351,93
9423331,-16.4969467,-68.1377733,94
9423331,-16.4969467,-68.1377733,95
9423331,-16.4975133,-68.137338,96
9423331,-16.4977918,-68.1371863,97
9423331,-16.4980876,-68.1370346,98
9423331,-16.4980876,-68.1370346,99
9423331,-16.4982981,-68.1369287,100
9423331,-16.498944,-68.1365999,101
9423331,-16.4992671,-68.1364075,102
9423331,-16.4995959,-68.1361946,103
9423331,-16.4995959,-68.1361946,104
9423331,-16.4989191,-68.1351898,105
9423331,-16.4989191,-68.1351898,106
9423331,-16.4987961,-68.1351005,107
9423331,-16.4987961,-68.1351005,108
9423331,-16.4985261,-68.1348856,109
9423331,-16.498905,-68.1341239,110
9423331,-16.4987067,-68.1345338,111
9423331,-16.4985261,-68.1348856,112
9423331,-16.4992934,-68.1333441,113
9423331,-16.4991844,-68.1335629,114
9423331,-16.498905,-68.1341239,115
9423331,-16.4999544,-68.131956,116
9423331,-16.4992934,-68.1333441,117
9423331,-16.4999544,-68.131956,118
9423331,-16.4999932,-68.1318753,119
9423331,-16.4999932,-68.1318753,120
9423331,-16.5001953,-68.1314501,121
9423331,-16.5001953,-68.1314501,122
9423331,-16.5004295,-68.1309588,123
9423331,-16.500599,-68.1306831,124
9423331,-16.5006687,-68.1305698,125
9423331,-16.5007182,-68.1304683,126
9423331,-16.5007267,-68.1303858,127
9423331,-16.5007324,-68.1303302,128
9423331,-16.5007256,-68.1302131,129
9423331,-16.5007256,-68.1302131,130
9423331,-16.5007134,-68.1301465,131
9423331,-16.5006889,-68.1300721,132
9423331,-16.5006109,-68.1298937,133
9423331,-16.5004863,-68.1296769,134
9423331,-16.500366,-68.1294551,135
9423331,-16.5002281,-68.1288345,136
9423331,-16.5002485,-68.1290071,137
9423331,-16.5002714,-68.1291489,138
9423331,-16.5003161,-68.1293164,139
9423331,-16.500366,-68.1294551,140
9423331,-16.5002488,-68.1283128,141
9423331,-16.5002213,-68.1284127,142
9423331,-16.5002114,-68.1284671,143
9423331,-16.5002028,-68.1285724,144
9423331,-16.5002281,-68.1288345,145
9423331,-16.5002488,-68.1283128,146
9423331,-16.5003655,-68.1280338,147
9423331,-16.5004869,-68.1277449,148
9423331,-16.5005547,-68.1275817,149
9423331,-16.4998451,-68.1249445,150
9423331,-16.4999365,-68.125187,151
9423331,-16.5001339,-68.1255903,152
9423331,-16.5003293,-68.1259615,153
9423331,-16.5004453,-68.1261754,154
9423331,-16.5006044,-68.1265208,155
9423331,-16.5006883,-68.126758,156
9423331,-16.5007056,-68.1268754,157
9423331,-16.5007174,-68.1269895,158
9423331,-16.5006781,-68.1271333,159
9423331,-16.5006141,-68.1273746,160
9423331,-16.5005547,-68.1275817,161
9423331,-16.5004093,-68.1231039,162
9423331,-16.5004904,-68.1229349,163
9423331,-16.5005299,-68.1227505,164
9423331,-16.5005324,-68.1226329,165
9423331,-16.5005179,-68.1225162,166
9423331,-16.5004866,-68.1224031,167
9423331,-16.5004393,-68.1222963,168
9423331,-16.5003771,-68.1221981,169
9423331,-16.5003014,-68.1221109,170
9423331,-16.5001973,-68.1220204,171
9423331,-16.5000325,-68.1219566,172
9423331,-16.4995374,-68.1219455,173
9423331,-16.4995374,-68.1219455,174
9423331,-16.499508,-68.1219351,175
9423331,-16.4994822,-68.1219169,176
9423331,-16.499462,-68.1218923,177
9423331,-16.4994486,-68.121863,178
9423331,-16.4994139,-68.1210149,179
9423331,-16.4994199,-68.1211495,180
9423331,-16.4994227,-68.1212097,181
9423331,-16.4994294,-68.1213756,182
9423331,-16.4994486,-68.121863,183
9423331,-16.4993705,-68.1201392,184
9423331,-16.4994139,-68.1210149,185
9423331,-16.4993705,-68.1201392,186
9423331,-16.4993443,-68.1196623,187
9423331,-16.4993405,-68.1195523,188
9423331,-16.4993405,-68.1195523,189
9423331,-16.4993772,-68.1195394,190
9423331,-16.4994129,-68.1195247,191
9423331,-16.4997035,-68.1193556,192
9423331,-16.4998225,-68.1192854,193
9423331,-16.4998929,-68.119229,194
9423331,-16.4998929,-68.119229,195
9423331,-16.4998616,-68.1183769,196
9423331,-16.4998616,-68.1183769,197
9423331,-16.499863,-68.118307,198
9423331,-16.499863,-68.118307,199
9423331,-16.4996077,-68.1183152,200
9423331,-16.4991003,-68.1183528,201
9423331,-16.4987164,-68.1183871,202
9423331,-16.4987164,-68.1183871,203
9423331,-16.4986073,-68.1184791,204
9423331,-16.4973171,-68.1193009,205
9423331,-16.4978714,-68.1189478,206
9423331,-16.4982449,-68.1187081,207
9423331,-16.4986073,-68.1184791,208
9423331,-16.496118,-68.1183113,209
9423331,-16.4961268,-68.1183269,210
9423331,-16.4961974,-68.118462,211
9423331,-16.4962622,-68.1185188,212
9423331,-16.4963257,-68.1185475,213
9423331,-16.4964247,-68.1185656,214
9423331,-16.4967192,-68.1185482,215
9423331,-16.4968014,-68.118547,216
9423331,-16.4969236,-68.118563,217
9423331,-16.49698,-68.1185992,218
9423331,-16.4970144,-68.1186387,219
9423331,-16.4973171,-68.1193009,220
9423331,-16.4960723,-68.1182041,221
9423331,-16.496118,-68.1183113,222
9423331,-16.4960657,-68.1181887,223
9423331,-16.4960723,-68.1182041,224
9423331,-16.4962699,-68.1179547,225
9423331,-16.4962063,-68.1179816,226
9423331,-16.496173,-68.1179945,227
9423331,-16.4960212,-68.1180532,228
9423331,-16.495916,-68.1180781,229
9423331,-16.4993746,-68.1163986,230
9423331,-16.4992007,-68.1165203,231
9423331,-16.498983,-68.1166725,232
9423331,-16.4988521,-68.1167989,233
9423331,-16.498443,-68.1171312,234
9423331,-16.4983606,-68.1172021,235
9423331,-16.4982272,-68.117317,236
9423331,-16.4980318,-68.1174586,237
9423331,-16.4976678,-68.1175613,238
9423331,-16.4971528,-68.1176509,239
9423331,-16.4968308,-68.117744,240
9423331,-16.4965195,-68.1178554,241
9423331,-16.4962699,-68.1179547,242
9423331,-16.4994789,-68.1162535,243
9423331,-16.4994238,-68.1163434,244
9423331,-16.4993746,-68.1163986,245
9423331,-16.5008361,-68.1154958,246
9423331,-16.4998243,-68.1160157,247
9423331,-16.4996605,-68.1161194,248
9423331,-16.4995957,-68.1161736,249
9423331,-16.4994789,-68.1162535,250
9423331,-16.5010353,-68.1153801,251
9423331,-16.5008361,-68.1154958,252
9423331,-16.5010915,-68.1153565,253
9423331,-16.5010611,-68.1153625,254
9423331,-16.5010353,-68.1153801,255
9423331,-16.5010915,-68.1153565,256
9423331,-16.50112,-68.1153283,257
9423331,-16.5011817,-68.1152947,258
9423331,-16.501486,-68.1151684,259
9423331,-16.5015614,-68.1151231,260
9423331,-16.5016185,-68.1150665,261
9423331,-16.5016578,-68.1149863,262
9423331,-16.5016993,-68.1148783,263
9423331,-16.5017706,-68.1145294,264
9423331,-16.5017972,-68.1143088,265
9423331,-16.5018117,-68.1141777,266
9423331,-16.5018309,-68.1141129,267
9423331,-16.5018606,-68.1140421,268
9423331,-16.5065835,-68.111303,269
9423331,-16.5065218,-68.1113016,270
9423331,-16.5064498,-68.111309,271
9423331,-16.5064009,-68.1113237,272
9423331,-16.506037,-68.1115302,273
9423331,-16.50574,-68.1116589,274
9423331,-16.5054957,-68.1117864,275
9423331,-16.5054275,-68.1118025,276
9423331,-16.5053645,-68.1118186,277
9423331,-16.5052604,-68.1118709,278
9423331,-16.5051742,-68.1119541,279
9423331,-16.5050997,-68.1120492,280
9423331,-16.5050264,-68.1121552,281
9423331,-16.5049351,-68.1122786,282
9423331,-16.5048206,-68.1123657,283
9423331,-16.5047152,-68.1124315,284
9423331,-16.5044958,-68.1125934,285
9423331,-16.5043501,-68.1126989,286
9423331,-16.5042942,-68.1127352,287
9423331,-16.5042022,-68.1127949,288
9423331,-16.5040365,-68.1128892,289
9423331,-16.5039164,-68.1129358,290
9423331,-16.5037905,-68.1129763,291
9423331,-16.5034911,-68.1130444,292
9423331,-16.5034439,-68.1130649,293
9423331,-16.5034075,-68.1130806,294
9423331,-16.5033239,-68.1131329,295
9423331,-16.5031199,-68.1132596,296
9423331,-16.5029412,-68.1133918,297
9423331,-16.5024997,-68.1136961,298
9423331,-16.502393,-68.1137739,299
9423331,-16.5022888,-68.1138477,300
9423331,-16.5019532,-68.1139845,301
9423331,-16.5018606,-68.1140421,302
9423331,-16.5065835,-68.111303,303
9423331,-16.5066622,-68.1113586,304
9423331,-16.506685,-68.1114073,305
9423331,-16.5068187,-68.1118625,306
9423331,-16.5068435,-68.1119437,307
9423331,-16.506893,-68.1119976,308
9423331,-16.5069898,-68.11206,309
9423331,-16.5074724,-68.1123202,310
9423331,-16.5077946,-68.1124993,311
9423331,-16.5082692,-68.1127361,312
9423331,-16.5085097,-68.1116603,313
9423331,-16.5084474,-68.1119564,314
9423331,-16.5083509,-68.1124473,315
9423331,-16.5082692,-68.1127361,316
9423331,-16.5085097,-68.1116603,317
9423331,-16.5085945,-68.1114387,318
9423331,-16.5087951,-68.111104,319
9423331,-16.5106988,-68.109246,320
9423331,-16.5102636,-68.1093013,321
9423331,-16.5100938,-68.1093577,322
9423331,-16.5099624,-68.1094,323
9423331,-16.5098868,-68.109438,324
9423331,-16.5098,-68.1094753,325
9423331,-16.5095294,-68.1097814,326
9423331,-16.5094111,-68.1099799,327
9423331,-16.5089945,-68.1108034,328
9423331,-16.5088839,-68.1109938,329
9423331,-16.5087951,-68.111104,330
9423331,-16.5105906,-68.1089343,331
9423331,-16.5106494,-68.1090948,332
9423331,-16.5106988,-68.109246,333
9423331,-16.509502,-68.1086846,334
9423331,-16.5099236,-68.1089439,335
9423331,-16.5100633,-68.1089955,336
9423331,-16.5101813,-68.1090058,337
9423331,-16.5103145,-68.1089982,338
9423331,-16.5105906,-68.1089343,339
9423331,-16.510704,-68.106068,340
9423331,-16.5106574,-68.1061347,341
9423331,-16.5105847,-68.1061863,342
9423331,-16.5105201,-68.1062225,343
9423331,-16.5103883,-68.1062734,344
9423331,-16.51025,-68.1063113,345
9423331,-16.5101708,-68.1063581,346
9423331,-16.510126,-68.1064064,347
9423331,-16.5100397,-68.1065911,348
9423331,-16.5100133,-68.1066622,349
9423331,-16.5098787,-68.1071075,350
9423331,-16.5098418,-68.107209,351
9423331,-16.5098466,-68.1072676,352
9423331,-16.509864,-68.1073016,353
9423331,-16.509898,-68.1073392,354
9423331,-16.5099576,-68.1073812,355
9423331,-16.510036,-68.107459,356
9423331,-16.510074,-68.1075069,357
9423331,-16.5100893,-68.1075433,358
9423331,-16.5100922,-68.1075846,359
9423331,-16.5100817,-68.1076452,360
9423331,-16.5100084,-68.1078191,361
9423331,-16.5098235,-68.1081655,362
9423331,-16.509773,-68.1082995,363
9423331,-16.5097226,-68.1084143,364
9423331,-16.5095987,-68.1085276,365
9423331,-16.509502,-68.1086846,366
9423331,-16.5118023,-68.1029689,367
9423331,-16.5114458,-68.103436,368
9423331,-16.5113797,-68.1035303,369
9423331,-16.5113401,-68.1036519,370
9423331,-16.5113061,-68.1038068,371
9423331,-16.5112194,-68.1042207,372
9423331,-16.5111695,-68.1044711,373
9423331,-16.5111237,-68.104707,374
9423331,-16.5110654,-68.1048459,375
9423331,-16.5109978,-68.1049713,376
9423331,-16.510959,-68.1050157,377
9423331,-16.5108987,-68.1050571,378
9423331,-16.5107771,-68.1050867,379
9423331,-16.5106442,-68.105103,380
9423331,-16.510598,-68.105127,381
9423331,-16.5105735,-68.1051529,382
9423331,-16.5105575,-68.1052028,383
9423331,-16.5105347,-68.1052769,384
9423331,-16.5105259,-68.1053678,385
9423331,-16.5105255,-68.1054448,386
9423331,-16.5105332,-68.1055307,387
9423331,-16.5105637,-68.1056296,388
9423331,-16.5106059,-68.1056957,389
9423331,-16.5106668,-68.105766,390
9423331,-16.5107133,-68.1058579,391
9423331,-16.5107202,-68.1059608,392
9423331,-16.510704,-68.106068,393
9423331,-16.5094526,-68.1007765,394
9423331,-16.5097312,-68.1011812,395
9423331,-16.5098062,-68.1013177,396
9423331,-16.5098314,-68.1013792,397
9423331,-16.5098386,-68.1014997,398
9423331,-16.5098213,-68.1020884,399
9423331,-16.5098324,-68.102192,400
9423331,-16.5098516,-68.1022778,401
9423331,-16.5099316,-68.102368,402
9423331,-16.5100419,-68.1024335,403
9423331,-16.5105673,-68.1026274,404
9423331,-16.5108031,-68.1026928,405
9423331,-16.5110539,-68.1027222,406
9423331,-16.5115394,-68.1027471,407
9423331,-16.511743,-68.1027551,408
9423331,-16.5117965,-68.1027717,409
9423331,-16.5118201,-68.1027956,410
9423331,-16.5118353,-68.1028231,411
9423331,-16.5118429,-68.1028803,412
9423331,-16.5118023,-68.1029689,413
9423331,-16.5088475,-68.0987197,414
9423331,-16.5088478,-68.0988482,415
9423331,-16.5088766,-68.0997449,416
9423331,-16.5088938,-68.0998551,417
9423331,-16.5089184,-68.0999549,418
9423331,-16.5089654,-68.1000525,419
9423331,-16.5090034,-68.1001241,420
9423331,-16.5093882,-68.100683,421
9423331,-16.5094526,-68.1007765,422
9423331,-16.5117931,-68.0985161,423
9423331,-16.5113494,-68.098667,424
9423331,-16.5111843,-68.0987177,425
9423331,-16.5110816,-68.0987321,426
9423331,-16.5110165,-68.0987385,427
9423331,-16.5109826,-68.0987318,428
9423331,-16.5109574,-68.0987198,429
9423331,-16.5109353,-68.0986979,430
9423331,-16.5109161,-68.0986628,431
9423331,-16.5109079,-68.0986387,432
9423331,-16.5109025,-68.0986067,433
9423331,-16.5109029,-68.0985706,434
9423331,-16.5109089,-68.0985412,435
9423331,-16.5109317,-68.0984992,436
9423331,-16.5109708,-68.0984584,437
9423331,-16.511073,-68.0983669,438
9423331,-16.5113557,-68.0981567,439
9423331,-16.511796,-68.0978555,440
9423331,-16.5118291,-68.0978185,441
9423331,-16.5118537,-68.0977819,442
9423331,-16.5118721,-68.0977395,443
9423331,-16.5118766,-68.097712,444
9423331,-16.5118748,-68.0976775,445
9423331,-16.5118652,-68.097643,446
9423331,-16.5118549,-68.0976141,447
9423331,-16.5118324,-68.0975819,448
9423331,-16.5118083,-68.0975549,449
9423331,-16.5117678,-68.0975185,450
9423331,-16.511708,-68.0974881,451
9423331,-16.5116497,-68.0974781,452
9423331,-16.5114948,-68.0975201,453
9423331,-16.511189,-68.0975518,454
9423331,-16.5108226,-68.0976706,455
9423331,-16.510377,-68.0978208,456
9423331,-16.5097342,-68.098175,457
9423331,-16.509377,-68.0984025,458
9423331,-16.5088475,-68.0987197,459
9423392,-16.4897885,-68.1675062,0
9423392,-16.4896768,-68.1675921,1
9423392,-16.4895539,-68.1676692,2
9423392,-16.4894574,-68.1677117,3
9423392,-16.4893722,-68.1677248,4
9423392,-16.489223,-68.1677056,5
9423392,-16.4891016,-68.167662,6
9423392,-16.4890054,-68.1676213,7
9423392,-16.4888412,-68.1675223,8
9423392,-16.4883691,-68.1672285,9
9423392,-16.4882598,-68.1671641,10
9423392,-16.4881161,-68.1670844,11
9423392,-16.4880313,-68.1670481,12
9423392,-16.4878946,-68.1670111,13
9423392,-16.4906506,-68.1668984,14
9423392,-16.4897885,-68.1675062,15
9423392,-16.4911088,-68.1664711,16
9423392,-16.4906506,-68.1668984,17
9423392,-16.4928877,-68.1646219,18
9423392,-16.4929134,-68.164678,19
9423392,-16.4929293,-68.1647318,20
9423392,-16.4929298,-68.1647719,21
9423392,-16.4929047,-68.1648721,22
9423392,-16.492855,-68.1649497,23
9423392,-16.4927224,-68.1650815,24
9423392,-16.492575,-68.1652306,25
9423392,-16.4925283,-68.1652715,26
9423392,-16.4924609,-68.1653095,27
9423392,-16.4923886,-68.1653293,28
9423392,-16.4922449,-68.1653635,29
9423392,-16.4920332,-68.1654242,30
9423392,-16.4918754,-68.1655016,31
9423392,-16.4918085,-68.1655416,32
9423392,-16.4917089,-68.1656011,33
9423392,-16.4914239,-68.1657998,34
9423392,-16.4913386,-68.1658881,35
9423392,-16.4913043,-68.1659403,36
9423392,-16.4912949,-68.1659588,37
9423392,-16.4912828,-68.1659935,38
9423392,-16.491276,-68.1660324,39
9423392,-16.4912697,-68.1661338,40
9423392,-16.4912544,-68.166236,41
9423392,-16.49124,-68.1662849,42
9423392,-16.4912059,-68.1663579,43
9423392,-16.4911817,-68.1663946,44
9423392,-16.4911088,-68.1664711,45
9423392,-16.4928291,-68.1645759,46
9423392,-16.4928877,-68.1646219,47
9423392,-16.4927741,-68.1645501,48
9423392,-16.4928291,-68.1645759,49
9423392,-16.4918692,-68.1638717,50
9423392,-16.4913792,-68.1644607,51
9423392,-16.4913593,-68.1644901,52
9423392,-16.4913416,-68.1645166,53
9423392,-16.4913201,-68.1645488,54
9423392,-16.4912925,-68.1645964,55
9423392,-16.4912732,-68.1646413,56
9423392,-16.4912614,-68.1646695,57
9423392,-16.4912513,-68.1647003,58
9423392,-16.4912417,-68.1647783,59
9423392,-16.4912456,-68.1648314,60
9423392,-16.4912595,-68.1648923,61
9423392,-16.4912896,-68.1649629,62
9423392,-16.4913388,-68.1650236,63
9423392,-16.4914112,-68.1650711,64
9423392,-16.4914717,-68.1650892,65
9423392,-16.4915477,-68.1650905,66
9423392,-16.491651,-68.1650629,67
9423392,-16.4916752,-68.1650514,68
9423392,-16.4917302,-68.1650188,69
9423392,-16.4921976,-68.1647337,70
9423392,-16.492284,-68.1646844,71
9423392,-16.4924005,-68.164631,72
9423392,-16.4924784,-68.1646039,73
9423392,-16.4925744,-68.1645745,74
9423392,-16.4926686,-68.1645492,75
9423392,-16.4927228,-68.1645429,76
9423392,-16.4927741,-68.1645501,77
9423392,-16.4921386,-68.1627698,78
9423392,-16.4920852,-68.1634516,79
9423392,-16.4920626,-68.1635396,80
9423392,-16.4920322,-68.163622,81
9423392,-16.4919737,-68.163735,82
9423392,-16.4919258,-68.1638049,83
9423392,-16.4918692,-68.1638717,84
9423392,-16.4932617,-68.1584907,85
9423392,-16.4932055,-68.1587723,86
9423392,-16.4931816,-68.1588762,87
9423392,-16.4931577,-68.1589802,88
9423392,-16.4930929,-68.159382,89
9423392,-16.4930131,-68.1598239,90
9423392,-16.4929973,-68.1599113,91
9423392,-16.4929768,-68.1600251,92
9423392,-16.4929129,-68.1603166,93
9423392,-16.4928663,-68.1604755,94
9423392,-16.4928017,-68.1606514,95
9423392,-16.4927122,-68.1608838,96
9423392,-16.492672,-68.1609683,97
9423392,-16.4923899,-68.1616484,98
9423392,-16.4923685,-68.1617102,99
9423392,-16.4923397,-68.1617935,100
9423392,-16.4922529,-68.162036,101
9423392,-16.4922232,-68.1621486,102
9423392,-16.4921737,-68.1623547,103
9423392,-16.4921564,-68.1625302,104
9423392,-16.4921386,-68.1627698,105
9423392,-16.49503,-68.1521278,106
9423392,-16.494658,-68.1526824,107
9423392,-16.4945998,-68.1527868,108
9423392,-16.4943529,-68.1533631,109
9423392,-16.4941004,-68.1538528,110
9423392,-16.4938912,-68.1543975,111
9423392,-16.49386,-68.1544787,112
9423392,-16.4937986,-68.1546384,113
9423392,-16.4937471,-68.1547726,114
9423392,-16.4937163,-68.1548396,115
9423392,-16.4936832,-68.1549009,116
9423392,-16.4936563,-68.1549508,117
9423392,-16.493381,-68.1554376,118
9423392,-16.4931931,-68.1557502,119
9423392,-16.4931161,-68.1559997,120
9423392,-16.4930744,-68.1563357,121
9423392,-16.4930784,-68.1566153,122
9423392,-16.493099,-68.1568271,123
9423392,-16.4931093,-68.156972,124
9423392,-16.4931736,-68.1573663,125
9423392,-16.4932686,-68.1577979,126
9423392,-16.4933125,-68.1581039,127
9423392,-16.4932996,-68.1582675,128
9423392,-16.4932617,-68.1584907,129
9423392,-16.4955746,-68.1514414,130
9423392,-16.4954626,-68.1515725,131
9423392,-16.4954308,-68.1516113,132
9423392,-16.495209,-68.1518749,133
9423392,-16.49503,-68.1521278,134
9423392,-16.4958304,-68.1487893,135
9423392,-16.4958697,-68.1489895,136
9423392,-16.4959105,-68.1493432,137
9423392,-16.495878,-68.1494865,138
9423392,-16.4957337,-68.1499916,139
9423392,-16.4956839,-68.1502526,140
9423392,-16.4956231,-68.1506229,141
9423392,-16.4955996,-68.1509355,142
9423392,-16.4955793,-68.1512054,143
9423392,-16.4955746,-68.1514414,144
9423392,-16.4955913,-68.1476959,145
9423392,-16.4956634,-68.1481323,146
9423392,-16.4958304,-68.1487893,147
9423392,-16.4956707,-68.146439,148
9423392,-16.4956208,-68.1468596,149
9423392,-16.4955918,-68.1475081,150
9423392,-16.4955913,-68.1476959,151
9423392,-16.4955637,-68.1460653,152
9423392,-16.495607,-68.146187,153
9423392,-16.4956421,-68.146312,154
9423392,-16.4956707,-68.146439,155
9423392,-16.495524,-68.1457213,156
9423392,-16.4955139,-68.1457572,157
9423392,-16.4955116,-68.1457954,158
9423392,-16.4955637,-68.1460653,159
9423392,-16.4957433,-68.1456515,160
9423392,-16.4957287,-68.1456455,161
9423392,-16.495679,-68.145635,162
9423392,-16.495638,-68.1456365,163
9423392,-16.4956026,-68.1456455,164
9423392,-16.4955705,-68.1456634,165
9423392,-16.4955437,-68.1456893,166
9423392,-16.495524,-68.1457213,167
9423392,-16.4959323,-68.1455582,168
9423392,-16.4958737,-68.1455984,169
9423392,-16.4958103,-68.1456297,170
9423392,-16.4957433,-68.1456515,171
9423392,-16.4959892,-68.1454268,172
9423392,-16.4959323,-68.1455582,173
9423392,-16.4964306,-68.1444331,174
9423392,-16.4959892,-68.1454268,175
9423392,-16.497483,-68.1418787,176
9423392,-16.4971608,-68.1423837,177
9423392,-16.4969974,-68.1427082,178
9423392,-16.4968485,-68.1430448,179
9423392,-16.4967613,-68.143371,180
9423392,-16.4966718,-68.1438054,181
9423392,-16.4964306,-68.1444331,182
9423392,-16.4975966,-68.1416355,183
9423392,-16.497569,-68.1416341,184
9423392,-16.4975417,-68.1416385,185
9423392,-16.4975158,-68.1416486,186
9423392,-16.4974925,-68.1416639,187
9423392,-16.4974725,-68.1416839,188
9423392,-16.4974569,-68.1417076,189
9423392,-16.4974462,-68.1417341,190
9423392,-16.4974408,-68.1417624,191
9423392,-16.4974432,-68.1418051,192
9423392,-16.4974577,-68.141845,193
9423392,-16.497483,-68.1418787,194
9423392,-16.4976915,-68.1417011,195
9423392,-16.4976665,-68.1416699,196
9423392,-16.4976339,-68.1416474,197
9423392,-16.4975966,-68.1416355,198
9423392,-16.4991318,-68.1403079,199
9423392,-16.4987012,-68.140647,200
9423392,-16.4984788,-68.1408361,201
9423392,-16.4982267,-68.1410681,202
9423392,-16.49803,-68.1412612,203
9423392,-16.4976915,-68.1417011,204
9423392,-16.5005293,-68.1393783,205
9423392,-16.5002178,-68.1396467,206
9423392,-16.5001239,-68.139706,207
9423392,-16.4994592,-68.1401141,208
9423392,-16.4991318,-68.1403079,209
9423392,-16.5025859,-68.1371306,210
9423392,-16.5016883,-68.1380492,211
9423392,-16.501574,-68.1382235,212
9423392,-16.5013591,-68.1385642,213
9423392,-16.5011521,-68.1388123,214
9423392,-16.5009554,-68.1390101,215
9423392,-16.5008551,-68.1391014,216
9423392,-16.5005293,-68.1393783,217
9423392,-16.5031567,-68.1365259,218
9423392,-16.5025859,-68.1371306,219
9423392,-16.5036435,-68.1360222,220
9423392,-16.5031567,-68.1365259,221
9423392,-16.5030041,-68.1352887,222
9423392,-16.5030514,-68.1353421,223
9423392,-16.5036435,-68.1360222,224
9423392,-16.5037361,-68.1345349,225
9423392,-16.5036582,-68.1346445,226
9423392,-16.5030616,-68.1352392,227
9423392,-16.5030041,-68.1352887,228
9423392,-16.5046135,-68.1327877,229
9423392,-16.5043997,-68.1331187,230
9423392,-16.5042716,-68.1333735,231
9423392,-16.504116,-68.1336994,232
9423392,-16.5040183,-68.1338798,233
9423392,-16.5037361,-68.1345349,234
9423392,-16.5058361,-68.1311306,235
9423392,-16.5056167,-68.1313712,236
9423392,-16.5055635,-68.1314267,237
9423392,-16.5055014,-68.1314915,238
9423392,-16.5052675,-68.1318252,239
9423392,-16.5046135,-68.1327877,240
9423392,-16.5062223,-68.1306734,241
9423392,-16.5058361,-68.1311306,242
9423392,-16.507322,-68.1294558,243
9423392,-16.5062223,-68.1306734,244
9423392,-16.5081752,-68.1285529,245
9423392,-16.507322,-68.1294558,246
9423392,-16.5098994,-68.1267807,247
9423392,-16.5090051,-68.1276701,248
9423392,-16.5084262,-68.128285,249
9423392,-16.5081752,-68.1285529,250
9423392,-16.5106794,-68.1259216,251
9423392,-16.5105964,-68.1260093,252
9423392,-16.5102645,-68.1263514,253
9423392,-16.5099316,-68.1266885,254
9423392,-16.5098994,-68.1267807,255
9423392,-16.5113639,-68.1267722,256
9423392,-16.5106794,-68.1259216,257
9425611,-16.5079176,-68.1438254,0
9425611,-16.507969,-68.1438703,1
9425611,-16.5080089,-68.1439112,2
9425611,-16.5080616,-68.1439796,3
9425611,-16.5081098,-68.1440386,4
9425611,-16.508142,-68.1440802,5
9425611,-16.5081654,-68.1441154,6
9425611,-16.5081786,-68.1441419,7
9425611,-16.5081867,-68.1441694,8
9425611,-16.5081931,-68.1441985,9
9425611,-16.5082089,-68.1442341,10
9425611,-16.5082403,-68.1442934,11
9425611,-16.5083059,-68.144398,12
9425611,-16.5083426,-68.144453,13
9425611,-16.5083863,-68.144502,14
9425611,-16.5084268,-68.1445375,15
9425611,-16.5084975,-68.1445818,16
9425611,-16.5086049,-68.1446435,17
9425611,-16.5087765,-68.1447467,18
9425611,-16.5088935,-68.1448238,19
9425611,-16.5089585,-68.1448755,20
9425611,-16.509035,-68.1449318,21
9425611,-16.5090691,-68.14496,22
9425611,-16.5091211,-68.1450022,23
9425611,-16.5092394,-68.1450485,24
9425611,-16.5093641,-68.1450847,25
9425611,-16.5094844,-68.1451149,26
9425611,-16.5095917,-68.145137,27
9425611,-16.5096779,-68.1451564,28
9425611,-16.5098853,-68.1452109,29
9425611,-16.5098853,-68.1452109,30
9425611,-16.5099228,-68.1450317,31
9425611,-16.509937,-68.1449573,32
9425611,-16.5099485,-68.1449123,33
9425611,-16.509953,-68.1448959,34
9425611,-16.509955,-68.1448721,35
9425611,-16.5099518,-68.1448513,36
9425611,-16.509946,-68.1448265,37
9425611,-16.5099286,-68.144793,38
9425611,-16.5098624,-68.1447461,39
9425611,-16.5093671,-68.1444099,40
9425611,-16.5093399,-68.1443919,41
9425611,-16.5092658,-68.1443464,42
9425611,-16.5091803,-68.1442921,43
9425611,-16.5090871,-68.1442418,44
9425611,-16.5089848,-68.1442036,45
9425611,-16.5088871,-68.144158,46
9425611,-16.5087855,-68.144111,47
9425611,-16.5087322,-68.1440842,48
9425611,-16.5086606,-68.1440414,49
9425611,-16.5086325,-68.1440225,50
9425611,-16.5084814,-68.143871,51
9425611,-16.5083291,-68.1437288,52
9425611,-16.5082489,-68.1436461,53
9425611,-16.5076188,-68.1430137,54
9425611,-16.5076154,-68.1429865,55
9425611,-16.5076314,-68.1429271,56
9425611,-16.5072651,-68.1427661,57
9425611,-16.5074067,-68.1428222,58
9425611,-16.5076314,-68.1429271,59
9425611,-16.5065788,-68.1427463,60
9425611,-16.5068103,-68.1427135,61
9425611,-16.5070403,-68.1427153,62
9425611,-16.5072651,-68.1427661,63
9425611,-16.5051911,-68.1434498,64
9425611,-16.5055734,-68.1432622,65
9425611,-16.5058875,-68.1430941,66
9425611,-16.5064394,-68.1427967,67
9425611,-16.5065788,-68.1427463,68
9425611,-16.5044561,-68.1438365,69
9425611,-16.5045661,-68.1437782,70
9425611,-16.5051911,-68.1434498,71
9425611,-16.503467,-68.144351,72
9425611,-16.5036813,-68.1442349,73
9425611,-16.504116,-68.1440058,74
9425611,-16.5044561,-68.1438365,75
9425611,-16.503467,-68.144351,76
9425611,-16.5034673,-68.1442612,77
9425611,-16.5034557,-68.144162,78
9425611,-16.5034223,-68.1440051,79
9425611,-16.503349,-68.1437261,80
9425611,-16.5033261,-68.1436215,81
9425611,-16.5033156,-68.1435016,82
9425611,-16.5033132,-68.1433842,83
9425611,-16.5033153,-68.1433158,84
9425611,-16.5033304,-68.1432554,85
9425611,-16.5033612,-68.1432098,86
9425611,-16.5033998,-68.1431609,87
9425611,-16.5034403,-68.1431119,88
9425611,-16.5034827,-68.1430469,89
9425611,-16.5035001,-68.1429932,90
9425611,-16.5033857,-68.1423951,91
9425611,-16.503394,-68.1424963,92
9425611,-16.5034165,-68.1425922,93
9425611,-16.5034982,-68.1429141,94
9425611,-16.5035001,-68.1429932,95
9425611,-16.5041432,-68.1410702,96
9425611,-16.5038833,-68.1414362,97
9425611,-16.5037483,-68.1416414,98
9425611,-16.5035817,-68.1419331,99
9425611,-16.5034743,-68.1421369,100
9425611,-16.5034339,-68.1422241,101
9425611,-16.5034017,-68.1423032,102
9425611,-16.5033857,-68.1423951,103
9425611,-16.5041311,-68.141004,104
9425611,-16.5041386,-68.1410202,105
9425611,-16.5041438,-68.1410451,106
9425611,-16.5041432,-68.1410702,107
9425611,-16.5042017,-68.1407187,108
9425611,-16.5041567,-68.1407191,109
9425611,-16.5041144,-68.1407354,110
9425611,-16.5040791,-68.1407647,111
9425611,-16.5040542,-68.140804,112
9425611,-16.5040423,-68.1408494,113
9425611,-16.5040446,-68.1408965,114
9425611,-16.5040559,-68.1409309,115
9425611,-16.504075,-68.1409615,116
9425611,-16.5041006,-68.1409864,117
9425611,-16.5041311,-68.141004,118
9425611,-16.504352,-68.139678,119
9425611,-16.5042698,-68.1400511,120
9425611,-16.5042017,-68.1407187,121
9425611,-16.5045057,-68.1391928,122
9425611,-16.5044523,-68.1393736,123
9425611,-16.504352,-68.139678,124
9425611,-16.5033098,-68.1379165,125
9425611,-16.5035595,-68.138183,126
9425611,-16.5040038,-68.1386572,127
9425611,-16.5045057,-68.1391928,128
9425611,-16.5025859,-68.1371306,129
9425611,-16.5027993,-68.1373626,130
9425611,-16.5033098,-68.1379165,131
9425611,-16.5013379,-68.1357405,132
9425611,-16.5017571,-68.1362139,133
9425611,-16.5019268,-68.1363997,134
9425611,-16.5020446,-68.1365303,135
9425611,-16.5025859,-68.1371306,136
9425611,-16.5007318,-68.1350388,137
9425611,-16.5013379,-68.1357405,138
9425611,-16.4996743,-68.1346112,139
9425611,-16.5003521,-68.1350782,140
9425611,-16.500423,-68.1351249,141
9425611,-16.5004756,-68.1351461,142
9425611,-16.5005551,-68.1351466,143
9425611,-16.5005735,-68.1351507,144
9425611,-16.5005893,-68.1351579,145
9425611,-16.5006066,-68.1351877,146
9425611,-16.4995324,-68.1345304,147
9425611,-16.4996743,-68.1346112,148
9425611,-16.498905,-68.1341239,149
9425611,-16.4995324,-68.1345304,150
9425611,-16.4981067,-68.1336207,151
9425611,-16.498215,-68.1336987,152
9425611,-16.498428,-68.1338373,153
9425611,-16.498905,-68.1341239,154
9425611,-16.4973784,-68.1331382,155
9425611,-16.4981067,-68.1336207,156
9425611,-16.4969219,-68.1338728,157
9425611,-16.4973784,-68.1331382,158
9425611,-16.4965289,-68.1346025,159
9425611,-16.4969219,-68.1338728,160
9425611,-16.4958522,-68.1341442,161
9425611,-16.4965289,-68.1346025,162
9425611,-16.4957977,-68.1341057,163
9425611,-16.4958522,-68.1341442,164
9425611,-16.4951632,-68.133689,165
9425611,-16.4952266,-68.1337265,166
9425611,-16.4953583,-68.1338095,167
9425611,-16.4954817,-68.1338921,168
9425611,-16.4957423,-68.1340639,169
9425611,-16.4957977,-68.1341057,170
9425611,-16.4955857,-68.1329575,171
9425611,-16.4955354,-68.1330589,172
9425611,-16.4954986,-68.1331264,173
9425611,-16.4953671,-68.1333486,174
9425611,-16.4952556,-68.133542,175
9425611,-16.495194,-68.1336478,176
9425611,-16.4951632,-68.133689,177
9425611,-16.4973258,-68.130104,178
9425611,-16.4972379,-68.1301649,179
9425611,-16.4970033,-68.1305116,180
9425611,-16.4964466,-68.1314402,181
9425611,-16.4960164,-68.1321901,182
9425611,-16.4956257,-68.1328615,183
9425611,-16.4956008,-68.1329046,184
9425611,-16.4955857,-68.1329575,185
9425611,-16.4972276,-68.129721,186
9425611,-16.4973258,-68.130104,187
9425611,-16.4973138,-68.128687,188
9425611,-16.497261,-68.128923,189
9425611,-16.4972405,-68.1292301,190
9425611,-16.4972302,-68.1295118,191
9425611,-16.4972276,-68.129721,192
9425611,-16.4973756,-68.128545,193
9425611,-16.4973138,-68.128687,194
9425611,-16.4974624,-68.1283012,195
9425611,-16.4973756,-68.128545,196
9425611,-16.4974627,-68.1279535,197
9425611,-16.4974998,-68.1280467,198
9425611,-16.4975004,-68.1281944,199
9425611,-16.4974624,-68.1283012,200
9425611,-16.4974627,-68.1279535,201
9425611,-16.4970381,-68.1277535,202
9425611,-16.4969518,-68.1276933,203
9425611,-16.4969036,-68.1276261,204
9425611,-16.4968547,-68.1275082,205
9425611,-16.4968178,-68.1273911,206
9425611,-16.4968279,-68.127254,207
9425611,-16.4969027,-68.1269888,208
9425611,-16.4970111,-68.1265084,209
9425611,-16.4970182,-68.1264062,210
9425611,-16.4969995,-68.1262057,211
9425611,-16.4969758,-68.126101,212
9425611,-16.4969441,-68.1260255,213
9425611,-16.4968745,-68.1258518,214
9425611,-16.4967988,-68.1256471,215
9425611,-16.4967763,-68.1255186,216
9425611,-16.4967771,-68.1253825,217
9425611,-16.4968261,-68.1249661,218
9425611,-16.4968774,-68.124619,219
9425611,-16.4968919,-68.1245208,220
9425611,-16.4971303,-68.1243178,221
9425611,-16.4971247,-68.1242683,222
9425611,-16.4971079,-68.1242216,223
9425611,-16.497081,-68.1241804,224
9425611,-16.4970731,-68.1241715,225
9425611,-16.4970648,-68.1241632,226
9425611,-16.4970335,-68.124139,227
9425611,-16.4969983,-68.1241216,228
9425611,-16.4969606,-68.1241117,229
9425611,-16.4969217,-68.1241097,230
9425611,-16.4968886,-68.1241142,231
9425611,-16.4968567,-68.1241245,232
9425611,-16.4968269,-68.1241401,233
9425611,-16.4967993,-68.1241615,234
9425611,-16.4967756,-68.1241874,235
9425611,-16.4967565,-68.1242172,236
9425611,-16.4967367,-68.1242723,237
9425611,-16.4967324,-68.124331,238
9425611,-16.4967383,-68.124369,239
9425611,-16.4967507,-68.1244052,240
9425611,-16.4967853,-68.1244587,241
9425611,-16.4968339,-68.1244985,242
9425611,-16.4968919,-68.1245208,243
9425611,-16.4969384,-68.1245247,244
9425611,-16.4969845,-68.1245173,245
9425611,-16.4970275,-68.1244989,246
9425611,-16.4970653,-68.1244707,247
9425611,-16.4970915,-68.1244403,248
9425611,-16.4971115,-68.1244052,249
9425611,-16.4971254,-68.1243626,250
9425611,-16.4971303,-68.1243178,251
9425611,-16.4979934,-68.1243052,252
9425611,-16.4972278,-68.1243175,253
9425611,-16.4971303,-68.1243178,254
9425611,-16.4984462,-68.1231455,255
9425611,-16.4982827,-68.1236683,256
9425611,-16.4980567,-68.1241456,257
9425611,-16.4979934,-68.1243052,258
9425611,-16.4985521,-68.1231113,259
9425611,-16.4984462,-68.1231455,260
9425611,-16.4985402,-68.1222126,261
9425611,-16.4985105,-68.1222613,262
9425611,-16.4984581,-68.1223745,263
9425611,-16.4984161,-68.1225407,264
9425611,-16.4984101,-68.1227139,265
9425611,-16.4984389,-68.1228772,266
9425611,-16.4985521,-68.1231113,267
9425611,-16.4981059,-68.1219002,268
9425611,-16.4985402,-68.1222126,269
9425611,-16.4981079,-68.1212086,270
9425611,-16.4981045,-68.1212906,271
9425611,-16.4981059,-68.1219002,272
9425611,-16.4981151,-68.121081,273
9425611,-16.4981079,-68.1212086,274
9425611,-16.4973171,-68.1193009,275
9425611,-16.4973626,-68.1193756,276
9425611,-16.4975414,-68.1197887,277
9425611,-16.4977527,-68.1202769,278
9425611,-16.4979664,-68.1206944,279
9425611,-16.4980633,-68.1209101,280
9425611,-16.498092,-68.120974,281
9425611,-16.4981151,-68.121081,282
9425611,-16.496118,-68.1183113,283
9425611,-16.4961268,-68.1183269,284
9425611,-16.4961974,-68.118462,285
9425611,-16.4962622,-68.1185188,286
9425611,-16.4963257,-68.1185475,287
9425611,-16.4964247,-68.1185656,288
9425611,-16.4967192,-68.1185482,289
9425611,-16.4968014,-68.118547,290
9425611,-16.4969236,-68.118563,291
9425611,-16.49698,-68.1185992,292
9425611,-16.4970144,-68.1186387,293
9425611,-16.4973171,-68.1193009,294
9425611,-16.4960723,-68.1182041,295
9425611,-16.496118,-68.1183113,296
9425611,-16.4960657,-68.1181887,297
9425611,-16.4960723,-68.1182041,298
9425611,-16.495916,-68.1180781,299
9425611,-16.4959762,-68.118098,300
9425611,-16.4960277,-68.118136,301
9425611,-16.4960657,-68.1181887,302
9425611,-16.4950416,-68.1184568,303
9425611,-16.4956189,-68.1181312,304
9425611,-16.4956997,-68.1181086,305
9425611,-16.4958057,-68.1180989,306
9425611,-16.495916,-68.1180781,307
9425611,-16.4947588,-68.1185418,308
9425611,-16.4949184,-68.1185133,309
9425611,-16.4950416,-68.1184568,310
9425611,-16.4946487,-68.1185131,311
9425611,-16.4946713,-68.1185342,312
9425611,-16.4946991,-68.1185467,313
9425611,-16.4947293,-68.1185493,314
9425611,-16.4947588,-68.1185418,315
9425611,-16.494633,-68.1184193,316
9425611,-16.4946279,-68.1184518,317
9425611,-16.4946333,-68.1184843,318
9425611,-16.4946487,-68.1185131,319
9425611,-16.4947301,-68.1183535,320
9425611,-16.4946992,-68.1183561,321
9425611,-16.4946707,-68.118369,322
9425611,-16.4946479,-68.1183909,323
9425611,-16.494633,-68.1184193,324
9425611,-16.4948635,-68.118286,325
9425611,-16.4947301,-68.1183535,326
9425611,-16.4958446,-68.1170582,327
9425611,-16.4955328,-68.1177554,328
9425611,-16.4954543,-68.1178737,329
9425611,-16.4953861,-68.117945,330
9425611,-16.4953283,-68.1179896,331
9425611,-16.4950365,-68.1181405,332
9425611,-16.4949618,-68.1181875,333
9425611,-16.4948635,-68.118286,334
9425611,-16.4958063,-68.116897,335
9425611,-16.4958282,-68.1169674,336
9425611,-16.4958381,-68.1170093,337
9425611,-16.4958446,-68.1170582,338
9425611,-16.4957647,-68.1164688,339
9425611,-16.4957806,-68.1167711,340
9425611,-16.4958063,-68.116897,341
9425611,-16.4955348,-68.1154934,342
9425611,-16.4955637,-68.1156236,343
9425611,-16.4956055,-68.1158372,344
9425611,-16.4957647,-68.1164688,345
9425611,-16.4955348,-68.1154934,346
9425611,-16.4955502,-68.1154825,347
9425611,-16.4955614,-68.115467,348
9425611,-16.4955672,-68.1154485,349
9425611,-16.495567,-68.1154291,350
9425611,-16.4955606,-68.1154106,351
9425611,-16.4955489,-68.1153952,352
9425611,-16.495533,-68.1153847,353
9425611,-16.4955147,-68.1153802,354
9425611,-16.495496,-68.1153822,355
9425611,-16.4954789,-68.1153904,356
9425611,-16.4954695,-68.1153997,357
9425611,-16.4954695,-68.1153997,358
9425611,-16.4954567,-68.1154215,359
9425611,-16.495454,-68.1154409,360
9425611,-16.4954576,-68.1154602,361
9425611,-16.4954669,-68.1154772,362
9425611,-16.495481,-68.11549,363
9425611,-16.4954982,-68.1154973,364
9425611,-16.4955168,-68.1154985,365
9425611,-16.4955348,-68.1154934,366
9425611,-16.4954695,-68.1153997,367
9425611,-16.4954059,-68.1153502,368
9425611,-16.495363,-68.1153407,369
9425611,-16.4952146,-68.1153216,370
9425611,-16.4949407,-68.1152935,371
9425611,-16.4945318,-68.1152421,372
9425611,-16.4942418,-68.1152211,373
9425611,-16.4941701,-68.1152043,374
9425611,-16.4940606,-68.1151754,375
9425611,-16.494007,-68.1151451,376
9425611,-16.4937951,-68.115005,377
9425611,-16.4937951,-68.115005,378
9425611,-16.4936808,-68.1148732,379
9425611,-16.4935708,-68.1147209,380
9425611,-16.4934968,-68.1145617,381
9425611,-16.4934968,-68.1145617,382
9425611,-16.4934947,-68.1145146,383
9425611,-16.4934947,-68.114452,384
9425611,-16.4935005,-68.1143962,385
9425611,-16.4935122,-68.1143288,386
9425611,-16.4935322,-68.1142696,387
9425611,-16.4935707,-68.1142055,388
9425611,-16.4936078,-68.1141755,389
9425611,-16.4942509,-68.1137777,390
9425611,-16.4943227,-68.1137458,391
9425611,-16.4944598,-68.1137158,392
9425611,-16.4944598,-68.1137158,393
9425611,-16.4947721,-68.1137354,394
9425611,-16.4949053,-68.1137323,395
9425611,-16.4950185,-68.1137153,396
9425611,-16.4951226,-68.1136783,397
9425611,-16.4952203,-68.1135983,398
9425611,-16.4957157,-68.113019,399
9425611,-16.495772,-68.112933,400
9425611,-16.4958041,-68.1128392,401
9425611,-16.4958183,-68.1127976,402
9425611,-16.4959005,-68.1125589,403
9425611,-16.4959813,-68.1123722,404
9425611,-16.4961924,-68.1121404,405
9425611,-16.4962413,-68.1120855,406
9425611,-16.4965555,-68.1117665,407
9425611,-16.4966605,-68.111651,408
9425611,-16.4967184,-68.1115678,409
9425611,-16.4967558,-68.1114881,410
9425611,-16.4967647,-68.1114364,411
9425611,-16.4967546,-68.1113966,412
9425611,-16.4980576,-68.1114538,413
9425611,-16.4980277,-68.1114918,414
9425611,-16.4978982,-68.1116059,415
9425611,-16.4978375,-68.1116197,416
9425611,-16.4977795,-68.1116214,417
9425611,-16.4977162,-68.1116121,418
9425611,-16.497654,-68.1115759,419
9425611,-16.4974479,-68.1113876,420
9425611,-16.4973417,-68.1113149,421
9425611,-16.4972896,-68.1113085,422
9425611,-16.4970772,-68.1113433,423
9425611,-16.4969068,-68.111381,424
9425611,-16.4967546,-68.1113966,425
9425611,-16.4982062,-68.111311,426
9425611,-16.498143,-68.1113612,427
9425611,-16.4980576,-68.1114538,428
9425611,-16.4993456,-68.1109035,429
9425611,-16.499132,-68.1108034,430
9425611,-16.4990399,-68.1107984,431
9425611,-16.4989861,-68.110815,432
9425611,-16.4989249,-68.1108545,433
9425611,-16.4987461,-68.1109789,434
9425611,-16.4984218,-68.1111694,435
9425611,-16.4982595,-68.1112659,436
9425611,-16.4982062,-68.111311,437
9425611,-16.4994188,-68.110743,438
9425611,-16.4993456,-68.1109035,439
9425611,-16.4994188,-68.110743,440
9425611,-16.499512,-68.1107732,441
9425611,-16.4995879,-68.1107832,442
9425611,-16.4996367,-68.1107752,443
9425611,-16.4996869,-68.110747,444
9425611,-16.4997473,-68.1107034,445
9425611,-16.4998007,-68.110682,446
9425611,-16.4998579,-68.110682,447
9425611,-16.4999646,-68.1106967,448
9425611,-16.5000469,-68.1106941,449
9425611,-16.5001195,-68.1106847,450
9425611,-16.5002243,-68.1106632,451
9425611,-16.5003934,-68.1106317,452
9425611,-16.5006725,-68.1105754,453
9425611,-16.5009451,-68.1105016,454
9425611,-16.5011964,-68.1104184,455
9425611,-16.5013128,-68.1103722,456
9425611,-16.501361,-68.1103299,457
9425611,-16.5014698,-68.1102266,458
9425611,-16.501507,-68.1102119,459
9425611,-16.5015418,-68.1102079,460
9425611,-16.5015996,-68.1102079,461
9425611,-16.5018214,-68.1102173,462
9425611,-16.5019725,-68.1102307,463
9425611,-16.5020323,-68.1102454,464
9425611,-16.5040813,-68.1095656,465
9425611,-16.5038936,-68.109823,466
9425611,-16.5036416,-68.1100054,467
9425611,-16.5034525,-68.1101126,468
9425611,-16.5033143,-68.1101931,469
9425611,-16.5032018,-68.1102743,470
9425611,-16.5030693,-68.1103407,471
9425611,-16.5030063,-68.1103829,472
9425611,-16.5029484,-68.1103937,473
9425611,-16.5029163,-68.110393,474
9425611,-16.5028616,-68.1103809,475
9425611,-16.5027646,-68.1103447,476
9425611,-16.5026875,-68.1103252,477
9425611,-16.5026039,-68.1103125,478
9425611,-16.5025537,-68.1103155,479
9425611,-16.5025274,-68.1103266,480
9425611,-16.5024734,-68.1103661,481
9425611,-16.5024261,-68.1104208,482
9425611,-16.5023917,-68.1104362,483
9425611,-16.5023599,-68.1104386,484
9425611,-16.5023258,-68.1104181,485
9425611,-16.5022117,-68.1103353,486
9425611,-16.5021204,-68.1102837,487
9425611,-16.5020323,-68.1102454,488
9425611,-16.5040813,-68.1095656,489
9425611,-16.5044188,-68.1097264,490
9425611,-16.5044876,-68.1097606,491
9425611,-16.5045307,-68.1097975,492
9425611,-16.5046091,-68.1098726,493
9425611,-16.5046541,-68.1099498,494
9429001,-16.502627,-68.108203,0
9429001,-16.5025299,-68.1084846,1
9429001,-16.5024148,-68.1089755,2
9429001,-16.5023454,-68.1092625,3
9429001,-16.5023139,-68.1093061,4
9429001,-16.5022811,-68.1093389,5
9429001,-16.5022039,-68.1093879,6
9429001,-16.5021281,-68.1094368,7
9429001,-16.5020811,-68.1094643,8
9429001,-16.5020149,-68.1095052,9
9429001,-16.5019853,-68.1095186,10
9429001,-16.5019474,-68.1095274,11
9429001,-16.5018143,-68.1095093,12
9429001,-16.5014421,-68.1094931,13
9429001,-16.5013623,-68.1094797,14
9429001,-16.5009798,-68.1092893,15
9429001,-16.5008936,-68.1092524,16
9429001,-16.5008293,-68.1092396,17
9429001,-16.5007727,-68.1092396,18
9429001,-16.5007303,-68.1092477,19
9429001,-16.5005985,-68.1093167,20
9429001,-16.5005439,-68.1093409,21
9429001,-16.5004789,-68.1093556,22
9429001,-16.5004088,-68.109353,23
9429001,-16.5003619,-68.1093409,24
9429001,-16.500304,-68.1093134,25
9429001,-16.5001883,-68.1092631,26
9429001,-16.5001137,-68.1092269,27
9429001,-16.500025,-68.1092121,28
9429001,-16.500025,-68.1092121,29
9429001,-16.4999646,-68.1094321,30
9429001,-16.4999589,-68.109583,31
9429001,-16.4999544,-68.1097251,32
9429001,-16.4999351,-68.109817,33
9429001,-16.4999351,-68.109817,34
9429001,-16.4997673,-68.1098069,35
9429001,-16.4996605,-68.1097935,36
9429001,-16.4995885,-68.1098029,37
9429001,-16.4994702,-68.1098552,38
9429001,-16.4992503,-68.1099504,39
9429001,-16.4988504,-68.1100027,40
9429001,-16.4984454,-68.1101221,41
9429001,-16.4982242,-68.1101677,42
9429001,-16.4979464,-68.110173,43
9429001,-16.4979464,-68.110173,44
9429001,-16.4978088,-68.1101811,45
9429001,-16.4977432,-68.1102106,46
9429001,-16.4976507,-68.1102723,47
9429001,-16.4975324,-68.1103608,48
9429001,-16.4973548,-68.1104697,49
9429001,-16.4971714,-68.1105664,50
9429001,-16.4969132,-68.1107088,51
9429001,-16.496791,-68.1107377,52
9429001,-16.4966882,-68.1107604,53
9429001,-16.4966882,-68.1107604,54
9429001,-16.496249,-68.1108617,55
9429001,-16.4960471,-68.1109314,56
9429001,-16.4958732,-68.1109911,57
9429001,-16.4956266,-68.111047,58
9429001,-16.4956266,-68.111047,59
9429001,-16.4956049,-68.1110724,60
9429001,-16.495596,-68.1111152,61
9429001,-16.4956088,-68.1111558,62
9429001,-16.4956549,-68.1111896,63
9429001,-16.4956936,-68.1112113,64
9429001,-16.4957456,-68.1112407,65
9429001,-16.4957456,-68.1112407,66
9429001,-16.4957464,-68.1113154,67
9429001,-16.4967546,-68.1113966,68
9429001,-16.4967268,-68.1113678,69
9429001,-16.4966926,-68.1113562,70
9429001,-16.4966579,-68.1113586,71
9429001,-16.4965107,-68.1114051,72
9429001,-16.4964252,-68.1114231,73
9429001,-16.4963654,-68.1114317,74
9429001,-16.4962947,-68.1114337,75
9429001,-16.4962291,-68.1114279,76
9429001,-16.4960308,-68.1113719,77
9429001,-16.4958438,-68.1113025,78
9429001,-16.4958015,-68.1113016,79
9429001,-16.4957464,-68.1113154,80
9429001,-16.4980576,-68.1114538,81
9429001,-16.4980277,-68.1114918,82
9429001,-16.4978982,-68.1116059,83
9429001,-16.4978375,-68.1116197,84
9429001,-16.4977795,-68.1116214,85
9429001,-16.4977162,-68.1116121,86
9429001,-16.497654,-68.1115759,87
9429001,-16.4974479,-68.1113876,88
9429001,-16.4973417,-68.1113149,89
9429001,-16.4972896,-68.1113085,90
9429001,-16.4970772,-68.1113433,91
9429001,-16.4969068,-68.111381,92
9429001,-16.4967546,-68.1113966,93
9429001,-16.4982062,-68.111311,94
9429001,-16.498143,-68.1113612,95
9429001,-16.4980576,-68.1114538,96
9429001,-16.4993456,-68.1109035,97
9429001,-16.499132,-68.1108034,98
9429001,-16.4990399,-68.1107984,99
9429001,-16.4989861,-68.110815,100
9429001,-16.4989249,-68.1108545,101
9429001,-16.4987461,-68.1109789,102
9429001,-16.4984218,-68.1111694,103
9429001,-16.4982595,-68.1112659,104
9429001,-16.4982062,-68.111311,105
9429001,-16.5001851,-68.1114605,106
9429001,-16.5001067,-68.1113344,107
9429001,-16.4999768,-68.1112057,108
9429001,-16.4997181,-68.1110493,109
9429001,-16.4993456,-68.1109035,110
9429001,-16.5002173,-68.1115557,111
9429001,-16.5001851,-68.1114605,112
9429001,-16.500261,-68.1126367,113
9429001,-16.5002919,-68.1124046,114
9429001,-16.5003034,-68.1121297,115
9429001,-16.5002932,-68.1119004,116
9429001,-16.50027,-68.1117368,117
9429001,-16.5002173,-68.1115557,118
9429001,-16.4977635,-68.1155387,119
9429001,-16.4978416,-68.1154364,120
9429001,-16.4978751,-68.1153345,121
9429001,-16.4978943,-68.1151535,122
9429001,-16.4978713,-68.1148778,123
9429001,-16.4978941,-68.1146855,124
9429001,-16.4979532,-68.1145556,125
9429001,-16.4981208,-68.1142985,126
9429001,-16.4982998,-68.1140375,127
9429001,-16.4983577,-68.1139655,128
9429001,-16.4984696,-68.1138643,129
9429001,-16.4985471,-68.1138026,130
9429001,-16.4986367,-68.1137343,131
9429001,-16.4988268,-68.1136162,132
9429001,-16.4991809,-68.1134541,133
9429001,-16.4992377,-68.1134281,134
9429001,-16.4995297,-68.1133113,135
9429001,-16.4999035,-68.1131181,136
9429001,-16.5000398,-68.1130551,137
9429001,-16.5001247,-68.1129612,138
9429001,-16.5001864,-68.1128714,139
9429001,-16.500234,-68.1127386,140
9429001,-16.500261,-68.1126367,141
9429001,-16.4977635,-68.1155387,142
9429001,-16.4977298,-68.1155189,143
9429001,-16.4976918,-68.1155123,144
9429001,-16.4976539,-68.1155195,145
9429001,-16.4976205,-68.1155397,146
9429001,-16.4975955,-68.1155711,147
9429001,-16.4975824,-68.1156096,148
9429001,-16.4975828,-68.1156505,149
9429001,-16.4975967,-68.1156887,150
9429001,-16.4976224,-68.1157195,151
9429001,-16.4976224,-68.1157195,152
9429001,-16.4973316,-68.1160443,153
9429001,-16.4973316,-68.1160443,154
9429001,-16.4972482,-68.1161048,155
9429001,-16.4971662,-68.116149,156
9429001,-16.4967705,-68.1163313,157
9429001,-16.496704,-68.1163611,158
9429001,-16.496704,-68.1163611,159
9429001,-16.4962869,-68.116565,160
9429001,-16.4959483,-68.1167299,161
9429001,-16.4958884,-68.1169266,162
9429001,-16.4959483,-68.1167299,163
9429001,-16.4958446,-68.1170582,164
9429001,-16.4958884,-68.1169266,165
9429001,-16.4958446,-68.1170582,166
9429001,-16.4955328,-68.1177554,167
9429001,-16.4954543,-68.1178737,168
9429001,-16.4953861,-68.117945,169
9429001,-16.4953283,-68.1179896,170
9429001,-16.4950365,-68.1181405,171
9429001,-16.4949618,-68.1181875,172
9429001,-16.4948635,-68.118286,173
9429001,-16.4947893,-68.1183826,174
9429001,-16.4948635,-68.118286,175
9429001,-16.4948162,-68.1184542,176
9429001,-16.4948135,-68.1184281,177
9429001,-16.4948043,-68.1184036,178
9429001,-16.4947893,-68.1183826,179
9429001,-16.4950416,-68.1184568,180
9429001,-16.494909,-68.1184642,181
9429001,-16.4948162,-68.1184542,182
9429001,-16.4950416,-68.1184568,183
9429001,-16.4956189,-68.1181312,184
9429001,-16.4956997,-68.1181086,185
9429001,-16.4958057,-68.1180989,186
9429001,-16.495916,-68.1180781,187
9429001,-16.495916,-68.1180781,188
9429001,-16.4959762,-68.118098,189
9429001,-16.4960277,-68.118136,190
9429001,-16.4960657,-68.1181887,191
9429001,-16.4962699,-68.1179547,192
9429001,-16.4962063,-68.1179816,193
9429001,-16.496173,-68.1179945,194
9429001,-16.4960212,-68.1180532,195
9429001,-16.495916,-68.1180781,196
9429001,-16.4993746,-68.1163986,197
9429001,-16.4992007,-68.1165203,198
9429001,-16.498983,-68.1166725,199
9429001,-16.4988521,-68.1167989,200
9429001,-16.498443,-68.1171312,201
9429001,-16.4983606,-68.1172021,202
9429001,-16.4982272,-68.117317,203
9429001,-16.4980318,-68.1174586,204
9429001,-16.4976678,-68.1175613,205
9429001,-16.4971528,-68.1176509,206
9429001,-16.4968308,-68.117744,207
9429001,-16.4965195,-68.1178554,208
9429001,-16.4962699,-68.1179547,209
9429001,-16.4994789,-68.1162535,210
9429001,-16.4994238,-68.1163434,211
9429001,-16.4993746,-68.1163986,212
9429001,-16.4995671,-68.1164259,213
9429001,-16.4995281,-68.1163354,214
9429001,-16.4994789,-68.1162535,215
9429001,-16.4995741,-68.1164459,216
9429001,-16.4995671,-68.1164259,217
9429001,-16.4997962,-68.1170631,218
9429001,-16.4995741,-68.1164459,219
9429001,-16.4998259,-68.1175268,220
9429001,-16.4998134,-68.1171149,221
9429001,-16.4997962,-68.1170631,222
9429001,-16.4998616,-68.1183769,223
9429001,-16.499863,-68.118307,224
9429001,-16.4998929,-68.119229,225
9429001,-16.4998616,-68.1183769,226
9429001,-16.4993405,-68.1195523,227
9429001,-16.4993772,-68.1195394,228
9429001,-16.4994129,-68.1195247,229
9429001,-16.4997035,-68.1193556,230
9429001,-16.4998225,-68.1192854,231
9429001,-16.4998929,-68.119229,232
9429001,-16.4993705,-68.1201392,233
9429001,-16.4993443,-68.1196623,234
9429001,-16.4993405,-68.1195523,235
9429001,-16.4993705,-68.1201392,236
9429001,-16.4994139,-68.1210149,237
9429001,-16.4994139,-68.1210149,238
9429001,-16.4994199,-68.1211495,239
9429001,-16.4994227,-68.1212097,240
9429001,-16.4994294,-68.1213756,241
9429001,-16.4994486,-68.121863,242
9429001,-16.4995374,-68.1219455,243
9429001,-16.499508,-68.1219351,244
9429001,-16.4994822,-68.1219169,245
9429001,-16.499462,-68.1218923,246
9429001,-16.4994486,-68.121863,247
9429001,-16.5004093,-68.1231039,248
9429001,-16.5004904,-68.1229349,249
9429001,-16.5005299,-68.1227505,250
9429001,-16.5005324,-68.1226329,251
9429001,-16.5005179,-68.1225162,252
9429001,-16.5004866,-68.1224031,253
9429001,-16.5004393,-68.1222963,254
9429001,-16.5003771,-68.1221981,255
9429001,-16.5003014,-68.1221109,256
9429001,-16.5001973,-68.1220204,257
9429001,-16.5000325,-68.1219566,258
9429001,-16.4995374,-68.1219455,259
9429001,-16.4974627,-68.1279535,260
9429001,-16.4975645,-68.1276047,261
9429001,-16.4976622,-68.1273338,262
9429001,-16.4977818,-68.127016,263
9429001,-16.4977882,-68.1269556,264
9429001,-16.4977882,-68.1268564,265
9429001,-16.4977483,-68.1263945,266
9429001,-16.4977124,-68.1261805,267
9429001,-16.4976944,-68.1260557,268
9429001,-16.4976519,-68.1258653,269
9429001,-16.4976429,-68.1258171,270
9429001,-16.4974627,-68.1279535,271
9429001,-16.4974998,-68.1280467,272
9429001,-16.4975004,-68.1281944,273
9429001,-16.4974624,-68.1283012,274
9429001,-16.4974624,-68.1283012,275
9429001,-16.4973756,-68.128545,276
9429001,-16.4973756,-68.128545,277
9429001,-16.4973138,-68.128687,278
9429001,-16.4973138,-68.128687,279
9429001,-16.497261,-68.128923,280
9429001,-16.4972405,-68.1292301,281
9429001,-16.4972302,-68.1295118,282
9429001,-16.4972276,-68.129721,283
9429001,-16.4972276,-68.129721,284
9429001,-16.4973258,-68.130104,285
9429001,-16.4977484,-68.1308961,286
9429001,-16.4975684,-68.1307845,287
9429001,-16.4975221,-68.1307308,288
9429001,-16.4974822,-68.1306624,289
9429001,-16.4974218,-68.1304908,290
9429001,-16.4973258,-68.130104,291
9429001,-16.4971209,-68.1319115,292
9429001,-16.4974414,-68.1313882,293
9429001,-16.4977484,-68.1308961,294
9429001,-16.496256,-68.1334125,295
9429001,-16.4966742,-68.1326642,296
9429001,-16.4967728,-68.1325083,297
9429001,-16.4968215,-68.1324267,298
9429001,-16.4971209,-68.1319115,299
9429001,-16.4969219,-68.1338728,300
9429001,-16.496256,-68.1334125,301
9429001,-16.4976358,-68.1343143,302
9429001,-16.4975862,-68.13428,303
9429001,-16.4974234,-68.1341768,304
9429001,-16.4972755,-68.1340853,305
9429001,-16.4969219,-68.1338728,306
9429001,-16.4985261,-68.1348856,307
9429001,-16.497783,-68.1344163,308
9429001,-16.4977522,-68.1343949,309
9429001,-16.4976358,-68.1343143,310
9429001,-16.4987961,-68.1351005,311
9429001,-16.4985261,-68.1348856,312
9429001,-16.4989191,-68.1351898,313
9429001,-16.4987961,-68.1351005,314
9429001,-16.4995959,-68.1361946,315
9429001,-16.4989191,-68.1351898,316
9429001,-16.4980876,-68.1370346,317
9429001,-16.4982981,-68.1369287,318
9429001,-16.498944,-68.1365999,319
9429001,-16.4992671,-68.1364075,320
9429001,-16.4995959,-68.1361946,321
9429001,-16.4969467,-68.1377733,322
9429001,-16.4975133,-68.137338,323
9429001,-16.4977918,-68.1371863,324
9429001,-16.4980876,-68.1370346,325
9429001,-16.4980961,-68.1392746,326
9429001,-16.4977434,-68.1388532,327
9429001,-16.4975756,-68.1386469,328
9429001,-16.4973903,-68.1383779,329
9429001,-16.4972672,-68.1382101,330
9429001,-16.4969467,-68.1377733,331
9429001,-16.4991318,-68.1403079,332
9429001,-16.4989139,-68.1400101,333
9429001,-16.4988325,-68.1398989,334
9429001,-16.498747,-68.1397487,335
9429001,-16.4986704,-68.1396617,336
9429001,-16.4986339,-68.1396168,337
9429001,-16.4984418,-68.1394551,338
9429001,-16.4981953,-68.1393114,339
9429001,-16.4980961,-68.1392746,340
9429001,-16.4999414,-68.1411384,341
9429001,-16.4998557,-68.1410975,342
9429001,-16.4995541,-68.1409535,343
9429001,-16.4993761,-68.1406813,344
9429001,-16.4991318,-68.1403079,345
9429001,-16.5001527,-68.1412027,346
9429001,-16.5001467,-68.1411635,347
9429001,-16.5001286,-68.1411285,348
9429001,-16.5001006,-68.1411016,349
9429001,-16.5000656,-68.1410858,350
9429001,-16.5000301,-68.1410827,351
9429001,-16.4999953,-68.1410911,352
9429001,-16.4999648,-68.1411103,353
9429001,-16.4999414,-68.1411384,354
9429001,-16.5000674,-68.141317,355
9429001,-16.5001013,-68.1413012,356
9429001,-16.5001286,-68.1412749,357
9429001,-16.5001463,-68.1412409,358
9429001,-16.5001527,-68.1412027,359
9429001,-16.5004063,-68.1419716,360
9429001,-16.5000674,-68.141317,361
9429001,-16.498916,-68.1427057,362
9429001,-16.4992648,-68.1425317,363
9429001,-16.4996677,-68.1423698,364
9429001,-16.5004063,-68.1419716,365
9429001,-16.498916,-68.1427057,366
9429001,-16.4992925,-68.1434815,367
9429001,-16.4992925,-68.1434815,368
9429001,-16.4995439,-68.1440227,369
9429001,-16.499692,-68.14437,370
9429001,-16.4997263,-68.1444466,371
9429001,-16.4997428,-68.144502,372
9429001,-16.4997531,-68.1445697,373
9429001,-16.499755,-68.1446381,374
9429001,-16.4997479,-68.1446964,375
9429001,-16.4997353,-68.1447658,376
9429001,-16.4997121,-68.1448302,377
9429001,-16.4997121,-68.1448302,378
9429001,-16.4999603,-68.1449852,379
9429001,-16.5002032,-68.1451318,380
9429001,-16.500476,-68.1452909,381
9429001,-16.500656,-68.1453585,382
9429001,-16.5010254,-68.1454088,383
9429001,-16.5010254,-68.1454088,384
9429001,-16.5010664,-68.1456196,385
9429001,-16.5010822,-68.1457029,386
9429001,-16.5011142,-68.1458042,387
9429001,-16.5011476,-68.1459142,388
9429001,-16.501181,-68.1460302,389
9429001,-16.5012138,-68.1461086,390
9429001,-16.5012717,-68.1462546,391
9429001,-16.5001975,-68.145902,392
9429001,-16.5002057,-68.1458978,393
9429001,-16.5002112,-68.1458962,394
9429001,-16.5002167,-68.1458953,395
9429001,-16.5002267,-68.1458956,396
9429001,-16.5002375,-68.1458964,397
9429001,-16.5002501,-68.1458991,398
9429001,-16.5002774,-68.1459071,399
9429001,-16.5003787,-68.1459376,400
9429001,-16.5006892,-68.146063,401
9429001,-16.5008614,-68.1461433,402
9429001,-16.5010634,-68.1462387,403
9429001,-16.5011348,-68.1462622,404
9429001,-16.5011843,-68.1462642,405
9429001,-16.5012299,-68.1462602,406
9429001,-16.5012717,-68.1462546,407
9429001,-16.5004871,-68.1477008,408
9429001,-16.5004642,-68.1476583,409
9429001,-16.5004243,-68.1475644,410
9429001,-16.5004009,-68.147418,411
9429001,-16.5003838,-68.1473097,412
9429001,-16.5003238,-68.1467559,413
9429001,-16.5001819,-68.1459772,414
9429001,-16.5001781,-68.1459556,415
9429001,-16.5001774,-68.145942,416
9429001,-16.5001781,-68.1459319,417
9429001,-16.5001822,-68.1459193,418
9429001,-16.5001873,-68.1459114,419
9429001,-16.5001975,-68.145902,420
9429001,-16.50065,-68.1490242,421
9429001,-16.5007271,-68.1489236,422
9429001,-16.5008107,-68.1487788,423
9429001,-16.5008461,-68.1486648,424
9429001,-16.5008551,-68.1485994,425
9429001,-16.5008567,-68.1485585,426
9429001,-16.5008544,-68.1485203,427
9429001,-16.5008441,-68.1484797,428
9429001,-16.5007403,-68.148207,429
9429001,-16.5006146,-68.1479593,430
9429001,-16.5004871,-68.1477008,431
9429001,-16.5000089,-68.1497838,432
9429001,-16.5000504,-68.1497799,433
9429001,-16.5000749,-68.1497749,434
9429001,-16.5001131,-68.1497571,435
9429001,-16.5001395,-68.1497383,436
9429001,-16.5001909,-68.1496773,437
9429001,-16.5002887,-68.1495318,438
9429001,-16.5004057,-68.149332,439
9429001,-16.5004513,-68.1492609,440
9429001,-16.5005169,-68.1491858,441
9429001,-16.50065,-68.1490242,442
9429001,-16.4999562,-68.1498193,443
9429001,-16.4999632,-68.149821,444
9429001,-16.4999704,-68.1498214,445
9429001,-16.4999775,-68.1498205,446
9429001,-16.4999843,-68.1498182,447
9429001,-16.4999907,-68.1498147,448
9429001,-16.4999964,-68.1498101,449
9429001,-16.5000011,-68.1498045,450
9429001,-16.5000049,-68.1497981,451
9429001,-16.5000075,-68.1497911,452
9429001,-16.5000089,-68.1497838,453
9429001,-16.5000958,-68.1524353,454
9429001,-16.5000231,-68.1522824,455
9429001,-16.4999781,-68.152159,456
9429001,-16.4999563,-68.1520557,457
9429001,-16.499946,-68.1519096,458
9429001,-16.4999408,-68.1513946,459
9429001,-16.4999126,-68.1505036,460
9429001,-16.4999037,-68.1503197,461
9429001,-16.4999048,-68.1502339,462
9429001,-16.4999083,-68.1501608,463
9429001,-16.4999221,-68.1500181,464
9429001,-16.4999562,-68.1498193,465
9429001,-16.5003816,-68.1527831,466
9429001,-16.5003742,-68.1527404,467
9429001,-16.5003523,-68.1526921,468
9429001,-16.500306,-68.1526331,469
9429001,-16.5002366,-68.1525493,470
9429001,-16.5001703,-68.1524768,471
9429001,-16.5000958,-68.1524353,472
9429001,-16.5005171,-68.1528985,473
9429001,-16.5005099,-68.1528734,474
9429001,-16.5004986,-68.1528478,475
9429001,-16.5004824,-68.1528252,476
9429001,-16.500462,-68.1528067,477
9429001,-16.5004436,-68.1527956,478
9429001,-16.5004237,-68.1527879,479
9429001,-16.5004029,-68.1527836,480
9429001,-16.5003816,-68.1527831,481
9429001,-16.5019147,-68.153089,482
9429001,-16.5017625,-68.153123,483
9429001,-16.5016345,-68.1531401,484
9429001,-16.5015057,-68.1531483,485
9429001,-16.5013085,-68.1531435,486
9429001,-16.5011127,-68.1531179,487
9429001,-16.5009205,-68.1530716,488
9429001,-16.500782,-68.1530245,489
9429001,-16.5006473,-68.1529667,490
9429001,-16.5005171,-68.1528985,491
9429001,-16.5014749,-68.1537201,492
9429001,-16.5016005,-68.1536116,493
9429001,-16.5016953,-68.1535138,494
9429001,-16.5017837,-68.1533644,495
9429001,-16.501842,-68.1532419,496
9429001,-16.5018703,-68.1531824,497
9429001,-16.5019147,-68.153089,498
9429001,-16.5019911,-68.1543812,499
9429001,-16.5014749,-68.1537201,500
9429001,-16.5026971,-68.1551503,501
9429001,-16.5024534,-68.1549364,502
9429001,-16.5023223,-68.1548211,503
9429001,-16.502222,-68.1547239,504
9429001,-16.5021995,-68.1547011,505
9429001,-16.5020877,-68.1545775,506
9429001,-16.5020541,-68.1545187,507
9429001,-16.5020194,-68.1544449,508
9429001,-16.5019911,-68.1543812,509
9437459,-16.4978988,-68.1586065,0
9437459,-16.4977222,-68.158685,1
9437459,-16.4973387,-68.1589003,2
9437459,-16.4973387,-68.1589003,3
9437459,-16.4971321,-68.1590079,4
9437459,-16.4968003,-68.1592395,5
9437459,-16.4963903,-68.1595781,6
9437459,-16.4961742,-68.159728,7
9437459,-16.4960497,-68.1597984,8
9437459,-16.4959483,-68.1598415,9
9437459,-16.4959483,-68.1598415,10
9437459,-16.4958525,-68.1598579,11
9437459,-16.4957098,-68.1598786,12
9437459,-16.4955567,-68.1598931,13
9437459,-16.4955567,-68.1598931,14
9437459,-16.4954137,-68.1598817,15
9437459,-16.4952515,-68.1598468,16
9437459,-16.4951135,-68.1597942,17
9437459,-16.4949749,-68.1597201,18
9437459,-16.4948399,-68.1596214,19
9437459,-16.494706,-68.1594882,20
9437459,-16.4946094,-68.1593587,21
9437459,-16.494501,-68.1591756,22
9437459,-16.4944291,-68.1590388,23
9437459,-16.4955932,-68.158506,24
9437459,-16.4953964,-68.1586319,25
9437459,-16.495244,-68.1587091,26
9437459,-16.4950612,-68.1587813,27
9437459,-16.4948159,-68.1588773,28
9437459,-16.4944291,-68.1590388,29
9437459,-16.4966631,-68.1568495,30
9437459,-16.4963109,-68.1576151,31
9437459,-16.4961949,-68.1578228,32
9437459,-16.4960668,-68.1580268,33
9437459,-16.4959879,-68.1581309,34
9437459,-16.4958907,-68.1582429,35
9437459,-16.4957381,-68.1583906,36
9437459,-16.4955932,-68.158506,37
9437459,-16.495418,-68.1538399,38
9437459,-16.4955968,-68.1542796,39
9437459,-16.495959,-68.1551674,40
9437459,-16.4959864,-68.1552357,41
9437459,-16.4960336,-68.1553857,42
9437459,-16.4962506,-68.1559296,43
9437459,-16.4962713,-68.1559789,44
9437459,-16.4964169,-68.1563258,45
9437459,-16.4965885,-68.1567711,46
9437459,-16.4966055,-68.1568029,47
9437459,-16.4966297,-68.1568267,48
9437459,-16.4966631,-68.1568495,49
9437459,-16.49552,-68.1523445,50
9437459,-16.4954756,-68.1529482,51
9437459,-16.4954666,-68.1530795,52
9437459,-16.4954534,-68.1532612,53
9437459,-16.4954377,-68.1534776,54
9437459,-16.495418,-68.1538399,55
9437459,-16.4955746,-68.1514414,56
9437459,-16.4955429,-68.1516843,57
9437459,-16.4955388,-68.1518367,58
9437459,-16.49552,-68.1523445,59
9437459,-16.4958304,-68.1487893,60
9437459,-16.4958697,-68.1489895,61
9437459,-16.4959105,-68.1493432,62
9437459,-16.495878,-68.1494865,63
9437459,-16.4957337,-68.1499916,64
9437459,-16.4956839,-68.1502526,65
9437459,-16.4956231,-68.1506229,66
9437459,-16.4955996,-68.1509355,67
9437459,-16.4955793,-68.1512054,68
9437459,-16.4955746,-68.1514414,69
9437459,-16.4955913,-68.1476959,70
9437459,-16.4956634,-68.1481323,71
9437459,-16.4958304,-68.1487893,72
9437459,-16.4956707,-68.146439,73
9437459,-16.4956208,-68.1468596,74
9437459,-16.4955918,-68.1475081,75
9437459,-16.4955913,-68.1476959,76
9437459,-16.4955637,-68.1460653,77
9437459,-16.495607,-68.146187,78
9437459,-16.4956421,-68.146312,79
9437459,-16.4956707,-68.146439,80
9437459,-16.495524,-68.1457213,81
9437459,-16.4955139,-68.1457572,82
9437459,-16.4955116,-68.1457954,83
9437459,-16.4955637,-68.1460653,84
9437459,-16.4957433,-68.1456515,85
9437459,-16.4957287,-68.1456455,86
9437459,-16.495679,-68.145635,87
9437459,-16.495638,-68.1456365,88
9437459,-16.4956026,-68.1456455,89
9437459,-16.4955705,-68.1456634,90
9437459,-16.4955437,-68.1456893,91
9437459,-16.495524,-68.1457213,92
9437459,-16.4959323,-68.1455582,93
9437459,-16.4958737,-68.1455984,94
9437459,-16.4958103,-68.1456297,95
9437459,-16.4957433,-68.1456515,96
9437459,-16.4959892,-68.1454268,97
9437459,-16.4959323,-68.1455582,98
9437459,-16.4964306,-68.1444331,99
9437459,-16.4959892,-68.1454268,100
9437459,-16.497483,-68.1418787,101
9437459,-16.4971608,-68.1423837,102
9437459,-16.4969974,-68.1427082,103
9437459,-16.4968485,-68.1430448,104
9437459,-16.4967613,-68.143371,105
9437459,-16.4966718,-68.1438054,106
9437459,-16.4964306,-68.1444331,107
9437459,-16.4975966,-68.1416355,108
9437459,-16.497569,-68.1416341,109
9437459,-16.4975417,-68.1416385,110
9437459,-16.4975158,-68.1416486,111
9437459,-16.4974925,-68.1416639,112
9437459,-16.4974725,-68.1416839,113
9437459,-16.4974569,-68.1417076,114
9437459,-16.4974462,-68.1417341,115
9437459,-16.4974408,-68.1417624,116
9437459,-16.4974432,-68.1418051,117
9437459,-16.4974577,-68.141845,118
9437459,-16.497483,-68.1418787,119
9437459,-16.4965072,-68.1397431,120
9437459,-16.4970415,-68.1406032,121
9437459,-16.4973029,-68.1410546,122
9437459,-16.4975237,-68.1414605,123
9437459,-16.4975563,-68.1415226,124
9437459,-16.4975791,-68.1415776,125
9437459,-16.4975966,-68.1416355,126
9437459,-16.4960377,-68.1389837,127
9437459,-16.4961401,-68.1391598,128
9437459,-16.4965072,-68.1397431,129
9437459,-16.4956955,-68.1383617,130
9437459,-16.4958471,-68.1386616,131
9437459,-16.4960377,-68.1389837,132
9437459,-16.4953601,-68.1376843,133
9437459,-16.4953926,-68.1377559,134
9437459,-16.4956955,-68.1383617,135
9437459,-16.4957794,-68.1373197,136
9437459,-16.4957682,-68.1373791,137
9437459,-16.4957511,-68.1374169,138
9437459,-16.4957026,-68.1374655,139
9437459,-16.4956541,-68.1375049,140
9437459,-16.4953601,-68.1376843,141
9437459,-16.4957812,-68.13731,142
9437459,-16.4957794,-68.1373197,143
9437459,-16.4959748,-68.1364255,144
9437459,-16.4959385,-68.1365139,145
9437459,-16.4959055,-68.1366352,146
9437459,-16.4958236,-68.13708,147
9437459,-16.4957812,-68.13731,148
9437459,-16.4959835,-68.1364042,149
9437459,-16.4959748,-68.1364255,150
9437459,-16.4962938,-68.1366232,151
9437459,-16.496248,-68.1366439,152
9437459,-16.4962125,-68.1366604,153
9437459,-16.4972977,-68.1361569,154
9437459,-16.4971439,-68.1362303,155
9437459,-16.496592,-68.1364012,156
9437459,-16.4962938,-68.1366232,157
9437459,-16.4980692,-68.1356728,158
9437459,-16.4980081,-68.1357171,159
9437459,-16.4978115,-68.1358847,160
9437459,-16.4976198,-68.136008,161
9437459,-16.4972977,-68.1361569,162
9437459,-16.4982099,-68.1355435,163
9437459,-16.498122,-68.1356316,164
9437459,-16.4980692,-68.1356728,165
9437459,-16.4987961,-68.1351005,166
9437459,-16.4987046,-68.1351677,167
9437459,-16.4982099,-68.1355435,168
9437459,-16.4995324,-68.1345304,169
9437459,-16.4994697,-68.1345804,170
9437459,-16.4988715,-68.1350351,171
9437459,-16.4987961,-68.1351005,172
9437459,-16.500282,-68.1339826,173
9437459,-16.5002091,-68.1340326,174
9437459,-16.4995324,-68.1345304,175
9437459,-16.5038644,-68.131028,176
9437459,-16.5037781,-68.1310859,177
9437459,-16.5032507,-68.1314536,178
9437459,-16.5031832,-68.1314983,179
9437459,-16.5027241,-68.131825,180
9437459,-16.5026729,-68.1318594,181
9437459,-16.5026139,-68.1319005,182
9437459,-16.502151,-68.1322051,183
9437459,-16.5018183,-68.1324609,184
9437459,-16.5017644,-68.1324983,185
9437459,-16.5017151,-68.1325317,186
9437459,-16.5012885,-68.1328275,187
9437459,-16.5012356,-68.1328607,188
9437459,-16.5011825,-68.1328953,189
9437459,-16.5010124,-68.1330254,190
9437459,-16.5008616,-68.1331539,191
9437459,-16.5008142,-68.1332094,192
9437459,-16.5006506,-68.1334952,193
9437459,-16.5003296,-68.1339246,194
9437459,-16.500282,-68.1339826,195
9437459,-16.5041305,-68.1309495,196
9437459,-16.5040829,-68.1309394,197
9437459,-16.5040327,-68.1309403,198
9437459,-16.5039704,-68.1309552,199
9437459,-16.5039004,-68.1309852,200
9437459,-16.5038644,-68.131028,201
9437459,-16.5041804,-68.1309489,202
9437459,-16.5041305,-68.1309495,203
9437459,-16.5043583,-68.1309109,204
9437459,-16.5043124,-68.1309365,205
9437459,-16.5042661,-68.1309473,206
9437459,-16.5041804,-68.1309489,207
9437459,-16.5048862,-68.1303418,208
9437459,-16.5043865,-68.1308822,209
9437459,-16.5043583,-68.1309109,210
9437459,-16.5054639,-68.1297147,211
9437459,-16.5048862,-68.1303418,212
9437459,-16.5070293,-68.1273319,213
9437459,-16.5069395,-68.1274583,214
9437459,-16.5064128,-68.128227,215
9437459,-16.5062523,-68.1284547,216
9437459,-16.5062153,-68.1285056,217
9437459,-16.506062,-68.1287404,218
9437459,-16.5059598,-68.1288976,219
9437459,-16.505843,-68.1290847,220
9437459,-16.5055782,-68.1295374,221
9437459,-16.5055108,-68.1296518,222
9437459,-16.5054639,-68.1297147,223
9437459,-16.5077594,-68.1263211,224
9437459,-16.5070478,-68.1273059,225
9437459,-16.5070293,-68.1273319,226
9437459,-16.5084986,-68.1253488,227
9437459,-16.5077594,-68.1263211,228
9437459,-16.5076355,-68.1246744,229
9437459,-16.5079528,-68.124919,230
9437459,-16.5084986,-68.1253488,231
9437459,-16.5073668,-68.1244613,232
9437459,-16.5076355,-68.1246744,233
9437459,-16.505955,-68.1231029,234
9437459,-16.5073668,-68.1244613,235
9437459,-16.5057951,-68.122826,236
9437459,-16.5058837,-68.1230101,237
9437459,-16.5059121,-68.1230525,238
9437459,-16.505955,-68.1231029,239
9437459,-16.503689,-68.1229426,240
9437459,-16.5051023,-68.1229482,241
9437459,-16.5056015,-68.1229329,242
9437459,-16.5056701,-68.1229175,243
9437459,-16.5057951,-68.122826,244
9437459,-16.5028127,-68.1229594,245
9437459,-16.503689,-68.1229426,246
9437459,-16.5027245,-68.1229581,247
9437459,-16.5027829,-68.122959,248
9437459,-16.5028127,-68.1229594,249
9437459,-16.5015517,-68.1229245,250
9437459,-16.5016445,-68.122976,251
9437459,-16.5016767,-68.1229863,252
9437459,-16.5026884,-68.1229561,253
9437459,-16.5027245,-68.1229581,254
9437459,-16.5014694,-68.1211004,255
9437459,-16.5014773,-68.1212878,256
9437459,-16.501506,-68.1219462,257
9437459,-16.5015351,-68.1225313,258
9437459,-16.5015511,-68.1229073,259
9437459,-16.5014684,-68.1210483,260
9437459,-16.5014694,-68.1211004,261
9437459,-16.5014636,-68.1209126,262
9437459,-16.5014684,-68.1210483,263
9437459,-16.5013741,-68.1191319,264
9437459,-16.5013846,-68.1192381,265
9437459,-16.5014193,-68.1200354,266
9437459,-16.5014636,-68.1209126,267
9437459,-16.5013682,-68.1190613,268
9437459,-16.5013741,-68.1191319,269
9437459,-16.5013682,-68.1190613,270
9437459,-16.5009765,-68.1188653,271
9437459,-16.500666,-68.1187085,272
9437459,-16.5003641,-68.1185585,273
9437459,-16.4999774,-68.1183678,274
9437459,-16.499863,-68.118307,275
9437459,-16.499863,-68.118307,276
9437459,-16.4996077,-68.1183152,277
9437459,-16.4991003,-68.1183528,278
9437459,-16.4987164,-68.1183871,279
9437459,-16.4987164,-68.1183871,280
9437459,-16.4986073,-68.1184791,281
9437459,-16.4973171,-68.1193009,282
9437459,-16.4978714,-68.1189478,283
9437459,-16.4982449,-68.1187081,284
9437459,-16.4986073,-68.1184791,285
9437459,-16.496118,-68.1183113,286
9437459,-16.4961268,-68.1183269,287
9437459,-16.4961974,-68.118462,288
9437459,-16.4962622,-68.1185188,289
9437459,-16.4963257,-68.1185475,290
9437459,-16.4964247,-68.1185656,291
9437459,-16.4967192,-68.1185482,292
9437459,-16.4968014,-68.118547,293
9437459,-16.4969236,-68.118563,294
9437459,-16.49698,-68.1185992,295
9437459,-16.4970144,-68.1186387,296
9437459,-16.4973171,-68.1193009,297
9437459,-16.4960723,-68.1182041,298
9437459,-16.496118,-68.1183113,299
9437459,-16.4960657,-68.1181887,300
9437459,-16.4960723,-68.1182041,301
9437459,-16.495916,-68.1180781,302
9437459,-16.4959762,-68.118098,303
9437459,-16.4960277,-68.118136,304
9437459,-16.4960657,-68.1181887,305
9437459,-16.4950416,-68.1184568,306
9437459,-16.4956189,-68.1181312,307
9437459,-16.4956997,-68.1181086,308
9437459,-16.4958057,-68.1180989,309
9437459,-16.495916,-68.1180781,310
9437459,-16.4947588,-68.1185418,311
9437459,-16.4949184,-68.1185133,312
9437459,-16.4950416,-68.1184568,313
9437459,-16.4946487,-68.1185131,314
9437459,-16.4946713,-68.1185342,315
9437459,-16.4946991,-68.1185467,316
9437459,-16.4947293,-68.1185493,317
9437459,-16.4947588,-68.1185418,318
9437459,-16.494633,-68.1184193,319
9437459,-16.4946279,-68.1184518,320
9437459,-16.4946333,-68.1184843,321
9437459,-16.4946487,-68.1185131,322
9437459,-16.4947301,-68.1183535,323
9437459,-16.4946992,-68.1183561,324
9437459,-16.4946707,-68.118369,325
9437459,-16.4946479,-68.1183909,326
9437459,-16.494633,-68.1184193,327
9437459,-16.4948635,-68.118286,328
9437459,-16.4947301,-68.1183535,329
9437459,-16.4958446,-68.1170582,330
9437459,-16.4955328,-68.1177554,331
9437459,-16.4954543,-68.1178737,332
9437459,-16.4953861,-68.117945,333
9437459,-16.4953283,-68.1179896,334
9437459,-16.4950365,-68.1181405,335
9437459,-16.4949618,-68.1181875,336
9437459,-16.4948635,-68.118286,337
9437459,-16.4958063,-68.116897,338
9437459,-16.4958282,-68.1169674,339
9437459,-16.4958381,-68.1170093,340
9437459,-16.4958446,-68.1170582,341
9437459,-16.4957647,-68.1164688,342
9437459,-16.4957806,-68.1167711,343
9437459,-16.4958063,-68.116897,344
9437459,-16.4955348,-68.1154934,345
9437459,-16.4955637,-68.1156236,346
9437459,-16.4956055,-68.1158372,347
9437459,-16.4957647,-68.1164688,348
9437459,-16.4955348,-68.1154934,349
9437459,-16.4955502,-68.1154825,350
9437459,-16.4955614,-68.115467,351
9437459,-16.4955672,-68.1154485,352
9437459,-16.495567,-68.1154291,353
9437459,-16.4955606,-68.1154106,354
9437459,-16.4955489,-68.1153952,355
9437459,-16.495533,-68.1153847,356
9437459,-16.4955147,-68.1153802,357
9437459,-16.495496,-68.1153822,358
9437459,-16.4954789,-68.1153904,359
9437459,-16.4954695,-68.1153997,360
9437459,-16.4954695,-68.1153997,361
9437459,-16.4954567,-68.1154215,362
9437459,-16.495454,-68.1154409,363
9437459,-16.4954576,-68.1154602,364
9437459,-16.4954669,-68.1154772,365
9437459,-16.495481,-68.11549,366
9437459,-16.4954982,-68.1154973,367
9437459,-16.4955168,-68.1154985,368
9437459,-16.4955348,-68.1154934,369
9437459,-16.4954695,-68.1153997,370
9437459,-16.4954059,-68.1153502,371
9437459,-16.495363,-68.1153407,372
9437459,-16.4952146,-68.1153216,373
9437459,-16.4949407,-68.1152935,374
9437459,-16.4945318,-68.1152421,375
9437459,-16.4942418,-68.1152211,376
9437459,-16.4941701,-68.1152043,377
9437459,-16.4940606,-68.1151754,378
9437459,-16.494007,-68.1151451,379
9437459,-16.4937951,-68.115005,380
9437459,-16.4937951,-68.115005,381
9437459,-16.4936808,-68.1148732,382
9437459,-16.4935708,-68.1147209,383
9437459,-16.4934968,-68.1145617,384
9437459,-16.4934968,-68.1145617,385
9437459,-16.4934947,-68.1145146,386
9437459,-16.4934947,-68.114452,387
9437459,-16.4935005,-68.1143962,388
9437459,-16.4935122,-68.1143288,389
9437459,-16.4935322,-68.1142696,390
9437459,-16.4935707,-68.1142055,391
9437459,-16.4936078,-68.1141755,392
9437459,-16.4942509,-68.1137777,393
9437459,-16.4943227,-68.1137458,394
9437459,-16.4944598,-68.1137158,395
9437459,-16.4944598,-68.1137158,396
9437459,-16.4947721,-68.1137354,397
9437459,-16.4949053,-68.1137323,398
9437459,-16.4950185,-68.1137153,399
9437459,-16.4951226,-68.1136783,400
9437459,-16.4952203,-68.1135983,401
9437459,-16.4957157,-68.113019,402
9437459,-16.495772,-68.112933,403
9437459,-16.4958041,-68.1128392,404
9437459,-16.4958183,-68.1127976,405
9437459,-16.4959005,-68.1125589,406
9437459,-16.4959813,-68.1123722,407
9437459,-16.4961924,-68.1121404,408
9437459,-16.4962413,-68.1120855,409
9437459,-16.4965555,-68.1117665,410
9437459,-16.4966605,-68.111651,411
9437459,-16.4967184,-68.1115678,412
9437459,-16.4967558,-68.1114881,413
9437459,-16.4967647,-68.1114364,414
9437459,-16.4967546,-68.1113966,415
9437459,-16.4967546,-68.1113966,416
9437459,-16.4967268,-68.1113678,417
9437459,-16.4966926,-68.1113562,418
9437459,-16.4966579,-68.1113586,419
9437459,-16.4965107,-68.1114051,420
9437459,-16.4964252,-68.1114231,421
9437459,-16.4963654,-68.1114317,422
9437459,-16.4962947,-68.1114337,423
9437459,-16.4962291,-68.1114279,424
9437459,-16.4960308,-68.1113719,425
9437459,-16.4958438,-68.1113025,426
9437459,-16.4958015,-68.1113016,427
9437459,-16.4957464,-68.1113154,428
9437459,-16.4957464,-68.1113154,429
9437459,-16.4956356,-68.1113274,430
9437459,-16.4955816,-68.1113197,431
9437459,-16.4955276,-68.1112888,432
9437459,-16.4954891,-68.1112595,433
9437459,-16.4954306,-68.1112023,434
9437459,-16.4953701,-68.1111245,435
9437459,-16.4953378,-68.1110577,436
9437459,-16.4952319,-68.1106598,437
9437459,-16.4952049,-68.1105653,438
9437459,-16.4952068,-68.110517,439
9437459,-16.4952384,-68.1104506,440
9437459,-16.4953078,-68.1104077,441
9437459,-16.4956273,-68.1102636,442
9437459,-16.4958002,-68.1101851,443
9437459,-16.4960992,-68.1100939,444
9437459,-16.4963815,-68.1100027,445
9437459,-16.4964789,-68.1099732,446
9437459,-16.4966367,-68.1099585,447
9437459,-16.4968936,-68.1095907,448
9437459,-16.4966367,-68.1099585,449
9437459,-16.4975259,-68.1089191,450
9437459,-16.4973896,-68.1090116,451
9437459,-16.497193,-68.1092271,452
9437459,-16.4970744,-68.1093499,453
9437459,-16.4968936,-68.1095907,454
9437459,-16.4975259,-68.1089191,455
9437459,-16.4980506,-68.1086482,456
9437459,-16.498962,-68.1081853,457
9437459,-16.4990796,-68.1081445,458
9437459,-16.4992336,-68.1081319,459
9437459,-16.4999532,-68.1081155,460
9437459,-16.5000531,-68.1081138,461
9437459,-16.500177,-68.1081101,462
9437459,-16.5009687,-68.1080754,463
9437459,-16.5010425,-68.1080751,464
9437459,-16.5013759,-68.1080531,465
9437459,-16.5015302,-68.1080252,466
9437459,-16.5016974,-68.1079861,467
9437459,-16.5017571,-68.1079676,468
9437459,-16.5018625,-68.1079354,469
9437459,-16.5022219,-68.1078556,470
9437459,-16.5024711,-68.1077819,471
9437459,-16.5026006,-68.1077409,472
9437459,-16.502681,-68.1077094,473
9437459,-16.5028118,-68.1075887,474
9437459,-16.5028846,-68.1074654,475
9437459,-16.5029828,-68.1072719,476
9437459,-16.5031355,-68.1071012,477
9437459,-16.5032424,-68.1070049,478
9437459,-16.503326,-68.1069626,479
9437459,-16.5034179,-68.1069459,480
9437459,-16.5035741,-68.1069727,481
9437459,-16.5039515,-68.1070471,482
9437459,-16.5043405,-68.10709,483
9437459,-16.504408,-68.1070894,484
9437459,-16.5044753,-68.1070717,485
9437459,-16.5045113,-68.1070509,486
9437459,-16.5045293,-68.1070315,487
9437459,-16.5045409,-68.1069321,488
9437459,-16.5045577,-68.106873,489
9437459,-16.5045808,-68.1067916,490
9437459,-16.5045917,-68.1067721,491
9437459,-16.5046052,-68.1067614,492
9437459,-16.5046734,-68.1067326,493
9437459,-16.5047756,-68.1067091,494
9437459,-16.5049254,-68.1066943,495
9437459,-16.5051813,-68.1067239,496
9437459,-16.5052504,-68.106741,497
9437459,-16.5052995,-68.1067714,498
9437459,-16.5053959,-68.1069022,499
9437459,-16.505454,-68.1069689,500
9437459,-16.5055283,-68.1070265,501
9437459,-16.5056353,-68.1070602,502
9437459,-16.505836,-68.1070917,503
9437459,-16.5058956,-68.107131,504
9437459,-16.505955,-68.1072069,505
9437459,-16.5060295,-68.1073954,506
9437459,-16.5061143,-68.1075626,507
9437459,-16.5061458,-68.1076001,508
9437459,-16.5061857,-68.1076243,509
9437459,-16.5062249,-68.1076397,510
9437459,-16.5062544,-68.1076397,511
9467267,-16.4994091,-68.1246664,0
9467267,-16.4994482,-68.1246765,1
9467267,-16.4994668,-68.1247087,2
9467267,-16.4994701,-68.1247589,3
9467267,-16.4994709,-68.1248195,4
9467267,-16.4994715,-68.1248773,5
9467267,-16.4994695,-68.125431,6
9467267,-16.499497,-68.1254906,7
9467267,-16.4995188,-68.1263119,8
9467267,-16.499497,-68.1254906,9
9467267,-16.4995188,-68.1263119,10
9467267,-16.4984554,-68.1259898,11
9467267,-16.4984554,-68.1259898,12
9467267,-16.4985492,-68.1261668,13
9467267,-16.4984554,-68.1259898,14
9467267,-16.4981614,-68.1254925,15
9467267,-16.4981614,-68.1254925,16
9467267,-16.4983278,-68.1253821,17
9467267,-16.4983278,-68.1253821,18
9467267,-16.4981522,-68.1248874,19
9467267,-16.4979984,-68.1243704,20
9467267,-16.4979934,-68.1243052,21
9467267,-16.4984462,-68.1231455,22
9467267,-16.4982827,-68.1236683,23
9467267,-16.4980567,-68.1241456,24
9467267,-16.4979934,-68.1243052,25
9467267,-16.4985521,-68.1231113,26
9467267,-16.4984462,-68.1231455,27
9467267,-16.4985402,-68.1222126,28
9467267,-16.4985105,-68.1222613,29
9467267,-16.4984581,-68.1223745,30
9467267,-16.4984161,-68.1225407,31
9467267,-16.4984101,-68.1227139,32
9467267,-16.4984389,-68.1228772,33
9467267,-16.4985521,-68.1231113,34
9467267,-16.4981059,-68.1219002,35
9467267,-16.4985402,-68.1222126,36
9467267,-16.4981079,-68.1212086,37
9467267,-16.4981045,-68.1212906,38
9467267,-16.4981059,-68.1219002,39
9467267,-16.4981151,-68.121081,40
9467267,-16.4981079,-68.1212086,41
9467267,-16.4973171,-68.1193009,42
9467267,-16.4973626,-68.1193756,43
9467267,-16.4975414,-68.1197887,44
9467267,-16.4977527,-68.1202769,45
9467267,-16.4979664,-68.1206944,46
9467267,-16.4980633,-68.1209101,47
9467267,-16.498092,-68.120974,48
9467267,-16.4981151,-68.121081,49
9467267,-16.496118,-68.1183113,50
9467267,-16.4961268,-68.1183269,51
9467267,-16.4961974,-68.118462,52
9467267,-16.4962622,-68.1185188,53
9467267,-16.4963257,-68.1185475,54
9467267,-16.4964247,-68.1185656,55
9467267,-16.4967192,-68.1185482,56
9467267,-16.4968014,-68.118547,57
9467267,-16.4969236,-68.118563,58
9467267,-16.49698,-68.1185992,59
9467267,-16.4970144,-68.1186387,60
9467267,-16.4973171,-68.1193009,61
9467267,-16.4960723,-68.1182041,62
9467267,-16.496118,-68.1183113,63
9467267,-16.4960657,-68.1181887,64
9467267,-16.4960723,-68.1182041,65
9467267,-16.495916,-68.1180781,66
9467267,-16.4959762,-68.118098,67
9467267,-16.4960277,-68.118136,68
9467267,-16.4960657,-68.1181887,69
9467267,-16.4950416,-68.1184568,70
9467267,-16.4956189,-68.1181312,71
9467267,-16.4956997,-68.1181086,72
9467267,-16.4958057,-68.1180989,73
9467267,-16.495916,-68.1180781,74
9467267,-16.4947588,-68.1185418,75
9467267,-16.4949184,-68.1185133,76
9467267,-16.4950416,-68.1184568,77
9467267,-16.4946487,-68.1185131,78
9467267,-16.4946713,-68.1185342,79
9467267,-16.4946991,-68.1185467,80
9467267,-16.4947293,-68.1185493,81
9467267,-16.4947588,-68.1185418,82
9467267,-16.494633,-68.1184193,83
9467267,-16.4946279,-68.1184518,84
9467267,-16.4946333,-68.1184843,85
9467267,-16.4946487,-68.1185131,86
9467267,-16.4947301,-68.1183535,87
9467267,-16.4946992,-68.1183561,88
9467267,-16.4946707,-68.118369,89
9467267,-16.4946479,-68.1183909,90
9467267,-16.494633,-68.1184193,91
9467267,-16.4948635,-68.118286,92
9467267,-16.4947301,-68.1183535,93
9467267,-16.4958446,-68.1170582,94
9467267,-16.4955328,-68.1177554,95
9467267,-16.4954543,-68.1178737,96
9467267,-16.4953861,-68.117945,97
9467267,-16.4953283,-68.1179896,98
9467267,-16.4950365,-68.1181405,99
9467267,-16.4949618,-68.1181875,100
9467267,-16.4948635,-68.118286,101
9467267,-16.4958063,-68.116897,102
9467267,-16.4958282,-68.1169674,103
9467267,-16.4958381,-68.1170093,104
9467267,-16.4958446,-68.1170582,105
9467267,-16.4957647,-68.1164688,106
9467267,-16.4957806,-68.1167711,107
9467267,-16.4958063,-68.116897,108
9467267,-16.4955348,-68.1154934,109
9467267,-16.4955637,-68.1156236,110
9467267,-16.4956055,-68.1158372,111
9467267,-16.4957647,-68.1164688,112
9467267,-16.4955348,-68.1154934,113
9467267,-16.4955502,-68.1154825,114
9467267,-16.4955614,-68.115467,115
9467267,-16.4955672,-68.1154485,116
9467267,-16.495567,-68.1154291,117
9467267,-16.4955606,-68.1154106,118
9467267,-16.4955489,-68.1153952,119
9467267,-16.495533,-68.1153847,120
9467267,-16.4955147,-68.1153802,121
9467267,-16.495496,-68.1153822,122
9467267,-16.4954789,-68.1153904,123
9467267,-16.4954695,-68.1153997,124
9467267,-16.4954695,-68.1153997,125
9467267,-16.4954567,-68.1154215,126
9467267,-16.495454,-68.1154409,127
9467267,-16.4954576,-68.1154602,128
9467267,-16.4954669,-68.1154772,129
9467267,-16.495481,-68.11549,130
9467267,-16.4954982,-68.1154973,131
9467267,-16.4955168,-68.1154985,132
9467267,-16.4955348,-68.1154934,133
9467267,-16.495567,-68.1154291,134
9467267,-16.4959253,-68.1155441,135
9467267,-16.4961698,-68.1156276,136
9467267,-16.4962744,-68.1156799,137
9467267,-16.4963162,-68.1157286,138
9467267,-16.4963563,-68.1157808,139
9467267,-16.4966327,-68.1162345,140
9467267,-16.496704,-68.1163611,141
9467267,-16.4973316,-68.1160443,142
9467267,-16.4972482,-68.1161048,143
9467267,-16.4971662,-68.116149,144
9467267,-16.4967705,-68.1163313,145
9467267,-16.496704,-68.1163611,146
9467267,-16.4976224,-68.1157195,147
9467267,-16.4973316,-68.1160443,148
9467267,-16.4977635,-68.1155387,149
9467267,-16.4977298,-68.1155189,150
9467267,-16.4976918,-68.1155123,151
9467267,-16.4976539,-68.1155195,152
9467267,-16.4976205,-68.1155397,153
9467267,-16.4975955,-68.1155711,154
9467267,-16.4975824,-68.1156096,155
9467267,-16.4975828,-68.1156505,156
9467267,-16.4975967,-68.1156887,157
9467267,-16.4976224,-68.1157195,158
9467267,-16.4977635,-68.1155387,159
9467267,-16.4978416,-68.1154364,160
9467267,-16.4978751,-68.1153345,161
9467267,-16.4978943,-68.1151535,162
9467267,-16.4978713,-68.1148778,163
9467267,-16.4978941,-68.1146855,164
9467267,-16.4979532,-68.1145556,165
9467267,-16.4981208,-68.1142985,166
9467267,-16.4982998,-68.1140375,167
9467267,-16.4983577,-68.1139655,168
9467267,-16.4984696,-68.1138643,169
9467267,-16.4985471,-68.1138026,170
9467267,-16.4986367,-68.1137343,171
9467267,-16.4988268,-68.1136162,172
9467267,-16.4991809,-68.1134541,173
9467267,-16.4992377,-68.1134281,174
9467267,-16.4995297,-68.1133113,175
9467267,-16.4999035,-68.1131181,176
9467267,-16.5000398,-68.1130551,177
9467267,-16.5001247,-68.1129612,178
9467267,-16.5001864,-68.1128714,179
9467267,-16.500234,-68.1127386,180
9467267,-16.500261,-68.1126367,181
9467267,-16.500261,-68.1126367,182
9467267,-16.5002919,-68.1124046,183
9467267,-16.5003034,-68.1121297,184
9467267,-16.5002932,-68.1119004,185
9467267,-16.50027,-68.1117368,186
9467267,-16.5002173,-68.1115557,187
9467267,-16.5002173,-68.1115557,188
9467267,-16.5001851,-68.1114605,189
9467267,-16.5001851,-68.1114605,190
9467267,-16.5003354,-68.1114796,191
9467267,-16.5006871,-68.1114841,192
9467267,-16.5009281,-68.1114693,193
9467267,-16.5011979,-68.111437,194
9467267,-16.5013178,-68.1114015,195
9467267,-16.5014206,-68.1113862,196
9467267,-16.5021838,-68.1112554,197
9467267,-16.5023604,-68.1112247,198
9467267,-16.5023604,-68.1112247,199
9467267,-16.5028816,-68.1111293,200
9467267,-16.5031036,-68.1110836,201
9467267,-16.5032069,-68.1110609,202
9467267,-16.5033509,-68.1110381,203
9467267,-16.5035026,-68.1110783,204
9467267,-16.503745,-68.1111393,205
9467267,-16.503745,-68.1111393,206
9467267,-16.5038961,-68.1111339,207
9467267,-16.5041212,-68.1110816,208
9467267,-16.5042382,-68.1110501,209
9467267,-16.5043654,-68.1110361,210
9475383,-16.5041804,-68.1309489,0
9475383,-16.5041305,-68.1309495,1
9475383,-16.5041305,-68.1309495,2
9475383,-16.5040818,-68.130959,3
9475383,-16.5040492,-68.1309799,4
9475383,-16.504023,-68.1310111,5
9475383,-16.504008,-68.1310454,6
9475383,-16.5040002,-68.1310705,7
9475383,-16.5039961,-68.1311114,8
9475383,-16.5039928,-68.1311518,9
9475383,-16.5040077,-68.1312096,10
9475383,-16.5040077,-68.1312096,11
9475383,-16.504023,-68.1312363,12
9475383,-16.504023,-68.1312363,13
9475383,-16.5040387,-68.1312584,14
9475383,-16.5040387,-68.1312584,15
9475383,-16.5041186,-68.1313255,16
9475383,-16.500462,-68.1528067,17
9475383,-16.5010145,-68.1521751,18
9475383,-16.501111,-68.1520356,19
9475383,-16.501174,-68.1519384,20
9475383,-16.5012325,-68.1518472,21
9475383,-16.5013315,-68.1516561,22
9475383,-16.5014112,-68.1514737,23
9475383,-16.5014395,-68.1513711,24
9475383,-16.501462,-68.1512383,25
9475383,-16.5014832,-68.151072,26
9475383,-16.5014922,-68.1510097,27
9475383,-16.5015102,-68.1509413,28
9475383,-16.5015353,-68.1508789,29
9475383,-16.5016041,-68.1507703,30
9475383,-16.5016838,-68.150665,31
9475383,-16.5017378,-68.1505819,32
9475383,-16.5017732,-68.1505168,33
9475383,-16.5017963,-68.1504518,34
9475383,-16.5018227,-68.1503666,35
9475383,-16.5018761,-68.1501963,36
9475383,-16.5018973,-68.1500843,37
9475383,-16.501905,-68.1499878,38
9475383,-16.5019018,-68.1498992,39
9475383,-16.5018998,-68.1498047,40
9475383,-16.5019047,-68.1497702,41
9475383,-16.5019166,-68.149739,42
9475383,-16.5019416,-68.149692,43
9475383,-16.50204,-68.1495023,44
9475383,-16.5021724,-68.1493145,45
9475383,-16.5022406,-68.1492361,46
9475383,-16.5023313,-68.1491321,47
9475383,-16.5024843,-68.1489853,48
9475383,-16.5025318,-68.148937,49
9475383,-16.5025498,-68.1488901,50
9475383,-16.5025653,-68.1488344,51
9475383,-16.5012717,-68.1462546,52
9475383,-16.5013688,-68.146407,53
9475383,-16.5014086,-68.146462,54
9475383,-16.5014633,-68.1465223,55
9475383,-16.5015417,-68.1466082,56
9475383,-16.5015964,-68.1466565,57
9475383,-16.5016433,-68.1467121,58
9475383,-16.5016755,-68.1467637,59
9475383,-16.5017445,-68.1468986,60
9475383,-16.5018298,-68.1470975,61
9475383,-16.5019042,-68.1472689,62
9475383,-16.502103,-68.1477576,63
9475383,-16.5023237,-68.14838,64
9475383,-16.5025653,-68.1488344,65
9475383,-16.5010254,-68.1454088,66
9475383,-16.5010664,-68.1456196,67
9475383,-16.5010822,-68.1457029,68
9475383,-16.5011142,-68.1458042,69
9475383,-16.5011476,-68.1459142,70
9475383,-16.501181,-68.1460302,71
9475383,-16.5012138,-68.1461086,72
9475383,-16.5012717,-68.1462546,73
9475383,-16.5010254,-68.1454088,74
9475383,-16.5011036,-68.1454028,75
9475383,-16.5014223,-68.1453601,76
9475383,-16.5016641,-68.1452611,77
9475383,-16.5019754,-68.1451053,78
9475383,-16.5019754,-68.1451053,79
9475383,-16.5023994,-68.1448835,80
9475383,-16.502488,-68.144835,81
9475383,-16.5032423,-68.1444594,82
9475383,-16.502745,-68.1426628,83
9475383,-16.5029702,-68.1433201,84
9475383,-16.5030762,-68.1437524,85
9475383,-16.5031329,-68.143993,86
9475383,-16.5032423,-68.1444594,87
9475383,-16.5030783,-68.1424469,88
9475383,-16.5029768,-68.1425022,89
9475383,-16.502745,-68.1426628,90
9475383,-16.5030783,-68.1424469,91
9475383,-16.5030961,-68.1423951,92
9475383,-16.5031268,-68.1422865,93
9475383,-16.5031606,-68.1421846,94
9475383,-16.5031941,-68.142086,95
9475383,-16.5032442,-68.1419056,96
9475383,-16.5033342,-68.1416642,97
9475383,-16.5033792,-68.1415442,98
9475383,-16.5034088,-68.141461,99
9475383,-16.5034274,-68.141404,100
9475383,-16.5034364,-68.1413578,101
9475383,-16.5034384,-68.1412759,102
9475383,-16.5034152,-68.1410547,103
9475383,-16.5033664,-68.1408998,104
9475383,-16.5033349,-68.1408542,105
9475383,-16.5029163,-68.1405336,106
9475383,-16.5022752,-68.1400435,107
9475383,-16.5020445,-68.1398671,108
9475383,-16.5019249,-68.1397759,109
9475383,-16.5018725,-68.1397454,110
9475383,-16.5018374,-68.1397303,111
9475383,-16.5018034,-68.1397196,112
9475383,-16.5018034,-68.1397196,113
9475383,-16.5018034,-68.1395352,114
9475383,-16.5018317,-68.1394105,115
9475383,-16.5018818,-68.1393079,116
9475383,-16.5019507,-68.1392093,117
9475383,-16.5020451,-68.1391067,118
9475383,-16.5022387,-68.1388962,119
9475383,-16.5025859,-68.1371306,120
9475383,-16.5027993,-68.1373626,121
9475383,-16.5033098,-68.1379165,122
9475383,-16.5031567,-68.1365259,123
9475383,-16.5025859,-68.1371306,124
9475383,-16.5036435,-68.1360222,125
9475383,-16.5031567,-68.1365259,126
9475383,-16.5030041,-68.1352887,127
9475383,-16.5030514,-68.1353421,128
9475383,-16.5036435,-68.1360222,129
9475383,-16.5024474,-68.1346749,130
9475383,-16.5024911,-68.1347279,131
9475383,-16.5027202,-68.1349864,132
9475383,-16.502948,-68.1352302,133
9475383,-16.5030041,-68.1352887,134
9475383,-16.503224,-68.1338995,135
9475383,-16.5031746,-68.1339477,136
9475383,-16.5024474,-68.1346749,137
9475383,-16.503693,-68.1332649,138
9475383,-16.5036563,-68.1333956,139
9475383,-16.5036062,-68.1335156,140
9475383,-16.5034115,-68.1337157,141
9475383,-16.503224,-68.1338995,142
9475383,-16.5037241,-68.1327961,143
9475383,-16.5037084,-68.1331495,144
9475383,-16.503693,-68.1332649,145
9475383,-16.5041186,-68.1313255,146
9475383,-16.5041041,-68.1314085,147
9475383,-16.5041027,-68.1315382,148
9475383,-16.5040502,-68.1316896,149
9475383,-16.5038863,-68.1321839,150
9475383,-16.5037791,-68.132428,151
9475383,-16.5037241,-68.1327961,152
9475383,-16.4955348,-68.1154934,153
9475383,-16.4955502,-68.1154825,154
9475383,-16.4955614,-68.115467,155
9475383,-16.4955672,-68.1154485,156
9475383,-16.495567,-68.1154291,157
9475383,-16.4955606,-68.1154106,158
9475383,-16.4955489,-68.1153952,159
9475383,-16.495533,-68.1153847,160
9475383,-16.4955147,-68.1153802,161
9475383,-16.495496,-68.1153822,162
9475383,-16.4954789,-68.1153904,163
9475383,-16.4954695,-68.1153997,164
9475383,-16.4954695,-68.1153997,165
9475383,-16.4954567,-68.1154215,166
9475383,-16.495454,-68.1154409,167
9475383,-16.4954576,-68.1154602,168
9475383,-16.4954669,-68.1154772,169
9475383,-16.495481,-68.11549,170
9475383,-16.4954982,-68.1154973,171
9475383,-16.4955168,-68.1154985,172
9475383,-16.4955348,-68.1154934,173
9475383,-16.4955348,-68.1154934,174
9475383,-16.4955637,-68.1156236,175
9475383,-16.4956055,-68.1158372,176
9475383,-16.4957647,-68.1164688,177
9475383,-16.4957647,-68.1164688,178
9475383,-16.4957806,-68.1167711,179
9475383,-16.4958063,-68.116897,180
9475383,-16.4958063,-68.116897,181
9475383,-16.4958282,-68.1169674,182
9475383,-16.4958381,-68.1170093,183
9475383,-16.4958446,-68.1170582,184
9475383,-16.4958446,-68.1170582,185
9475383,-16.4955328,-68.1177554,186
9475383,-16.4954543,-68.1178737,187
9475383,-16.4953861,-68.117945,188
9475383,-16.4953283,-68.1179896,189
9475383,-16.4950365,-68.1181405,190
9475383,-16.4949618,-68.1181875,191
9475383,-16.4948635,-68.118286,192
9475383,-16.4948635,-68.118286,193
9475383,-16.4947301,-68.1183535,194
9475383,-16.4947301,-68.1183535,195
9475383,-16.4946992,-68.1183561,196
9475383,-16.4946707,-68.118369,197
9475383,-16.4946479,-68.1183909,198
9475383,-16.494633,-68.1184193,199
9475383,-16.494633,-68.1184193,200
9475383,-16.4946279,-68.1184518,201
9475383,-16.4946333,-68.1184843,202
9475383,-16.4946487,-68.1185131,203
9475383,-16.4946487,-68.1185131,204
9475383,-16.4946713,-68.1185342,205
9475383,-16.4946991,-68.1185467,206
9475383,-16.4947293,-68.1185493,207
9475383,-16.4947588,-68.1185418,208
9475383,-16.4947588,-68.1185418,209
9475383,-16.4949184,-68.1185133,210
9475383,-16.4950416,-68.1184568,211
9475383,-16.4950416,-68.1184568,212
9475383,-16.4956189,-68.1181312,213
9475383,-16.4956997,-68.1181086,214
9475383,-16.4958057,-68.1180989,215
9475383,-16.495916,-68.1180781,216
9475383,-16.495916,-68.1180781,217
9475383,-16.4959762,-68.118098,218
9475383,-16.4960277,-68.118136,219
9475383,-16.4960657,-68.1181887,220
9475383,-16.4960657,-68.1181887,221
9475383,-16.4960723,-68.1182041,222
9475383,-16.4960723,-68.1182041,223
9475383,-16.496118,-68.1183113,224
9475383,-16.496118,-68.1183113,225
9475383,-16.4961268,-68.1183269,226
9475383,-16.4961974,-68.118462,227
9475383,-16.4962622,-68.1185188,228
9475383,-16.4963257,-68.1185475,229
9475383,-16.4964247,-68.1185656,230
9475383,-16.4967192,-68.1185482,231
9475383,-16.4968014,-68.118547,232
9475383,-16.4969236,-68.118563,233
9475383,-16.49698,-68.1185992,234
9475383,-16.4970144,-68.1186387,235
9475383,-16.4973171,-68.1193009,236
9475383,-16.4973171,-68.1193009,237
9475383,-16.4978714,-68.1189478,238
9475383,-16.4982449,-68.1187081,239
9475383,-16.4986073,-68.1184791,240
9475383,-16.4986073,-68.1184791,241
9475383,-16.4987206,-68.1184595,242
9475383,-16.4987206,-68.1184595,243
9475383,-16.4991078,-68.1184219,244
9475383,-16.4996132,-68.1183935,245
9475383,-16.4998616,-68.1183769,246
9475383,-16.4998616,-68.1183769,247
9475383,-16.4999545,-68.1184188,248
9475383,-16.5003403,-68.1186099,249
9475383,-16.5006401,-68.1187631,250
9475383,-16.5009479,-68.1189217,251
9475383,-16.5013741,-68.1191319,252
9475383,-16.5013741,-68.1191319,253
9475383,-16.5015306,-68.1192092,254
9475383,-16.5020865,-68.1194893,255
9475383,-16.5025711,-68.1197313,256
9475383,-16.502625,-68.1197581,257
9475383,-16.5026846,-68.1197885,258
9475383,-16.5029637,-68.1199339,259
9475383,-16.5030251,-68.1199655,260
9475383,-16.5032765,-68.1200912,261
9475383,-16.5033536,-68.1201288,262
9475383,-16.5033795,-68.1201417,263
9475383,-16.5035446,-68.1202241,264
9475383,-16.5038409,-68.12037,265
9475383,-16.5039161,-68.1204088,266
9475383,-16.5039161,-68.1204088,267
9475383,-16.5039286,-68.120713,268
9475383,-16.5039311,-68.1207743,269
9475383,-16.5039386,-68.1209336,270
9475383,-16.5039386,-68.1209336,271
9475383,-16.5039429,-68.1210208,272
9475383,-16.5039537,-68.1212647,273
9475383,-16.5039559,-68.1213207,274
9475383,-16.5039576,-68.1214107,275
9475383,-16.5039576,-68.1214107,276
9475383,-16.503817,-68.1215058,277
9475383,-16.503817,-68.1215058,278
9475383,-16.503689,-68.1229426,279
9475383,-16.503689,-68.1229426,280
9475383,-16.5051023,-68.1229482,281
9475383,-16.5056015,-68.1229329,282
9475383,-16.5056701,-68.1229175,283
9475383,-16.5057951,-68.122826,284
9475383,-16.5057951,-68.122826,285
9475383,-16.5058837,-68.1230101,286
9475383,-16.5059121,-68.1230525,287
9475383,-16.505955,-68.1231029,288
9475383,-16.505955,-68.1231029,289
9475383,-16.5073668,-68.1244613,290
9475383,-16.5073668,-68.1244613,291
9475383,-16.5076355,-68.1246744,292
9475383,-16.5076355,-68.1246744,293
9475383,-16.5079528,-68.124919,294
9475383,-16.5084986,-68.1253488,295
9475383,-16.5084986,-68.1253488,296
9475383,-16.5077594,-68.1263211,297
9475383,-16.5077594,-68.1263211,298
9475383,-16.5070478,-68.1273059,299
9475383,-16.5070293,-68.1273319,300
9475383,-16.5070293,-68.1273319,301
9475383,-16.5069395,-68.1274583,302
9475383,-16.5064128,-68.128227,303
9475383,-16.5062523,-68.1284547,304
9475383,-16.5062153,-68.1285056,305
9475383,-16.506062,-68.1287404,306
9475383,-16.5059598,-68.1288976,307
9475383,-16.505843,-68.1290847,308
9475383,-16.5055782,-68.1295374,309
9475383,-16.5055108,-68.1296518,310
9475383,-16.5054639,-68.1297147,311
9475383,-16.5054639,-68.1297147,312
9475383,-16.5048862,-68.1303418,313
9475383,-16.5048862,-68.1303418,314
9475383,-16.5043865,-68.1308822,315
9475383,-16.5043583,-68.1309109,316
9475383,-16.5043583,-68.1309109,317
9475383,-16.5043124,-68.1309365,318
9475383,-16.5042661,-68.1309473,319
9475383,-16.5041804,-68.1309489,320
9475383,-16.4954695,-68.1153997,321
9475383,-16.4954059,-68.1153502,322
9475383,-16.495363,-68.1153407,323
9475383,-16.4952146,-68.1153216,324
9475383,-16.4949407,-68.1152935,325
9475383,-16.4945318,-68.1152421,326
9475383,-16.4942418,-68.1152211,327
9475383,-16.4941701,-68.1152043,328
9475383,-16.4940606,-68.1151754,329
9475383,-16.494007,-68.1151451,330
9475383,-16.4937951,-68.115005,331
9475383,-16.4937951,-68.115005,332
9475383,-16.4936808,-68.1148732,333
9475383,-16.4935708,-68.1147209,334
9475383,-16.4934968,-68.1145617,335
9475383,-16.4934968,-68.1145617,336
9475383,-16.4934947,-68.1145146,337
9475383,-16.4934947,-68.114452,338
9475383,-16.4935005,-68.1143962,339
9475383,-16.4935122,-68.1143288,340
9475383,-16.4935322,-68.1142696,341
9475383,-16.4935707,-68.1142055,342
9475383,-16.4936078,-68.1141755,343
9475383,-16.4942509,-68.1137777,344
9475383,-16.4943227,-68.1137458,345
9475383,-16.4944598,-68.1137158,346
10253969,-16.5412938,-68.0914382,0
10253969,-16.5413806,-68.091504,1
10253969,-16.5414378,-68.0915118,2
10253969,-16.5414849,-68.0915303,3
10253969,-16.541524,-68.0915618,4
10253969,-16.5416274,-68.0916864,5
10253969,-16.5417217,-68.0918039,6
10253969,-16.5418355,-68.0919203,7
10253969,-16.541958,-68.0919958,8
10253969,-16.5420745,-68.0920467,9
10253969,-16.5421942,-68.0920822,10
10253969,-16.5423254,-68.0921185,11
10253969,-16.5425733,-68.0921647,12
10253969,-16.5427417,-68.0921646,13
10253969,-16.5429076,-68.0921351,14
10253969,-16.5433915,-68.091998,15
10253969,-16.5438119,-68.0918643,16
10253969,-16.5443843,-68.0916963,17
10253969,-16.5451181,-68.0914935,18
10253969,-16.5451722,-68.0914776,19
10253969,-16.5412938,-68.0914382,20
10253969,-16.5413806,-68.091504,21
10253969,-16.5414378,-68.0915118,22
10253969,-16.5414849,-68.0915303,23
10253969,-16.541524,-68.0915618,24
10253969,-16.5416274,-68.0916864,25
10253969,-16.5417217,-68.0918039,26
10253969,-16.5418355,-68.0919203,27
10253969,-16.541958,-68.0919958,28
10253969,-16.5420745,-68.0920467,29
10253969,-16.5421942,-68.0920822,30
10253969,-16.5423254,-68.0921185,31
10253969,-16.5425733,-68.0921647,32
10253969,-16.5427417,-68.0921646,33
10253969,-16.5429076,-68.0921351,34
10253969,-16.5433915,-68.091998,35
10253969,-16.5438119,-68.0918643,36
10253969,-16.5443843,-68.0916963,37
10253969,-16.5451181,-68.0914935,38
10253969,-16.5451722,-68.0914776,39
10253969,-16.541335,-68.091589,40
10253969,-16.5412938,-68.0914382,41
10253969,-16.5219986,-68.114973,42
10253969,-16.5216029,-68.1149492,43
10253969,-16.5208195,-68.1149162,44
10253969,-16.5206589,-68.1148833,45
10253969,-16.5204162,-68.1147922,46
10253969,-16.5201038,-68.1146887,47
10253969,-16.5224201,-68.1147653,48
10253969,-16.5222607,-68.114869,49
10253969,-16.5221887,-68.1149222,50
10253969,-16.5221188,-68.1149494,51
10253969,-16.5219986,-68.114973,52
10253969,-16.5228833,-68.1141759,53
10253969,-16.5226358,-68.1145312,54
10253969,-16.5225129,-68.1146893,55
10253969,-16.5224201,-68.1147653,56
10253969,-16.5232836,-68.1134548,57
10253969,-16.5228833,-68.1141759,58
10253969,-16.5237016,-68.1126759,59
10253969,-16.5236149,-68.1128398,60
10253969,-16.5235561,-68.112951,61
10253969,-16.5232836,-68.1134548,62
10253969,-16.5241115,-68.1119148,63
10253969,-16.5238586,-68.1123685,64
10253969,-16.5237016,-68.1126759,65
10253969,-16.5245163,-68.1111892,66
10253969,-16.5241115,-68.1119148,67
10253969,-16.5249395,-68.1104365,68
10253969,-16.5245776,-68.111078,69
10253969,-16.5245163,-68.1111892,70
10253969,-16.5253552,-68.1096879,71
10253969,-16.5252294,-68.1099145,72
10253969,-16.5249395,-68.1104365,73
10253969,-16.5257567,-68.1089218,74
10253969,-16.5253552,-68.1096879,75
10253969,-16.5261682,-68.1081845,76
10253969,-16.5257567,-68.1089218,77
10253969,-16.5264824,-68.1076216,78
10253969,-16.5262788,-68.1079823,79
10253969,-16.5261682,-68.1081845,80
10253969,-16.5268674,-68.1069063,81
10253969,-16.5264824,-68.1076216,82
10253969,-16.5272852,-68.1061529,83
10253969,-16.5268674,-68.1069063,84
10253969,-16.5276911,-68.1053864,85
10253969,-16.5274817,-68.1057671,86
10253969,-16.5274596,-68.1058104,87
10253969,-16.5274241,-68.1058801,88
10253969,-16.5272852,-68.1061529,89
10253969,-16.5281187,-68.1046635,90
10253969,-16.5276911,-68.1053864,91
10253969,-16.5285233,-68.1038714,92
10253969,-16.5284593,-68.1039896,93
10253969,-16.5283338,-68.1042216,94
10253969,-16.5281187,-68.1046635,95
10253969,-16.5289249,-68.1031289,96
10253969,-16.5287386,-68.1034736,97
10253969,-16.5286728,-68.1035951,98
10253969,-16.5286664,-68.103607,99
10253969,-16.5285233,-68.1038714,100
10253969,-16.5301671,-68.1007172,101
10253969,-16.5299217,-68.1011977,102
10253969,-16.5299053,-68.1012962,103
10253969,-16.5298911,-68.1013811,104
10253969,-16.5302158,-68.1006328,105
10253969,-16.5301671,-68.1007172,106
10253969,-16.5302873,-68.1005244,107
10253969,-16.5302158,-68.1006328,108
10253969,-16.5304414,-68.1002925,109
10253969,-16.5302873,-68.1005244,110
10253969,-16.5330725,-68.0978697,111
10253969,-16.5314478,-68.0991082,112
10253969,-16.5312697,-68.0992707,113
10253969,-16.5310509,-68.0995047,114
10253969,-16.5310034,-68.0995613,115
10253969,-16.5308176,-68.0997831,116
10253969,-16.5306173,-68.1000414,117
10253969,-16.5304414,-68.1002925,118
10253969,-16.5346342,-68.0966766,119
10253969,-16.5344856,-68.0967857,120
10253969,-16.5338966,-68.0972314,121
10253969,-16.5330725,-68.0978697,122
10253969,-16.5347695,-68.0965984,123
10253969,-16.5346342,-68.0966766,124
10253969,-16.5387128,-68.0949077,125
10253969,-16.5382153,-68.0951098,126
10253969,-16.5360468,-68.0959514,127
10253969,-16.5356026,-68.096141,128
10253969,-16.5354112,-68.0962214,129
10253969,-16.535136,-68.0963556,130
10253969,-16.5349341,-68.0964871,131
10253969,-16.5347695,-68.0965984,132
10253969,-16.5416664,-68.0929113,133
10253969,-16.541693,-68.0930367,134
10253969,-16.5416965,-68.0931286,135
10253969,-16.5416945,-68.0931903,136
10253969,-16.5416899,-68.0932215,137
10253969,-16.541674,-68.0932805,138
10253969,-16.5416316,-68.0933784,139
10253969,-16.5415795,-68.0934749,140
10253969,-16.5415043,-68.0935749,141
10253969,-16.5413905,-68.0936983,142
10253969,-16.541287,-68.0937734,143
10253969,-16.5411745,-68.0938558,144
10253969,-16.5410042,-68.0939551,145
10253969,-16.5407715,-68.094057,146
10253969,-16.5402589,-68.0942813,147
10253969,-16.539772,-68.0944667,148
10253969,-16.5396908,-68.0944973,149
10253969,-16.5387128,-68.0949077,150
10253969,-16.5416168,-68.0927602,151
10253969,-16.5416664,-68.0929113,152
10253969,-16.5414728,-68.0922284,153
10253969,-16.5416168,-68.0927602,154
10253969,-16.5414702,-68.0922195,155
10253969,-16.5414728,-68.0922284,156
10253969,-16.5414702,-68.0922195,157
10253969,-16.5414747,-68.0920882,158
10253969,-16.5414747,-68.0920882,159
10253969,-16.5413422,-68.0916152,160
10253969,-16.541335,-68.091589,161
10253969,-16.5451722,-68.0914776,162
10253969,-16.5453253,-68.0914042,163
10253969,-16.5453253,-68.0914042,164
10253969,-16.5454055,-68.091423,165
10253969,-16.5454463,-68.0914477,166
10253969,-16.5454741,-68.0914784,167
10253969,-16.5454741,-68.0914784,168
10253969,-16.5455028,-68.0920979,169
10253969,-16.5455041,-68.0921263,170
10253969,-16.5454935,-68.0922043,171
10253969,-16.5454752,-68.0922598,172
10253969,-16.5454368,-68.0923287,173
10253969,-16.545402,-68.092366,174
10253969,-16.5453456,-68.0924136,175
10253969,-16.5452661,-68.0924652,176
10253969,-16.5451405,-68.0925264,177
10253969,-16.5451405,-68.0925264,178
10253969,-16.545113,-68.0925324,179
10253969,-16.5450882,-68.0925466,180
10253969,-16.5450751,-68.0925589,181
10253969,-16.5450645,-68.0925737,182
10253969,-16.5450645,-68.0925737,183
10253969,-16.5450548,-68.092595,184
10253969,-16.5450502,-68.0926181,185
10253969,-16.5450508,-68.0926416,186
10253969,-16.5450567,-68.0926643,187
10253969,-16.5450674,-68.092685,188
10253969,-16.5450824,-68.0927025,189
10253969,-16.5450998,-68.0927169,190
10253969,-16.5451212,-68.0927251,191
10253969,-16.5451212,-68.0927251,192
10253969,-16.5451454,-68.092728,193
10253969,-16.5451689,-68.0927252,194
10253969,-16.5451911,-68.0927166,195
10253969,-16.5452106,-68.0927027,196
10253969,-16.5452433,-68.0926268,197
10253969,-16.5453101,-68.092603,198
10253969,-16.5454361,-68.0925045,199
10253969,-16.5454952,-68.0924409,200
10253969,-16.5455322,-68.0923812,201
10253969,-16.5455594,-68.0923038,202
10253969,-16.5455732,-68.0921807,203
10253969,-16.5455808,-68.092095,204
10253969,-16.5455426,-68.0913201,205
10253969,-16.545542,-68.0912728,206
10253969,-16.545542,-68.0912728,207
10253969,-16.5455827,-68.0912524,208
10253969,-16.5455827,-68.0912524,209
10253969,-16.5456776,-68.0912034,210
10253969,-16.5456776,-68.0912034,211
10253969,-16.5457403,-68.0911657,212
10253969,-16.5457403,-68.0911657,213
10253969,-16.5457886,-68.0911391,214
10253969,-16.5466004,-68.0906928,215
10253969,-16.5472785,-68.0903247,216
10253969,-16.5480627,-68.0899385,217
10253969,-16.5491438,-68.0920586,218
10253969,-16.5488356,-68.0914149,219
10253969,-16.5482349,-68.0902791,220
10253969,-16.5480627,-68.0899385,221
10253969,-16.5491438,-68.0920586,222
10253969,-16.5491334,-68.0920808,223
10253969,-16.5491308,-68.0921054,224
10253969,-16.5491363,-68.0921294,225
10253969,-16.5491363,-68.0921294,226
10253969,-16.5491493,-68.0921501,227
10253969,-16.5491683,-68.092165,228
10253969,-16.5491909,-68.0921722,229
10253969,-16.5492146,-68.0921711,230
10253969,-16.5492365,-68.0921617,231
10253969,-16.5492513,-68.0921485,232
10253969,-16.549262,-68.0921316,233
10253969,-16.5492678,-68.0921122,234
10253969,-16.5492681,-68.0920919,235
10253969,-16.5526328,-68.0917795,236
10253969,-16.55226,-68.0916283,237
10253969,-16.5520234,-68.0915344,238
10253969,-16.5518486,-68.09147,239
10253969,-16.5516736,-68.0914199,240
10253969,-16.5514678,-68.0914015,241
10253969,-16.5512685,-68.0914055,242
10253969,-16.5510809,-68.091419,243
10253969,-16.550878,-68.0914727,244
10253969,-16.5504454,-68.091677,245
10253969,-16.5500541,-68.0918482,246
10253969,-16.5497154,-68.0919919,247
10253969,-16.5495316,-68.0920549,248
10253969,-16.549314,-68.0920855,249
10253969,-16.5492681,-68.0920919,250
10253969,-16.5542104,-68.0928658,251
10253969,-16.553911,-68.0925605,252
10253969,-16.553751,-68.0924208,253
10253969,-16.5536139,-68.0923231,254
10253969,-16.5529948,-68.0919874,255
10253969,-16.5526328,-68.0917795,256
10253969,-16.5590611,-68.0939802,257
10253969,-16.558541,-68.0939899,258
10253969,-16.5582994,-68.0939667,259
10253969,-16.5580042,-68.0939479,260
10253969,-16.5574174,-68.0939002,261
10253969,-16.5570318,-68.0938612,262
10253969,-16.5567486,-68.0938517,263
10253969,-16.556524,-68.0938765,264
10253969,-16.5563486,-68.0939025,265
10253969,-16.5561956,-68.0938898,266
10253969,-16.5560926,-68.0938505,267
10253969,-16.5560555,-68.0938271,268
10253969,-16.5558782,-68.0937154,269
10253969,-16.5555576,-68.0935172,270
10253969,-16.5552992,-68.0933545,271
10253969,-16.5551293,-68.0932637,272
10253969,-16.5549741,-68.0931883,273
10253969,-16.5548106,-68.0931268,274
10253969,-16.554512,-68.0930671,275
10253969,-16.5543666,-68.0930019,276
10253969,-16.5542104,-68.0928658,277
10253969,-16.5590611,-68.0939802,278
10253969,-16.5591688,-68.0940304,279
10253969,-16.5592833,-68.0940688,280
10253969,-16.5592833,-68.0940688,281
10253969,-16.5592977,-68.0940811,282
10253969,-16.5593152,-68.0940875,283
10253969,-16.5593325,-68.0940875,284
10253969,-16.5593489,-68.0940817,285
10253969,-16.5593627,-68.0940708,286
10253969,-16.5596935,-68.0944346,287
10253969,-16.5593627,-68.0940708,288
10253969,-16.559943,-68.0946831,289
10253969,-16.5596935,-68.0944346,290
10253969,-16.5623118,-68.0944535,291
10253969,-16.5622668,-68.0946521,292
10253969,-16.5622483,-68.0948224,293
10253969,-16.5622586,-68.0950135,294
10253969,-16.5622994,-68.0952983,295
10253969,-16.5623073,-68.095561,296
10253969,-16.5622975,-68.0957993,297
10253969,-16.5622613,-68.0959925,298
10253969,-16.5621792,-68.0962002,299
10253969,-16.5621043,-68.096298,300
10253969,-16.5620293,-68.0963443,301
10253969,-16.5619006,-68.0963315,302
10253969,-16.5616975,-68.0962903,303
10253969,-16.561633,-68.096277,304
10253969,-16.5615188,-68.096263,305
10253969,-16.561451,-68.0962659,306
10253969,-16.5613902,-68.0962826,307
10253969,-16.5613238,-68.0963198,308
10253969,-16.5612604,-68.0963741,309
10253969,-16.561211,-68.096459,310
10253969,-16.5611453,-68.096648,311
10253969,-16.5610753,-68.096933,312
10253969,-16.5610129,-68.0971268,313
10253969,-16.5609377,-68.0973239,314
10253969,-16.560815,-68.097615,315
10253969,-16.5607134,-68.0977966,316
10253969,-16.5605964,-68.0980069,317
10253969,-16.5605145,-68.0981339,318
10253969,-16.5604486,-68.098215,319
10253969,-16.5603921,-68.0982566,320
10253969,-16.5603394,-68.0982854,321
10253969,-16.5602854,-68.0983049,322
10253969,-16.5602256,-68.0983224,323
10253969,-16.5601829,-68.098319,324
10253969,-16.560121,-68.0982924,325
10253969,-16.5600778,-68.0982679,326
10253969,-16.5600296,-68.0982198,327
10253969,-16.5599814,-68.098146,328
10253969,-16.5599543,-68.0980711,329
10253969,-16.5599584,-68.0979944,330
10253969,-16.5599987,-68.0978483,331
10253969,-16.5600346,-68.097678,332
10253969,-16.5600521,-68.0975546,333
10253969,-16.5600694,-68.0974533,334
10253969,-16.5600829,-68.097336,335
10253969,-16.5601515,-68.0967029,336
10253969,-16.5601446,-68.0964803,337
10253969,-16.5601272,-68.0963952,338
10253969,-16.5600957,-68.0962852,339
10253969,-16.5599923,-68.0960814,340
10253969,-16.5599306,-68.0959372,341
10253969,-16.559901,-68.0958125,342
10253969,-16.5598894,-68.0956583,343
10253969,-16.5599022,-68.0954772,344
10253969,-16.5599327,-68.095263,345
10253969,-16.5599725,-68.0950783,346
10253969,-16.5600026,-68.0949388,347
10253969,-16.5600163,-68.0948093,348
10253969,-16.5600008,-68.0947399,349
10253969,-16.559943,-68.0946831,350
10253969,-16.5623118,-68.0944535,351
10253969,-16.5623626,-68.0944126,352
10253969,-16.5624061,-68.0943571,353
10253969,-16.5624581,-68.0943295,354
10253969,-16.5625309,-68.0943186,355
10253969,-16.5643493,-68.0954086,356
10253969,-16.5641357,-68.0957113,357
10253969,-16.5639721,-68.0959036,358
10253969,-16.5638746,-68.0959928,359
10253969,-16.5638107,-68.09603,360
10253969,-16.5637509,-68.096048,361
10253969,-16.5636903,-68.0960556,362
10253969,-16.5636267,-68.0960519,363
10253969,-16.563577,-68.0960303,364
10253969,-16.5635355,-68.0959883,365
10253969,-16.5635136,-68.095922,366
10253969,-16.5635087,-68.0958483,367
10253969,-16.5635075,-68.095722,368
10253969,-16.5634942,-68.0956192,369
10253969,-16.5634687,-68.0955366,370
10253969,-16.5634318,-68.0954728,371
10253969,-16.5633788,-68.09538,372
10253969,-16.563228,-68.0951806,373
10253969,-16.5631702,-68.0950861,374
10253969,-16.5631283,-68.0949804,375
10253969,-16.5631046,-68.0948672,376
10253969,-16.5630422,-68.0946074,377
10253969,-16.5629794,-68.0944186,378
10253969,-16.56293,-68.0943316,379
10253969,-16.5628784,-68.0942796,380
10253969,-16.5628287,-68.0942482,381
10253969,-16.5627459,-68.0942273,382
10253969,-16.5626815,-68.0942241,383
10253969,-16.5625812,-68.0942456,384
10253969,-16.5645768,-68.0951575,385
10253969,-16.5643493,-68.0954086,386
10253969,-16.5645784,-68.0947207,387
10253969,-16.56463,-68.0948798,388
10253969,-16.5646491,-68.0949604,389
10253969,-16.5646476,-68.0950335,390
10253969,-16.5646241,-68.0950937,391
10253969,-16.5645768,-68.0951575,392
10253969,-16.5645626,-68.0946441,393
10253969,-16.5645784,-68.0947207,394
10253969,-16.566881,-68.0933624,395
10253969,-16.5668037,-68.0933794,396
10253969,-16.5667266,-68.0933939,397
10253969,-16.566591,-68.0934071,398
10253969,-16.5664786,-68.0934071,399
10253969,-16.566312,-68.0933773,400
10253969,-16.5661478,-68.0933312,401
10253969,-16.5658256,-68.0932587,402
10253969,-16.5656139,-68.0932079,403
10253969,-16.5654789,-68.093158,404
10253969,-16.5652752,-68.0930712,405
10253969,-16.5651565,-68.0930477,406
10253969,-16.565024,-68.0930565,407
10253969,-16.5648641,-68.0930906,408
10253969,-16.5647469,-68.0931325,409
10253969,-16.5646699,-68.0931916,410
10253969,-16.5644798,-68.0934199,411
10253969,-16.564427,-68.0935151,412
10253969,-16.5644131,-68.0936296,413
10253969,-16.5644407,-68.0937318,414
10253969,-16.564502,-68.0938479,415
10253969,-16.5645828,-68.0940362,416
10253969,-16.564604,-68.0941514,417
10253969,-16.5646118,-68.0942771,418
10253969,-16.5646,-68.0943743,419
10253969,-16.564565,-68.0944993,420
10253969,-16.5645577,-68.0945777,421
10253969,-16.5645626,-68.0946441,422
10253969,-16.5672158,-68.091984,423
10253969,-16.5672171,-68.0920337,424
10253969,-16.567234,-68.0925016,425
10253969,-16.56723,-68.0926899,426
10253969,-16.5672024,-68.0928956,427
10253969,-16.5671766,-68.0930188,428
10253969,-16.5671388,-68.0931294,429
10253969,-16.5670876,-68.0932193,430
10253969,-16.5670287,-68.0932864,431
10253969,-16.5669521,-68.0933343,432
10253969,-16.566881,-68.0933624,433
10253969,-16.5672158,-68.091984,434
10253969,-16.56724,-68.0918967,435
10253969,-16.5672463,-68.0918312,436
10253969,-16.5672582,-68.0917184,437
10253969,-16.5672895,-68.0916015,438
10253969,-16.5673736,-68.0913671,439
10253969,-16.5673736,-68.0913671,440
10253969,-16.5674751,-68.0910882,441
10253969,-16.5674965,-68.0909983,442
10253969,-16.5675011,-68.0908987,443
10253969,-16.5674881,-68.0906797,444
10253969,-16.567484,-68.0905184,445
10253969,-16.5675006,-68.0895861,446
10253969,-16.5675027,-68.0895261,447
10253969,-16.5675027,-68.0895261,448
10253969,-16.5675057,-68.0894519,449
10253969,-16.5675308,-68.0893753,450
10253969,-16.5675669,-68.0892477,451
10253969,-16.5679235,-68.0880832,452
10253969,-16.5679839,-68.0880006,453
10253969,-16.5686244,-68.0873331,454
10253969,-16.5693722,-68.0866477,455
10253969,-16.5699498,-68.0859139,456
10253969,-16.5699934,-68.0858274,457
10253969,-16.5700198,-68.0857627,458
10253969,-16.5701126,-68.0855776,459
10253969,-16.5701981,-68.0854502,460
10253969,-16.5702868,-68.0853422,461
10254160,-16.4979934,-68.1243052,0
10254160,-16.4972278,-68.1243175,1
10254160,-16.4971303,-68.1243178,2
10254160,-16.4971303,-68.1243178,3
10254160,-16.4971247,-68.1242683,4
10254160,-16.4971079,-68.1242216,5
10254160,-16.497081,-68.1241804,6
10254160,-16.4970731,-68.1241715,7
10254160,-16.4970648,-68.1241632,8
10254160,-16.4970335,-68.124139,9
10254160,-16.4969983,-68.1241216,10
10254160,-16.4969606,-68.1241117,11
10254160,-16.4969217,-68.1241097,12
10254160,-16.4968886,-68.1241142,13
10254160,-16.4968567,-68.1241245,14
10254160,-16.4968269,-68.1241401,15
10254160,-16.4967993,-68.1241615,16
10254160,-16.4967756,-68.1241874,17
10254160,-16.4967565,-68.1242172,18
10254160,-16.4967367,-68.1242723,19
10254160,-16.4967324,-68.124331,20
10254160,-16.4967383,-68.124369,21
10254160,-16.4967507,-68.1244052,22
10254160,-16.4967853,-68.1244587,23
10254160,-16.4968339,-68.1244985,24
10254160,-16.4968919,-68.1245208,25
10254160,-16.4969384,-68.1245247,26
10254160,-16.4969845,-68.1245173,27
10254160,-16.4970275,-68.1244989,28
10254160,-16.4970653,-68.1244707,29
10254160,-16.4970915,-68.1244403,30
10254160,-16.4971115,-68.1244052,31
10254160,-16.4971254,-68.1243626,32
10254160,-16.4971303,-68.1243178,33
10254160,-16.4974627,-68.1279535,34
10254160,-16.4970381,-68.1277535,35
10254160,-16.4969518,-68.1276933,36
10254160,-16.4969036,-68.1276261,37
10254160,-16.4968547,-68.1275082,38
10254160,-16.4968178,-68.1273911,39
10254160,-16.4968279,-68.127254,40
10254160,-16.4969027,-68.1269888,41
10254160,-16.4970111,-68.1265084,42
10254160,-16.4970182,-68.1264062,43
10254160,-16.4969995,-68.1262057,44
10254160,-16.4969758,-68.126101,45
10254160,-16.4969441,-68.1260255,46
10254160,-16.4968745,-68.1258518,47
10254160,-16.4967988,-68.1256471,48
10254160,-16.4967763,-68.1255186,49
10254160,-16.4967771,-68.1253825,50
10254160,-16.4968261,-68.1249661,51
10254160,-16.4968774,-68.124619,52
10254160,-16.4968919,-68.1245208,53
10254160,-16.4974627,-68.1279535,54
10254160,-16.4974998,-68.1280467,55
10254160,-16.4975004,-68.1281944,56
10254160,-16.4974624,-68.1283012,57
10254160,-16.4974624,-68.1283012,58
10254160,-16.4973756,-68.128545,59
10254160,-16.4973756,-68.128545,60
10254160,-16.4973138,-68.128687,61
10254160,-16.4973138,-68.128687,62
10254160,-16.497261,-68.128923,63
10254160,-16.4972405,-68.1292301,64
10254160,-16.4972302,-68.1295118,65
10254160,-16.4972276,-68.129721,66
10254160,-16.4972276,-68.129721,67
10254160,-16.4973258,-68.130104,68
10254160,-16.4977484,-68.1308961,69
10254160,-16.4975684,-68.1307845,70
10254160,-16.4975221,-68.1307308,71
10254160,-16.4974822,-68.1306624,72
10254160,-16.4974218,-68.1304908,73
10254160,-16.4973258,-68.130104,74
10254160,-16.4971209,-68.1319115,75
10254160,-16.4974414,-68.1313882,76
10254160,-16.4977484,-68.1308961,77
10254160,-16.496256,-68.1334125,78
10254160,-16.4966742,-68.1326642,79
10254160,-16.4967728,-68.1325083,80
10254160,-16.4968215,-68.1324267,81
10254160,-16.4971209,-68.1319115,82
10254160,-16.4969219,-68.1338728,83
10254160,-16.496256,-68.1334125,84
10254160,-16.4976358,-68.1343143,85
10254160,-16.4975862,-68.13428,86
10254160,-16.4974234,-68.1341768,87
10254160,-16.4972755,-68.1340853,88
10254160,-16.4969219,-68.1338728,89
10254160,-16.4985261,-68.1348856,90
10254160,-16.497783,-68.1344163,91
10254160,-16.4977522,-68.1343949,92
10254160,-16.4976358,-68.1343143,93
10254160,-16.4987961,-68.1351005,94
10254160,-16.4985261,-68.1348856,95
10254160,-16.4995324,-68.1345304,96
10254160,-16.4994697,-68.1345804,97
10254160,-16.4988715,-68.1350351,98
10254160,-16.4987961,-68.1351005,99
10254160,-16.500282,-68.1339826,100
10254160,-16.5002091,-68.1340326,101
10254160,-16.4995324,-68.1345304,102
10254160,-16.5038644,-68.131028,103
10254160,-16.5037781,-68.1310859,104
10254160,-16.5032507,-68.1314536,105
10254160,-16.5031832,-68.1314983,106
10254160,-16.5027241,-68.131825,107
10254160,-16.5026729,-68.1318594,108
10254160,-16.5026139,-68.1319005,109
10254160,-16.502151,-68.1322051,110
10254160,-16.5018183,-68.1324609,111
10254160,-16.5017644,-68.1324983,112
10254160,-16.5017151,-68.1325317,113
10254160,-16.5012885,-68.1328275,114
10254160,-16.5012356,-68.1328607,115
10254160,-16.5011825,-68.1328953,116
10254160,-16.5010124,-68.1330254,117
10254160,-16.5008616,-68.1331539,118
10254160,-16.5008142,-68.1332094,119
10254160,-16.5006506,-68.1334952,120
10254160,-16.5003296,-68.1339246,121
10254160,-16.500282,-68.1339826,122
10254160,-16.5041305,-68.1309495,123
10254160,-16.5040829,-68.1309394,124
10254160,-16.5040327,-68.1309403,125
10254160,-16.5039704,-68.1309552,126
10254160,-16.5039004,-68.1309852,127
10254160,-16.5038644,-68.131028,128
10254160,-16.5041804,-68.1309489,129
10254160,-16.5041305,-68.1309495,130
10254160,-16.5043583,-68.1309109,131
10254160,-16.5043124,-68.1309365,132
10254160,-16.5042661,-68.1309473,133
10254160,-16.5041804,-68.1309489,134
10254160,-16.5048862,-68.1303418,135
10254160,-16.5043865,-68.1308822,136
10254160,-16.5043583,-68.1309109,137
10254160,-16.5054639,-68.1297147,138
10254160,-16.5048862,-68.1303418,139
10254160,-16.5070293,-68.1273319,140
10254160,-16.5069395,-68.1274583,141
10254160,-16.5064128,-68.128227,142
10254160,-16.5062523,-68.1284547,143
10254160,-16.5062153,-68.1285056,144
10254160,-16.506062,-68.1287404,145
10254160,-16.5059598,-68.1288976,146
10254160,-16.505843,-68.1290847,147
10254160,-16.5055782,-68.1295374,148
10254160,-16.5055108,-68.1296518,149
10254160,-16.5054639,-68.1297147,150
10254160,-16.5077594,-68.1263211,151
10254160,-16.5070478,-68.1273059,152
10254160,-16.5070293,-68.1273319,153
10254160,-16.5084986,-68.1253488,154
10254160,-16.5077594,-68.1263211,155
10254160,-16.5089513,-68.1246671,156
10254160,-16.5084986,-68.1253488,157
10254160,-16.5089887,-68.1245349,158
10254160,-16.5089513,-68.1246671,159
10254160,-16.5090797,-68.1240726,160
10254160,-16.5090437,-68.124156,161
10254160,-16.5090228,-68.1242434,162
10254160,-16.5090096,-68.1243531,163
10254160,-16.5090022,-68.1244472,164
10254160,-16.5089887,-68.1245349,165
10254160,-16.5095473,-68.1239758,166
10254160,-16.5094875,-68.1239421,167
10254160,-16.5094163,-68.1239274,168
10254160,-16.5093372,-68.1239263,169
10254160,-16.5092379,-68.1239484,170
10254160,-16.5091501,-68.1240014,171
10254160,-16.5090797,-68.1240726,172
10254160,-16.5095473,-68.1239758,173
10254160,-16.5095874,-68.1240325,174
10254160,-16.509609,-68.1241023,175
10254160,-16.509554,-68.124391,176
10254160,-16.5095778,-68.1243373,177
10254160,-16.5096013,-68.1242567,178
10254160,-16.5096117,-68.1241725,179
10254160,-16.509609,-68.1241023,180
10254160,-16.5096071,-68.1246042,181
10254160,-16.5095759,-68.1245052,182
10254160,-16.509554,-68.124391,183
10254160,-16.509817,-68.1248479,184
10254160,-16.5096071,-68.1246042,185
10254160,-16.5101391,-68.1252521,186
10254160,-16.509817,-68.1248479,187
10254160,-16.5106794,-68.1259216,188
10254160,-16.5101391,-68.1252521,189
10254160,-16.5113639,-68.1267722,190
10254160,-16.5106794,-68.1259216,191
10254160,-16.5119557,-68.127489,192
10254160,-16.5117538,-68.1272322,193
10254160,-16.5113639,-68.1267722,194
10254160,-16.5126526,-68.1283987,195
10254160,-16.5119557,-68.127489,196
10254160,-16.5133704,-68.1290896,197
10254160,-16.5126526,-68.1283987,198
10254160,-16.5141685,-68.1289405,199
10254160,-16.5138767,-68.1289968,200
10254160,-16.5133704,-68.1290896,201
10254160,-16.5146546,-68.1288533,202
10254160,-16.5141685,-68.1289405,203
10254160,-16.5153129,-68.1287447,204
10254160,-16.5146546,-68.1288533,205
10254160,-16.5160586,-68.1286072,206
10254160,-16.5153129,-68.1287447,207
10254160,-16.5161486,-68.1290162,208
10254160,-16.5160586,-68.1286072,209
10254160,-16.5161486,-68.1290162,210
10254160,-16.5166424,-68.1288989,211
10254160,-16.5169394,-68.128858,212
10254160,-16.5170037,-68.1288634,213
10254160,-16.517059,-68.1288801,214
10254160,-16.5172788,-68.1290276,215
10254160,-16.5177154,-68.1293058,216
10254160,-16.5177154,-68.1293058,217
10254160,-16.5176888,-68.1293728,218
10254160,-16.5176854,-68.1294452,219
10254160,-16.5177052,-68.1295133,220
10254160,-16.5177456,-68.1295706,221
10254160,-16.5178019,-68.1296107,222
10254160,-16.5178666,-68.1296289,223
10254160,-16.5179334,-68.129624,224
10254160,-16.517995,-68.1295967,225
10254160,-16.5180447,-68.1295499,226
10254160,-16.5180754,-68.1294933,227
10254160,-16.5180881,-68.1294296,228
10254160,-16.5180817,-68.129365,229
10254160,-16.5180566,-68.1293054,230
10254160,-16.5180154,-68.1292566,231
10254160,-16.5179618,-68.1292233,232
10254160,-16.5179011,-68.1292085,233
10254160,-16.5178468,-68.129212,234
10254160,-16.5177954,-68.1292304,235
10254160,-16.5177505,-68.1292624,236
10254160,-16.5177154,-68.1293058,237
10254160,-16.5178019,-68.1296107,238
10254160,-16.5175398,-68.1301072,239
10254160,-16.51703,-68.130983,240
10254160,-16.51685,-68.1313115,241
10254160,-16.5166681,-68.1316374,242
10254160,-16.5164528,-68.1319586,243
10254160,-16.5162018,-68.132271,244
10254160,-16.5159824,-68.1326077,245
10254160,-16.515763,-68.1329056,246
10254160,-16.5157204,-68.1329846,247
10254160,-16.5156841,-68.1331019,248
10254160,-16.5156723,-68.1331659,249
10254160,-16.5156674,-68.1334161,250
10254160,-16.5156758,-68.1338422,251
10254160,-16.515662,-68.1342556,252
10254160,-16.5156578,-68.1343944,253
10254160,-16.5156176,-68.1345607,254
10254160,-16.5155604,-68.1347887,255
10254160,-16.5154922,-68.1351052,256
10254160,-16.5153502,-68.1355384,257
10254160,-16.5151242,-68.1360812,258
10254160,-16.515057,-68.1362183,259
10254160,-16.5149764,-68.1363011,260
10254160,-16.514788,-68.1363997,261
10254160,-16.5145526,-68.1365,262
10254160,-16.5144981,-68.1365361,263
10254160,-16.5144717,-68.136569,264
10254160,-16.514447,-68.1366173,265
10254160,-16.5144498,-68.1366766,266
10254160,-16.5144662,-68.1367424,267
10254160,-16.5145202,-68.1367926,268
10254160,-16.5146358,-68.1368498,269
10254160,-16.5148879,-68.1369744,270
10254160,-16.515041,-68.1370501,271
10254160,-16.5151683,-68.1371346,272
10254160,-16.5152711,-68.1372359,273
10254160,-16.5153392,-68.1373311,274
10254160,-16.5153739,-68.1374149,275
10254160,-16.5154851,-68.1378561,276
10254160,-16.5155127,-68.1380063,277
10254160,-16.5155327,-68.1381116,278
10254160,-16.5155642,-68.1382598,279
10254160,-16.5155784,-68.1384087,280
10254160,-16.5155726,-68.1386313,281
10254160,-16.5155604,-68.138758,282
10254160,-16.5155398,-68.1388727,283
10254160,-16.5155154,-68.1389531,284
10254160,-16.515462,-68.1390899,285
10254160,-16.5154151,-68.1391986,286
10254160,-16.51532,-68.1393836,287
10254160,-16.5152418,-68.1394966,288
10254160,-16.5151643,-68.13959,289
10254160,-16.5153361,-68.1398209,290
10254160,-16.5151643,-68.13959,291
10254160,-16.5153825,-68.13987,292
10254160,-16.5153361,-68.1398209,293
10254160,-16.5154393,-68.1398709,294
10254160,-16.5154192,-68.1398653,295
10254160,-16.5153984,-68.139866,296
10254160,-16.5153825,-68.13987,297
10254160,-16.515938,-68.1393866,298
10254160,-16.51586,-68.1394785,299
10254160,-16.5157844,-68.1395587,300
10254160,-16.5154393,-68.1398709,301
10254160,-16.5160035,-68.1394382,302
10254160,-16.515938,-68.1393866,303
10254160,-16.5162785,-68.1399278,304
10254160,-16.5160035,-68.1394382,305
10254174,-16.5139481,-68.1266385,0
10254174,-16.513145,-68.1268899,1
10254174,-16.5129573,-68.1269422,2
10254174,-16.5127349,-68.1270227,3
10254174,-16.512488,-68.1271239,4
10254174,-16.5121971,-68.1272851,5
10254174,-16.5120489,-68.1273988,6
10254174,-16.5119557,-68.127489,7
10254174,-16.5141613,-68.1267304,8
10254174,-16.5141172,-68.1266887,9
10254174,-16.514065,-68.1266585,10
10254174,-16.5140077,-68.1266415,11
10254174,-16.5139481,-68.1266385,12
10254174,-16.5140432,-68.1281083,13
10254174,-16.5139686,-68.1280459,14
10254174,-16.5139686,-68.1279796,15
10254174,-16.513984,-68.1279004,16
10254174,-16.5140438,-68.1277013,17
10254174,-16.5141537,-68.1274746,18
10254174,-16.5142219,-68.1273298,19
10254174,-16.5142618,-68.1272373,20
10254174,-16.5142759,-68.1271876,21
10254174,-16.5142785,-68.1271427,22
10254174,-16.5142759,-68.1270877,23
10254174,-16.514265,-68.1270247,24
10254174,-16.5142322,-68.1269362,25
10254174,-16.5141613,-68.1267304,26
10254174,-16.5140432,-68.1281083,27
10254174,-16.514103,-68.1285355,28
10254174,-16.514103,-68.1285355,29
10254174,-16.5141685,-68.1289405,30
10254174,-16.5146546,-68.1288533,31
10254174,-16.5141685,-68.1289405,32
10254174,-16.5153129,-68.1287447,33
10254174,-16.5146546,-68.1288533,34
10254174,-16.5153129,-68.1287447,35
10254174,-16.5155983,-68.129831,36
10254174,-16.5158034,-68.1306531,37
10254174,-16.5158934,-68.1309052,38
10254174,-16.5159609,-68.131038,39
10254174,-16.5160188,-68.1311332,40
10254174,-16.5160998,-68.1312364,41
10254174,-16.516166,-68.1312975,42
10254174,-16.5162348,-68.1313558,43
10254174,-16.5163068,-68.1314094,44
10254174,-16.5164206,-68.1314906,45
10254174,-16.5165633,-68.1315751,46
10254174,-16.5166681,-68.1316374,47
10254174,-16.517351,-68.1321156,48
10254174,-16.5176658,-68.1323247,49
10254174,-16.5177713,-68.1324109,50
10254221,-16.4882983,-68.1709641,0
10254221,-16.4883844,-68.171085,1
10254221,-16.4876135,-68.1669335,2
10254221,-16.4875178,-68.1668594,3
10254221,-16.4872864,-68.1665953,4
10254221,-16.4868299,-68.1659365,5
10254221,-16.4867077,-68.1657742,6
10254221,-16.4866333,-68.1656982,7
10254221,-16.4865423,-68.1656437,8
10254221,-16.4864706,-68.1656204,9
10254221,-16.4862348,-68.1656193,10
10254221,-16.4858511,-68.1656321,11
10254221,-16.4857449,-68.1656992,12
10254221,-16.4856874,-68.1657858,13
10254221,-16.485669,-68.1658969,14
10254221,-16.485698,-68.1660045,15
10254221,-16.4857529,-68.1660865,16
10254221,-16.4858204,-68.1662048,17
10254221,-16.4859164,-68.1663974,18
10254221,-16.4861123,-68.166754,19
10254221,-16.4863025,-68.1670767,20
10254221,-16.4863367,-68.1671345,21
10254221,-16.4864754,-68.1673722,22
10254221,-16.4868666,-68.1680175,23
10254221,-16.4869013,-68.1680856,24
10254221,-16.4869503,-68.1681676,25
10254221,-16.4870646,-68.168306,26
10254221,-16.4871779,-68.1684124,27
10254221,-16.4872698,-68.1685093,28
10254221,-16.4873324,-68.168609,29
10254221,-16.4873517,-68.168672,30
10254221,-16.4873465,-68.1687471,31
10254221,-16.4873298,-68.1688115,32
10254221,-16.4873118,-68.1688491,33
10254221,-16.4872629,-68.168904,34
10254221,-16.4871974,-68.1689496,35
10254221,-16.4871549,-68.1689698,36
10254221,-16.4870945,-68.1689818,37
10254221,-16.487034,-68.1689832,38
10254221,-16.4869594,-68.1689617,39
10254221,-16.4868849,-68.1689134,40
10254221,-16.4868347,-68.1688383,41
10254221,-16.4867993,-68.1687275,42
10254221,-16.4866778,-68.1684802,43
10254221,-16.4865878,-68.1683837,44
10254221,-16.4864758,-68.1682771,45
10254221,-16.4863726,-68.1682102,46
10254221,-16.4862052,-68.1681186,47
10254221,-16.4860899,-68.1680867,48
10254221,-16.4859217,-68.1680819,49
10254221,-16.4856748,-68.1680833,50
10254221,-16.4854587,-68.1680793,51
10254221,-16.4852007,-68.1680509,52
10254221,-16.4850564,-68.1680094,53
10254221,-16.4849213,-68.1679562,54
10254221,-16.4847925,-68.1679014,55
10254221,-16.4846703,-68.1678573,56
10254221,-16.4845648,-68.1678574,57
10254221,-16.4845127,-68.1678903,58
10254221,-16.4844668,-68.1679338,59
10254221,-16.4844233,-68.1679985,60
10254221,-16.4843952,-68.1680788,61
10254221,-16.4843855,-68.1681678,62
10254221,-16.484397,-68.1682585,63
10254221,-16.4844239,-68.1683115,64
10254221,-16.4844783,-68.1683627,65
10254221,-16.4845481,-68.1683888,66
10254221,-16.4846244,-68.1683957,67
10254221,-16.4847334,-68.1683865,68
10254221,-16.4848402,-68.1683749,69
10254221,-16.4849655,-68.1683655,70
10254221,-16.4850767,-68.1683649,71
10254221,-16.4851893,-68.1683763,72
10254221,-16.4852967,-68.1683937,73
10254221,-16.4853886,-68.168424,74
10254221,-16.4854793,-68.1684608,75
10254221,-16.4855731,-68.1685165,76
10254221,-16.4856452,-68.1685835,77
10254221,-16.4857275,-68.1686787,78
10254221,-16.4860511,-68.1691788,79
10254221,-16.4865059,-68.1699418,80
10254221,-16.4867784,-68.1703988,81
10254221,-16.4868402,-68.1704702,82
10254221,-16.4869261,-68.1705319,83
10254221,-16.487013,-68.17057,84
10254221,-16.487139,-68.1705802,85
10254221,-16.487279,-68.1705362,86
10254221,-16.4875372,-68.1704831,87
10254221,-16.4876689,-68.1704831,88
10254221,-16.4877923,-68.1705089,89
10254221,-16.4878894,-68.1705543,90
10254221,-16.4879771,-68.1706233,91
10254221,-16.4880442,-68.1706767,92
10254221,-16.4881239,-68.1707528,93
10254221,-16.4882247,-68.1708606,94
10254221,-16.4882983,-68.1709641,95
10254221,-16.4878946,-68.1670111,96
10254221,-16.4878229,-68.1669963,97
10254221,-16.487772,-68.1669871,98
10254221,-16.487695,-68.1669663,99
10254221,-16.4876135,-68.1669335,100
10254221,-16.4897885,-68.1675062,101
10254221,-16.4896768,-68.1675921,102
10254221,-16.4895539,-68.1676692,103
10254221,-16.4894574,-68.1677117,104
10254221,-16.4893722,-68.1677248,105
10254221,-16.489223,-68.1677056,106
10254221,-16.4891016,-68.167662,107
10254221,-16.4890054,-68.1676213,108
10254221,-16.4888412,-68.1675223,109
10254221,-16.4883691,-68.1672285,110
10254221,-16.4882598,-68.1671641,111
10254221,-16.4881161,-68.1670844,112
10254221,-16.4880313,-68.1670481,113
10254221,-16.4878946,-68.1670111,114
10254221,-16.4906506,-68.1668984,115
10254221,-16.4897885,-68.1675062,116
10254221,-16.4911088,-68.1664711,117
10254221,-16.4906506,-68.1668984,118
10254221,-16.4928877,-68.1646219,119
10254221,-16.4929134,-68.164678,120
10254221,-16.4929293,-68.1647318,121
10254221,-16.4929298,-68.1647719,122
10254221,-16.4929047,-68.1648721,123
10254221,-16.492855,-68.1649497,124
10254221,-16.4927224,-68.1650815,125
10254221,-16.492575,-68.1652306,126
10254221,-16.4925283,-68.1652715,127
10254221,-16.4924609,-68.1653095,128
10254221,-16.4923886,-68.1653293,129
10254221,-16.4922449,-68.1653635,130
10254221,-16.4920332,-68.1654242,131
10254221,-16.4918754,-68.1655016,132
10254221,-16.4918085,-68.1655416,133
10254221,-16.4917089,-68.1656011,134
10254221,-16.4914239,-68.1657998,135
10254221,-16.4913386,-68.1658881,136
10254221,-16.4913043,-68.1659403,137
10254221,-16.4912949,-68.1659588,138
10254221,-16.4912828,-68.1659935,139
10254221,-16.491276,-68.1660324,140
10254221,-16.4912697,-68.1661338,141
10254221,-16.4912544,-68.166236,142
10254221,-16.49124,-68.1662849,143
10254221,-16.4912059,-68.1663579,144
10254221,-16.4911817,-68.1663946,145
10254221,-16.4911088,-68.1664711,146
10254221,-16.4928291,-68.1645759,147
10254221,-16.4928877,-68.1646219,148
10254221,-16.4927741,-68.1645501,149
10254221,-16.4928291,-68.1645759,150
10254221,-16.4918692,-68.1638717,151
10254221,-16.4913792,-68.1644607,152
10254221,-16.4913593,-68.1644901,153
10254221,-16.4913416,-68.1645166,154
10254221,-16.4913201,-68.1645488,155
10254221,-16.4912925,-68.1645964,156
10254221,-16.4912732,-68.1646413,157
10254221,-16.4912614,-68.1646695,158
10254221,-16.4912513,-68.1647003,159
10254221,-16.4912417,-68.1647783,160
10254221,-16.4912456,-68.1648314,161
10254221,-16.4912595,-68.1648923,162
10254221,-16.4912896,-68.1649629,163
10254221,-16.4913388,-68.1650236,164
10254221,-16.4914112,-68.1650711,165
10254221,-16.4914717,-68.1650892,166
10254221,-16.4915477,-68.1650905,167
10254221,-16.491651,-68.1650629,168
10254221,-16.4916752,-68.1650514,169
10254221,-16.4917302,-68.1650188,170
10254221,-16.4921976,-68.1647337,171
10254221,-16.492284,-68.1646844,172
10254221,-16.4924005,-68.164631,173
10254221,-16.4924784,-68.1646039,174
10254221,-16.4925744,-68.1645745,175
10254221,-16.4926686,-68.1645492,176
10254221,-16.4927228,-68.1645429,177
10254221,-16.4927741,-68.1645501,178
10254221,-16.4921386,-68.1627698,179
10254221,-16.4920852,-68.1634516,180
10254221,-16.4920626,-68.1635396,181
10254221,-16.4920322,-68.163622,182
10254221,-16.4919737,-68.163735,183
10254221,-16.4919258,-68.1638049,184
10254221,-16.4918692,-68.1638717,185
10254221,-16.4944291,-68.1590388,186
10254221,-16.4941821,-68.1592035,187
10254221,-16.4940866,-68.1592764,188
10254221,-16.4939151,-68.1594509,189
10254221,-16.4937839,-68.1596119,190
10254221,-16.4936757,-68.1597809,191
10254221,-16.4935545,-68.1600432,192
10254221,-16.4934643,-68.1603874,193
10254221,-16.4933856,-68.1607292,194
10254221,-16.493358,-68.1608429,195
10254221,-16.4932817,-68.1610747,196
10254221,-16.4931947,-68.1612542,197
10254221,-16.4931013,-68.1613942,198
10254221,-16.4930359,-68.1614733,199
10254221,-16.4929756,-68.1615364,200
10254221,-16.492825,-68.1616628,201
10254221,-16.4925996,-68.161878,202
10254221,-16.4924845,-68.1620235,203
10254221,-16.4923977,-68.1621509,204
10254221,-16.4923186,-68.1622884,205
10254221,-16.4922498,-68.1624486,206
10254221,-16.4921924,-68.162612,207
10254221,-16.4921386,-68.1627698,208
10254221,-16.4955932,-68.158506,209
10254221,-16.4953964,-68.1586319,210
10254221,-16.495244,-68.1587091,211
10254221,-16.4950612,-68.1587813,212
10254221,-16.4948159,-68.1588773,213
10254221,-16.4944291,-68.1590388,214
10254221,-16.4966631,-68.1568495,215
10254221,-16.4963109,-68.1576151,216
10254221,-16.4961949,-68.1578228,217
10254221,-16.4960668,-68.1580268,218
10254221,-16.4959879,-68.1581309,219
10254221,-16.4958907,-68.1582429,220
10254221,-16.4957381,-68.1583906,221
10254221,-16.4955932,-68.158506,222
10254221,-16.4966631,-68.1568495,223
10254221,-16.4969771,-68.1562681,224
10254221,-16.497036,-68.1561548,225
10254221,-16.4973195,-68.1555936,226
10254221,-16.4973613,-68.1555178,227
10254221,-16.4978139,-68.1544159,228
10254221,-16.4980022,-68.1539453,229
10254221,-16.4982948,-68.1532657,230
10254221,-16.4985198,-68.1527855,231
10254221,-16.4985573,-68.1527009,232
10254221,-16.4985883,-68.152634,233
10254221,-16.4986787,-68.1524524,234
10254221,-16.4987745,-68.1522561,235
10254221,-16.498866,-68.1520612,236
10254221,-16.498866,-68.1520612,237
10254221,-16.4988562,-68.1520135,238
10254221,-16.4988317,-68.1519377,239
10254221,-16.498614,-68.151576,240
10254221,-16.498614,-68.151576,241
10254221,-16.4983736,-68.1511689,242
10254221,-16.4983399,-68.1511035,243
10254221,-16.4983399,-68.1511035,244
10254221,-16.4983056,-68.1510437,245
10254221,-16.4980567,-68.1506089,246
10254221,-16.4978295,-68.1502121,247
10254221,-16.4976065,-68.1498228,248
10254221,-16.4976065,-68.1498228,249
10254221,-16.4975545,-68.1496687,250
10254221,-16.4975545,-68.1496687,251
10254221,-16.4975921,-68.1496626,252
10254221,-16.4976243,-68.1496424,253
10254221,-16.4976165,-68.1495054,254
10254221,-16.4976249,-68.1493881,255
10254221,-16.4977547,-68.149171,256
10254221,-16.4983386,-68.147323,257
10254221,-16.4983283,-68.1476086,258
10254221,-16.4983167,-68.1477548,259
10254221,-16.4983013,-68.1478621,260
10254221,-16.4982795,-68.1479734,261
10254221,-16.4982576,-68.1480378,262
10254221,-16.4982177,-68.1481062,263
10254221,-16.4981663,-68.148192,264
10254221,-16.498066,-68.148306,265
10254221,-16.4980056,-68.1483825,266
10254221,-16.4979117,-68.1484884,267
10254221,-16.4978551,-68.1485541,268
10254221,-16.4977959,-68.1485863,269
10254221,-16.4977175,-68.1488116,270
10254221,-16.4976995,-68.1488733,271
10254221,-16.4976957,-68.1489524,272
10254221,-16.4977101,-68.1490506,273
10254221,-16.4977547,-68.149171,274
10254221,-16.4982332,-68.1452617,275
10254221,-16.4983296,-68.1454441,276
10254221,-16.4983875,-68.1456546,277
10254221,-16.4984363,-68.1458478,278
10254221,-16.4984788,-68.1460342,279
10254221,-16.4985071,-68.1461723,280
10254221,-16.4985337,-68.1463299,281
10254221,-16.4984762,-68.1466042,282
10254221,-16.4984042,-68.1469032,283
10254221,-16.4983476,-68.1472425,284
10254221,-16.4983386,-68.147323,285
10254221,-16.4982332,-68.1452617,286
10254221,-16.4981747,-68.1451665,287
10254221,-16.4981348,-68.1451061,288
10254221,-16.4980943,-68.1450384,289
10254221,-16.4980525,-68.1449573,290
10254221,-16.4978192,-68.1444558,291
10254221,-16.4978192,-68.1444558,292
10254221,-16.4977746,-68.1442628,293
10254221,-16.4976457,-68.1434178,294
10254221,-16.4976457,-68.1434178,295
10254221,-16.497625,-68.143126,296
10254221,-16.4976239,-68.1430776,297
10254221,-16.4976233,-68.1430507,298
10254221,-16.497634,-68.1430005,299
10254221,-16.497648,-68.1429573,300
10254221,-16.4978282,-68.1427057,301
10254221,-16.4978779,-68.1426602,302
10254221,-16.4979205,-68.1427615,303
10254221,-16.4978779,-68.1426602,304
10254221,-16.4999331,-68.1412483,305
10254221,-16.4992966,-68.1416085,306
10254221,-16.4985302,-68.141972,307
10254221,-16.4984492,-68.1420176,308
10254221,-16.4983785,-68.1420994,309
10254221,-16.4983206,-68.1421906,310
10254221,-16.4980272,-68.1426811,311
10254221,-16.4979205,-68.1427615,312
10254221,-16.4999331,-68.1412483,313
10254221,-16.4999499,-68.1412773,314
10254221,-16.4999739,-68.1413002,315
10254221,-16.5000031,-68.1413151,316
10254221,-16.5000351,-68.1413209,317
10254221,-16.5000674,-68.141317,318
10254221,-16.5000674,-68.141317,319
10254221,-16.5001013,-68.1413012,320
10254221,-16.5001286,-68.1412749,321
10254221,-16.5001463,-68.1412409,322
10254221,-16.5001527,-68.1412027,323
10254221,-16.5001527,-68.1412027,324
10254221,-16.5004492,-68.1412525,325
10254221,-16.5007301,-68.1412997,326
10254221,-16.5007875,-68.1413093,327
10254221,-16.5007875,-68.1413093,328
10254221,-16.5012846,-68.1410936,329
10254221,-16.5018166,-68.1408702,330
10254221,-16.5018166,-68.1408702,331
10254221,-16.5018089,-68.1404546,332
10254221,-16.5018034,-68.1397196,333
10254221,-16.5018034,-68.1397196,334
10254221,-16.5018034,-68.1395352,335
10254221,-16.5018317,-68.1394105,336
10254221,-16.5018818,-68.1393079,337
10254221,-16.5019507,-68.1392093,338
10254221,-16.5020451,-68.1391067,339
10254221,-16.5022387,-68.1388962,340
10254221,-16.5033098,-68.1379165,341
10254221,-16.5036587,-68.1376245,342
10254221,-16.5037876,-68.1375479,343
10254221,-16.5039052,-68.137487,344
10254221,-16.5039669,-68.1374551,345
10254221,-16.5045384,-68.1371816,346
10254221,-16.5045384,-68.1371816,347
10254221,-16.5046426,-68.1371239,348
10254221,-16.5046426,-68.1371239,349
10254221,-16.5048475,-68.1370317,350
10254221,-16.5050102,-68.1369431,351
10254221,-16.5055312,-68.1366926,352
10254221,-16.5055312,-68.1366926,353
10254221,-16.5055532,-68.1367262,354
10254221,-16.5055923,-68.1367566,355
10254221,-16.5055923,-68.1367566,356
10254221,-16.5056311,-68.1367691,357
10254221,-16.5056716,-68.1367687,358
10254221,-16.5057102,-68.1367555,359
10254221,-16.5057431,-68.1367308,360
10254221,-16.5057672,-68.1366968,361
10254221,-16.5057804,-68.1366568,362
10254221,-16.5057804,-68.1366568,363
10254221,-16.5057794,-68.1366034,364
10254221,-16.505759,-68.1365545,365
10254221,-16.5067686,-68.1357615,366
10254221,-16.5064473,-68.1359954,367
10254221,-16.5061888,-68.1361999,368
10254221,-16.505759,-68.1365545,369
10254221,-16.5067686,-68.1357615,370
10254221,-16.5067843,-68.1357825,371
10254221,-16.5068048,-68.1357983,372
10254221,-16.5068286,-68.1358078,373
10254221,-16.506854,-68.1358103,374
10254221,-16.5068791,-68.1358056,375
10254221,-16.5069021,-68.1357941,376
10254221,-16.5069021,-68.1357941,377
10254221,-16.506921,-68.1357769,378
10254221,-16.5069349,-68.135755,379
10254221,-16.5069428,-68.1357302,380
10254221,-16.5069441,-68.135704,381
10254221,-16.5069441,-68.135704,382
10254221,-16.5069388,-68.1356787,383
10254221,-16.5069273,-68.1356557,384
10254221,-16.5069105,-68.1356366,385
10254221,-16.5068895,-68.1356227,386
10254221,-16.5068658,-68.1356151,387
10254221,-16.506841,-68.1356142,388
10254221,-16.5068168,-68.13562,389
10254221,-16.5068168,-68.13562,390
10254221,-16.5067951,-68.1355588,391
10254221,-16.5067874,-68.1355052,392
10254221,-16.5067996,-68.1352416,393
10254221,-16.5067848,-68.1349037,394
10254221,-16.5067649,-68.134785,395
10254221,-16.5066967,-68.1343082,396
10254221,-16.5066949,-68.1342408,397
10254221,-16.506706,-68.1342008,398
10254221,-16.5067208,-68.1341605,399
10254221,-16.5067608,-68.1340942,400
10254221,-16.5077752,-68.1339116,401
10254221,-16.5073123,-68.1339128,402
10254221,-16.5071489,-68.1339099,403
10254221,-16.5070233,-68.1339052,404
10254221,-16.5069397,-68.1339213,405
10254221,-16.5068561,-68.133975,406
10254221,-16.5067608,-68.1340942,407
10254221,-16.5152316,-68.1318233,408
10254221,-16.5149741,-68.1318694,409
10254221,-16.5147324,-68.1319214,410
10254221,-16.5145916,-68.1319392,411
10254221,-16.5144803,-68.1319472,412
10254221,-16.5142479,-68.1319747,413
10254221,-16.5141338,-68.1320086,414
10254221,-16.5140641,-68.1320414,415
10254221,-16.513986,-68.132086,416
10254221,-16.5137986,-68.1322054,417
10254221,-16.5136246,-68.1323288,418
10254221,-16.513435,-68.1324622,419
10254221,-16.5131772,-68.132591,420
10254221,-16.513145,-68.1326061,421
10254221,-16.5130255,-68.132656,422
10254221,-16.5126011,-68.1328545,423
10254221,-16.5124085,-68.1329286,424
10254221,-16.5117743,-68.1331611,425
10254221,-16.5111721,-68.1333962,426
10254221,-16.5109003,-68.1335187,427
10254221,-16.5106371,-68.1336018,428
10254221,-16.5105619,-68.1336424,429
10254221,-16.5104352,-68.133745,430
10254221,-16.5103015,-68.1338784,431
10254221,-16.5101504,-68.1340179,432
10254221,-16.5100453,-68.134098,433
10254221,-16.5099064,-68.1341674,434
10254221,-16.5097479,-68.1342129,435
10254221,-16.5096155,-68.1342385,436
10254221,-16.5094137,-68.1342358,437
10254221,-16.5093301,-68.1342191,438
10254221,-16.5092317,-68.1341902,439
10254221,-16.5089103,-68.1340373,440
10254221,-16.508801,-68.1339984,441
10254221,-16.5086297,-68.1339539,442
10254221,-16.508398,-68.1339493,443
10254221,-16.5077752,-68.1339116,444
10254391,-16.5034574,-68.1625508,0
10254391,-16.503045,-68.1625183,1
10254391,-16.501908,-68.1624792,2
10254391,-16.501908,-68.1624792,3
10254391,-16.5016873,-68.162469,4
10254391,-16.5016873,-68.162469,5
10254391,-16.5014733,-68.1624921,6
10254391,-16.5012081,-68.1625649,7
10254391,-16.5006791,-68.1627185,8
10254391,-16.4999886,-68.1629284,9
10254391,-16.4995753,-68.1629896,10
10254391,-16.4995753,-68.1629896,11
10254391,-16.4989383,-68.1630507,12
10254391,-16.4989383,-68.1630507,13
10254391,-16.4983013,-68.1631118,14
10254391,-16.4981509,-68.1631453,15
10254391,-16.4981509,-68.1631453,16
10254391,-16.4979657,-68.1632138,17
10254391,-16.4978269,-68.1632728,18
10254391,-16.4976275,-68.1633867,19
10254391,-16.4974346,-68.1635369,20
10254391,-16.496617,-68.1642176,21
10254391,-16.4960021,-68.164815,22
10254391,-16.495835,-68.1650028,23
10254391,-16.4956601,-68.165212,24
10254391,-16.4955444,-68.1653836,25
10254391,-16.4953772,-68.1656612,26
10254391,-16.4947428,-68.1666602,27
10254391,-16.4946067,-68.166852,28
10254391,-16.4943478,-68.1671403,29
10254391,-16.4940635,-68.1674,30
10254391,-16.4924093,-68.1686827,31
10254391,-16.492075,-68.1689188,32
10254391,-16.4917549,-68.1690961,33
10254391,-16.4914988,-68.1692138,34
10254391,-16.4911336,-68.1693426,35
10254391,-16.4907916,-68.1694257,36
10254391,-16.4906532,-68.1694395,37
10254391,-16.4904954,-68.1694552,38
10254391,-16.4902332,-68.169469,39
10254391,-16.489982,-68.1694628,40
10254391,-16.48976,-68.1694469,41
10254391,-16.4893163,-68.1693748,42
10254391,-16.4890612,-68.1693091,43
10254391,-16.4887839,-68.1692186,44
10254391,-16.4884843,-68.1690808,45
10254391,-16.4882631,-68.1689632,46
10254391,-16.4880525,-68.1688222,47
10254391,-16.4878622,-68.1686833,48
10254391,-16.487604,-68.1684592,49
10254391,-16.4874021,-68.1682586,50
10254391,-16.4872778,-68.1681164,51
10254391,-16.4871774,-68.1679795,52
10254391,-16.4870512,-68.1677926,53
10254391,-16.4864655,-68.16685,54
10254391,-16.4864344,-68.1667934,55
10254391,-16.4862142,-68.1663902,56
10254391,-16.4861289,-68.166173,57
10254391,-16.4860684,-68.1659608,58
10254391,-16.486023,-68.1656944,59
10254391,-16.486023,-68.1656944,60
10254391,-16.4860062,-68.1654955,61
10254391,-16.4780792,-68.1597387,62
10254391,-16.4775665,-68.1596755,63
10254391,-16.4771834,-68.159615,64
10254391,-16.4765968,-68.1594754,65
10254391,-16.4762473,-68.1593915,66
10254391,-16.4757157,-68.1592639,67
10254391,-16.4755374,-68.1592453,68
10254391,-16.4753725,-68.1592408,69
10254391,-16.4752057,-68.1592522,70
10254391,-16.4750298,-68.159287,71
10254391,-16.4746012,-68.1594218,72
10254391,-16.4743382,-68.159552,73
10254391,-16.4742292,-68.1596028,74
10254391,-16.4734457,-68.1599677,75
10254391,-16.4732875,-68.1600254,76
10254391,-16.4731293,-68.160067,77
10254391,-16.4729441,-68.1601045,78
10254391,-16.4727615,-68.1601286,79
10254391,-16.4724914,-68.160126,80
10254391,-16.4723063,-68.1601032,81
10254391,-16.4720566,-68.1600282,82
10254391,-16.4718738,-68.1599451,83
10254391,-16.4716684,-68.1598,84
10254391,-16.4714549,-68.1596123,85
10254391,-16.4712594,-68.1593602,86
10254391,-16.4711179,-68.1591188,87
10254391,-16.4701663,-68.1571259,88
10254391,-16.4700093,-68.1568684,89
10254391,-16.4698755,-68.1566914,90
10254391,-16.4696647,-68.1564955,91
10254391,-16.4694486,-68.1563132,92
10254391,-16.4692248,-68.1561683,93
10254391,-16.4690344,-68.1560799,94
10254391,-16.468821,-68.1560262,95
10254391,-16.4672761,-68.1556947,96
10254391,-16.4669779,-68.1556075,97
10254391,-16.4667579,-68.1555228,98
10254391,-16.4665776,-68.1554274,99
10254391,-16.4663884,-68.1553041,100
10254391,-16.4661202,-68.1550835,101
10254391,-16.4656245,-68.1546624,102
10254391,-16.4654016,-68.1545,103
10254391,-16.4651596,-68.1543345,104
10254391,-16.464953,-68.1542121,105
10254391,-16.4647616,-68.1541134,106
10254391,-16.4640975,-68.15382,107
10254391,-16.4637108,-68.153603,108
10254391,-16.463423,-68.1533775,109
10254391,-16.4632455,-68.1532005,110
10254391,-16.4631092,-68.1530047,111
10254391,-16.4630063,-68.1528062,112
10254391,-16.4625209,-68.1517052,113
10254391,-16.4808889,-68.1601098,114
10254391,-16.4780792,-68.1597387,115
10254391,-16.4860062,-68.1654955,116
10254391,-16.486012,-68.1651073,117
10254391,-16.4860422,-68.164773,118
10254391,-16.4863828,-68.1618502,119
10254391,-16.4863992,-68.1616181,120
10254391,-16.4864014,-68.1613854,121
10254391,-16.4863796,-68.1611498,122
10254391,-16.4863376,-68.1609122,123
10254391,-16.4862758,-68.1606983,124
10254391,-16.4861976,-68.1605029,125
10254391,-16.4860982,-68.1603118,126
10254391,-16.4859899,-68.1601452,127
10254391,-16.485862,-68.1599846,128
10254391,-16.4857233,-68.1598415,129
10254391,-16.4855884,-68.1597256,130
10254391,-16.4854175,-68.159605,131
10254391,-16.4852527,-68.1595116,132
10254391,-16.4850677,-68.159426,133
10254391,-16.4848842,-68.1593573,134
10254391,-16.4846977,-68.159308,135
10254391,-16.4845152,-68.159274,136
10254391,-16.4843601,-68.1592615,137
10254391,-16.4842191,-68.159261,138
10254391,-16.4840724,-68.1592711,139
10254391,-16.4839211,-68.1592976,140
10254391,-16.4837532,-68.159345,141
10254391,-16.4837232,-68.1593535,142
10254391,-16.4835032,-68.1594359,143
10254391,-16.4832954,-68.1595386,144
10254391,-16.482421,-68.1600015,145
10254391,-16.4822734,-68.1600657,146
10254391,-16.4821613,-68.1601022,147
10254391,-16.4819402,-68.1601623,148
10254391,-16.4817729,-68.1601885,149
10254391,-16.4815403,-68.1601914,150
10254391,-16.4812106,-68.1601503,151
10254391,-16.4808889,-68.1601098,152
10254391,-16.4625209,-68.1517052,153
10254391,-16.4624666,-68.1515574,154
10254391,-16.4624666,-68.1515574,155
10254391,-16.4623519,-68.1512934,156
10254391,-16.4622529,-68.1510898,157
10254391,-16.4621108,-68.150876,158
10254391,-16.4619158,-68.1506467,159
10254391,-16.4617293,-68.1504674,160
10254391,-16.4616155,-68.1503699,161
10254391,-16.4605156,-68.1494473,162
10254391,-16.46036,-68.1493011,163
10254391,-16.4602314,-68.149175,164
10254391,-16.4601195,-68.1490436,165
10254391,-16.4600308,-68.1489001,166
10254391,-16.4599665,-68.1487446,167
10254391,-16.4599202,-68.1486078,168
10254391,-16.4598829,-68.1484602,169
10254391,-16.459862,-68.1482389,170
10254391,-16.4598649,-68.1481075,171
10254391,-16.4598809,-68.1479815,172
10254391,-16.4599099,-68.1478601,173
10254391,-16.4599472,-68.1477441,174
10254391,-16.4599954,-68.1476328,175
10254391,-16.4600539,-68.1475369,176
10254391,-16.460132,-68.1474289,177
10254391,-16.4602056,-68.1473524,178
10254391,-16.4602263,-68.147331,179
10254391,-16.4603613,-68.147213,180
10254391,-16.4604481,-68.1471527,181
10254391,-16.4605523,-68.1470943,182
10254391,-16.4606803,-68.1470373,183
10254391,-16.4607671,-68.1470085,184
10254391,-16.4608623,-68.1469837,185
10254391,-16.4609523,-68.146973,186
10254391,-16.4610584,-68.1469676,187
10254391,-16.4611934,-68.1469783,188
10254391,-16.4613285,-68.1470025,189
10254391,-16.4614944,-68.1470588,190
10254391,-16.4615986,-68.1471138,191
10254391,-16.4617838,-68.1472385,192
10254391,-16.4619381,-68.1473833,193
10254391,-16.4620912,-68.1475778,194
10254391,-16.4622378,-68.1477991,195
10254391,-16.4623535,-68.1480418,196
10254391,-16.4625327,-68.1484968,197
10254391,-16.4627611,-68.1492389,198
10254391,-16.4627611,-68.1492389,199
10254391,-16.462889,-68.1497437,200
10254391,-16.462889,-68.1497437,201
10254391,-16.4630298,-68.1502997,202
10254391,-16.46313,-68.1506959,203
10254391,-16.46313,-68.1506959,204
10254391,-16.4632266,-68.1509575,205
10254391,-16.4633554,-68.1511988,206
10254391,-16.4633554,-68.1511988,207
10254391,-16.4635549,-68.1514855,208
10254391,-16.4637216,-68.1516905,209
10254391,-16.4639291,-68.1518726,210
10254391,-16.4642463,-68.1520713,211
10254391,-16.4646217,-68.1522643,212
10254391,-16.4654032,-68.1525956,213
10254391,-16.4654032,-68.1525956,214
10254391,-16.4655729,-68.1526727,215
10254391,-16.4655729,-68.1526727,216
10254391,-16.4659801,-68.1528575,217
10254391,-16.4661469,-68.1529045,218
10254391,-16.4663176,-68.1529393,219
10254391,-16.4664702,-68.1529561,220
10254391,-16.4666344,-68.1529607,221
10254391,-16.4670225,-68.15292,222
10254391,-16.4699179,-68.1525337,223
10254391,-16.4703906,-68.1525045,224
10254391,-16.4707735,-68.1524768,225
10254391,-16.471635,-68.152479,226
10254391,-16.472134,-68.1524816,227
10254391,-16.4723813,-68.1524894,228
10254391,-16.4726226,-68.1525219,229
10254391,-16.4729081,-68.152597,230
10254391,-16.4743653,-68.1530007,231
10254391,-16.4749062,-68.1531595,232
10254391,-16.4751787,-68.1532078,233
10254391,-16.4753756,-68.1532334,234
10254391,-16.4756765,-68.1532387,235
10254391,-16.4758783,-68.1532155,236
10254391,-16.4761649,-68.153147,237
10254391,-16.4764691,-68.153043,238
10254391,-16.4766215,-68.1529782,239
10254391,-16.4768753,-68.1528189,240
10254391,-16.4771023,-68.1526673,241
10254391,-16.4771936,-68.1525975,242
10254391,-16.4773698,-68.1524366,243
10254391,-16.477984,-68.1518561,244
10254391,-16.4787067,-68.1512266,245
10254391,-16.4794383,-68.1504797,246
10254391,-16.479618,-68.1503046,247
10254391,-16.4797278,-68.1501391,248
10254391,-16.4803374,-68.14905,249
10254391,-16.4804635,-68.1488758,250
10254391,-16.4805612,-68.1487658,251
10254391,-16.4807541,-68.1485914,252
10254391,-16.4809822,-68.1483892,253
10254391,-16.4811905,-68.1482792,254
10254391,-16.4821576,-68.1478956,255
10254391,-16.4830549,-68.1475518,256
10254391,-16.4837304,-68.147276,257
10254391,-16.4841521,-68.1470896,258
10254391,-16.4843374,-68.1469823,259
10254391,-16.4845495,-68.1468295,260
10254391,-16.4847141,-68.1466699,261
10254391,-16.4848646,-68.1464888,262
10254391,-16.4851346,-68.1461803,263
10254391,-16.4853431,-68.145938,264
10254391,-16.4855924,-68.1457078,265
10254391,-16.4857545,-68.1455849,266
10254391,-16.4858844,-68.1455031,267
10254391,-16.4861102,-68.1453813,268
10254391,-16.486872,-68.1450538,269
10254391,-16.486872,-68.1450538,270
10254391,-16.4874396,-68.1448145,271
10254391,-16.4876976,-68.1446984,272
10254391,-16.4878943,-68.1445657,273
10254391,-16.4881387,-68.1443713,274
10254391,-16.4881387,-68.1443713,275
10254391,-16.4885762,-68.1439944,276
10254391,-16.4885762,-68.1439944,277
10254391,-16.4893109,-68.1432639,278
10254391,-16.4894623,-68.1431056,279
10254391,-16.4896664,-68.1428331,280
10254391,-16.4897849,-68.1426394,281
10254391,-16.4899398,-68.1423305,282
10254391,-16.4901016,-68.1419109,283
10254391,-16.4904711,-68.1409424,284
10254391,-16.4905148,-68.1408485,285
10254391,-16.4908291,-68.1401382,286
10254391,-16.4908291,-68.1401382,287
10254391,-16.4908489,-68.1400894,288
10254391,-16.490886,-68.14,289
10254391,-16.4910586,-68.1396044,290
10254391,-16.4911839,-68.1393098,291
10254391,-16.4912133,-68.1392385,292
10254391,-16.4912133,-68.1392385,293
10254391,-16.4912416,-68.1391667,294
10254391,-16.4912416,-68.1391667,295
10254391,-16.4912901,-68.1390937,296
10254391,-16.4913981,-68.1389172,297
10254391,-16.4915614,-68.1386667,298
10254391,-16.4916996,-68.1384745,299
10254391,-16.4919899,-68.1381169,300
10254391,-16.4920617,-68.1380324,301
10254391,-16.4921187,-68.1379684,302
10254391,-16.4921187,-68.1379684,303
10254391,-16.4922436,-68.1378407,304
10254391,-16.492363,-68.137732,305
10254391,-16.4925377,-68.1375886,306
10254391,-16.4926995,-68.1374902,307
10254391,-16.4929478,-68.1373884,308
10254391,-16.4930461,-68.1373525,309
10254391,-16.4932862,-68.1372729,310
10254391,-16.4936373,-68.1371775,311
10254391,-16.4938771,-68.1370783,312
10254391,-16.4942902,-68.1369246,313
10254391,-16.4942902,-68.1369246,314
10254391,-16.4948225,-68.1368767,315
10254391,-16.4954481,-68.1368649,316
10254391,-16.4954481,-68.1368649,317
10254391,-16.4959095,-68.1368266,318
10254391,-16.4959095,-68.1368266,319
10254391,-16.4960465,-68.136808,320
10254391,-16.4961256,-68.1367835,321
10254391,-16.4962147,-68.1367471,322
10254391,-16.4963356,-68.1366953,323
10254391,-16.4963356,-68.1366953,324
10254391,-16.4976444,-68.1361282,325
10254391,-16.4976864,-68.1361125,326
10254391,-16.4976864,-68.1361125,327
10254391,-16.4978679,-68.1359968,328
10254391,-16.4981644,-68.1357465,329
10254391,-16.4982332,-68.1357138,330
10254391,-16.4987906,-68.135288,331
10254391,-16.4989191,-68.1351898,332
10254391,-16.4989191,-68.1351898,333
10254391,-16.4989819,-68.1351404,334
10254391,-16.4993229,-68.1348825,335
10254391,-16.4996052,-68.1346686,336
10254391,-16.4996743,-68.1346112,337
10254391,-16.4996743,-68.1346112,338
10254391,-16.5003521,-68.1350782,339
10254391,-16.500423,-68.1351249,340
10254391,-16.5004756,-68.1351461,341
10254391,-16.5005551,-68.1351466,342
10254391,-16.5005735,-68.1351507,343
10254391,-16.5005893,-68.1351579,344
10254391,-16.5006066,-68.1351877,345
10254391,-16.5007318,-68.1350388,346
10254391,-16.5013379,-68.1357405,347
10254391,-16.5013379,-68.1357405,348
10254391,-16.5017571,-68.1362139,349
10254391,-16.5019268,-68.1363997,350
10254391,-16.5020446,-68.1365303,351
10254391,-16.5025859,-68.1371306,352
10254391,-16.5025859,-68.1371306,353
10254391,-16.5027993,-68.1373626,354
10254391,-16.5033098,-68.1379165,355
10254391,-16.5033098,-68.1379165,356
10254391,-16.5036587,-68.1376245,357
10254391,-16.5037876,-68.1375479,358
10254391,-16.5039052,-68.137487,359
10254391,-16.5039669,-68.1374551,360
10254391,-16.5045384,-68.1371816,361
10254391,-16.5045384,-68.1371816,362
10254391,-16.5046426,-68.1371239,363
10254391,-16.5046426,-68.1371239,364
10254391,-16.5048475,-68.1370317,365
10254391,-16.5050102,-68.1369431,366
10254391,-16.5055312,-68.1366926,367
10254391,-16.5055312,-68.1366926,368
10254391,-16.5055532,-68.1367262,369
10254391,-16.5055923,-68.1367566,370
10254391,-16.5055923,-68.1367566,371
10254391,-16.5056311,-68.1367691,372
10254391,-16.5056716,-68.1367687,373
10254391,-16.5057102,-68.1367555,374
10254391,-16.5057431,-68.1367308,375
10254391,-16.5057672,-68.1366968,376
10254391,-16.5057804,-68.1366568,377
10254391,-16.5057804,-68.1366568,378
10254391,-16.5057794,-68.1366034,379
10254391,-16.505759,-68.1365545,380
10254391,-16.5067686,-68.1357615,381
10254391,-16.5064473,-68.1359954,382
10254391,-16.5061888,-68.1361999,383
10254391,-16.505759,-68.1365545,384
10254391,-16.5067686,-68.1357615,385
10254391,-16.5067843,-68.1357825,386
10254391,-16.5068048,-68.1357983,387
10254391,-16.5068286,-68.1358078,388
10254391,-16.506854,-68.1358103,389
10254391,-16.5068791,-68.1358056,390
10254391,-16.5069021,-68.1357941,391
10254391,-16.5069021,-68.1357941,392
10254391,-16.506921,-68.1357769,393
10254391,-16.5069349,-68.135755,394
10254391,-16.5069428,-68.1357302,395
10254391,-16.5069441,-68.135704,396
10254391,-16.5088437,-68.1355203,397
10254391,-16.5087946,-68.1355132,398
10254391,-16.5086467,-68.1354998,399
10254391,-16.5083741,-68.1354978,400
10254391,-16.5081255,-68.1355112,401
10254391,-16.5080402,-68.1355125,402
10254391,-16.5078431,-68.1355199,403
10254391,-16.5077305,-68.1355239,404
10254391,-16.5073406,-68.1355822,405
10254391,-16.5071095,-68.1356393,406
10254391,-16.5069441,-68.135704,407
10254391,-16.5089286,-68.1354328,408
10254391,-16.5088907,-68.1354505,409
10254391,-16.5088611,-68.135481,410
10254391,-16.5088437,-68.1355203,411
10254391,-16.5090683,-68.1355866,412
10254391,-16.5090726,-68.1355357,413
10254391,-16.5090564,-68.1354876,414
10254391,-16.5090227,-68.1354505,415
10254391,-16.5089775,-68.1354311,416
10254391,-16.5089286,-68.1354328,417
10254391,-16.5089497,-68.1356725,418
10254391,-16.5090005,-68.1356638,419
10254391,-16.5090428,-68.1356332,420
10254391,-16.5090683,-68.1355866,421
10254391,-16.5088698,-68.1356322,422
10254391,-16.508901,-68.135658,423
10254391,-16.5089497,-68.1356725,424
10254391,-16.5088437,-68.1355203,425
10254391,-16.5088403,-68.1355599,426
10254391,-16.5088493,-68.1355986,427
10254391,-16.5088698,-68.1356322,428
10254391,-16.5091546,-68.1429332,429
10254391,-16.5091546,-68.1429192,430
10254391,-16.5091558,-68.1428893,431
10254391,-16.5091751,-68.142831,432
10254391,-16.5092098,-68.1427753,433
10254391,-16.5092581,-68.1427223,434
10254391,-16.5094201,-68.1425916,435
10254391,-16.5095313,-68.142491,436
10254391,-16.5095911,-68.1424474,437
10254391,-16.5096392,-68.1424274,438
10254391,-16.5096779,-68.1424192,439
10254391,-16.509728,-68.1424159,440
10254391,-16.5097576,-68.1424206,441
10254391,-16.5099487,-68.1424519,442
10254391,-16.5094098,-68.1411894,443
10254391,-16.5094522,-68.1413269,444
10254391,-16.5094882,-68.1414194,445
10254391,-16.5095255,-68.1414992,446
10254391,-16.5095634,-68.1415603,447
10254391,-16.509739,-68.1417896,448
10254391,-16.5098199,-68.1419894,449
10254391,-16.5098854,-68.142123,450
10254391,-16.5099232,-68.1422114,451
10254391,-16.5099427,-68.1422898,452
10254391,-16.5099462,-68.1423621,453
10254391,-16.5099487,-68.1424519,454
10254391,-16.5094098,-68.1411894,455
10254391,-16.5094638,-68.1411713,456
10254391,-16.5094638,-68.1411713,457
10254391,-16.5099907,-68.1410559,458
10254391,-16.5102636,-68.1410286,459
10254391,-16.5106968,-68.1410543,460
10254391,-16.5110459,-68.1410638,461
10254391,-16.5116703,-68.1409605,462
10254391,-16.5116561,-68.1402977,463
10254391,-16.5116663,-68.140625,464
10254391,-16.5116693,-68.1408782,465
10254391,-16.5116703,-68.1409605,466
10254391,-16.5116715,-68.1398289,467
10254391,-16.5116542,-68.1400401,468
10254391,-16.5116561,-68.1402977,469
10254391,-16.5116355,-68.1393625,470
10254391,-16.5116561,-68.1394266,471
10254391,-16.5116702,-68.1394983,472
10254391,-16.5116812,-68.1396016,473
10254391,-16.5116715,-68.1398289,474
10254391,-16.5091243,-68.1357804,475
10254391,-16.5092787,-68.1359351,476
10254391,-16.5095184,-68.1361402,477
10254391,-16.5096072,-68.1362233,478
10254391,-16.5098624,-68.1364319,479
10254391,-16.5101106,-68.1366766,480
10254391,-16.5101826,-68.1367578,481
10254391,-16.5102485,-68.1368597,482
10254391,-16.5103054,-68.1369589,483
10254391,-16.5103992,-68.1371574,484
10254391,-16.5105555,-68.1374632,485
10254391,-16.5109586,-68.1382065,486
10254391,-16.5113964,-68.1389428,487
10254391,-16.5115127,-68.1391379,488
10254391,-16.5115867,-68.1392603,489
10254391,-16.5116355,-68.1393625,490
10254391,-16.5091243,-68.1357804,491
10254391,-16.5091024,-68.1357339,492
10254391,-16.5090848,-68.135686,493
10254391,-16.5090723,-68.1356363,494
10254391,-16.5090683,-68.1355866,495
10254391,-16.5087019,-68.1429596,496
10254391,-16.5091546,-68.1429332,497
10254480,-16.4909614,-68.1596407,0
10254480,-16.4904418,-68.1605592,1
10254480,-16.4903828,-68.1606548,2
10254480,-16.4903159,-68.1607085,3
10254480,-16.4900176,-68.1608196,4
10254480,-16.4894512,-68.1610599,5
10254480,-16.4890723,-68.1612262,6
10254480,-16.4888627,-68.1613114,7
10254480,-16.4911394,-68.1593669,8
10254480,-16.4909614,-68.1596407,9
10254480,-16.4906778,-68.1569856,10
10254480,-16.4907575,-68.1570735,11
10254480,-16.4908469,-68.1571566,12
10254480,-16.4912074,-68.1574307,13
10254480,-16.4914402,-68.1576667,14
10254480,-16.4915066,-68.157738,15
10254480,-16.4915658,-68.158166,16
10254480,-16.4916018,-68.1584502,17
10254480,-16.4916044,-68.1585977,18
10254480,-16.4915838,-68.158705,19
10254480,-16.4915041,-68.1588686,20
10254480,-16.491391,-68.1590725,21
10254480,-16.4912865,-68.1592274,22
10254480,-16.4912175,-68.1593003,23
10254480,-16.4911394,-68.1593669,24
10254480,-16.4906778,-68.1569856,25
10254480,-16.4907762,-68.156879,26
10254480,-16.4908777,-68.1567536,27
10254480,-16.4909485,-68.1562058,28
10254480,-16.4909761,-68.1560154,29
10254480,-16.4909913,-68.1559266,30
10254480,-16.4910925,-68.1552637,31
10254480,-16.4910925,-68.1552637,32
10254480,-16.4912643,-68.1542719,33
10254480,-16.4914342,-68.1532796,34
10254480,-16.4915803,-68.1522711,35
10254480,-16.4917042,-68.1515185,36
10254480,-16.4917539,-68.1512127,37
10254480,-16.4917539,-68.1512127,38
10254480,-16.4918147,-68.1508788,39
10254480,-16.4918147,-68.1508788,40
10254480,-16.4919158,-68.1509165,41
10254480,-16.4927017,-68.1512092,42
10254480,-16.4930671,-68.1513715,43
10254480,-16.4931051,-68.1513884,44
10254480,-16.4931051,-68.1513884,45
10254480,-16.4932321,-68.1514393,46
10254480,-16.4932321,-68.1514393,47
10254480,-16.4932562,-68.1514494,48
10254480,-16.4941409,-68.1518109,49
10254480,-16.4941409,-68.1518109,50
10254480,-16.49503,-68.1521278,51
10254480,-16.4955746,-68.1514414,52
10254480,-16.4954626,-68.1515725,53
10254480,-16.4954308,-68.1516113,54
10254480,-16.495209,-68.1518749,55
10254480,-16.49503,-68.1521278,56
10254480,-16.4958304,-68.1487893,57
10254480,-16.4958697,-68.1489895,58
10254480,-16.4959105,-68.1493432,59
10254480,-16.495878,-68.1494865,60
10254480,-16.4957337,-68.1499916,61
10254480,-16.4956839,-68.1502526,62
10254480,-16.4956231,-68.1506229,63
10254480,-16.4955996,-68.1509355,64
10254480,-16.4955793,-68.1512054,65
10254480,-16.4955746,-68.1514414,66
10254480,-16.4955913,-68.1476959,67
10254480,-16.4956634,-68.1481323,68
10254480,-16.4958304,-68.1487893,69
10254480,-16.4956707,-68.146439,70
10254480,-16.4956208,-68.1468596,71
10254480,-16.4955918,-68.1475081,72
10254480,-16.4955913,-68.1476959,73
10254480,-16.4955637,-68.1460653,74
10254480,-16.495607,-68.146187,75
10254480,-16.4956421,-68.146312,76
10254480,-16.4956707,-68.146439,77
10254480,-16.495524,-68.1457213,78
10254480,-16.4955139,-68.1457572,79
10254480,-16.4955116,-68.1457954,80
10254480,-16.4955637,-68.1460653,81
10254480,-16.4939747,-68.1409194,82
10254480,-16.4945651,-68.141963,83
10254480,-16.4946766,-68.1421951,84
10254480,-16.4947632,-68.1423989,85
10254480,-16.494819,-68.1425446,86
10254480,-16.4950224,-68.1432003,87
10254480,-16.4952351,-68.1439429,88
10254480,-16.495304,-68.1442659,89
10254480,-16.4955225,-68.1452912,90
10254480,-16.4955392,-68.1453755,91
10254480,-16.4939747,-68.1409194,92
10254480,-16.4940113,-68.1408774,93
10254480,-16.4940326,-68.1408252,94
10254480,-16.494036,-68.1407685,95
10254480,-16.4940213,-68.1407139,96
10254480,-16.4940213,-68.1407139,97
10254480,-16.4939925,-68.1406701,98
10254480,-16.493952,-68.1406378,99
10254480,-16.493904,-68.1406202,100
10254480,-16.493853,-68.140619,101
10254480,-16.4938043,-68.1406343,102
10254480,-16.4938043,-68.1406343,103
10254480,-16.4937916,-68.1405472,104
10254480,-16.4937898,-68.1405055,105
10254480,-16.4937904,-68.1404766,106
10254480,-16.4937968,-68.140368,107
10254480,-16.4938302,-68.1396938,108
10254480,-16.4938302,-68.1396938,109
10254480,-16.4934638,-68.1396039,110
10254480,-16.4934638,-68.1396039,111
10254480,-16.493601,-68.1390663,112
10254480,-16.4936185,-68.1389781,113
10254480,-16.4936285,-68.1389275,114
10254480,-16.4936285,-68.1389275,115
10254480,-16.4935699,-68.1389082,116
10254480,-16.4932086,-68.1386573,117
10254480,-16.4929904,-68.138503,118
10254480,-16.4929533,-68.1384793,119
10254480,-16.4929167,-68.1385352,120
10254480,-16.4929533,-68.1384793,121
10254480,-16.4926499,-68.1383682,122
10254480,-16.4927378,-68.138417,123
10254480,-16.4928552,-68.1384936,124
10254480,-16.4929167,-68.1385352,125
10254480,-16.4926499,-68.1383682,126
10254480,-16.4921187,-68.1379684,127
10254480,-16.4921187,-68.1379684,128
10254480,-16.4922436,-68.1378407,129
10254480,-16.492363,-68.137732,130
10254480,-16.4925377,-68.1375886,131
10254480,-16.4926995,-68.1374902,132
10254480,-16.4929478,-68.1373884,133
10254480,-16.4930461,-68.1373525,134
10254480,-16.4932862,-68.1372729,135
10254480,-16.4936373,-68.1371775,136
10254480,-16.4938771,-68.1370783,137
10254480,-16.4942902,-68.1369246,138
10254480,-16.4942902,-68.1369246,139
10254480,-16.4945081,-68.1369601,140
10254480,-16.4946386,-68.1369701,141
10254480,-16.4946386,-68.1369701,142
10254480,-16.4948487,-68.1369589,143
10254480,-16.4950056,-68.1369482,144
10254480,-16.495066,-68.1369334,145
10254480,-16.4950904,-68.1369214,146
10254480,-16.4950904,-68.1369214,147
10254480,-16.4952915,-68.1366208,148
10254480,-16.4952915,-68.1366208,149
10254480,-16.495345,-68.1365466,150
10254480,-16.495345,-68.1365466,151
10254480,-16.4956557,-68.1360938,152
10254480,-16.4960832,-68.1353047,153
10254480,-16.4960832,-68.1353047,154
10254480,-16.4954354,-68.1348985,155
10254480,-16.4954023,-68.1348777,156
10254480,-16.4953677,-68.1348571,157
10254480,-16.4946904,-68.1344135,158
10254480,-16.4955392,-68.1453755,159
10254480,-16.495524,-68.1457213,160
10254480,-16.4933341,-68.1334753,161
10254480,-16.4937797,-68.1327563,162
10254480,-16.4937797,-68.1327563,163
10254480,-16.4942059,-68.1319939,164
10254480,-16.4946793,-68.1312329,165
10254480,-16.4949894,-68.1308274,166
10254480,-16.4946793,-68.1312329,167
10254480,-16.4960026,-68.1286871,168
10254480,-16.4958775,-68.1288886,169
10254480,-16.4956292,-68.1294275,170
10254480,-16.4954685,-68.1297784,171
10254480,-16.4952492,-68.1302909,172
10254480,-16.4949894,-68.1308274,173
10254480,-16.4962349,-68.1283486,174
10254480,-16.4961874,-68.1284043,175
10254480,-16.4960636,-68.1285879,176
10254480,-16.4960026,-68.1286871,177
10254480,-16.4963862,-68.1281183,178
10254480,-16.4962349,-68.1283486,179
10254480,-16.4964287,-68.1280634,180
10254480,-16.4963862,-68.1281183,181
10254480,-16.496472,-68.1280073,182
10254480,-16.4964287,-68.1280634,183
10254480,-16.496516,-68.1279505,184
10254480,-16.496472,-68.1280073,185
10254480,-16.4966276,-68.1277853,186
10254480,-16.4966118,-68.1278254,187
10254480,-16.496516,-68.1279505,188
10254480,-16.496346,-68.1261954,189
10254480,-16.4964185,-68.126289,190
10254480,-16.4964561,-68.1264639,191
10254480,-16.4964551,-68.1267063,192
10254480,-16.4964472,-68.1270058,193
10254480,-16.496457,-68.1272731,194
10254480,-16.4964821,-68.1274418,195
10254480,-16.4965562,-68.1276401,196
10254480,-16.4966125,-68.1277388,197
10254480,-16.4966276,-68.1277853,198
10254480,-16.4962399,-68.1260798,199
10254480,-16.496346,-68.1261954,200
10254480,-16.4962399,-68.1260798,201
10254480,-16.4961532,-68.1260512,202
10254480,-16.4960783,-68.1260264,203
10254480,-16.4958537,-68.125952,204
10254480,-16.4953015,-68.1257535,205
10254480,-16.4951346,-68.1257172,206
10254480,-16.4949621,-68.1257101,207
10254480,-16.4947559,-68.1257376,208
10254480,-16.4946356,-68.1257431,209
10254480,-16.4945693,-68.1257461,210
10254480,-16.4944581,-68.1257349,211
10254480,-16.4943568,-68.1256927,212
10254480,-16.4942336,-68.1255896,213
10254480,-16.4936129,-68.1250598,214
10254480,-16.4934851,-68.1249543,215
10254480,-16.4933742,-68.1248889,216
10254480,-16.4932977,-68.1248585,217
10254480,-16.4931991,-68.1248597,218
10254480,-16.4930875,-68.1249053,219
10254480,-16.4929657,-68.1249834,220
10254480,-16.4928679,-68.1250681,221
10254480,-16.4926862,-68.1251878,222
10254480,-16.4926862,-68.1251878,223
10254480,-16.4925621,-68.1251825,224
10254480,-16.4924027,-68.1251785,225
10254480,-16.492254,-68.125161,226
10254480,-16.4922273,-68.1251592,227
10254480,-16.4922273,-68.1251592,228
10254480,-16.4921051,-68.1251251,229
10254480,-16.4919699,-68.1251044,230
10254480,-16.4918,-68.1251032,231
10254480,-16.4915835,-68.1251068,232
10254480,-16.4912751,-68.1251524,233
10254480,-16.4907929,-68.1252364,234
10254480,-16.490701,-68.1252716,235
10254480,-16.4891896,-68.1255627,236
10254480,-16.4892455,-68.125578,237
10254480,-16.4893005,-68.1255852,238
10254480,-16.4893699,-68.1255795,239
10254480,-16.4898504,-68.1253967,240
10254480,-16.4900316,-68.1253436,241
10254480,-16.4901173,-68.125329,242
10254480,-16.490701,-68.1252716,243
10254480,-16.4889591,-68.1253396,244
10254480,-16.4891896,-68.1255627,245
10254480,-16.4887759,-68.1251606,246
10254480,-16.4889591,-68.1253396,247
10254480,-16.4887759,-68.1251606,248
10254480,-16.4887188,-68.1251088,249
10254480,-16.4884411,-68.1249739,250
10254480,-16.4880707,-68.1248325,251
10254480,-16.4877033,-68.124693,252
10254480,-16.4870875,-68.1244187,253
10254480,-16.4869292,-68.1243508,254
10254480,-16.4866821,-68.1242541,255
10254480,-16.4863796,-68.1241643,256
10254480,-16.4861604,-68.1241127,257
10254480,-16.4859422,-68.1240199,258
10254480,-16.4858168,-68.1239494,259
10254480,-16.4857551,-68.123912,260
10254480,-16.4855088,-68.1237362,261
10254480,-16.4853997,-68.1236633,262
10254480,-16.485188,-68.123554,263
10254480,-16.4842145,-68.1232006,264
10254480,-16.4839926,-68.1231109,265
10254480,-16.4837494,-68.1230066,266
10254480,-16.4835306,-68.122897,267
10254480,-16.4829509,-68.1225101,268
10254480,-16.4826633,-68.1222777,269
10254480,-16.4824628,-68.1221025,270
10254480,-16.4824628,-68.1221025,271
10254480,-16.4823958,-68.1220374,272
10254480,-16.4823444,-68.1219875,273
10254480,-16.4822343,-68.1218721,274
10254480,-16.4823177,-68.121851,275
10254480,-16.4822343,-68.1218721,276
10254480,-16.4822343,-68.1218721,277
10254480,-16.4820872,-68.1218867,278
10254480,-16.4820872,-68.1218867,279
10254480,-16.4819422,-68.121858,280
10254480,-16.4819133,-68.1218519,281
10254480,-16.4819133,-68.1218519,282
10254480,-16.4818832,-68.1217971,283
10254480,-16.4818832,-68.1217971,284
10254480,-16.4812919,-68.1216015,285
10254480,-16.480885,-68.1214418,286
10254480,-16.4799347,-68.1211092,287
10254480,-16.4798517,-68.1210634,288
10254480,-16.4797069,-68.120983,289
10254480,-16.4795826,-68.1209139,290
10254480,-16.4799101,-68.1211608,291
10254480,-16.4802407,-68.1212835,292
10254480,-16.4796805,-68.1210392,293
10254480,-16.4799101,-68.1211608,294
10254480,-16.4795826,-68.1209139,295
10254480,-16.4786237,-68.1203517,296
10254480,-16.4785789,-68.1203254,297
10254480,-16.4785789,-68.1203254,298
10254480,-16.4785743,-68.1203014,299
10254480,-16.4785623,-68.1202804,300
10254480,-16.4785442,-68.1202649,301
10254480,-16.4785221,-68.1202567,302
10254480,-16.4784986,-68.1202566,303
10254480,-16.4784765,-68.1202648,304
10254480,-16.4784765,-68.1202648,305
10254480,-16.478447,-68.120246,306
10254480,-16.4772972,-68.1195129,307
10254480,-16.4772972,-68.1195129,308
10254480,-16.4763715,-68.1189594,309
10254480,-16.4756164,-68.1185089,310
10254480,-16.4756164,-68.1185089,311
10254480,-16.475113,-68.1182041,312
10254480,-16.475113,-68.1182041,313
10254480,-16.4751223,-68.118169,314
10254480,-16.475126,-68.11813,315
10254480,-16.475126,-68.11813,316
10254480,-16.4751256,-68.118098,317
10254480,-16.4751208,-68.1180665,318
10254480,-16.4751119,-68.1180359,319
10254480,-16.4750988,-68.118007,320
10254480,-16.475082,-68.1179803,321
10254480,-16.4750617,-68.1179564,322
10254480,-16.4750617,-68.1179564,323
10254480,-16.4750405,-68.1179358,324
10254480,-16.4750167,-68.1179184,325
10254480,-16.4749828,-68.1179005,326
10254480,-16.4749465,-68.1178887,327
10254480,-16.4749089,-68.1178833,328
10254480,-16.4748709,-68.1178844,329
10254480,-16.4748709,-68.1178844,330
10254480,-16.4748268,-68.1178948,331
10254480,-16.4747861,-68.1179123,332
10254480,-16.4747441,-68.117943,333
10254480,-16.4739382,-68.1174615,334
10254480,-16.4736623,-68.1172795,335
10254480,-16.4732237,-68.1169718,336
10254480,-16.4747441,-68.117943,337
10254480,-16.4746087,-68.117873,338
10254480,-16.4743913,-68.1177439,339
10254480,-16.4742546,-68.1176628,340
10254480,-16.4739382,-68.1174615,341
10254480,-16.4732237,-68.1169718,342
10254480,-16.4730157,-68.1168253,343
10254480,-16.472466,-68.1164382,344
10254480,-16.4721956,-68.1162821,345
10254480,-16.4721386,-68.1162603,346
10254480,-16.4720832,-68.116238,347
10254480,-16.4720064,-68.1162152,348
10254480,-16.4719415,-68.1162,349
10254480,-16.4717221,-68.1161525,350
10254480,-16.4713409,-68.1160802,351
10254480,-16.4710347,-68.1160424,352
10254480,-16.4708364,-68.1160329,353
10254480,-16.470274,-68.1160279,354
10254480,-16.4697861,-68.1160024,355
10254480,-16.4697861,-68.1160024,356
10254480,-16.4696711,-68.1160203,357
10254480,-16.4696162,-68.116032,358
10254480,-16.4695535,-68.1160623,359
10254480,-16.469493,-68.116095,360
10254480,-16.4694416,-68.11613,361
10254480,-16.4694416,-68.11613,362
10254480,-16.4692658,-68.1162427,363
10254480,-16.469149,-68.1162875,364
10254480,-16.469035,-68.1163311,365
10254480,-16.4689103,-68.1163318,366
10254480,-16.4687782,-68.1163107,367
10254480,-16.4686491,-68.1162613,368
10254480,-16.4685901,-68.1162257,369
10254480,-16.468544,-68.11619,370
10254480,-16.4685088,-68.1161531,371
10254480,-16.4684658,-68.1161048,372
10254480,-16.4684,-68.1159838,373
10254480,-16.4684,-68.1159838,374
10254480,-16.4683776,-68.1158828,375
10254480,-16.4683764,-68.1158117,376
10254480,-16.4683847,-68.11575,377
10254480,-16.4684111,-68.1156608,378
10254480,-16.4684317,-68.1156132,379
10254480,-16.4684619,-68.1155603,380
10254480,-16.4685539,-68.115457,381
10254480,-16.4686847,-68.1153332,382
10254480,-16.4687355,-68.1152678,383
10254480,-16.4687909,-68.115204,384
10254480,-16.4687909,-68.115204,385
10254480,-16.4688198,-68.1151217,386
10254480,-16.4688477,-68.1149923,387
10254480,-16.4688522,-68.1148984,388
10254480,-16.4688465,-68.1148213,389
10254480,-16.4688104,-68.1147737,390
10254480,-16.4688104,-68.1147737,391
10254480,-16.4687577,-68.1146657,392
10254480,-16.4686956,-68.1145785,393
10254480,-16.468608,-68.1144831,394
10254480,-16.4665163,-68.1151861,395
10254480,-16.4669452,-68.1150395,396
10254480,-16.4673587,-68.114901,397
10254480,-16.4677912,-68.1147661,398
10254480,-16.4681328,-68.1146468,399
10254480,-16.468608,-68.1144831,400
10254480,-16.4665163,-68.1151861,401
10254480,-16.4666639,-68.1156117,402
10254480,-16.4668601,-68.1160977,403
10254605,-16.4921386,-68.1627698,0
10254605,-16.4920852,-68.1634516,1
10254605,-16.4920626,-68.1635396,2
10254605,-16.4920322,-68.163622,3
10254605,-16.4919737,-68.163735,4
10254605,-16.4919258,-68.1638049,5
10254605,-16.4918692,-68.1638717,6
10254605,-16.4944291,-68.1590388,7
10254605,-16.4941821,-68.1592035,8
10254605,-16.4940866,-68.1592764,9
10254605,-16.4939151,-68.1594509,10
10254605,-16.4937839,-68.1596119,11
10254605,-16.4936757,-68.1597809,12
10254605,-16.4935545,-68.1600432,13
10254605,-16.4934643,-68.1603874,14
10254605,-16.4933856,-68.1607292,15
10254605,-16.493358,-68.1608429,16
10254605,-16.4932817,-68.1610747,17
10254605,-16.4931947,-68.1612542,18
10254605,-16.4931013,-68.1613942,19
10254605,-16.4930359,-68.1614733,20
10254605,-16.4929756,-68.1615364,21
10254605,-16.492825,-68.1616628,22
10254605,-16.4925996,-68.161878,23
10254605,-16.4924845,-68.1620235,24
10254605,-16.4923977,-68.1621509,25
10254605,-16.4923186,-68.1622884,26
10254605,-16.4922498,-68.1624486,27
10254605,-16.4921924,-68.162612,28
10254605,-16.4921386,-68.1627698,29
10254605,-16.4955932,-68.158506,30
10254605,-16.4953964,-68.1586319,31
10254605,-16.495244,-68.1587091,32
10254605,-16.4950612,-68.1587813,33
10254605,-16.4948159,-68.1588773,34
10254605,-16.4944291,-68.1590388,35
10254605,-16.4966631,-68.1568495,36
10254605,-16.4963109,-68.1576151,37
10254605,-16.4961949,-68.1578228,38
10254605,-16.4960668,-68.1580268,39
10254605,-16.4959879,-68.1581309,40
10254605,-16.4958907,-68.1582429,41
10254605,-16.4957381,-68.1583906,42
10254605,-16.4955932,-68.158506,43
10254605,-16.4966631,-68.1568495,44
10254605,-16.4969771,-68.1562681,45
10254605,-16.497036,-68.1561548,46
10254605,-16.4973195,-68.1555936,47
10254605,-16.4973613,-68.1555178,48
10254605,-16.4978139,-68.1544159,49
10254605,-16.4980022,-68.1539453,50
10254605,-16.4982948,-68.1532657,51
10254605,-16.4985198,-68.1527855,52
10254605,-16.4985573,-68.1527009,53
10254605,-16.4985883,-68.152634,54
10254605,-16.4986787,-68.1524524,55
10254605,-16.4987745,-68.1522561,56
10254605,-16.498866,-68.1520612,57
10254605,-16.498866,-68.1520612,58
10254605,-16.4988562,-68.1520135,59
10254605,-16.4988317,-68.1519377,60
10254605,-16.498614,-68.151576,61
10254605,-16.498614,-68.151576,62
10254605,-16.4983736,-68.1511689,63
10254605,-16.4983399,-68.1511035,64
10254605,-16.4983399,-68.1511035,65
10254605,-16.4983056,-68.1510437,66
10254605,-16.4980567,-68.1506089,67
10254605,-16.4978295,-68.1502121,68
10254605,-16.4976065,-68.1498228,69
10254605,-16.4976065,-68.1498228,70
10254605,-16.4975545,-68.1496687,71
10254605,-16.4975545,-68.1496687,72
10254605,-16.4975921,-68.1496626,73
10254605,-16.4976243,-68.1496424,74
10254605,-16.4976165,-68.1495054,75
10254605,-16.4976249,-68.1493881,76
10254605,-16.4977547,-68.149171,77
10254605,-16.4977547,-68.149171,78
10254605,-16.4980087,-68.1486894,79
10254605,-16.4981245,-68.1485427,80
10254605,-16.498264,-68.1483892,81
10254605,-16.4985092,-68.1481266,82
10254605,-16.4985328,-68.1480727,83
10254605,-16.4985456,-68.1479922,84
10254605,-16.4986112,-68.1475711,85
10254605,-16.4986434,-68.1472828,86
10254605,-16.4987064,-68.1469756,87
10254605,-16.4987411,-68.1467436,88
10254605,-16.4988171,-68.1464022,89
10254605,-16.4988081,-68.1462144,90
10254605,-16.4987631,-68.1458027,91
10254605,-16.4987053,-68.1452528,92
10254605,-16.4986922,-68.1451799,93
10254605,-16.4986268,-68.1449203,94
10254605,-16.4984263,-68.1444166,95
10254605,-16.4986075,-68.1444147,96
10254605,-16.4984263,-68.1444166,97
10254605,-16.4986075,-68.1444147,98
10254605,-16.4986584,-68.1442419,99
10254605,-16.498684,-68.1441531,100
10254605,-16.498677,-68.1440561,101
10254605,-16.4985529,-68.1438615,102
10254605,-16.4985529,-68.1438615,103
10254605,-16.4981196,-68.1432699,104
10254605,-16.4981196,-68.1432699,105
10254605,-16.4983731,-68.143087,106
10254605,-16.498916,-68.1427057,107
10254605,-16.498916,-68.1427057,108
10254605,-16.4992648,-68.1425317,109
10254605,-16.4996677,-68.1423698,110
10254605,-16.5004063,-68.1419716,111
10254605,-16.5004063,-68.1419716,112
10254605,-16.5000674,-68.141317,113
10254605,-16.5000674,-68.141317,114
10254605,-16.5001013,-68.1413012,115
10254605,-16.5001286,-68.1412749,116
10254605,-16.5001463,-68.1412409,117
10254605,-16.5001527,-68.1412027,118
10254605,-16.5001527,-68.1412027,119
10254605,-16.5001467,-68.1411635,120
10254605,-16.5001286,-68.1411285,121
10254605,-16.5001006,-68.1411016,122
10254605,-16.5000656,-68.1410858,123
10254605,-16.5000301,-68.1410827,124
10254605,-16.4999953,-68.1410911,125
10254605,-16.4999648,-68.1411103,126
10254605,-16.4999414,-68.1411384,127
10254605,-16.4999414,-68.1411384,128
10254605,-16.4998557,-68.1410975,129
10254605,-16.4995541,-68.1409535,130
10254605,-16.4993761,-68.1406813,131
10254605,-16.4991318,-68.1403079,132
10254605,-16.4991318,-68.1403079,133
10254605,-16.4989139,-68.1400101,134
10254605,-16.4988325,-68.1398989,135
10254605,-16.498747,-68.1397487,136
10254605,-16.4986704,-68.1396617,137
10254605,-16.4986339,-68.1396168,138
10254605,-16.4984418,-68.1394551,139
10254605,-16.4981953,-68.1393114,140
10254605,-16.4980961,-68.1392746,141
10254605,-16.4980961,-68.1392746,142
10254605,-16.4977434,-68.1388532,143
10254605,-16.4975756,-68.1386469,144
10254605,-16.4973903,-68.1383779,145
10254605,-16.4972672,-68.1382101,146
10254605,-16.4969467,-68.1377733,147
10254605,-16.4969467,-68.1377733,148
10254605,-16.4975133,-68.137338,149
10254605,-16.4977918,-68.1371863,150
10254605,-16.4980876,-68.1370346,151
10254605,-16.5043925,-68.1311551,152
10254605,-16.5043916,-68.1310577,153
10254605,-16.504402,-68.1310099,154
10254605,-16.5044191,-68.1309731,155
10254605,-16.504448,-68.1309404,156
10254605,-16.5049648,-68.1303956,157
10254605,-16.5043999,-68.1311899,158
10254605,-16.5043925,-68.1311551,159
10254605,-16.5043648,-68.1313115,160
10254605,-16.5043867,-68.1312833,161
10254605,-16.5043978,-68.1312429,162
10254605,-16.5043999,-68.1311899,163
10254605,-16.5041988,-68.1313526,164
10254605,-16.5042838,-68.1313564,165
10254605,-16.5043301,-68.1313402,166
10254605,-16.5043648,-68.1313115,167
10254605,-16.5041663,-68.1313465,168
10254605,-16.5041988,-68.1313526,169
10254605,-16.5041186,-68.1313255,170
10254605,-16.5041663,-68.1313465,171
10254605,-16.5024659,-68.1330346,172
10254605,-16.5026888,-68.1327953,173
10254605,-16.5031767,-68.1322966,174
10254605,-16.5034403,-68.1320096,175
10254605,-16.5039676,-68.1314514,176
10254605,-16.5039957,-68.1314208,177
10254605,-16.5040413,-68.1313702,178
10254605,-16.5041186,-68.1313255,179
10254605,-16.5017119,-68.1338388,180
10254605,-16.5024659,-68.1330346,181
10254605,-16.5010922,-68.1345005,182
10254605,-16.5017119,-68.1338388,183
10254605,-16.5007318,-68.1350388,184
10254605,-16.5008383,-68.1348632,185
10254605,-16.5010922,-68.1345005,186
10254605,-16.4995959,-68.1361946,187
10254605,-16.4998963,-68.1359114,188
10254605,-16.4999966,-68.135803,189
10254605,-16.5005351,-68.1352642,190
10254605,-16.5006066,-68.1351877,191
10254605,-16.5007318,-68.1350388,192
10254605,-16.4980876,-68.1370346,193
10254605,-16.4982981,-68.1369287,194
10254605,-16.498944,-68.1365999,195
10254605,-16.4992671,-68.1364075,196
10254605,-16.4995959,-68.1361946,197
10254605,-16.5049648,-68.1303956,198
10254605,-16.5055036,-68.1298082,199
10254605,-16.5055036,-68.1298082,200
10254605,-16.5056369,-68.1296575,201
10254605,-16.505873,-68.1294129,202
10254605,-16.5062083,-68.1290234,203
10254605,-16.5064767,-68.1287337,204
10254605,-16.5065151,-68.1286891,205
10254605,-16.5065151,-68.1286891,206
10254605,-16.5073392,-68.1277909,207
10254605,-16.507377,-68.12775,208
10254605,-16.507377,-68.12775,209
10254605,-16.507415,-68.1277083,210
10254605,-16.5082591,-68.1268679,211
10254605,-16.5082591,-68.1268679,212
10254605,-16.5088664,-68.1263545,213
10254605,-16.5088664,-68.1263545,214
10254605,-16.5091987,-68.1260671,215
10254605,-16.5091987,-68.1260671,216
10254605,-16.509805,-68.1266947,217
10254605,-16.5098994,-68.1267807,218
10254605,-16.5098994,-68.1267807,219
10254605,-16.5090051,-68.1276701,220
10254605,-16.5084262,-68.128285,221
10254605,-16.5081752,-68.1285529,222
10254605,-16.5081752,-68.1285529,223
10254605,-16.507322,-68.1294558,224
10254605,-16.507322,-68.1294558,225
10254605,-16.5062223,-68.1306734,226
10254605,-16.5062223,-68.1306734,227
10254605,-16.5059485,-68.1304181,228
10254605,-16.5054639,-68.1299717,229
10254605,-16.5054512,-68.1299557,230
10254605,-16.5054512,-68.1299557,231
10254605,-16.5054386,-68.1299314,232
10254605,-16.5054386,-68.1299314,233
10254605,-16.5053984,-68.1298346,234
10254605,-16.5053576,-68.1297365,235
10254605,-16.5053576,-68.1297365,236
10254605,-16.5053357,-68.1296826,237
10254605,-16.5053357,-68.1296826,238
10254605,-16.5052253,-68.129548,239
10254605,-16.5047031,-68.1288342,240
10254605,-16.5046644,-68.1287609,241
10254605,-16.5046644,-68.1287609,242
10254605,-16.5045825,-68.128748,243
10254605,-16.5045431,-68.128744,244
10254605,-16.5045031,-68.1287448,245
10254605,-16.5044557,-68.1287521,246
10254605,-16.5043223,-68.1287939,247
10254605,-16.5043223,-68.1287939,248
10254605,-16.5040209,-68.1290168,249
10254605,-16.503961,-68.1290554,250
10254605,-16.5030173,-68.1296627,251
10254605,-16.5030173,-68.1296627,252
10254605,-16.5029845,-68.1296928,253
10254605,-16.5025749,-68.1300638,254
10254605,-16.5024387,-68.1302023,255
10254605,-16.502389,-68.1302513,256
10254605,-16.5020063,-68.1306374,257
10254605,-16.5019608,-68.1306965,258
10254605,-16.5019608,-68.1306965,259
10254605,-16.5019075,-68.1307637,260
10254605,-16.5012506,-68.1316213,261
10254605,-16.5012066,-68.1316774,262
10254605,-16.5012066,-68.1316774,263
10254605,-16.5011597,-68.1317363,264
10254605,-16.5007841,-68.1321926,265
10254605,-16.5007489,-68.1322353,266
10254605,-16.5007489,-68.1322353,267
10254605,-16.5007343,-68.1322357,268
10254605,-16.5006766,-68.1322124,269
10254605,-16.5006766,-68.1322124,270
10254605,-16.5006018,-68.1321834,271
10254605,-16.500496,-68.1321423,272
10254605,-16.500496,-68.1321423,273
10254605,-16.5000686,-68.1319711,274
10254605,-16.5000612,-68.1319682,275
10254605,-16.5000199,-68.1319524,276
10254605,-16.4999975,-68.1319162,277
10254605,-16.4999932,-68.1318753,278
10254605,-16.5000199,-68.1319524,279
10254605,-16.4999544,-68.131956,280
10254605,-16.4999544,-68.131956,281
10254605,-16.4992934,-68.1333441,282
10254605,-16.4992934,-68.1333441,283
10254605,-16.4991844,-68.1335629,284
10254605,-16.498905,-68.1341239,285
10254605,-16.498905,-68.1341239,286
10254605,-16.4987067,-68.1345338,287
10254605,-16.4985261,-68.1348856,288
10254605,-16.4985261,-68.1348856,289
10254605,-16.4984823,-68.1349517,290
10254605,-16.4982835,-68.1353579,291
10254605,-16.4982099,-68.1355435,292
10254605,-16.4982099,-68.1355435,293
10254605,-16.498122,-68.1356316,294
10254605,-16.4980692,-68.1356728,295
10254605,-16.4980692,-68.1356728,296
10254605,-16.4980081,-68.1357171,297
10254605,-16.4978115,-68.1358847,298
10254605,-16.4976198,-68.136008,299
10254605,-16.4972977,-68.1361569,300
10254605,-16.4972977,-68.1361569,301
10254605,-16.497144,-68.1360309,302
10254605,-16.4967813,-68.1357795,303
10254605,-16.4960832,-68.1353047,304
10254605,-16.4960832,-68.1353047,305
10254605,-16.4954354,-68.1348985,306
10254605,-16.4954023,-68.1348777,307
10254605,-16.4953677,-68.1348571,308
10254605,-16.4946904,-68.1344135,309
10254605,-16.4933341,-68.1334753,310
10254605,-16.4937797,-68.1327563,311
10254605,-16.4937797,-68.1327563,312
10254605,-16.4942059,-68.1319939,313
10254605,-16.4946793,-68.1312329,314
10254605,-16.4949894,-68.1308274,315
10254605,-16.4946793,-68.1312329,316
10254605,-16.4949894,-68.1308274,317
10254605,-16.4941825,-68.1305748,318
10254605,-16.4941825,-68.1305748,319
10254605,-16.4942188,-68.1303618,320
10254605,-16.4942727,-68.1301165,321
10254605,-16.4943696,-68.1298227,322
10254605,-16.494515,-68.129576,323
10254605,-16.4946354,-68.1293603,324
10254605,-16.4947415,-68.1291365,325
10254605,-16.4948026,-68.1289188,326
10254605,-16.4948808,-68.1287425,327
10254605,-16.4949732,-68.128642,328
10254605,-16.4951676,-68.1284469,329
10254605,-16.4953611,-68.128242,330
10254605,-16.4957429,-68.127923,331
10254605,-16.4958386,-68.1278486,332
10254605,-16.4958681,-68.1278133,333
10254605,-16.4959187,-68.1277318,334
10254605,-16.4959226,-68.1276326,335
10254605,-16.495931,-68.1275093,336
10254605,-16.4959116,-68.1274279,337
10254605,-16.4958801,-68.1273774,338
10254605,-16.4958442,-68.1273557,339
10254605,-16.4958442,-68.1273557,340
10254605,-16.4958271,-68.12746,341
10254605,-16.4958075,-68.1275831,342
10254605,-16.4957811,-68.127677,343
10254605,-16.4957387,-68.1277266,344
10254605,-16.4956739,-68.1277668,345
10254605,-16.4955708,-68.1277946,346
10254605,-16.4954296,-68.1277905,347
10254605,-16.4952732,-68.1277657,348
10254605,-16.4950015,-68.1276989,349
10254605,-16.4946112,-68.1276467,350
10254605,-16.4945505,-68.127647,351
10254605,-16.4945136,-68.1276501,352
10254605,-16.4944561,-68.1276129,353
10254605,-16.4943826,-68.127494,354
10254605,-16.4943169,-68.1273853,355
10254605,-16.4942625,-68.1272816,356
10254605,-16.4942228,-68.1272359,357
10254605,-16.494211,-68.1272265,358
10254605,-16.494211,-68.1272265,359
10254605,-16.4942044,-68.1272829,360
10254605,-16.494216,-68.12737,361
10254605,-16.4942314,-68.1274344,362
10254605,-16.494216,-68.1275068,363
10254605,-16.4941646,-68.1275417,364
10254605,-16.4941183,-68.1275457,365
10254605,-16.4940707,-68.1275256,366
10254605,-16.4940234,-68.1274936,367
10254605,-16.4939305,-68.1274197,368
10254605,-16.4938354,-68.1274116,369
10254605,-16.4937569,-68.1274304,370
10254605,-16.4937055,-68.1274639,371
10254605,-16.4934085,-68.1276973,372
10254605,-16.4930471,-68.1280057,373
10254605,-16.4927446,-68.128201,374
10254605,-16.4924692,-68.1284689,375
10254605,-16.4923214,-68.1285745,376
10254605,-16.4921591,-68.1286489,377
10254605,-16.4908725,-68.1293516,378
10254605,-16.4908948,-68.129363,379
10254605,-16.4909311,-68.1293557,380
10254605,-16.491078,-68.129282,381
10254605,-16.4912656,-68.1291794,382
10254605,-16.4914146,-68.1290787,383
10254605,-16.4916391,-68.1289894,384
10254605,-16.4918581,-68.1288816,385
10254605,-16.4920314,-68.1287488,386
10254605,-16.4920767,-68.1287092,387
10254605,-16.4921591,-68.1286489,388
10254605,-16.4908725,-68.1293516,389
10254605,-16.4908661,-68.129336,390
10254605,-16.4908668,-68.1293078,391
10254605,-16.4908703,-68.1292788,392
10254605,-16.4908867,-68.1292461,393
10254605,-16.4909662,-68.1291694,394
10254605,-16.4912043,-68.1289515,395
10254605,-16.4912621,-68.1288921,396
10254605,-16.4912956,-68.1288576,397
10254605,-16.4913538,-68.1287752,398
10254605,-16.4914286,-68.1286178,399
10254605,-16.4915171,-68.1284697,400
10254605,-16.4916113,-68.1284292,401
10254605,-16.4917236,-68.128373,402
10254605,-16.4917964,-68.1283199,403
10254605,-16.4918201,-68.1282559,404
10254605,-16.491799,-68.1282085,405
10254605,-16.4917258,-68.1281644,406
10254605,-16.4916961,-68.1281396,407
10254605,-16.4915652,-68.1281451,408
10254605,-16.4916961,-68.1281396,409
10254606,-16.4959483,-68.1598415,0
10254606,-16.4958525,-68.1598579,1
10254606,-16.4957098,-68.1598786,2
10254606,-16.4955567,-68.1598931,3
10254606,-16.4955567,-68.1598931,4
10254606,-16.4954137,-68.1598817,5
10254606,-16.4952515,-68.1598468,6
10254606,-16.4951135,-68.1597942,7
10254606,-16.4949749,-68.1597201,8
10254606,-16.4948399,-68.1596214,9
10254606,-16.494706,-68.1594882,10
10254606,-16.4946094,-68.1593587,11
10254606,-16.494501,-68.1591756,12
10254606,-16.4944291,-68.1590388,13
10254606,-16.4955932,-68.158506,14
10254606,-16.4953964,-68.1586319,15
10254606,-16.495244,-68.1587091,16
10254606,-16.4950612,-68.1587813,17
10254606,-16.4948159,-68.1588773,18
10254606,-16.4944291,-68.1590388,19
10254606,-16.4966631,-68.1568495,20
10254606,-16.4963109,-68.1576151,21
10254606,-16.4961949,-68.1578228,22
10254606,-16.4960668,-68.1580268,23
10254606,-16.4959879,-68.1581309,24
10254606,-16.4958907,-68.1582429,25
10254606,-16.4957381,-68.1583906,26
10254606,-16.4955932,-68.158506,27
10254606,-16.495418,-68.1538399,28
10254606,-16.4955968,-68.1542796,29
10254606,-16.495959,-68.1551674,30
10254606,-16.4959864,-68.1552357,31
10254606,-16.4960336,-68.1553857,32
10254606,-16.4962506,-68.1559296,33
10254606,-16.4962713,-68.1559789,34
10254606,-16.4964169,-68.1563258,35
10254606,-16.4965885,-68.1567711,36
10254606,-16.4966055,-68.1568029,37
10254606,-16.4966297,-68.1568267,38
10254606,-16.4966631,-68.1568495,39
10254606,-16.49552,-68.1523445,40
10254606,-16.4954756,-68.1529482,41
10254606,-16.4954666,-68.1530795,42
10254606,-16.4954534,-68.1532612,43
10254606,-16.4954377,-68.1534776,44
10254606,-16.495418,-68.1538399,45
10254606,-16.4955746,-68.1514414,46
10254606,-16.4955429,-68.1516843,47
10254606,-16.4955388,-68.1518367,48
10254606,-16.49552,-68.1523445,49
10254606,-16.4958304,-68.1487893,50
10254606,-16.4958697,-68.1489895,51
10254606,-16.4959105,-68.1493432,52
10254606,-16.495878,-68.1494865,53
10254606,-16.4957337,-68.1499916,54
10254606,-16.4956839,-68.1502526,55
10254606,-16.4956231,-68.1506229,56
10254606,-16.4955996,-68.1509355,57
10254606,-16.4955793,-68.1512054,58
10254606,-16.4955746,-68.1514414,59
10254606,-16.4955913,-68.1476959,60
10254606,-16.4956634,-68.1481323,61
10254606,-16.4958304,-68.1487893,62
10254606,-16.4956707,-68.146439,63
10254606,-16.4956208,-68.1468596,64
10254606,-16.4955918,-68.1475081,65
10254606,-16.4955913,-68.1476959,66
10254606,-16.4956707,-68.146439,67
10254606,-16.4957087,-68.1463194,68
10254606,-16.4957556,-68.1462032,69
10254606,-16.495808,-68.1460882,70
10254606,-16.495808,-68.1460882,71
10254606,-16.4958209,-68.1460784,72
10254606,-16.4958209,-68.1460784,73
10254606,-16.495837,-68.146053,74
10254606,-16.4958515,-68.1460054,75
10254606,-16.4958547,-68.1459606,76
10254606,-16.4958547,-68.1459606,77
10254606,-16.4958227,-68.1458216,78
10254606,-16.4958227,-68.1458216,79
10254606,-16.4959323,-68.1455582,80
10254606,-16.4959892,-68.1454268,81
10254606,-16.4959323,-68.1455582,82
10254606,-16.4959892,-68.1454268,83
10254606,-16.4961258,-68.1454015,84
10254606,-16.4962892,-68.1452997,85
10254606,-16.4965894,-68.1450855,86
10254606,-16.4966775,-68.1450289,87
10254606,-16.496838,-68.1449677,88
10254606,-16.4968962,-68.1449442,89
10254606,-16.4980318,-68.1452334,90
10254606,-16.4980318,-68.1452334,91
10254606,-16.4982332,-68.1452617,92
10254606,-16.4982332,-68.1452617,93
10254606,-16.4981747,-68.1451665,94
10254606,-16.4981348,-68.1451061,95
10254606,-16.4980943,-68.1450384,96
10254606,-16.4980525,-68.1449573,97
10254606,-16.4978192,-68.1444558,98
10254606,-16.4978192,-68.1444558,99
10254606,-16.4977746,-68.1442628,100
10254606,-16.4976457,-68.1434178,101
10254606,-16.4976457,-68.1434178,102
10254606,-16.497812,-68.1434013,103
10254606,-16.497972,-68.1433514,104
10254606,-16.4981196,-68.1432699,105
10254606,-16.4981196,-68.1432699,106
10254606,-16.4979205,-68.1427615,107
10254606,-16.4979205,-68.1427615,108
10254606,-16.4978779,-68.1426602,109
10254606,-16.4976148,-68.1419112,110
10254606,-16.4978779,-68.1426602,111
10254606,-16.4976148,-68.1419112,112
10254606,-16.4976472,-68.1418961,113
10254606,-16.4976747,-68.1418728,114
10254606,-16.4976955,-68.1418428,115
10254606,-16.4977081,-68.1418082,116
10254606,-16.4977117,-68.1417714,117
10254606,-16.4977061,-68.1417349,118
10254606,-16.4976915,-68.1417011,119
10254606,-16.4991318,-68.1403079,120
10254606,-16.4987012,-68.140647,121
10254606,-16.4984788,-68.1408361,122
10254606,-16.4982267,-68.1410681,123
10254606,-16.49803,-68.1412612,124
10254606,-16.4976915,-68.1417011,125
10254606,-16.5005293,-68.1393783,126
10254606,-16.5002178,-68.1396467,127
10254606,-16.5001239,-68.139706,128
10254606,-16.4994592,-68.1401141,129
10254606,-16.4991318,-68.1403079,130
10254606,-16.5025859,-68.1371306,131
10254606,-16.5016883,-68.1380492,132
10254606,-16.501574,-68.1382235,133
10254606,-16.5013591,-68.1385642,134
10254606,-16.5011521,-68.1388123,135
10254606,-16.5009554,-68.1390101,136
10254606,-16.5008551,-68.1391014,137
10254606,-16.5005293,-68.1393783,138
10254606,-16.5031567,-68.1365259,139
10254606,-16.5025859,-68.1371306,140
10254606,-16.5036435,-68.1360222,141
10254606,-16.5031567,-68.1365259,142
10254606,-16.5044008,-68.1352846,143
10254606,-16.5040564,-68.13562,144
10254606,-16.5036435,-68.1360222,145
10254606,-16.5049576,-68.1346911,146
10254606,-16.5048464,-68.1348373,147
10254606,-16.5044008,-68.1352846,148
10254606,-16.5049576,-68.1346911,149
10254606,-16.5051249,-68.1343085,150
10254606,-16.5052759,-68.1339984,151
10254606,-16.5052759,-68.1339984,152
10254606,-16.5055776,-68.1334684,153
10254606,-16.5056029,-68.1334177,154
10254606,-16.5056029,-68.1334177,155
10254606,-16.505634,-68.1333589,156
10254606,-16.5057771,-68.1330844,157
10254606,-16.5060548,-68.1325586,158
10254606,-16.5060548,-68.1325586,159
10254606,-16.5061627,-68.1323822,160
10254606,-16.5062379,-68.132292,161
10254606,-16.5074766,-68.1310431,162
10254606,-16.5074766,-68.1310431,163
10254606,-16.5075967,-68.1308537,164
10254606,-16.5075967,-68.1308537,165
10254606,-16.5081552,-68.1302274,166
10254606,-16.5081552,-68.1302274,167
10254606,-16.5089525,-68.1293667,168
10254606,-16.5089525,-68.1293667,169
10254606,-16.5081752,-68.1285529,170
10254606,-16.5081752,-68.1285529,171
10254606,-16.5077535,-68.1281051,172
10254606,-16.5074189,-68.1277909,173
10254606,-16.507377,-68.12775,174
10254606,-16.507377,-68.12775,175
10254606,-16.507415,-68.1277083,176
10254606,-16.5082591,-68.1268679,177
10254606,-16.5082591,-68.1268679,178
10254606,-16.5088664,-68.1263545,179
10254606,-16.5088664,-68.1263545,180
10254606,-16.5091987,-68.1260671,181
10254606,-16.5091987,-68.1260671,182
10254606,-16.5101391,-68.1252521,183
10254606,-16.5101391,-68.1252521,184
10254606,-16.509817,-68.1248479,185
10254606,-16.509817,-68.1248479,186
10254606,-16.5096071,-68.1246042,187
10254606,-16.5096071,-68.1246042,188
10254606,-16.5095759,-68.1245052,189
10254606,-16.509554,-68.124391,190
10254606,-16.509554,-68.124391,191
10254606,-16.5095778,-68.1243373,192
10254606,-16.5096013,-68.1242567,193
10254606,-16.5096117,-68.1241725,194
10254606,-16.509609,-68.1241023,195
10254606,-16.5095473,-68.1239758,196
10254606,-16.5095874,-68.1240325,197
10254606,-16.509609,-68.1241023,198
10254606,-16.5095473,-68.1239758,199
10254606,-16.5094875,-68.1239421,200
10254606,-16.5094163,-68.1239274,201
10254606,-16.5093372,-68.1239263,202
10254606,-16.5092379,-68.1239484,203
10254606,-16.5091501,-68.1240014,204
10254606,-16.5090797,-68.1240726,205
10254606,-16.5090797,-68.1240726,206
10254606,-16.5090475,-68.1240469,207
10254606,-16.5087655,-68.1238171,208
10254606,-16.5084789,-68.1235899,209
10254606,-16.5084789,-68.1235899,210
10254606,-16.5084524,-68.1235687,211
10254606,-16.5084524,-68.1235687,212
10254606,-16.5068268,-68.122239,213
10254606,-16.5068268,-68.122239,214
10254606,-16.5066662,-68.1221113,215
10254606,-16.5066662,-68.1221113,216
10254606,-16.5067179,-68.1220723,217
10254606,-16.5076031,-68.121389,218
10254606,-16.5076494,-68.12135,219
10254606,-16.5076624,-68.121329,220
10254606,-16.5076653,-68.1213073,221
10254606,-16.5076578,-68.1212826,222
10254606,-16.5076435,-68.1212636,223
10254606,-16.5076435,-68.1212636,224
10254606,-16.5062947,-68.1212376,225
10254606,-16.5062146,-68.1212361,226
10254606,-16.5059059,-68.1212258,227
10254606,-16.5058375,-68.1212247,228
10254606,-16.505764,-68.1212232,229
10254606,-16.505764,-68.1212232,230
10254606,-16.5056242,-68.1207197,231
10254606,-16.505553,-68.1204636,232
10254606,-16.5048792,-68.1208717,233
10254606,-16.5049554,-68.1208223,234
10254606,-16.5052074,-68.120668,235
10254606,-16.505553,-68.1204636,236
10254606,-16.5048792,-68.1208717,237
10254606,-16.5047879,-68.1208242,238
10254606,-16.5047879,-68.1208242,239
10254606,-16.5043724,-68.1206188,240
10254606,-16.5039821,-68.1204246,241
10254606,-16.5039821,-68.1204246,242
10254606,-16.503911,-68.1203446,243
10254606,-16.503911,-68.1203446,244
10254606,-16.503837,-68.1203063,245
10254606,-16.5035672,-68.1201751,246
10254606,-16.5034257,-68.1201036,247
10254606,-16.5034008,-68.1200916,248
10254606,-16.5032992,-68.1200427,249
10254606,-16.503049,-68.1199146,250
10254606,-16.5030364,-68.1199081,251
10254606,-16.5026827,-68.119729,252
10254606,-16.5026222,-68.1196974,253
10254606,-16.5026222,-68.1196974,254
10254606,-16.502569,-68.1196701,255
10254606,-16.5021105,-68.1194378,256
10254606,-16.5015554,-68.1191569,257
10254606,-16.5013682,-68.1190613,258
10254606,-16.5013682,-68.1190613,259
10254606,-16.5009765,-68.1188653,260
10254606,-16.500666,-68.1187085,261
10254606,-16.5003641,-68.1185585,262
10254606,-16.4999774,-68.1183678,263
10254606,-16.499863,-68.118307,264
10254606,-16.499863,-68.118307,265
10254606,-16.4998727,-68.1182427,266
10254606,-16.4998259,-68.1175268,267
10254606,-16.4998259,-68.1175268,268
10254606,-16.4998134,-68.1171149,269
10254606,-16.4997962,-68.1170631,270
10254606,-16.4997962,-68.1170631,271
10254606,-16.4995741,-68.1164459,272
10254606,-16.4995741,-68.1164459,273
10254606,-16.4995671,-68.1164259,274
10254606,-16.4995671,-68.1164259,275
10254606,-16.4995125,-68.1163785,276
10254606,-16.4994646,-68.1163635,277
10254606,-16.4993746,-68.1163986,278
10254606,-16.4993746,-68.1163986,279
10254606,-16.4992007,-68.1165203,280
10254606,-16.498983,-68.1166725,281
10254606,-16.4988521,-68.1167989,282
10254606,-16.498443,-68.1171312,283
10254606,-16.4983606,-68.1172021,284
10254606,-16.4982272,-68.117317,285
10254606,-16.4980318,-68.1174586,286
10254606,-16.4976678,-68.1175613,287
10254606,-16.4971528,-68.1176509,288
10254606,-16.4968308,-68.117744,289
10254606,-16.4965195,-68.1178554,290
10254606,-16.4962699,-68.1179547,291
10254606,-16.4962699,-68.1179547,292
10254606,-16.4962063,-68.1179816,293
10254606,-16.496173,-68.1179945,294
10254606,-16.4960212,-68.1180532,295
10254606,-16.495916,-68.1180781,296
10254606,-16.4950416,-68.1184568,297
10254606,-16.4956189,-68.1181312,298
10254606,-16.4956997,-68.1181086,299
10254606,-16.4958057,-68.1180989,300
10254606,-16.495916,-68.1180781,301
10254606,-16.4950416,-68.1184568,302
10254606,-16.494909,-68.1184642,303
10254606,-16.4948162,-68.1184542,304
10254606,-16.4948162,-68.1184542,305
10254606,-16.4948135,-68.1184281,306
10254606,-16.4948043,-68.1184036,307
10254606,-16.4947893,-68.1183826,308
10254606,-16.4947893,-68.1183826,309
10254606,-16.4948635,-68.118286,310
10254606,-16.4958446,-68.1170582,311
10254606,-16.4955328,-68.1177554,312
10254606,-16.4954543,-68.1178737,313
10254606,-16.4953861,-68.117945,314
10254606,-16.4953283,-68.1179896,315
10254606,-16.4950365,-68.1181405,316
10254606,-16.4949618,-68.1181875,317
10254606,-16.4948635,-68.118286,318
10254606,-16.4958446,-68.1170582,319
10254606,-16.4958884,-68.1169266,320
10254606,-16.4958884,-68.1169266,321
10254606,-16.4958451,-68.1167655,322
10254606,-16.4958451,-68.1167655,323
10254606,-16.4957647,-68.1164688,324
10254606,-16.4955348,-68.1154934,325
10254606,-16.4955637,-68.1156236,326
10254606,-16.4956055,-68.1158372,327
10254606,-16.4957647,-68.1164688,328
10254606,-16.4954695,-68.1153997,329
10254606,-16.4954567,-68.1154215,330
10254606,-16.495454,-68.1154409,331
10254606,-16.4954576,-68.1154602,332
10254606,-16.4954669,-68.1154772,333
10254606,-16.495481,-68.11549,334
10254606,-16.4954982,-68.1154973,335
10254606,-16.4955168,-68.1154985,336
10254606,-16.4955348,-68.1154934,337
10254606,-16.4954695,-68.1153997,338
10254606,-16.4954059,-68.1153502,339
10254606,-16.495363,-68.1153407,340
10254606,-16.4952146,-68.1153216,341
10254606,-16.4949407,-68.1152935,342
10254606,-16.4945318,-68.1152421,343
10254606,-16.4942418,-68.1152211,344
10254606,-16.4941701,-68.1152043,345
10254606,-16.4940606,-68.1151754,346
10254606,-16.494007,-68.1151451,347
10254606,-16.4937951,-68.115005,348
10254606,-16.4937951,-68.115005,349
10254606,-16.4936808,-68.1148732,350
10254606,-16.4935708,-68.1147209,351
10254606,-16.4934968,-68.1145617,352
10254606,-16.4934968,-68.1145617,353
10254606,-16.4934947,-68.1145146,354
10254606,-16.4934947,-68.114452,355
10254606,-16.4935005,-68.1143962,356
10254606,-16.4935122,-68.1143288,357
10254606,-16.4935322,-68.1142696,358
10254606,-16.4935707,-68.1142055,359
10254606,-16.4936078,-68.1141755,360
10254606,-16.4942509,-68.1137777,361
10254606,-16.4943227,-68.1137458,362
10254606,-16.4944598,-68.1137158,363
10254606,-16.4944598,-68.1137158,364
10254606,-16.4947721,-68.1137354,365
10254606,-16.4949053,-68.1137323,366
10254606,-16.4950185,-68.1137153,367
10254606,-16.4951226,-68.1136783,368
10254606,-16.4952203,-68.1135983,369
10254606,-16.4957157,-68.113019,370
10254606,-16.495772,-68.112933,371
10254606,-16.4958041,-68.1128392,372
10254606,-16.4958183,-68.1127976,373
10254606,-16.4959005,-68.1125589,374
10254606,-16.4959813,-68.1123722,375
10254606,-16.4961924,-68.1121404,376
10254606,-16.4962413,-68.1120855,377
10254606,-16.4965555,-68.1117665,378
10254606,-16.4966605,-68.111651,379
10254606,-16.4967184,-68.1115678,380
10254606,-16.4967558,-68.1114881,381
10254606,-16.4967647,-68.1114364,382
10254606,-16.4967546,-68.1113966,383
10254606,-16.4967546,-68.1113966,384
10254606,-16.4967268,-68.1113678,385
10254606,-16.4966926,-68.1113562,386
10254606,-16.4966579,-68.1113586,387
10254606,-16.4965107,-68.1114051,388
10254606,-16.4964252,-68.1114231,389
10254606,-16.4963654,-68.1114317,390
10254606,-16.4962947,-68.1114337,391
10254606,-16.4962291,-68.1114279,392
10254606,-16.4960308,-68.1113719,393
10254606,-16.4958438,-68.1113025,394
10254606,-16.4958015,-68.1113016,395
10254606,-16.4957464,-68.1113154,396
10254606,-16.4957464,-68.1113154,397
10254606,-16.4956356,-68.1113274,398
10254606,-16.4955816,-68.1113197,399
10254606,-16.4955276,-68.1112888,400
10254606,-16.4954891,-68.1112595,401
10254606,-16.4954306,-68.1112023,402
10254606,-16.4953701,-68.1111245,403
10254606,-16.4953378,-68.1110577,404
10254606,-16.4952319,-68.1106598,405
10254606,-16.4952049,-68.1105653,406
10254606,-16.4952068,-68.110517,407
10254606,-16.4952384,-68.1104506,408
10254606,-16.4953078,-68.1104077,409
10254606,-16.4956273,-68.1102636,410
10254606,-16.4958002,-68.1101851,411
10254606,-16.4960992,-68.1100939,412
10254606,-16.4963815,-68.1100027,413
10254606,-16.4964789,-68.1099732,414
10254606,-16.4966367,-68.1099585,415
10254606,-16.4968936,-68.1095907,416
10254606,-16.4966367,-68.1099585,417
10254606,-16.4975259,-68.1089191,418
10254606,-16.4973896,-68.1090116,419
10254606,-16.497193,-68.1092271,420
10254606,-16.4970744,-68.1093499,421
10254606,-16.4968936,-68.1095907,422
10254606,-16.4976576,-68.1081634,423
10254606,-16.4976265,-68.1083805,424
10254606,-16.4975259,-68.1089191,425
10254606,-16.4985745,-68.107529,426
10254606,-16.4984978,-68.1075688,427
10254606,-16.4980747,-68.107784,428
10254606,-16.4978928,-68.1079054,429
10254606,-16.4977361,-68.1080742,430
10254606,-16.4976576,-68.1081634,431
10254606,-16.5018902,-68.1051082,432
10254606,-16.5020139,-68.1051693,433
10254606,-16.5021072,-68.1052541,434
10254606,-16.5022331,-68.1054288,435
10254606,-16.5022659,-68.1054777,436
10254606,-16.5022877,-68.1055376,437
10254606,-16.5022784,-68.1055793,438
10254606,-16.5022573,-68.1056265,439
10254606,-16.5022052,-68.1056688,440
10254606,-16.5020983,-68.1057174,441
10254606,-16.5019469,-68.1057828,442
10254606,-16.5016778,-68.105963,443
10254606,-16.5014056,-68.1061991,444
10254606,-16.5011028,-68.1063953,445
10254606,-16.5007053,-68.1065931,446
10254606,-16.5003142,-68.1067914,447
10254606,-16.5001501,-68.1068598,448
10254606,-16.4993227,-68.107208,449
10254606,-16.4991884,-68.1072737,450
10254606,-16.4985745,-68.107529,451
10254606,-16.495854,-68.1044244,452
10254606,-16.4971048,-68.1042717,453
10254606,-16.4971856,-68.1042597,454
10254606,-16.4973062,-68.1042416,455
10254606,-16.4974643,-68.1042183,456
10254606,-16.497762,-68.1041711,457
10254606,-16.4979324,-68.1043459,458
10254606,-16.4982218,-68.1045839,459
10254606,-16.4985072,-68.1048079,460
10254606,-16.4990432,-68.1052631,461
10254606,-16.4991362,-68.105325,462
10254606,-16.4992292,-68.1053768,463
10254606,-16.4993395,-68.1054196,464
10254606,-16.4994151,-68.1054409,465
10254606,-16.4995101,-68.1054503,466
10254606,-16.4996516,-68.1054504,467
10254606,-16.4998813,-68.1054284,468
10254606,-16.5001314,-68.1053791,469
10254606,-16.5006598,-68.1053125,470
10254606,-16.5011366,-68.1051783,471
10254606,-16.5012611,-68.1051447,472
10254606,-16.501355,-68.1051287,473
10254606,-16.5017733,-68.1050999,474
10254606,-16.5018902,-68.1051082,475
10254606,-16.495854,-68.1044244,476
10254606,-16.4959085,-68.10487,477
10254606,-16.4959085,-68.10487,478
10254606,-16.495382,-68.1049654,479
10254606,-16.4949088,-68.1050373,480
10254606,-16.4940379,-68.1051782,481
10254606,-16.4935211,-68.1052466,482
10254606,-16.4930173,-68.1053132,483
10254606,-16.4926902,-68.1053311,484
10254606,-16.4926179,-68.1053579,485
10254606,-16.4907774,-68.1049555,486
10254606,-16.4910957,-68.1050346,487
10254606,-16.4912028,-68.1050565,488
10254606,-16.4915712,-68.105142,489
10254606,-16.4925664,-68.1053469,490
10254606,-16.4926179,-68.1053579,491
10254606,-16.4907998,-68.1048748,492
10254606,-16.4907774,-68.1049555,493
10254606,-16.4883923,-68.1041293,494
10254606,-16.4894844,-68.104476,495
10254606,-16.4904073,-68.1047547,496
10254606,-16.4907998,-68.1048748,497
10254716,-16.4873531,-68.1642973,0
10254716,-16.4873814,-68.1642302,1
10254716,-16.4873839,-68.1641605,2
10254716,-16.4873299,-68.1636428,3
10254716,-16.4873376,-68.1635436,4
10254716,-16.4873556,-68.1634658,5
10254716,-16.4874174,-68.1633505,6
10254716,-16.4875176,-68.1632164,7
10254716,-16.4876424,-68.1630568,8
10254716,-16.4876787,-68.16301,9
10254716,-16.4877048,-68.1629642,10
10254716,-16.4877138,-68.1629404,11
10254716,-16.4877505,-68.1627925,12
10254716,-16.487999,-68.1617765,13
10254716,-16.4880419,-68.1616265,14
10254716,-16.4881411,-68.1612783,15
10254716,-16.4881411,-68.1612783,16
10254716,-16.487985,-68.1610318,17
10254716,-16.4876947,-68.1605079,18
10254716,-16.487568,-68.1602162,19
10254716,-16.4874929,-68.160022,20
10254716,-16.4874608,-68.1599001,21
10254716,-16.4874533,-68.1598239,22
10254716,-16.4874533,-68.1598239,23
10254716,-16.4875382,-68.1597966,24
10254716,-16.4875988,-68.1597443,25
10254716,-16.4876457,-68.1596646,26
10254716,-16.4876668,-68.1595691,27
10254716,-16.487659,-68.1594946,28
10254716,-16.4876112,-68.1593878,29
10254716,-16.4872493,-68.1585808,30
10254716,-16.4871577,-68.1583755,31
10254716,-16.4870622,-68.15816,32
10254716,-16.4869813,-68.1579761,33
10254716,-16.4869389,-68.1578226,34
10254716,-16.4869142,-68.1577024,35
10254716,-16.4868949,-68.1575947,36
10254716,-16.4868582,-68.1568148,37
10254716,-16.4868412,-68.1562475,38
10254716,-16.4868502,-68.1560934,39
10254716,-16.4868725,-68.1559743,40
10254716,-16.4869487,-68.1557654,41
10254716,-16.4869793,-68.1557096,42
10254716,-16.4869793,-68.1557096,43
10254716,-16.4870047,-68.1556689,44
10254716,-16.4872644,-68.1552267,45
10254716,-16.4872949,-68.1551621,46
10254716,-16.4873068,-68.1550824,47
10254716,-16.4872958,-68.1549842,48
10254716,-16.4872567,-68.1549002,49
10254716,-16.4872058,-68.1548524,50
10254716,-16.4871295,-68.1548144,51
10254716,-16.4870523,-68.1548002,52
10254716,-16.4870027,-68.154806,53
10254716,-16.4869423,-68.1548284,54
10254716,-16.4867216,-68.1549726,55
10254716,-16.4865771,-68.1550522,56
10254716,-16.4864588,-68.1550948,57
10254716,-16.4863861,-68.1551092,58
10254716,-16.4862751,-68.1551205,59
10254716,-16.4861395,-68.1551163,60
10254716,-16.485973,-68.1550977,61
10254716,-16.4855244,-68.1550571,62
10254716,-16.4853828,-68.1550611,63
10254716,-16.4852897,-68.1550734,64
10254716,-16.4851907,-68.1550918,65
10254716,-16.4849955,-68.155145,66
10254716,-16.4842471,-68.1553398,67
10254716,-16.4839959,-68.155402,68
10254716,-16.4839032,-68.1554248,69
10254716,-16.4838075,-68.1554568,70
10254716,-16.4836097,-68.155539,71
10254716,-16.4833869,-68.1556711,72
10254716,-16.4831288,-68.1558238,73
10254716,-16.4824306,-68.1562248,74
10254716,-16.4823651,-68.1562509,75
10254716,-16.4823055,-68.1562677,76
10254716,-16.4822105,-68.1562677,77
10254716,-16.4821225,-68.156244,78
10254716,-16.4820718,-68.1562049,79
10254716,-16.4820363,-68.1561541,80
10254716,-16.482015,-68.1560712,81
10254716,-16.482015,-68.1559854,82
10254716,-16.4820326,-68.1559046,83
10254716,-16.482085,-68.1558462,84
10254716,-16.4821373,-68.1558124,85
10254716,-16.4823836,-68.1557187,86
10254716,-16.4826222,-68.1556042,87
10254716,-16.482724,-68.1555498,88
10254716,-16.4828258,-68.1554861,89
10254716,-16.4830293,-68.1553496,90
10254716,-16.4835944,-68.1549819,91
10254716,-16.4837317,-68.1548809,92
10254716,-16.4838032,-68.1548205,93
10254716,-16.4838487,-68.1547694,94
10254716,-16.4838883,-68.1546905,95
10254716,-16.4839184,-68.1545899,96
10254716,-16.484064,-68.1540259,97
10254716,-16.4841233,-68.1538801,98
10254716,-16.4841762,-68.1537854,99
10254716,-16.484229,-68.1537122,100
10254716,-16.4844458,-68.1534868,101
10254716,-16.484504,-68.1534437,102
10254716,-16.4846051,-68.1534171,103
10254716,-16.4846913,-68.1534143,104
10254716,-16.4847983,-68.1534394,105
10254716,-16.4848635,-68.1534761,106
10254716,-16.4849288,-68.1535251,107
10254716,-16.4851307,-68.1537264,108
10254716,-16.4852924,-68.153893,109
10254716,-16.4854189,-68.1539973,110
10254716,-16.4855557,-68.1540786,111
10254716,-16.4856581,-68.15412,112
10254716,-16.4857263,-68.1541384,113
10254716,-16.485792,-68.1541404,114
10254716,-16.4858478,-68.1541369,115
10254716,-16.4859018,-68.1541241,116
10254716,-16.4859707,-68.1541001,117
10254716,-16.4860735,-68.154056,118
10254716,-16.4861349,-68.1540218,119
10254716,-16.4861934,-68.1539845,120
10254716,-16.4863753,-68.1538327,121
10254716,-16.4865419,-68.1536599,122
10254716,-16.4869439,-68.1532754,123
10254716,-16.4870835,-68.1531382,124
10254716,-16.4871669,-68.1530672,125
10254716,-16.4872189,-68.1530383,126
10254716,-16.4873032,-68.1530066,127
10254716,-16.4873764,-68.152984,128
10254716,-16.4874401,-68.1529657,129
10254716,-16.4875487,-68.152947,130
10254716,-16.4876624,-68.1529213,131
10254716,-16.4877693,-68.1528886,132
10254716,-16.4878259,-68.1528557,133
10254716,-16.487871,-68.1528201,134
10254716,-16.4879103,-68.1527661,135
10254716,-16.4879596,-68.1526843,136
10254716,-16.4880498,-68.1524857,137
10254716,-16.4880853,-68.1524325,138
10254716,-16.4881209,-68.1523885,139
10254716,-16.4881696,-68.1523353,140
10254716,-16.488236,-68.1522935,141
10254716,-16.4883316,-68.1522395,142
10254716,-16.4884029,-68.1521966,143
10254716,-16.4884029,-68.1521966,144
10254716,-16.4885471,-68.1520979,145
10254716,-16.4891386,-68.1516782,146
10254716,-16.4906231,-68.1520708,147
10254716,-16.4896181,-68.1518337,148
10254716,-16.4892073,-68.1517397,149
10254716,-16.4891674,-68.1517151,150
10254716,-16.4891386,-68.1516782,151
10254716,-16.4907468,-68.1510303,152
10254716,-16.4906231,-68.1520708,153
10254716,-16.4917539,-68.1512127,154
10254716,-16.4907468,-68.1510303,155
10254716,-16.4917539,-68.1512127,156
10254716,-16.4918147,-68.1508788,157
10254716,-16.4918147,-68.1508788,158
10254716,-16.4919158,-68.1509165,159
10254716,-16.4927017,-68.1512092,160
10254716,-16.4930671,-68.1513715,161
10254716,-16.4931051,-68.1513884,162
10254716,-16.4931051,-68.1513884,163
10254716,-16.4932321,-68.1514393,164
10254716,-16.4932321,-68.1514393,165
10254716,-16.4932562,-68.1514494,166
10254716,-16.4941409,-68.1518109,167
10254716,-16.4941409,-68.1518109,168
10254716,-16.49503,-68.1521278,169
10254716,-16.4955746,-68.1514414,170
10254716,-16.4954626,-68.1515725,171
10254716,-16.4954308,-68.1516113,172
10254716,-16.495209,-68.1518749,173
10254716,-16.49503,-68.1521278,174
10254716,-16.4958304,-68.1487893,175
10254716,-16.4958697,-68.1489895,176
10254716,-16.4959105,-68.1493432,177
10254716,-16.495878,-68.1494865,178
10254716,-16.4957337,-68.1499916,179
10254716,-16.4956839,-68.1502526,180
10254716,-16.4956231,-68.1506229,181
10254716,-16.4955996,-68.1509355,182
10254716,-16.4955793,-68.1512054,183
10254716,-16.4955746,-68.1514414,184
10254716,-16.4955913,-68.1476959,185
10254716,-16.4956634,-68.1481323,186
10254716,-16.4958304,-68.1487893,187
10254716,-16.4956707,-68.146439,188
10254716,-16.4956208,-68.1468596,189
10254716,-16.4955918,-68.1475081,190
10254716,-16.4955913,-68.1476959,191
10254716,-16.4955637,-68.1460653,192
10254716,-16.495607,-68.146187,193
10254716,-16.4956421,-68.146312,194
10254716,-16.4956707,-68.146439,195
10254716,-16.495524,-68.1457213,196
10254716,-16.4955139,-68.1457572,197
10254716,-16.4955116,-68.1457954,198
10254716,-16.4955637,-68.1460653,199
10254716,-16.4957433,-68.1456515,200
10254716,-16.4957287,-68.1456455,201
10254716,-16.495679,-68.145635,202
10254716,-16.495638,-68.1456365,203
10254716,-16.4956026,-68.1456455,204
10254716,-16.4955705,-68.1456634,205
10254716,-16.4955437,-68.1456893,206
10254716,-16.495524,-68.1457213,207
10254716,-16.4959323,-68.1455582,208
10254716,-16.4958737,-68.1455984,209
10254716,-16.4958103,-68.1456297,210
10254716,-16.4957433,-68.1456515,211
10254716,-16.4959892,-68.1454268,212
10254716,-16.4959323,-68.1455582,213
10254716,-16.4964306,-68.1444331,214
10254716,-16.4959892,-68.1454268,215
10254716,-16.497483,-68.1418787,216
10254716,-16.4971608,-68.1423837,217
10254716,-16.4969974,-68.1427082,218
10254716,-16.4968485,-68.1430448,219
10254716,-16.4967613,-68.143371,220
10254716,-16.4966718,-68.1438054,221
10254716,-16.4964306,-68.1444331,222
10254716,-16.4975966,-68.1416355,223
10254716,-16.497569,-68.1416341,224
10254716,-16.4975417,-68.1416385,225
10254716,-16.4975158,-68.1416486,226
10254716,-16.4974925,-68.1416639,227
10254716,-16.4974725,-68.1416839,228
10254716,-16.4974569,-68.1417076,229
10254716,-16.4974462,-68.1417341,230
10254716,-16.4974408,-68.1417624,231
10254716,-16.4974432,-68.1418051,232
10254716,-16.4974577,-68.141845,233
10254716,-16.497483,-68.1418787,234
10254716,-16.4976915,-68.1417011,235
10254716,-16.4976665,-68.1416699,236
10254716,-16.4976339,-68.1416474,237
10254716,-16.4975966,-68.1416355,238
10254716,-16.4991318,-68.1403079,239
10254716,-16.4987012,-68.140647,240
10254716,-16.4984788,-68.1408361,241
10254716,-16.4982267,-68.1410681,242
10254716,-16.49803,-68.1412612,243
10254716,-16.4976915,-68.1417011,244
10254716,-16.5005293,-68.1393783,245
10254716,-16.5002178,-68.1396467,246
10254716,-16.5001239,-68.139706,247
10254716,-16.4994592,-68.1401141,248
10254716,-16.4991318,-68.1403079,249
10254716,-16.5025859,-68.1371306,250
10254716,-16.5016883,-68.1380492,251
10254716,-16.501574,-68.1382235,252
10254716,-16.5013591,-68.1385642,253
10254716,-16.5011521,-68.1388123,254
10254716,-16.5009554,-68.1390101,255
10254716,-16.5008551,-68.1391014,256
10254716,-16.5005293,-68.1393783,257
10254716,-16.5031567,-68.1365259,258
10254716,-16.5025859,-68.1371306,259
10254716,-16.5036435,-68.1360222,260
10254716,-16.5031567,-68.1365259,261
10254716,-16.5030041,-68.1352887,262
10254716,-16.5030514,-68.1353421,263
10254716,-16.5036435,-68.1360222,264
10254716,-16.5024474,-68.1346749,265
10254716,-16.5024911,-68.1347279,266
10254716,-16.5027202,-68.1349864,267
10254716,-16.502948,-68.1352302,268
10254716,-16.5030041,-68.1352887,269
10254716,-16.503224,-68.1338995,270
10254716,-16.5031746,-68.1339477,271
10254716,-16.5024474,-68.1346749,272
10254716,-16.503693,-68.1332649,273
10254716,-16.5036563,-68.1333956,274
10254716,-16.5036062,-68.1335156,275
10254716,-16.5034115,-68.1337157,276
10254716,-16.503224,-68.1338995,277
10254716,-16.5037241,-68.1327961,278
10254716,-16.5037084,-68.1331495,279
10254716,-16.503693,-68.1332649,280
10254716,-16.5048862,-68.1303418,281
10254716,-16.5043865,-68.1308822,282
10254716,-16.5043583,-68.1309109,283
10254716,-16.5043583,-68.1309109,284
10254716,-16.5043124,-68.1309365,285
10254716,-16.5042661,-68.1309473,286
10254716,-16.5041804,-68.1309489,287
10254716,-16.5041804,-68.1309489,288
10254716,-16.5041305,-68.1309495,289
10254716,-16.5041305,-68.1309495,290
10254716,-16.5040818,-68.130959,291
10254716,-16.5040492,-68.1309799,292
10254716,-16.504023,-68.1310111,293
10254716,-16.504008,-68.1310454,294
10254716,-16.5040002,-68.1310705,295
10254716,-16.5039961,-68.1311114,296
10254716,-16.5039928,-68.1311518,297
10254716,-16.5040077,-68.1312096,298
10254716,-16.5040077,-68.1312096,299
10254716,-16.504023,-68.1312363,300
10254716,-16.504023,-68.1312363,301
10254716,-16.5040387,-68.1312584,302
10254716,-16.5040387,-68.1312584,303
10254716,-16.5041186,-68.1313255,304
10254716,-16.5041186,-68.1313255,305
10254716,-16.5041041,-68.1314085,306
10254716,-16.5041027,-68.1315382,307
10254716,-16.5040502,-68.1316896,308
10254716,-16.5038863,-68.1321839,309
10254716,-16.5037791,-68.132428,310
10254716,-16.5037241,-68.1327961,311
10254716,-16.5054639,-68.1297147,312
10254716,-16.5048862,-68.1303418,313
10254716,-16.5070293,-68.1273319,314
10254716,-16.5069395,-68.1274583,315
10254716,-16.5064128,-68.128227,316
10254716,-16.5062523,-68.1284547,317
10254716,-16.5062153,-68.1285056,318
10254716,-16.506062,-68.1287404,319
10254716,-16.5059598,-68.1288976,320
10254716,-16.505843,-68.1290847,321
10254716,-16.5055782,-68.1295374,322
10254716,-16.5055108,-68.1296518,323
10254716,-16.5054639,-68.1297147,324
10254716,-16.5077594,-68.1263211,325
10254716,-16.5070478,-68.1273059,326
10254716,-16.5070293,-68.1273319,327
10254716,-16.5084986,-68.1253488,328
10254716,-16.5077594,-68.1263211,329
10254716,-16.5089513,-68.1246671,330
10254716,-16.5084986,-68.1253488,331
10254716,-16.5089887,-68.1245349,332
10254716,-16.5089513,-68.1246671,333
10254716,-16.5090797,-68.1240726,334
10254716,-16.5090437,-68.124156,335
10254716,-16.5090228,-68.1242434,336
10254716,-16.5090096,-68.1243531,337
10254716,-16.5090022,-68.1244472,338
10254716,-16.5089887,-68.1245349,339
10254716,-16.5095473,-68.1239758,340
10254716,-16.5094875,-68.1239421,341
10254716,-16.5094163,-68.1239274,342
10254716,-16.5093372,-68.1239263,343
10254716,-16.5092379,-68.1239484,344
10254716,-16.5091501,-68.1240014,345
10254716,-16.5090797,-68.1240726,346
10254716,-16.5096142,-68.1239098,347
10254716,-16.5095473,-68.1239758,348
10254716,-16.5117067,-68.1220635,349
10254716,-16.5115704,-68.1221844,350
10254716,-16.5110433,-68.122635,351
10254716,-16.5106912,-68.1229464,352
10254716,-16.5104907,-68.1231309,353
10254716,-16.5104177,-68.1231979,354
10254716,-16.5100335,-68.1235365,355
10254716,-16.5096734,-68.123859,356
10254716,-16.5096281,-68.1238972,357
10254716,-16.5096142,-68.1239098,358
10254716,-16.5119563,-68.1218545,359
10254716,-16.5118207,-68.1219781,360
10254716,-16.5117067,-68.1220635,361
10254716,-16.5141312,-68.1201696,362
10254716,-16.5137269,-68.1204031,363
10254716,-16.5131489,-68.1208201,364
10254716,-16.5130216,-68.1209059,365
10254716,-16.5128455,-68.1210682,366
10254716,-16.5119563,-68.1218545,367
10254716,-16.5154291,-68.1195415,368
10254716,-16.5151863,-68.1196168,369
10254716,-16.5151058,-68.1196416,370
10254716,-16.5150057,-68.1196682,371
10254716,-16.5148547,-68.1197322,372
10254716,-16.5141312,-68.1201696,373
10254716,-16.5163499,-68.1189334,374
10254716,-16.5163424,-68.1189389,375
10254716,-16.516199,-68.1190447,376
10254716,-16.5160115,-68.1191874,377
10254716,-16.5157638,-68.1193573,378
10254716,-16.5155133,-68.1194953,379
10254716,-16.5154291,-68.1195415,380
10254716,-16.5163997,-68.1187472,381
10254716,-16.5164029,-68.1187935,382
10254716,-16.5163995,-68.1188363,383
10254716,-16.5163897,-68.1188741,384
10254716,-16.5163499,-68.1189334,385
10254716,-16.5161134,-68.1186248,386
10254716,-16.5161489,-68.1186198,387
10254716,-16.5162273,-68.1186087,388
10254716,-16.5162707,-68.1186095,389
10254716,-16.5163048,-68.118619,390
10254716,-16.5163345,-68.1186382,391
10254716,-16.5163625,-68.1186661,392
10254716,-16.5163859,-68.1187027,393
10254716,-16.5163997,-68.1187472,394
10254716,-16.5121239,-68.1197419,395
10254716,-16.512199,-68.1197349,396
10254716,-16.5123626,-68.1196706,397
10254716,-16.5126376,-68.1195699,398
10254716,-16.5127887,-68.1195168,399
10254716,-16.5133737,-68.1193116,400
10254716,-16.5143627,-68.1188956,401
10254716,-16.5145157,-68.1188453,402
10254716,-16.5146681,-68.1188118,403
10254716,-16.5153347,-68.118791,404
10254716,-16.515525,-68.1187829,405
10254716,-16.5156498,-68.1187642,406
10254716,-16.5158053,-68.1187186,407
10254716,-16.5159712,-68.1186622,408
10254716,-16.5161134,-68.1186248,409
10254716,-16.5119229,-68.1196754,410
10254716,-16.511968,-68.1197111,411
10254716,-16.5120278,-68.1197297,412
10254716,-16.5121239,-68.1197419,413
10254716,-16.5118714,-68.1195968,414
10254716,-16.5118773,-68.11961,415
10254716,-16.511887,-68.1196318,416
10254716,-16.5119229,-68.1196754,417
10254716,-16.5118714,-68.1195968,418
10254716,-16.511865,-68.1195594,419
10254716,-16.5118591,-68.1194712,420
10254716,-16.5118664,-68.1193837,421
10254716,-16.5118664,-68.1193837,422
10254716,-16.5118824,-68.1193171,423
10254716,-16.5119119,-68.1192536,424
10254716,-16.5119449,-68.1192032,425
10254716,-16.5119779,-68.1191638,426
10254716,-16.5120489,-68.1191001,427
10254716,-16.5121267,-68.1190485,428
10254716,-16.5123877,-68.1189157,429
10254716,-16.5127416,-68.1187345,430
10254716,-16.5129707,-68.1186111,431
10254716,-16.5131763,-68.1184609,432
10254716,-16.5134245,-68.1182336,433
10254716,-16.5135557,-68.1180861,434
10254716,-16.5137494,-68.1179112,435
10254716,-16.5139715,-68.1178121,436
10254716,-16.514283,-68.117693,437
10254716,-16.514418,-68.1176618,438
10254716,-16.514778,-68.1176215,439
10254716,-16.5151503,-68.1175816,440
10254716,-16.5152717,-68.1175572,441
10254716,-16.515426,-68.1174848,442
10254716,-16.5159015,-68.1172445,443
10254716,-16.5159015,-68.1172445,444
10254716,-16.5160777,-68.1171423,445
10254716,-16.5160777,-68.1171423,446
10254716,-16.5161714,-68.1170919,447
10254716,-16.5165136,-68.116901,448
10254716,-16.5167189,-68.1168091,449
10254716,-16.5168944,-68.116744,450
10254716,-16.5171573,-68.1167073,451
10254716,-16.5177751,-68.1166533,452
10254716,-16.5181788,-68.1165653,453
10254716,-16.5184891,-68.1164866,454
10254716,-16.5187877,-68.1164449,455
10254716,-16.5190437,-68.1164229,456
10254716,-16.5191376,-68.1164174,457
10254716,-16.5191376,-68.1164174,458
10254716,-16.51977,-68.1163711,459
10254716,-16.5198101,-68.1163679,460
10254716,-16.520358,-68.1163245,461
10254716,-16.520452,-68.116312,462
10254716,-16.520452,-68.116312,463
10254716,-16.5205287,-68.1162834,464
10254716,-16.5205945,-68.116249,465
10254716,-16.5206371,-68.1162148,466
10254716,-16.520688,-68.1161534,467
10254716,-16.5207378,-68.1160535,468
10254716,-16.5207594,-68.1159418,469
10254716,-16.52076,-68.1158488,470
10254716,-16.5207366,-68.1157552,471
10254716,-16.5207068,-68.1156944,472
10254716,-16.5206657,-68.1156351,473
10254716,-16.5206051,-68.1155814,474
10254716,-16.5205455,-68.1155399,475
10254716,-16.5204257,-68.1154715,476
10254716,-16.5199954,-68.1151445,477
10254716,-16.5203973,-68.1154502,478
10254716,-16.520414,-68.1154629,479
10254716,-16.5204257,-68.1154715,480
10254716,-16.5198519,-68.1148648,481
10254716,-16.5198526,-68.1149253,482
10254716,-16.5198703,-68.1149992,483
10254716,-16.5199134,-68.1150709,484
10254716,-16.5199954,-68.1151445,485
10254716,-16.5198519,-68.1148648,486
10254716,-16.5198672,-68.1148128,487
10254716,-16.5198932,-68.1147638,488
10254716,-16.5199273,-68.1147345,489
10254716,-16.5199693,-68.1147134,490
10254716,-16.5200208,-68.1147005,491
10254716,-16.5201038,-68.1146887,492
10254716,-16.5219986,-68.114973,493
10254716,-16.5216029,-68.1149492,494
10254716,-16.5208195,-68.1149162,495
10254716,-16.5206589,-68.1148833,496
10254716,-16.5204162,-68.1147922,497
10254716,-16.5201038,-68.1146887,498
10254716,-16.5224201,-68.1147653,499
10254716,-16.5222607,-68.114869,500
10254716,-16.5221887,-68.1149222,501
10254716,-16.5221188,-68.1149494,502
10254716,-16.5219986,-68.114973,503
10254716,-16.5228833,-68.1141759,504
10254716,-16.5226358,-68.1145312,505
10254716,-16.5225129,-68.1146893,506
10254716,-16.5224201,-68.1147653,507
10254716,-16.5232836,-68.1134548,508
10254716,-16.5228833,-68.1141759,509
10254716,-16.5237016,-68.1126759,510
10254716,-16.5236149,-68.1128398,511
10254716,-16.5235561,-68.112951,512
10254716,-16.5232836,-68.1134548,513
10254716,-16.5241115,-68.1119148,514
10254716,-16.5238586,-68.1123685,515
10254716,-16.5237016,-68.1126759,516
10254716,-16.5245163,-68.1111892,517
10254716,-16.5241115,-68.1119148,518
10254716,-16.5249395,-68.1104365,519
10254716,-16.5245776,-68.111078,520
10254716,-16.5245163,-68.1111892,521
10254716,-16.5253552,-68.1096879,522
10254716,-16.5252294,-68.1099145,523
10254716,-16.5249395,-68.1104365,524
10254716,-16.5257567,-68.1089218,525
10254716,-16.5253552,-68.1096879,526
10254716,-16.5261682,-68.1081845,527
10254716,-16.5257567,-68.1089218,528
10254716,-16.5264824,-68.1076216,529
10254716,-16.5262788,-68.1079823,530
10254716,-16.5261682,-68.1081845,531
10254716,-16.5268674,-68.1069063,532
10254716,-16.5264824,-68.1076216,533
10254716,-16.5272852,-68.1061529,534
10254716,-16.5268674,-68.1069063,535
10254716,-16.5276911,-68.1053864,536
10254716,-16.5274817,-68.1057671,537
10254716,-16.5274596,-68.1058104,538
10254716,-16.5274241,-68.1058801,539
10254716,-16.5272852,-68.1061529,540
10254716,-16.5281187,-68.1046635,541
10254716,-16.5276911,-68.1053864,542
10254716,-16.5285233,-68.1038714,543
10254716,-16.5284593,-68.1039896,544
10254716,-16.5283338,-68.1042216,545
10254716,-16.5281187,-68.1046635,546
10254716,-16.5289249,-68.1031289,547
10254716,-16.5287386,-68.1034736,548
10254716,-16.5286728,-68.1035951,549
10254716,-16.5286664,-68.103607,550
10254716,-16.5285233,-68.1038714,551
10254716,-16.5301671,-68.1007172,552
10254716,-16.5299217,-68.1011977,553
10254716,-16.5299053,-68.1012962,554
10254716,-16.5298911,-68.1013811,555
10254716,-16.5302158,-68.1006328,556
10254716,-16.5301671,-68.1007172,557
10254716,-16.5302873,-68.1005244,558
10254716,-16.5302158,-68.1006328,559
10254716,-16.5304414,-68.1002925,560
10254716,-16.5302873,-68.1005244,561
10254716,-16.5330725,-68.0978697,562
10254716,-16.5314478,-68.0991082,563
10254716,-16.5312697,-68.0992707,564
10254716,-16.5310509,-68.0995047,565
10254716,-16.5310034,-68.0995613,566
10254716,-16.5308176,-68.0997831,567
10254716,-16.5306173,-68.1000414,568
10254716,-16.5304414,-68.1002925,569
10254716,-16.5346342,-68.0966766,570
10254716,-16.5344856,-68.0967857,571
10254716,-16.5338966,-68.0972314,572
10254716,-16.5330725,-68.0978697,573
10254716,-16.5347695,-68.0965984,574
10254716,-16.5346342,-68.0966766,575
10254716,-16.5387128,-68.0949077,576
10254716,-16.5382153,-68.0951098,577
10254716,-16.5360468,-68.0959514,578
10254716,-16.5356026,-68.096141,579
10254716,-16.5354112,-68.0962214,580
10254716,-16.535136,-68.0963556,581
10254716,-16.5349341,-68.0964871,582
10254716,-16.5347695,-68.0965984,583
10254716,-16.5416664,-68.0929113,584
10254716,-16.541693,-68.0930367,585
10254716,-16.5416965,-68.0931286,586
10254716,-16.5416945,-68.0931903,587
10254716,-16.5416899,-68.0932215,588
10254716,-16.541674,-68.0932805,589
10254716,-16.5416316,-68.0933784,590
10254716,-16.5415795,-68.0934749,591
10254716,-16.5415043,-68.0935749,592
10254716,-16.5413905,-68.0936983,593
10254716,-16.541287,-68.0937734,594
10254716,-16.5411745,-68.0938558,595
10254716,-16.5410042,-68.0939551,596
10254716,-16.5407715,-68.094057,597
10254716,-16.5402589,-68.0942813,598
10254716,-16.539772,-68.0944667,599
10254716,-16.5396908,-68.0944973,600
10254716,-16.5387128,-68.0949077,601
10254716,-16.5416168,-68.0927602,602
10254716,-16.5416664,-68.0929113,603
10254716,-16.5414728,-68.0922284,604
10254716,-16.5416168,-68.0927602,605
10254716,-16.5414702,-68.0922195,606
10254716,-16.5414728,-68.0922284,607
10254716,-16.5411896,-68.0914668,608
10254716,-16.5412316,-68.0916135,609
10254716,-16.5413487,-68.0920234,610
10254716,-16.5414021,-68.0921104,611
10254716,-16.5414702,-68.0922195,612
10254716,-16.5409029,-68.0904556,613
10254716,-16.5409278,-68.0905455,614
10254716,-16.5411451,-68.0913226,615
10254716,-16.5411628,-68.0913819,616
10254716,-16.5411896,-68.0914668,617
10254716,-16.5406112,-68.0894386,618
10254716,-16.5406394,-68.0895416,619
10254716,-16.5407517,-68.0899393,620
10254716,-16.5408867,-68.0903948,621
10254716,-16.5409029,-68.0904556,622
10254716,-16.5403138,-68.0883873,623
10254716,-16.5403332,-68.0884573,624
10254716,-16.5404629,-68.0889157,625
10254716,-16.5404981,-68.0890383,626
10254716,-16.540583,-68.0893407,627
10254716,-16.5406112,-68.0894386,628
10254716,-16.5400431,-68.0873946,629
10254716,-16.5400632,-68.0874693,630
10254716,-16.5402905,-68.0883016,631
10254716,-16.5403138,-68.0883873,632
10254716,-16.5397541,-68.0863689,633
10254716,-16.5397741,-68.0864592,634
10254716,-16.539905,-68.0868997,635
10254716,-16.5400248,-68.0873216,636
10254716,-16.5400431,-68.0873946,637
10254716,-16.5394897,-68.0854183,638
10254716,-16.5395021,-68.0854631,639
10254716,-16.5396245,-68.0859028,640
10254716,-16.539734,-68.0863016,641
10254716,-16.5397541,-68.0863689,642
10254716,-16.5391572,-68.0842398,643
10254716,-16.5391791,-68.0843205,644
10254716,-16.5393243,-68.0848371,645
10254716,-16.5394721,-68.0853549,646
10254716,-16.5394897,-68.0854183,647
10254716,-16.5391399,-68.0841821,648
10254716,-16.5391572,-68.0842398,649
10254716,-16.5387389,-68.0827336,650
10254716,-16.5387727,-68.0828782,651
10254716,-16.5389246,-68.083418,652
10254716,-16.5389518,-68.0835131,653
10254716,-16.5391181,-68.0841072,654
10254716,-16.5391399,-68.0841821,655
10254716,-16.5388083,-68.0799374,656
10254716,-16.5388019,-68.0800604,657
10254716,-16.5388009,-68.0800721,658
10254716,-16.5387905,-68.080271,659
10254716,-16.5387845,-68.0803661,660
10254716,-16.5387781,-68.0804682,661
10254716,-16.5387454,-68.080979,662
10254716,-16.538749,-68.0810553,663
10254716,-16.5387403,-68.0811454,664
10254716,-16.5386887,-68.0820013,665
10254716,-16.5386869,-68.0822396,666
10254716,-16.5387,-68.0823874,667
10254716,-16.5387059,-68.0825341,668
10254716,-16.5387151,-68.0826143,669
10254716,-16.5387389,-68.0827336,670
10254716,-16.5388675,-68.0788511,671
10254716,-16.5388648,-68.0789087,672
10254716,-16.5388131,-68.0798382,673
10254716,-16.5388083,-68.0799374,674
10254716,-16.5389141,-68.0780323,675
10254716,-16.5389094,-68.0781222,676
10254716,-16.5389062,-68.0781882,677
10254716,-16.5388731,-68.0787496,678
10254716,-16.5388675,-68.0788511,679
10254716,-16.5389798,-68.0767569,680
10254716,-16.5389581,-68.0770813,681
10254716,-16.5389478,-68.0772463,682
10254716,-16.5389315,-68.0776744,683
10254716,-16.5389257,-68.0778118,684
10254716,-16.5389222,-68.0778736,685
10254716,-16.5389141,-68.0780323,686
10254716,-16.5389844,-68.0765324,687
10254716,-16.5389798,-68.0767569,688
10254716,-16.5389971,-68.0761538,689
10254716,-16.5389844,-68.0765324,690
10254716,-16.5390229,-68.0757141,691
10254716,-16.5389971,-68.0761538,692
10254716,-16.539081,-68.0754889,693
10254716,-16.5390501,-68.0755255,694
10254716,-16.5390257,-68.0755756,695
10254716,-16.5390236,-68.0756467,696
10254716,-16.5390229,-68.0757141,697
10254716,-16.5393148,-68.0752644,698
10254716,-16.539081,-68.0754889,699
10254716,-16.5395512,-68.0750115,700
10254716,-16.5394254,-68.075144,701
10254716,-16.5393148,-68.0752644,702
10254716,-16.5398558,-68.0746801,703
10254716,-16.5397482,-68.0748037,704
10254716,-16.5395512,-68.0750115,705
10254716,-16.5409791,-68.0625694,706
10254716,-16.5409484,-68.0626398,707
10254716,-16.5409297,-68.062695,708
10254716,-16.5407388,-68.0632724,709
10254716,-16.5406968,-68.0634269,710
10254716,-16.5406776,-68.0635207,711
10254716,-16.5406513,-68.0636555,712
10254716,-16.5406333,-68.0637883,713
10254716,-16.5405202,-68.0645259,714
10254716,-16.5405124,-68.0646975,715
10254716,-16.5405546,-68.0652364,716
10254716,-16.5405591,-68.0655652,717
10254716,-16.5405522,-68.0660965,718
10254716,-16.5405621,-68.0664315,719
10254716,-16.5406169,-68.0671432,720
10254716,-16.5406296,-68.067277,721
10254716,-16.5406286,-68.0673395,722
10254716,-16.5406181,-68.0675784,723
10254716,-16.5405851,-68.067934,724
10254716,-16.5405726,-68.0681434,725
10254716,-16.5405623,-68.06831,726
10254716,-16.5405611,-68.068335,727
10254716,-16.540556,-68.0683938,728
10254716,-16.5404581,-68.0688278,729
10254716,-16.5402006,-68.0696891,730
10254716,-16.540099,-68.0700036,731
10254716,-16.5399802,-68.0703851,732
10254716,-16.5399087,-68.0705833,733
10254716,-16.5397547,-68.0708682,734
10254716,-16.5396038,-68.0711311,735
10254716,-16.5395527,-68.0712388,736
10254716,-16.5395061,-68.0713401,737
10254716,-16.5394399,-68.0715715,738
10254716,-16.5394186,-68.0717246,739
10254716,-16.539411,-68.0718168,740
10254716,-16.5393847,-68.0721118,741
10254716,-16.5393915,-68.0726763,742
10254716,-16.539396,-68.0727394,743
10254716,-16.5394318,-68.0728288,744
10254716,-16.5394682,-68.0728901,745
10254716,-16.539518,-68.0729431,746
10254716,-16.5396896,-68.0730486,747
10254716,-16.539789,-68.0731499,748
10254716,-16.5398731,-68.073248,749
10254716,-16.5399386,-68.073345,750
10254716,-16.5400151,-68.0734788,751
10254716,-16.5400605,-68.0736436,752
10254716,-16.5400925,-68.0737819,753
10254716,-16.5401082,-68.073966,754
10254716,-16.5400873,-68.0742051,755
10254716,-16.5400416,-68.0743489,756
10254716,-16.5399731,-68.0745164,757
10254716,-16.5398558,-68.0746801,758
10254716,-16.541501,-68.0580125,759
10254716,-16.5413604,-68.0581125,760
10254716,-16.5412974,-68.0581637,761
10254716,-16.541192,-68.0582683,762
10254716,-16.5411244,-68.0583689,763
10254716,-16.5410728,-68.0584856,764
10254716,-16.5409919,-68.0587013,765
10254716,-16.5409404,-68.0588904,766
10254716,-16.5409072,-68.0590607,767
10254716,-16.5409268,-68.0592035,768
10254716,-16.5409792,-68.0593638,769
10254716,-16.5410743,-68.0596308,770
10254716,-16.541109,-68.0597931,771
10254716,-16.5411244,-68.0598977,772
10254716,-16.5411064,-68.0601164,773
10254716,-16.5411026,-68.060284,774
10254716,-16.5411064,-68.0604074,775
10254716,-16.5411205,-68.0605227,776
10254716,-16.5411436,-68.0606139,777
10254716,-16.5412915,-68.0609612,778
10254716,-16.5413416,-68.0611502,779
10254716,-16.5413781,-68.0614984,780
10254716,-16.541375,-68.0617087,781
10254716,-16.5413384,-68.0618382,782
10254716,-16.5412765,-68.0619321,783
10254716,-16.5411722,-68.0620414,784
10254716,-16.5410898,-68.0621202,785
10254716,-16.541037,-68.0622289,786
10254716,-16.5409867,-68.0625298,787
10254716,-16.5409791,-68.0625694,788
10254716,-16.5399083,-68.0575663,789
10254716,-16.5399506,-68.0575883,790
10254716,-16.540011,-68.0575964,791
10254716,-16.5401005,-68.0575918,792
10254716,-16.5403601,-68.0575736,793
10254716,-16.5406333,-68.0575544,794
10254716,-16.5410009,-68.0575284,795
10254716,-16.5411604,-68.057507,796
10254716,-16.5412451,-68.0574961,797
10254716,-16.5413799,-68.0574934,798
10254716,-16.5414449,-68.0574977,799
10254716,-16.5415123,-68.0575451,800
10254716,-16.5415677,-68.0576335,801
10254716,-16.5415923,-68.0577466,802
10254716,-16.5415821,-68.0578503,803
10254716,-16.5415587,-68.0579363,804
10254716,-16.541501,-68.0580125,805
10254716,-16.5399083,-68.0575663,806
10254716,-16.5398748,-68.057524,807
10254716,-16.5398452,-68.0574489,808
10254716,-16.5398375,-68.0573764,809
10254716,-16.5398452,-68.0572974,810
10254716,-16.5398645,-68.0572477,811
10254716,-16.539899,-68.0572023,812
10254716,-16.5399391,-68.0571699,813
10254716,-16.5399968,-68.0571516,814
10254716,-16.5400663,-68.0571418,815
10254716,-16.5403646,-68.0571082,816
10254716,-16.5404996,-68.0570572,817
10254716,-16.5406462,-68.0569486,818
10254716,-16.540753,-68.0568246,819
10254716,-16.5407837,-68.056789,820
10254716,-16.5410758,-68.0562522,821
10254716,-16.5411186,-68.0561599,822
10254716,-16.5411142,-68.0560931,823
10254716,-16.5410743,-68.0560296,824
10254716,-16.5410153,-68.0559777,825
10254716,-16.540956,-68.0559706,826
10254716,-16.5408969,-68.0559924,827
10254716,-16.5408133,-68.05605,828
10254716,-16.540668,-68.0561238,829
10254716,-16.5405176,-68.0561976,830
10254716,-16.5403402,-68.0562351,831
10254716,-16.540065,-68.0562485,832
10254716,-16.53993,-68.0562579,833
10254716,-16.53988,-68.0562485,834
10254716,-16.5397707,-68.0561896,835
10254716,-16.539716,-68.0561527,836
10254716,-16.5396703,-68.0560856,837
10254716,-16.5396614,-68.0560246,838
10254716,-16.5396884,-68.0559617,839
10254716,-16.5400547,-68.0556115,840
10254716,-16.5401486,-68.0554909,841
10254716,-16.5402167,-68.055405,842
10254716,-16.5402167,-68.055405,843
10254716,-16.5402695,-68.0552964,844
10254716,-16.5403067,-68.0552092,845
10254716,-16.5403221,-68.0551159,846
10254716,-16.5403077,-68.0550233,847
10254716,-16.5402819,-68.0549027,848
10254716,-16.5402335,-68.054769,849
10254716,-16.5401813,-68.05465,850
10254716,-16.5401262,-68.054545,851
10254716,-16.5400573,-68.0544526,852
10254716,-16.5400573,-68.0544526,853
10254716,-16.5399042,-68.054276,854
10254716,-16.5365231,-68.04591,855
10254716,-16.5368702,-68.0469212,856
10254716,-16.5372161,-68.0479082,857
10254716,-16.5374012,-68.0484179,858
10254716,-16.5374413,-68.0485309,859
10254716,-16.5374964,-68.0486861,860
10254716,-16.537535,-68.0488094,861
10254716,-16.5375646,-68.0489824,862
10254716,-16.5375886,-68.0492894,863
10254716,-16.5376263,-68.0497724,864
10254716,-16.5377046,-68.0507004,865
10254716,-16.5377349,-68.0510601,866
10254716,-16.5377786,-68.0513314,867
10254716,-16.5378448,-68.0515574,868
10254716,-16.5379219,-68.0517438,869
10254716,-16.5380176,-68.0519175,870
10254716,-16.538184,-68.052295,871
10254716,-16.538332,-68.0526182,872
10254716,-16.538395,-68.0527483,873
10254716,-16.5385082,-68.0529065,874
10254716,-16.5386869,-68.0530809,875
10254716,-16.5391136,-68.0535104,876
10254716,-16.5394958,-68.0539263,877
10254716,-16.539843,-68.0542704,878
10254716,-16.5399042,-68.054276,879
10254716,-16.5365231,-68.04591,880
10254716,-16.5365848,-68.0458925,881
10254716,-16.5365848,-68.0458925,882
10254716,-16.5376592,-68.0456679,883
10254716,-16.5376592,-68.0456679,884
10254716,-16.5381143,-68.04557,885
10254716,-16.5382202,-68.0454884,886
10254716,-16.5383003,-68.0453314,887
10254716,-16.5383503,-68.0451623,888
10254716,-16.5383503,-68.0451623,889
10254716,-16.5383571,-68.045031,890
10254716,-16.5382241,-68.0445679,891
10254716,-16.5381167,-68.044371,892
10254716,-16.538099,-68.0443403,893
10254716,-16.5379541,-68.0441954,894
10254716,-16.5378101,-68.0440861,895
10254716,-16.5377523,-68.0440498,896
10254716,-16.5376584,-68.0439734,897
10254716,-16.537616,-68.0439104,898
10254716,-16.5375993,-68.0438259,899
10254716,-16.5376146,-68.0437696,900
10254716,-16.5376146,-68.0437696,901
10254716,-16.5376469,-68.0437048,902
10254716,-16.5376469,-68.0437048,903
10254716,-16.5376893,-68.0436395,904
10254716,-16.5376893,-68.0436395,905
10254716,-16.537735,-68.043578,906
10254716,-16.537792,-68.0435241,907
10254716,-16.5378499,-68.0434906,908
10254716,-16.5380891,-68.0434075,909
10254716,-16.5380891,-68.0434075,910
10254716,-16.5378583,-68.0428845,911
10254716,-16.5378583,-68.0428845,912
10254716,-16.5383471,-68.0426955,913
10254716,-16.5388314,-68.0425091,914
10254716,-16.539341,-68.0423003,915
10254716,-16.539341,-68.0423003,916
10254716,-16.5394525,-68.0422613,917
10254716,-16.5394525,-68.0422613,918
10254716,-16.5395195,-68.0422472,919
10254716,-16.5395195,-68.0422472,920
10254716,-16.5395536,-68.0422386,921
10254716,-16.5395536,-68.0422386,922
10254716,-16.5396179,-68.042306,923
10254716,-16.5396711,-68.0424342,924
10254716,-16.539714,-68.0426096,925
10254716,-16.5397909,-68.0430147,926
10254716,-16.5398096,-68.0430492,927
10254716,-16.5398096,-68.0430492,928
10254716,-16.5398419,-68.0430638,929
10254716,-16.539961,-68.0430535,930
10254716,-16.539961,-68.0430535,931
10254716,-16.5403408,-68.0430107,932
10254716,-16.5403408,-68.0430107,933
10254716,-16.5404673,-68.0429892,934
10254716,-16.5406203,-68.0429845,935
10254716,-16.5407221,-68.0438046,936
10254716,-16.5406779,-68.0437296,937
10254716,-16.5406192,-68.0435505,938
10254716,-16.5406021,-68.0433879,939
10254716,-16.5405965,-68.0432281,940
10254716,-16.5406094,-68.04308,941
10254716,-16.5406203,-68.0429845,942
10254716,-16.5414173,-68.0448752,943
10254716,-16.5413456,-68.0446834,944
10254716,-16.540807,-68.0439239,945
10254716,-16.5407221,-68.0438046,946
10254716,-16.5427843,-68.0450226,947
10254716,-16.5427205,-68.045006,948
10254716,-16.5427127,-68.0449578,949
10254716,-16.542696,-68.0449189,950
10254716,-16.5426677,-68.0448806,951
10254716,-16.5424537,-68.044868,952
10254716,-16.5422518,-68.0448593,953
10254716,-16.5421441,-68.0448684,954
10254716,-16.5414173,-68.0448752,955
10254716,-16.542974,-68.0451134,956
10254716,-16.5427843,-68.0450226,957
10254716,-16.5445569,-68.0452289,958
10254716,-16.5439064,-68.0451885,959
10254716,-16.5431698,-68.0451603,960
10254716,-16.5430078,-68.0451308,961
10254716,-16.542974,-68.0451134,962
10255024,-16.5034574,-68.1625508,0
10255024,-16.503045,-68.1625183,1
10255024,-16.501908,-68.1624792,2
10255024,-16.501908,-68.1624792,3
10255024,-16.5016873,-68.162469,4
10255024,-16.5016873,-68.162469,5
10255024,-16.5014733,-68.1624921,6
10255024,-16.5012081,-68.1625649,7
10255024,-16.5006791,-68.1627185,8
10255024,-16.4999886,-68.1629284,9
10255024,-16.4995753,-68.1629896,10
10255024,-16.4995753,-68.1629896,11
10255024,-16.4989383,-68.1630507,12
10255024,-16.4989383,-68.1630507,13
10255024,-16.4983013,-68.1631118,14
10255024,-16.4981509,-68.1631453,15
10255024,-16.4981509,-68.1631453,16
10255024,-16.4979657,-68.1632138,17
10255024,-16.4978269,-68.1632728,18
10255024,-16.4976275,-68.1633867,19
10255024,-16.4974346,-68.1635369,20
10255024,-16.496617,-68.1642176,21
10255024,-16.4960021,-68.164815,22
10255024,-16.495835,-68.1650028,23
10255024,-16.4956601,-68.165212,24
10255024,-16.4955444,-68.1653836,25
10255024,-16.4953772,-68.1656612,26
10255024,-16.4947428,-68.1666602,27
10255024,-16.4946067,-68.166852,28
10255024,-16.4943478,-68.1671403,29
10255024,-16.4940635,-68.1674,30
10255024,-16.4924093,-68.1686827,31
10255024,-16.492075,-68.1689188,32
10255024,-16.4917549,-68.1690961,33
10255024,-16.4914988,-68.1692138,34
10255024,-16.4911336,-68.1693426,35
10255024,-16.4907916,-68.1694257,36
10255024,-16.4906532,-68.1694395,37
10255024,-16.4904954,-68.1694552,38
10255024,-16.4902332,-68.169469,39
10255024,-16.489982,-68.1694628,40
10255024,-16.48976,-68.1694469,41
10255024,-16.4893163,-68.1693748,42
10255024,-16.4890612,-68.1693091,43
10255024,-16.4887839,-68.1692186,44
10255024,-16.4884843,-68.1690808,45
10255024,-16.4882631,-68.1689632,46
10255024,-16.4880525,-68.1688222,47
10255024,-16.4878622,-68.1686833,48
10255024,-16.487604,-68.1684592,49
10255024,-16.4874021,-68.1682586,50
10255024,-16.4872778,-68.1681164,51
10255024,-16.4871774,-68.1679795,52
10255024,-16.4870512,-68.1677926,53
10255024,-16.4864655,-68.16685,54
10255024,-16.4864344,-68.1667934,55
10255024,-16.4862142,-68.1663902,56
10255024,-16.4861289,-68.166173,57
10255024,-16.4860684,-68.1659608,58
10255024,-16.486023,-68.1656944,59
10255024,-16.486023,-68.1656944,60
10255024,-16.4860062,-68.1654955,61
10255024,-16.4780792,-68.1597387,62
10255024,-16.4775665,-68.1596755,63
10255024,-16.4771834,-68.159615,64
10255024,-16.4765968,-68.1594754,65
10255024,-16.4762473,-68.1593915,66
10255024,-16.4757157,-68.1592639,67
10255024,-16.4755374,-68.1592453,68
10255024,-16.4753725,-68.1592408,69
10255024,-16.4752057,-68.1592522,70
10255024,-16.4750298,-68.159287,71
10255024,-16.4746012,-68.1594218,72
10255024,-16.4743382,-68.159552,73
10255024,-16.4742292,-68.1596028,74
10255024,-16.4734457,-68.1599677,75
10255024,-16.4732875,-68.1600254,76
10255024,-16.4731293,-68.160067,77
10255024,-16.4729441,-68.1601045,78
10255024,-16.4727615,-68.1601286,79
10255024,-16.4724914,-68.160126,80
10255024,-16.4723063,-68.1601032,81
10255024,-16.4720566,-68.1600282,82
10255024,-16.4718738,-68.1599451,83
10255024,-16.4716684,-68.1598,84
10255024,-16.4714549,-68.1596123,85
10255024,-16.4712594,-68.1593602,86
10255024,-16.4711179,-68.1591188,87
10255024,-16.4701663,-68.1571259,88
10255024,-16.4700093,-68.1568684,89
10255024,-16.4698755,-68.1566914,90
10255024,-16.4696647,-68.1564955,91
10255024,-16.4694486,-68.1563132,92
10255024,-16.4692248,-68.1561683,93
10255024,-16.4690344,-68.1560799,94
10255024,-16.468821,-68.1560262,95
10255024,-16.4672761,-68.1556947,96
10255024,-16.4669779,-68.1556075,97
10255024,-16.4667579,-68.1555228,98
10255024,-16.4665776,-68.1554274,99
10255024,-16.4663884,-68.1553041,100
10255024,-16.4661202,-68.1550835,101
10255024,-16.4656245,-68.1546624,102
10255024,-16.4654016,-68.1545,103
10255024,-16.4651596,-68.1543345,104
10255024,-16.464953,-68.1542121,105
10255024,-16.4647616,-68.1541134,106
10255024,-16.4640975,-68.15382,107
10255024,-16.4637108,-68.153603,108
10255024,-16.463423,-68.1533775,109
10255024,-16.4632455,-68.1532005,110
10255024,-16.4631092,-68.1530047,111
10255024,-16.4630063,-68.1528062,112
10255024,-16.4625209,-68.1517052,113
10255024,-16.4808889,-68.1601098,114
10255024,-16.4780792,-68.1597387,115
10255024,-16.4860062,-68.1654955,116
10255024,-16.486012,-68.1651073,117
10255024,-16.4860422,-68.164773,118
10255024,-16.4863828,-68.1618502,119
10255024,-16.4863992,-68.1616181,120
10255024,-16.4864014,-68.1613854,121
10255024,-16.4863796,-68.1611498,122
10255024,-16.4863376,-68.1609122,123
10255024,-16.4862758,-68.1606983,124
10255024,-16.4861976,-68.1605029,125
10255024,-16.4860982,-68.1603118,126
10255024,-16.4859899,-68.1601452,127
10255024,-16.485862,-68.1599846,128
10255024,-16.4857233,-68.1598415,129
10255024,-16.4855884,-68.1597256,130
10255024,-16.4854175,-68.159605,131
10255024,-16.4852527,-68.1595116,132
10255024,-16.4850677,-68.159426,133
10255024,-16.4848842,-68.1593573,134
10255024,-16.4846977,-68.159308,135
10255024,-16.4845152,-68.159274,136
10255024,-16.4843601,-68.1592615,137
10255024,-16.4842191,-68.159261,138
10255024,-16.4840724,-68.1592711,139
10255024,-16.4839211,-68.1592976,140
10255024,-16.4837532,-68.159345,141
10255024,-16.4837232,-68.1593535,142
10255024,-16.4835032,-68.1594359,143
10255024,-16.4832954,-68.1595386,144
10255024,-16.482421,-68.1600015,145
10255024,-16.4822734,-68.1600657,146
10255024,-16.4821613,-68.1601022,147
10255024,-16.4819402,-68.1601623,148
10255024,-16.4817729,-68.1601885,149
10255024,-16.4815403,-68.1601914,150
10255024,-16.4812106,-68.1601503,151
10255024,-16.4808889,-68.1601098,152
10255024,-16.4625209,-68.1517052,153
10255024,-16.4624666,-68.1515574,154
10255024,-16.4624666,-68.1515574,155
10255024,-16.4623519,-68.1512934,156
10255024,-16.4622529,-68.1510898,157
10255024,-16.4621108,-68.150876,158
10255024,-16.4619158,-68.1506467,159
10255024,-16.4617293,-68.1504674,160
10255024,-16.4616155,-68.1503699,161
10255024,-16.4605156,-68.1494473,162
10255024,-16.46036,-68.1493011,163
10255024,-16.4602314,-68.149175,164
10255024,-16.4601195,-68.1490436,165
10255024,-16.4600308,-68.1489001,166
10255024,-16.4599665,-68.1487446,167
10255024,-16.4599202,-68.1486078,168
10255024,-16.4598829,-68.1484602,169
10255024,-16.459862,-68.1482389,170
10255024,-16.4598649,-68.1481075,171
10255024,-16.4598809,-68.1479815,172
10255024,-16.4599099,-68.1478601,173
10255024,-16.4599472,-68.1477441,174
10255024,-16.4599954,-68.1476328,175
10255024,-16.4600539,-68.1475369,176
10255024,-16.460132,-68.1474289,177
10255024,-16.4602056,-68.1473524,178
10255024,-16.4602263,-68.147331,179
10255024,-16.4603613,-68.147213,180
10255024,-16.4604481,-68.1471527,181
10255024,-16.4605523,-68.1470943,182
10255024,-16.4606803,-68.1470373,183
10255024,-16.4607671,-68.1470085,184
10255024,-16.4608623,-68.1469837,185
10255024,-16.4609523,-68.146973,186
10255024,-16.4610584,-68.1469676,187
10255024,-16.4611934,-68.1469783,188
10255024,-16.4613285,-68.1470025,189
10255024,-16.4614944,-68.1470588,190
10255024,-16.4615986,-68.1471138,191
10255024,-16.4617838,-68.1472385,192
10255024,-16.4619381,-68.1473833,193
10255024,-16.4620912,-68.1475778,194
10255024,-16.4622378,-68.1477991,195
10255024,-16.4623535,-68.1480418,196
10255024,-16.4625327,-68.1484968,197
10255024,-16.4627611,-68.1492389,198
10255024,-16.4627611,-68.1492389,199
10255024,-16.462889,-68.1497437,200
10255024,-16.462889,-68.1497437,201
10255024,-16.4630298,-68.1502997,202
10255024,-16.46313,-68.1506959,203
10255024,-16.46313,-68.1506959,204
10255024,-16.4632266,-68.1509575,205
10255024,-16.4633554,-68.1511988,206
10255024,-16.4633554,-68.1511988,207
10255024,-16.4635549,-68.1514855,208
10255024,-16.4637216,-68.1516905,209
10255024,-16.4639291,-68.1518726,210
10255024,-16.4642463,-68.1520713,211
10255024,-16.4646217,-68.1522643,212
10255024,-16.4654032,-68.1525956,213
10255024,-16.4654032,-68.1525956,214
10255024,-16.4655729,-68.1526727,215
10255024,-16.4655729,-68.1526727,216
10255024,-16.4659801,-68.1528575,217
10255024,-16.4661469,-68.1529045,218
10255024,-16.4663176,-68.1529393,219
10255024,-16.4664702,-68.1529561,220
10255024,-16.4666344,-68.1529607,221
10255024,-16.4670225,-68.15292,222
10255024,-16.4699179,-68.1525337,223
10255024,-16.4703906,-68.1525045,224
10255024,-16.4707735,-68.1524768,225
10255024,-16.471635,-68.152479,226
10255024,-16.472134,-68.1524816,227
10255024,-16.4723813,-68.1524894,228
10255024,-16.4726226,-68.1525219,229
10255024,-16.4729081,-68.152597,230
10255024,-16.4743653,-68.1530007,231
10255024,-16.4749062,-68.1531595,232
10255024,-16.4751787,-68.1532078,233
10255024,-16.4753756,-68.1532334,234
10255024,-16.4756765,-68.1532387,235
10255024,-16.4758783,-68.1532155,236
10255024,-16.4761649,-68.153147,237
10255024,-16.4764691,-68.153043,238
10255024,-16.4766215,-68.1529782,239
10255024,-16.4768753,-68.1528189,240
10255024,-16.4771023,-68.1526673,241
10255024,-16.4771936,-68.1525975,242
10255024,-16.4773698,-68.1524366,243
10255024,-16.477984,-68.1518561,244
10255024,-16.4787067,-68.1512266,245
10255024,-16.4794383,-68.1504797,246
10255024,-16.479618,-68.1503046,247
10255024,-16.4797278,-68.1501391,248
10255024,-16.4803374,-68.14905,249
10255024,-16.4804635,-68.1488758,250
10255024,-16.4805612,-68.1487658,251
10255024,-16.4807541,-68.1485914,252
10255024,-16.4809822,-68.1483892,253
10255024,-16.4811905,-68.1482792,254
10255024,-16.4821576,-68.1478956,255
10255024,-16.4830549,-68.1475518,256
10255024,-16.4837304,-68.147276,257
10255024,-16.4841521,-68.1470896,258
10255024,-16.4843374,-68.1469823,259
10255024,-16.4845495,-68.1468295,260
10255024,-16.4847141,-68.1466699,261
10255024,-16.4848646,-68.1464888,262
10255024,-16.4851346,-68.1461803,263
10255024,-16.4853431,-68.145938,264
10255024,-16.4855924,-68.1457078,265
10255024,-16.4857545,-68.1455849,266
10255024,-16.4858844,-68.1455031,267
10255024,-16.4861102,-68.1453813,268
10255024,-16.486872,-68.1450538,269
10255024,-16.486872,-68.1450538,270
10255024,-16.4874396,-68.1448145,271
10255024,-16.4876976,-68.1446984,272
10255024,-16.4878943,-68.1445657,273
10255024,-16.4881387,-68.1443713,274
10255024,-16.4881387,-68.1443713,275
10255024,-16.4885762,-68.1439944,276
10255024,-16.4885762,-68.1439944,277
10255024,-16.4893109,-68.1432639,278
10255024,-16.4894623,-68.1431056,279
10255024,-16.4896664,-68.1428331,280
10255024,-16.4897849,-68.1426394,281
10255024,-16.4899398,-68.1423305,282
10255024,-16.4901016,-68.1419109,283
10255024,-16.4904711,-68.1409424,284
10255024,-16.4905148,-68.1408485,285
10255024,-16.4908291,-68.1401382,286
10255024,-16.4908291,-68.1401382,287
10255024,-16.4908489,-68.1400894,288
10255024,-16.490886,-68.14,289
10255024,-16.4910586,-68.1396044,290
10255024,-16.4911839,-68.1393098,291
10255024,-16.4912133,-68.1392385,292
10255024,-16.4912133,-68.1392385,293
10255024,-16.4912416,-68.1391667,294
10255024,-16.4912416,-68.1391667,295
10255024,-16.4912901,-68.1390937,296
10255024,-16.4913981,-68.1389172,297
10255024,-16.4915614,-68.1386667,298
10255024,-16.4916996,-68.1384745,299
10255024,-16.4919899,-68.1381169,300
10255024,-16.4920617,-68.1380324,301
10255024,-16.4921187,-68.1379684,302
10255024,-16.4921187,-68.1379684,303
10255024,-16.4922436,-68.1378407,304
10255024,-16.492363,-68.137732,305
10255024,-16.4925377,-68.1375886,306
10255024,-16.4926995,-68.1374902,307
10255024,-16.4929478,-68.1373884,308
10255024,-16.4930461,-68.1373525,309
10255024,-16.4932862,-68.1372729,310
10255024,-16.4936373,-68.1371775,311
10255024,-16.4938771,-68.1370783,312
10255024,-16.4942902,-68.1369246,313
10255024,-16.4942902,-68.1369246,314
10255024,-16.4945081,-68.1369601,315
10255024,-16.4946386,-68.1369701,316
10255024,-16.4946386,-68.1369701,317
10255024,-16.4948487,-68.1369589,318
10255024,-16.4950056,-68.1369482,319
10255024,-16.495066,-68.1369334,320
10255024,-16.4950904,-68.1369214,321
10255024,-16.4950904,-68.1369214,322
10255024,-16.4952915,-68.1366208,323
10255024,-16.4952915,-68.1366208,324
10255024,-16.495345,-68.1365466,325
10255024,-16.495345,-68.1365466,326
10255024,-16.4956557,-68.1360938,327
10255024,-16.4960832,-68.1353047,328
10255024,-16.4960832,-68.1353047,329
10255024,-16.4965289,-68.1346025,330
10255024,-16.4965289,-68.1346025,331
10255024,-16.4969219,-68.1338728,332
10255024,-16.4969219,-68.1338728,333
10255024,-16.4973784,-68.1331382,334
10255024,-16.4973784,-68.1331382,335
10255024,-16.4978339,-68.1324068,336
10255024,-16.4978339,-68.1324068,337
10255024,-16.4984779,-68.1313097,338
10255024,-16.4984779,-68.1313097,339
10255024,-16.4989645,-68.1304617,340
10255024,-16.499016,-68.1303616,341
10255024,-16.4991338,-68.1302084,342
10255024,-16.4992529,-68.1300013,343
10255024,-16.4992529,-68.1300013,344
10255024,-16.499366,-68.1297867,345
10255024,-16.4994355,-68.1295869,346
10255024,-16.4994702,-68.1294487,347
10255024,-16.4994728,-68.1293079,348
10255024,-16.4994549,-68.1288432,349
10255024,-16.4994445,-68.1280071,350
10255024,-16.4994239,-68.1279118,351
10255024,-16.499375,-68.1278341,352
10255024,-16.4993326,-68.1277683,353
10255024,-16.4993933,-68.1273944,354
10255024,-16.499355,-68.127586,355
10255024,-16.4993326,-68.1277683,356
10255024,-16.4995188,-68.1263119,357
10255024,-16.4994996,-68.1265809,358
10255024,-16.4994617,-68.1267908,359
10255024,-16.4994238,-68.1269682,360
10255024,-16.4994101,-68.1271529,361
10255024,-16.499413,-68.1272512,362
10255024,-16.4993933,-68.1273944,363
10255024,-16.4995188,-68.1263119,364
10255024,-16.499497,-68.1254906,365
10255024,-16.5004093,-68.1231039,366
10255024,-16.5004904,-68.1229349,367
10255024,-16.5005299,-68.1227505,368
10255024,-16.5005324,-68.1226329,369
10255024,-16.5005179,-68.1225162,370
10255024,-16.5004866,-68.1224031,371
10255024,-16.5004393,-68.1222963,372
10255024,-16.5003771,-68.1221981,373
10255024,-16.5003014,-68.1221109,374
10255024,-16.5001973,-68.1220204,375
10255024,-16.5000325,-68.1219566,376
10255024,-16.4995374,-68.1219455,377
10255024,-16.4995374,-68.1219455,378
10255024,-16.499508,-68.1219351,379
10255024,-16.4994822,-68.1219169,380
10255024,-16.499462,-68.1218923,381
10255024,-16.4994486,-68.121863,382
10255024,-16.4994139,-68.1210149,383
10255024,-16.4994199,-68.1211495,384
10255024,-16.4994227,-68.1212097,385
10255024,-16.4994294,-68.1213756,386
10255024,-16.4994486,-68.121863,387
10255024,-16.4993705,-68.1201392,388
10255024,-16.4994139,-68.1210149,389
10255024,-16.4993705,-68.1201392,390
10255024,-16.4993443,-68.1196623,391
10255024,-16.4993405,-68.1195523,392
10255024,-16.4993405,-68.1195523,393
10255024,-16.4993772,-68.1195394,394
10255024,-16.4994129,-68.1195247,395
10255024,-16.4997035,-68.1193556,396
10255024,-16.4998225,-68.1192854,397
10255024,-16.4998929,-68.119229,398
10255024,-16.4998929,-68.119229,399
10255024,-16.4998616,-68.1183769,400
10255025,-16.5055173,-68.1157251,0
10255025,-16.5055628,-68.1157146,1
10255025,-16.5056086,-68.1157015,2
10255025,-16.5057136,-68.1156442,3
10255025,-16.4827736,-68.1443444,4
10255025,-16.4826977,-68.1444262,5
10255025,-16.4826141,-68.1445241,6
10255025,-16.4824347,-68.1447199,7
10255025,-16.4821599,-68.1450103,8
10255025,-16.482047,-68.1451296,9
10255025,-16.4818547,-68.1453415,10
10255025,-16.4816143,-68.1455916,11
10255025,-16.4813989,-68.1458008,12
10255025,-16.4811796,-68.1460255,13
10255025,-16.4808176,-68.1464003,14
10255025,-16.4804247,-68.1467932,15
10255025,-16.4800678,-68.1471431,16
10255025,-16.4799537,-68.147254,17
10255025,-16.4798224,-68.1473953,18
10255025,-16.4797703,-68.1474497,19
10255025,-16.4793569,-68.147878,20
10255025,-16.4793059,-68.1479219,21
10255025,-16.4790681,-68.1481507,22
10255025,-16.4790164,-68.148199,23
10255025,-16.4789529,-68.1482571,24
10255025,-16.4788969,-68.1482913,25
10255025,-16.4787709,-68.148357,26
10255025,-16.4786301,-68.1484066,27
10255025,-16.4784314,-68.1485052,28
10255025,-16.4782976,-68.1485387,29
10255025,-16.4781971,-68.1485567,30
10255025,-16.4781022,-68.1485454,31
10255025,-16.4780771,-68.14854,32
10255025,-16.478043,-68.1485374,33
10255025,-16.4780186,-68.1485481,34
10255025,-16.4780059,-68.1485622,35
10255025,-16.4827736,-68.1443444,36
10255025,-16.4830014,-68.1445861,37
10255025,-16.4830732,-68.144677,38
10255025,-16.4831259,-68.1447763,39
10255025,-16.4833409,-68.1452302,40
10255025,-16.4833409,-68.1452302,41
10255025,-16.4832428,-68.145298,42
10255025,-16.482976,-68.1455798,43
10255025,-16.4828027,-68.1457125,44
10255025,-16.4828602,-68.1457852,45
10255025,-16.4828027,-68.1457125,46
10255025,-16.4828602,-68.1457852,47
10255025,-16.4829055,-68.1458105,48
10255025,-16.4829671,-68.1458271,49
10255025,-16.4829671,-68.1458271,50
10255025,-16.4830774,-68.1457386,51
10255025,-16.483313,-68.1455516,52
10255025,-16.4834175,-68.1455339,53
10255025,-16.4837778,-68.1455645,54
10255025,-16.4839598,-68.1455696,55
10255025,-16.4844668,-68.145143,56
10255025,-16.4848173,-68.144814,57
10255025,-16.4849762,-68.144655,58
10255025,-16.4849762,-68.144655,59
10255025,-16.4850863,-68.1445127,60
10255025,-16.4851867,-68.1443629,61
10255025,-16.485277,-68.1442062,62
10255025,-16.4853567,-68.1440434,63
10255025,-16.4854256,-68.1438753,64
10255025,-16.4854831,-68.1437026,65
10255025,-16.4855291,-68.1435262,66
10255025,-16.4855291,-68.1435262,67
10255025,-16.4859849,-68.1434947,68
10255025,-16.4864205,-68.1434546,69
10255025,-16.4864205,-68.1434546,70
10255025,-16.4872943,-68.1434352,71
10255025,-16.4883107,-68.1433994,72
10255025,-16.4883929,-68.1433943,73
10255025,-16.4883929,-68.1433943,74
10255025,-16.4884175,-68.1436161,75
10255025,-16.4884353,-68.1437742,76
10255025,-16.4884353,-68.1437742,77
10255025,-16.4884932,-68.1442883,78
10255025,-16.4884932,-68.1442883,79
10255025,-16.4884542,-68.1444504,80
10255025,-16.4884542,-68.1444504,81
10255025,-16.4884178,-68.1445799,82
10255025,-16.4883671,-68.1447059,83
10255025,-16.4883094,-68.1447987,84
10255025,-16.4882406,-68.144865,85
10255025,-16.488159,-68.1449087,86
10255025,-16.4880869,-68.1449164,87
10255025,-16.4880202,-68.1448949,88
10255025,-16.4879654,-68.1448557,89
10255025,-16.4879328,-68.1447971,90
10255025,-16.4879175,-68.144725,91
10255025,-16.4879307,-68.1446501,92
10255025,-16.4879687,-68.1445809,93
10255025,-16.4881387,-68.1443713,94
10255025,-16.4881387,-68.1443713,95
10255025,-16.4885762,-68.1439944,96
10255025,-16.4885762,-68.1439944,97
10255025,-16.4893109,-68.1432639,98
10255025,-16.4894623,-68.1431056,99
10255025,-16.4896664,-68.1428331,100
10255025,-16.4897849,-68.1426394,101
10255025,-16.4899398,-68.1423305,102
10255025,-16.4901016,-68.1419109,103
10255025,-16.4904711,-68.1409424,104
10255025,-16.4905148,-68.1408485,105
10255025,-16.4908291,-68.1401382,106
10255025,-16.4908291,-68.1401382,107
10255025,-16.4908489,-68.1400894,108
10255025,-16.490886,-68.14,109
10255025,-16.4910586,-68.1396044,110
10255025,-16.4911839,-68.1393098,111
10255025,-16.4912133,-68.1392385,112
10255025,-16.4912133,-68.1392385,113
10255025,-16.4912416,-68.1391667,114
10255025,-16.4912416,-68.1391667,115
10255025,-16.4912901,-68.1390937,116
10255025,-16.4913981,-68.1389172,117
10255025,-16.4915614,-68.1386667,118
10255025,-16.4916996,-68.1384745,119
10255025,-16.4919899,-68.1381169,120
10255025,-16.4920617,-68.1380324,121
10255025,-16.4921187,-68.1379684,122
10255025,-16.4921187,-68.1379684,123
10255025,-16.4922436,-68.1378407,124
10255025,-16.492363,-68.137732,125
10255025,-16.4925377,-68.1375886,126
10255025,-16.4926995,-68.1374902,127
10255025,-16.4929478,-68.1373884,128
10255025,-16.4930461,-68.1373525,129
10255025,-16.4932862,-68.1372729,130
10255025,-16.4936373,-68.1371775,131
10255025,-16.4938771,-68.1370783,132
10255025,-16.4942902,-68.1369246,133
10255025,-16.4942902,-68.1369246,134
10255025,-16.4948225,-68.1368767,135
10255025,-16.4954481,-68.1368649,136
10255025,-16.4954481,-68.1368649,137
10255025,-16.4959095,-68.1368266,138
10255025,-16.4959095,-68.1368266,139
10255025,-16.4960465,-68.136808,140
10255025,-16.4961256,-68.1367835,141
10255025,-16.4962147,-68.1367471,142
10255025,-16.4963356,-68.1366953,143
10255025,-16.4963356,-68.1366953,144
10255025,-16.4976444,-68.1361282,145
10255025,-16.4976864,-68.1361125,146
10255025,-16.4976864,-68.1361125,147
10255025,-16.4980876,-68.1370346,148
10255025,-16.4980876,-68.1370346,149
10255025,-16.4982981,-68.1369287,150
10255025,-16.498944,-68.1365999,151
10255025,-16.4992671,-68.1364075,152
10255025,-16.4995959,-68.1361946,153
10255025,-16.4995959,-68.1361946,154
10255025,-16.4989191,-68.1351898,155
10255025,-16.4989191,-68.1351898,156
10255025,-16.4987961,-68.1351005,157
10255025,-16.4987961,-68.1351005,158
10255025,-16.4985261,-68.1348856,159
10255025,-16.498905,-68.1341239,160
10255025,-16.4987067,-68.1345338,161
10255025,-16.4985261,-68.1348856,162
10255025,-16.4992934,-68.1333441,163
10255025,-16.4991844,-68.1335629,164
10255025,-16.498905,-68.1341239,165
10255025,-16.4999544,-68.131956,166
10255025,-16.4992934,-68.1333441,167
10255025,-16.4999544,-68.131956,168
10255025,-16.4999932,-68.1318753,169
10255025,-16.4999932,-68.1318753,170
10255025,-16.5001953,-68.1314501,171
10255025,-16.5001953,-68.1314501,172
10255025,-16.5004295,-68.1309588,173
10255025,-16.500599,-68.1306831,174
10255025,-16.5006687,-68.1305698,175
10255025,-16.5007182,-68.1304683,176
10255025,-16.5007267,-68.1303858,177
10255025,-16.5007324,-68.1303302,178
10255025,-16.5007256,-68.1302131,179
10255025,-16.5007256,-68.1302131,180
10255025,-16.5007134,-68.1301465,181
10255025,-16.5006889,-68.1300721,182
10255025,-16.5006109,-68.1298937,183
10255025,-16.5004863,-68.1296769,184
10255025,-16.500366,-68.1294551,185
10255025,-16.5002281,-68.1288345,186
10255025,-16.5002485,-68.1290071,187
10255025,-16.5002714,-68.1291489,188
10255025,-16.5003161,-68.1293164,189
10255025,-16.500366,-68.1294551,190
10255025,-16.5002488,-68.1283128,191
10255025,-16.5002213,-68.1284127,192
10255025,-16.5002114,-68.1284671,193
10255025,-16.5002028,-68.1285724,194
10255025,-16.5002281,-68.1288345,195
10255025,-16.5002488,-68.1283128,196
10255025,-16.5003655,-68.1280338,197
10255025,-16.5004869,-68.1277449,198
10255025,-16.5005547,-68.1275817,199
10255025,-16.4998451,-68.1249445,200
10255025,-16.4999365,-68.125187,201
10255025,-16.5001339,-68.1255903,202
10255025,-16.5003293,-68.1259615,203
10255025,-16.5004453,-68.1261754,204
10255025,-16.5006044,-68.1265208,205
10255025,-16.5006883,-68.126758,206
10255025,-16.5007056,-68.1268754,207
10255025,-16.5007174,-68.1269895,208
10255025,-16.5006781,-68.1271333,209
10255025,-16.5006141,-68.1273746,210
10255025,-16.5005547,-68.1275817,211
10255025,-16.5007631,-68.1233893,212
10255025,-16.5005284,-68.1235347,213
10255025,-16.5004359,-68.1235947,214
10255025,-16.5015511,-68.1229073,215
10255025,-16.5007631,-68.1233893,216
10255025,-16.5015517,-68.1229245,217
10255025,-16.5016445,-68.122976,218
10255025,-16.5016767,-68.1229863,219
10255025,-16.5026884,-68.1229561,220
10255025,-16.5027245,-68.1229581,221
10255025,-16.5027245,-68.1229581,222
10255025,-16.5027531,-68.1222653,223
10255025,-16.5027582,-68.1221515,224
10255025,-16.5027582,-68.1221515,225
10255025,-16.5027593,-68.1220363,226
10255025,-16.5026896,-68.1210587,227
10255025,-16.5026846,-68.1209899,228
10255025,-16.5026846,-68.1209899,229
10255025,-16.5026759,-68.1208583,230
10255025,-16.5026759,-68.1208583,231
10255025,-16.50267,-68.1207818,232
10255025,-16.5026353,-68.1200457,233
10255025,-16.5026332,-68.1199807,234
10255025,-16.5026332,-68.1199807,235
10255025,-16.502625,-68.1197581,236
10255025,-16.5026222,-68.1196974,237
10255025,-16.5026222,-68.1196974,238
10255025,-16.5025935,-68.119104,239
10255025,-16.5025589,-68.1186358,240
10255025,-16.5025477,-68.118148,241
10255025,-16.5025002,-68.117405,242
10255025,-16.5025034,-68.1172339,243
10255025,-16.5025109,-68.1171284,244
10255025,-16.5025445,-68.1170467,245
10255025,-16.5026677,-68.1168676,246
10255025,-16.5028128,-68.1166639,247
10255025,-16.5028218,-68.1166128,248
10255025,-16.5028143,-68.1165575,249
10255025,-16.5027629,-68.1165043,250
10255025,-16.5027015,-68.1164775,251
10255025,-16.5026158,-68.1164627,252
10255025,-16.5023156,-68.1164433,253
10255025,-16.5024184,-68.1160107,254
10255025,-16.5023036,-68.1160408,255
10255025,-16.502247,-68.1160807,256
10255025,-16.5021981,-68.1161253,257
10255025,-16.5021549,-68.1162067,258
10255025,-16.5021412,-68.1162642,259
10255025,-16.5021503,-68.1163461,260
10255025,-16.5021818,-68.1164013,261
10255025,-16.5022312,-68.1164373,262
10255025,-16.5023156,-68.1164433,263
10255025,-16.5050605,-68.115861,264
10255025,-16.504969,-68.1158554,265
10255025,-16.504868,-68.1158363,266
10255025,-16.5044554,-68.1157302,267
10255025,-16.5042011,-68.1156717,268
10255025,-16.5038517,-68.11567,269
10255025,-16.5035879,-68.1156828,270
10255025,-16.5033734,-68.1157252,271
10255025,-16.5031538,-68.115779,272
10255025,-16.5028536,-68.1158778,273
10255025,-16.5024184,-68.1160107,274
10255025,-16.5050605,-68.115861,275
10255025,-16.5052151,-68.1158432,276
10255025,-16.5053469,-68.115831,277
10255025,-16.5053867,-68.1158224,278
10255025,-16.5053867,-68.1158224,279
10255025,-16.5054235,-68.1158287,280
10255025,-16.5054235,-68.1158287,281
10255025,-16.5054558,-68.1158215,282
10255025,-16.505484,-68.1158036,283
10255025,-16.5055046,-68.1157768,284
10255025,-16.5126567,-68.114387,285
10255025,-16.511995,-68.1145194,286
10255025,-16.511894,-68.1145209,287
10255025,-16.5118343,-68.1145099,288
10255025,-16.511746,-68.1144767,289
10255025,-16.5116431,-68.1143973,290
10255025,-16.5115215,-68.1142768,291
10255025,-16.5114642,-68.1141519,292
10255025,-16.5112797,-68.1137639,293
10255025,-16.5112448,-68.1137196,294
10255025,-16.5111893,-68.1136751,295
10255025,-16.5111322,-68.1136607,296
10255025,-16.5108448,-68.113649,297
10255025,-16.5102559,-68.1136274,298
10255025,-16.5101896,-68.1136069,299
10255025,-16.5101444,-68.1135704,300
10255025,-16.5101066,-68.1134538,301
10255025,-16.5100966,-68.1132124,302
10255025,-16.5100794,-68.1131296,303
10255025,-16.5100336,-68.1131077,304
10255025,-16.5099757,-68.1131534,305
10255025,-16.5096266,-68.1133982,306
10255025,-16.5095432,-68.1134917,307
10255025,-16.5094449,-68.1136454,308
10255025,-16.5093066,-68.1139066,309
10255025,-16.5091756,-68.1141758,310
10255025,-16.5088426,-68.1147063,311
10255025,-16.5086717,-68.1149367,312
10255025,-16.5085289,-68.1150699,313
10255025,-16.5084113,-68.1151402,314
10255025,-16.5082173,-68.1152468,315
10255025,-16.5080753,-68.1153007,316
10255025,-16.5079488,-68.115325,317
10255025,-16.5076213,-68.115368,318
10255025,-16.507523,-68.1153976,319
10255025,-16.5072574,-68.1154782,320
10255025,-16.507104,-68.1155073,321
10255025,-16.5069493,-68.1155136,322
10255025,-16.5068446,-68.115514,323
10255025,-16.5060026,-68.115567,324
10255025,-16.505788,-68.1156252,325
10255025,-16.5057136,-68.1156442,326
10255025,-16.5127929,-68.1143518,327
10255025,-16.5126567,-68.114387,328
10255025,-16.5128831,-68.1143293,329
10255025,-16.5127929,-68.1143518,330
10255025,-16.5138841,-68.1133379,331
10255025,-16.5138131,-68.1133611,332
10255025,-16.5137382,-68.1133997,333
10255025,-16.5136104,-68.113494,334
10255025,-16.5132865,-68.1138664,335
10255025,-16.5129598,-68.1142487,336
10255025,-16.5128831,-68.1143293,337
10255025,-16.5141493,-68.113389,338
10255025,-16.5140361,-68.1133528,339
10255025,-16.5139299,-68.1133397,340
10255025,-16.5138841,-68.1133379,341
10255025,-16.5152409,-68.1133723,342
10255025,-16.5147645,-68.1134843,343
10255025,-16.5146321,-68.1134908,344
10255025,-16.5144681,-68.1134733,345
10255025,-16.5141493,-68.113389,346
10255025,-16.5158734,-68.113353,347
10255025,-16.5155237,-68.1133641,348
10255025,-16.5152409,-68.1133723,349
10255025,-16.5159821,-68.1133527,350
10255025,-16.5158734,-68.113353,351
10255025,-16.5169544,-68.1133889,352
10255025,-16.5159821,-68.1133527,353
10255025,-16.5207439,-68.1119071,354
10255025,-16.5206173,-68.1120338,355
10255025,-16.5204238,-68.1121961,356
10255025,-16.520346,-68.1122839,357
10255025,-16.5203003,-68.1123517,358
10255025,-16.5202425,-68.1124583,359
10255025,-16.5200489,-68.1129397,360
10255025,-16.5199712,-68.1131074,361
10255025,-16.5199372,-68.1131624,362
10255025,-16.5198619,-68.1132368,363
10255025,-16.5197816,-68.1133079,364
10255025,-16.5197057,-68.1133535,365
10255025,-16.519482,-68.1134131,366
10255025,-16.51919,-68.1134487,367
10255025,-16.5190597,-68.1134683,368
10255025,-16.518707,-68.1135176,369
10255025,-16.5180301,-68.1135969,370
10255025,-16.5178386,-68.1136078,371
10255025,-16.5177288,-68.1136058,372
10255025,-16.5173577,-68.113499,373
10255025,-16.5169544,-68.1133889,374
10255025,-16.5208995,-68.1116993,375
10255025,-16.5208378,-68.1117844,376
10255025,-16.5207439,-68.1119071,377
10255025,-16.5208995,-68.1116993,378
10255025,-16.5212983,-68.1110026,379
10255025,-16.5213019,-68.1109462,380
10255025,-16.5213019,-68.1109462,381
10255025,-16.5212834,-68.1109007,382
10255025,-16.5209844,-68.1105593,383
10255025,-16.5207576,-68.1102937,384
10255025,-16.520694,-68.1101779,385
10255025,-16.520694,-68.1101779,386
10255025,-16.5204974,-68.1099577,387
10255025,-16.5204112,-68.1099013,388
10255025,-16.5201756,-68.1052928,389
10255025,-16.5201956,-68.1054973,390
10255025,-16.5202277,-68.1057079,391
10255025,-16.520243,-68.1058702,392
10255025,-16.5202663,-68.1061042,393
10255025,-16.5202766,-68.1062409,394
10255025,-16.5202972,-68.1064789,395
10255025,-16.520311,-68.1066671,396
10255025,-16.5203209,-68.1068882,397
10255025,-16.5203057,-68.1070745,398
10255025,-16.5203096,-68.1072618,399
10255025,-16.5203008,-68.1074501,400
10255025,-16.5203046,-68.1076395,401
10255025,-16.5202955,-68.1078639,402
10255025,-16.5202964,-68.1080156,403
10255025,-16.5202888,-68.1083786,404
10255025,-16.5202728,-68.1087197,405
10255025,-16.5202588,-68.1090897,406
10255025,-16.5202592,-68.1093672,407
10255025,-16.5202668,-68.1094728,408
10255025,-16.5200966,-68.1048562,409
10255025,-16.5201756,-68.1052928,410
10255025,-16.5200394,-68.1042729,411
10255025,-16.5200966,-68.1048562,412
10255025,-16.5201045,-68.1034879,413
10255025,-16.5200418,-68.1037036,414
10255025,-16.5200239,-68.1038021,415
10255025,-16.5200114,-68.103938,416
10255025,-16.5200063,-68.1041026,417
10255025,-16.5200394,-68.1042729,418
10255025,-16.5201681,-68.102806,419
10255025,-16.5201643,-68.1028443,420
10255025,-16.5201221,-68.1032734,421
10255025,-16.5201045,-68.1034879,422
10255025,-16.5202888,-68.1020379,423
10255025,-16.5202283,-68.1023477,424
10255025,-16.5201681,-68.102806,425
10255025,-16.5202888,-68.1020379,426
10255025,-16.520321,-68.1019441,427
10255025,-16.5203647,-68.1018475,428
10255025,-16.5204817,-68.1017308,429
10255025,-16.5213546,-68.1012761,430
10255025,-16.5213546,-68.1012761,431
10255025,-16.5224566,-68.1006351,432
10255026,-16.5034574,-68.1625508,0
10255026,-16.503045,-68.1625183,1
10255026,-16.501908,-68.1624792,2
10255026,-16.501908,-68.1624792,3
10255026,-16.5016873,-68.162469,4
10255026,-16.5016873,-68.162469,5
10255026,-16.5014733,-68.1624921,6
10255026,-16.5012081,-68.1625649,7
10255026,-16.5006791,-68.1627185,8
10255026,-16.4999886,-68.1629284,9
10255026,-16.4995753,-68.1629896,10
10255026,-16.4995753,-68.1629896,11
10255026,-16.4989383,-68.1630507,12
10255026,-16.4989383,-68.1630507,13
10255026,-16.4983013,-68.1631118,14
10255026,-16.4981509,-68.1631453,15
10255026,-16.4981509,-68.1631453,16
10255026,-16.4979657,-68.1632138,17
10255026,-16.4978269,-68.1632728,18
10255026,-16.4976275,-68.1633867,19
10255026,-16.4974346,-68.1635369,20
10255026,-16.496617,-68.1642176,21
10255026,-16.4960021,-68.164815,22
10255026,-16.495835,-68.1650028,23
10255026,-16.4956601,-68.165212,24
10255026,-16.4955444,-68.1653836,25
10255026,-16.4953772,-68.1656612,26
10255026,-16.4947428,-68.1666602,27
10255026,-16.4946067,-68.166852,28
10255026,-16.4943478,-68.1671403,29
10255026,-16.4940635,-68.1674,30
10255026,-16.4924093,-68.1686827,31
10255026,-16.492075,-68.1689188,32
10255026,-16.4917549,-68.1690961,33
10255026,-16.4914988,-68.1692138,34
10255026,-16.4911336,-68.1693426,35
10255026,-16.4907916,-68.1694257,36
10255026,-16.4906532,-68.1694395,37
10255026,-16.4904954,-68.1694552,38
10255026,-16.4902332,-68.169469,39
10255026,-16.489982,-68.1694628,40
10255026,-16.48976,-68.1694469,41
10255026,-16.4893163,-68.1693748,42
10255026,-16.4890612,-68.1693091,43
10255026,-16.4887839,-68.1692186,44
10255026,-16.4884843,-68.1690808,45
10255026,-16.4882631,-68.1689632,46
10255026,-16.4880525,-68.1688222,47
10255026,-16.4878622,-68.1686833,48
10255026,-16.487604,-68.1684592,49
10255026,-16.4874021,-68.1682586,50
10255026,-16.4872778,-68.1681164,51
10255026,-16.4871774,-68.1679795,52
10255026,-16.4870512,-68.1677926,53
10255026,-16.4864655,-68.16685,54
10255026,-16.4864344,-68.1667934,55
10255026,-16.4862142,-68.1663902,56
10255026,-16.4861289,-68.166173,57
10255026,-16.4860684,-68.1659608,58
10255026,-16.486023,-68.1656944,59
10255026,-16.486023,-68.1656944,60
10255026,-16.4860062,-68.1654955,61
10255026,-16.4780792,-68.1597387,62
10255026,-16.4775665,-68.1596755,63
10255026,-16.4771834,-68.159615,64
10255026,-16.4765968,-68.1594754,65
10255026,-16.4762473,-68.1593915,66
10255026,-16.4757157,-68.1592639,67
10255026,-16.4755374,-68.1592453,68
10255026,-16.4753725,-68.1592408,69
10255026,-16.4752057,-68.1592522,70
10255026,-16.4750298,-68.159287,71
10255026,-16.4746012,-68.1594218,72
10255026,-16.4743382,-68.159552,73
10255026,-16.4742292,-68.1596028,74
10255026,-16.4734457,-68.1599677,75
10255026,-16.4732875,-68.1600254,76
10255026,-16.4731293,-68.160067,77
10255026,-16.4729441,-68.1601045,78
10255026,-16.4727615,-68.1601286,79
10255026,-16.4724914,-68.160126,80
10255026,-16.4723063,-68.1601032,81
10255026,-16.4720566,-68.1600282,82
10255026,-16.4718738,-68.1599451,83
10255026,-16.4716684,-68.1598,84
10255026,-16.4714549,-68.1596123,85
10255026,-16.4712594,-68.1593602,86
10255026,-16.4711179,-68.1591188,87
10255026,-16.4701663,-68.1571259,88
10255026,-16.4700093,-68.1568684,89
10255026,-16.4698755,-68.1566914,90
10255026,-16.4696647,-68.1564955,91
10255026,-16.4694486,-68.1563132,92
10255026,-16.4692248,-68.1561683,93
10255026,-16.4690344,-68.1560799,94
10255026,-16.468821,-68.1560262,95
10255026,-16.4672761,-68.1556947,96
10255026,-16.4669779,-68.1556075,97
10255026,-16.4667579,-68.1555228,98
10255026,-16.4665776,-68.1554274,99
10255026,-16.4663884,-68.1553041,100
10255026,-16.4661202,-68.1550835,101
10255026,-16.4656245,-68.1546624,102
10255026,-16.4654016,-68.1545,103
10255026,-16.4651596,-68.1543345,104
10255026,-16.464953,-68.1542121,105
10255026,-16.4647616,-68.1541134,106
10255026,-16.4640975,-68.15382,107
10255026,-16.4637108,-68.153603,108
10255026,-16.463423,-68.1533775,109
10255026,-16.4632455,-68.1532005,110
10255026,-16.4631092,-68.1530047,111
10255026,-16.4630063,-68.1528062,112
10255026,-16.4625209,-68.1517052,113
10255026,-16.4808889,-68.1601098,114
10255026,-16.4780792,-68.1597387,115
10255026,-16.4860062,-68.1654955,116
10255026,-16.486012,-68.1651073,117
10255026,-16.4860422,-68.164773,118
10255026,-16.4863828,-68.1618502,119
10255026,-16.4863992,-68.1616181,120
10255026,-16.4864014,-68.1613854,121
10255026,-16.4863796,-68.1611498,122
10255026,-16.4863376,-68.1609122,123
10255026,-16.4862758,-68.1606983,124
10255026,-16.4861976,-68.1605029,125
10255026,-16.4860982,-68.1603118,126
10255026,-16.4859899,-68.1601452,127
10255026,-16.485862,-68.1599846,128
10255026,-16.4857233,-68.1598415,129
10255026,-16.4855884,-68.1597256,130
10255026,-16.4854175,-68.159605,131
10255026,-16.4852527,-68.1595116,132
10255026,-16.4850677,-68.159426,133
10255026,-16.4848842,-68.1593573,134
10255026,-16.4846977,-68.159308,135
10255026,-16.4845152,-68.159274,136
10255026,-16.4843601,-68.1592615,137
10255026,-16.4842191,-68.159261,138
10255026,-16.4840724,-68.1592711,139
10255026,-16.4839211,-68.1592976,140
10255026,-16.4837532,-68.159345,141
10255026,-16.4837232,-68.1593535,142
10255026,-16.4835032,-68.1594359,143
10255026,-16.4832954,-68.1595386,144
10255026,-16.482421,-68.1600015,145
10255026,-16.4822734,-68.1600657,146
10255026,-16.4821613,-68.1601022,147
10255026,-16.4819402,-68.1601623,148
10255026,-16.4817729,-68.1601885,149
10255026,-16.4815403,-68.1601914,150
10255026,-16.4812106,-68.1601503,151
10255026,-16.4808889,-68.1601098,152
10255026,-16.4625209,-68.1517052,153
10255026,-16.4624666,-68.1515574,154
10255026,-16.4624666,-68.1515574,155
10255026,-16.4623519,-68.1512934,156
10255026,-16.4622529,-68.1510898,157
10255026,-16.4621108,-68.150876,158
10255026,-16.4619158,-68.1506467,159
10255026,-16.4617293,-68.1504674,160
10255026,-16.4616155,-68.1503699,161
10255026,-16.4605156,-68.1494473,162
10255026,-16.46036,-68.1493011,163
10255026,-16.4602314,-68.149175,164
10255026,-16.4601195,-68.1490436,165
10255026,-16.4600308,-68.1489001,166
10255026,-16.4599665,-68.1487446,167
10255026,-16.4599202,-68.1486078,168
10255026,-16.4598829,-68.1484602,169
10255026,-16.459862,-68.1482389,170
10255026,-16.4598649,-68.1481075,171
10255026,-16.4598809,-68.1479815,172
10255026,-16.4599099,-68.1478601,173
10255026,-16.4599472,-68.1477441,174
10255026,-16.4599954,-68.1476328,175
10255026,-16.4600539,-68.1475369,176
10255026,-16.460132,-68.1474289,177
10255026,-16.4602056,-68.1473524,178
10255026,-16.4602263,-68.147331,179
10255026,-16.4603613,-68.147213,180
10255026,-16.4604481,-68.1471527,181
10255026,-16.4605523,-68.1470943,182
10255026,-16.4606803,-68.1470373,183
10255026,-16.4607671,-68.1470085,184
10255026,-16.4608623,-68.1469837,185
10255026,-16.4609523,-68.146973,186
10255026,-16.4610584,-68.1469676,187
10255026,-16.4611934,-68.1469783,188
10255026,-16.4613285,-68.1470025,189
10255026,-16.4614944,-68.1470588,190
10255026,-16.4615986,-68.1471138,191
10255026,-16.4617838,-68.1472385,192
10255026,-16.4619381,-68.1473833,193
10255026,-16.4620912,-68.1475778,194
10255026,-16.4622378,-68.1477991,195
10255026,-16.4623535,-68.1480418,196
10255026,-16.4625327,-68.1484968,197
10255026,-16.4627611,-68.1492389,198
10255026,-16.4627611,-68.1492389,199
10255026,-16.462889,-68.1497437,200
10255026,-16.462889,-68.1497437,201
10255026,-16.4630298,-68.1502997,202
10255026,-16.46313,-68.1506959,203
10255026,-16.46313,-68.1506959,204
10255026,-16.4632266,-68.1509575,205
10255026,-16.4633554,-68.1511988,206
10255026,-16.4633554,-68.1511988,207
10255026,-16.4635549,-68.1514855,208
10255026,-16.4637216,-68.1516905,209
10255026,-16.4639291,-68.1518726,210
10255026,-16.4642463,-68.1520713,211
10255026,-16.4646217,-68.1522643,212
10255026,-16.4654032,-68.1525956,213
10255026,-16.4654032,-68.1525956,214
10255026,-16.4655729,-68.1526727,215
10255026,-16.4655729,-68.1526727,216
10255026,-16.4659801,-68.1528575,217
10255026,-16.4661469,-68.1529045,218
10255026,-16.4663176,-68.1529393,219
10255026,-16.4664702,-68.1529561,220
10255026,-16.4666344,-68.1529607,221
10255026,-16.4670225,-68.15292,222
10255026,-16.4699179,-68.1525337,223
10255026,-16.4703906,-68.1525045,224
10255026,-16.4707735,-68.1524768,225
10255026,-16.471635,-68.152479,226
10255026,-16.472134,-68.1524816,227
10255026,-16.4723813,-68.1524894,228
10255026,-16.4726226,-68.1525219,229
10255026,-16.4729081,-68.152597,230
10255026,-16.4743653,-68.1530007,231
10255026,-16.4749062,-68.1531595,232
10255026,-16.4751787,-68.1532078,233
10255026,-16.4753756,-68.1532334,234
10255026,-16.4756765,-68.1532387,235
10255026,-16.4758783,-68.1532155,236
10255026,-16.4761649,-68.153147,237
10255026,-16.4764691,-68.153043,238
10255026,-16.4766215,-68.1529782,239
10255026,-16.4768753,-68.1528189,240
10255026,-16.4771023,-68.1526673,241
10255026,-16.4771936,-68.1525975,242
10255026,-16.4773698,-68.1524366,243
10255026,-16.477984,-68.1518561,244
10255026,-16.4787067,-68.1512266,245
10255026,-16.4794383,-68.1504797,246
10255026,-16.479618,-68.1503046,247
10255026,-16.4797278,-68.1501391,248
10255026,-16.4803374,-68.14905,249
10255026,-16.4804635,-68.1488758,250
10255026,-16.4805612,-68.1487658,251
10255026,-16.4807541,-68.1485914,252
10255026,-16.4809822,-68.1483892,253
10255026,-16.4811905,-68.1482792,254
10255026,-16.4821576,-68.1478956,255
10255026,-16.4830549,-68.1475518,256
10255026,-16.4837304,-68.147276,257
10255026,-16.4841521,-68.1470896,258
10255026,-16.4843374,-68.1469823,259
10255026,-16.4845495,-68.1468295,260
10255026,-16.4847141,-68.1466699,261
10255026,-16.4848646,-68.1464888,262
10255026,-16.4851346,-68.1461803,263
10255026,-16.4853431,-68.145938,264
10255026,-16.4855924,-68.1457078,265
10255026,-16.4857545,-68.1455849,266
10255026,-16.4858844,-68.1455031,267
10255026,-16.4861102,-68.1453813,268
10255026,-16.486872,-68.1450538,269
10255026,-16.486872,-68.1450538,270
10255026,-16.4874396,-68.1448145,271
10255026,-16.4876976,-68.1446984,272
10255026,-16.4878943,-68.1445657,273
10255026,-16.4881387,-68.1443713,274
10255026,-16.4881387,-68.1443713,275
10255026,-16.4885762,-68.1439944,276
10255026,-16.4885762,-68.1439944,277
10255026,-16.4893109,-68.1432639,278
10255026,-16.4894623,-68.1431056,279
10255026,-16.4896664,-68.1428331,280
10255026,-16.4897849,-68.1426394,281
10255026,-16.4899398,-68.1423305,282
10255026,-16.4901016,-68.1419109,283
10255026,-16.4904711,-68.1409424,284
10255026,-16.4905148,-68.1408485,285
10255026,-16.4908291,-68.1401382,286
10255026,-16.4908291,-68.1401382,287
10255026,-16.4908489,-68.1400894,288
10255026,-16.490886,-68.14,289
10255026,-16.4910586,-68.1396044,290
10255026,-16.4911839,-68.1393098,291
10255026,-16.4912133,-68.1392385,292
10255026,-16.4912133,-68.1392385,293
10255026,-16.4912416,-68.1391667,294
10255026,-16.4912416,-68.1391667,295
10255026,-16.4912901,-68.1390937,296
10255026,-16.4913981,-68.1389172,297
10255026,-16.4915614,-68.1386667,298
10255026,-16.4916996,-68.1384745,299
10255026,-16.4919899,-68.1381169,300
10255026,-16.4920617,-68.1380324,301
10255026,-16.4921187,-68.1379684,302
10255026,-16.4921187,-68.1379684,303
10255026,-16.4922436,-68.1378407,304
10255026,-16.492363,-68.137732,305
10255026,-16.4925377,-68.1375886,306
10255026,-16.4926995,-68.1374902,307
10255026,-16.4929478,-68.1373884,308
10255026,-16.4930461,-68.1373525,309
10255026,-16.4932862,-68.1372729,310
10255026,-16.4936373,-68.1371775,311
10255026,-16.4938771,-68.1370783,312
10255026,-16.4942902,-68.1369246,313
10255026,-16.4942902,-68.1369246,314
10255026,-16.4948225,-68.1368767,315
10255026,-16.4954481,-68.1368649,316
10255026,-16.4954481,-68.1368649,317
10255026,-16.4959095,-68.1368266,318
10255026,-16.4959095,-68.1368266,319
10255026,-16.4960465,-68.136808,320
10255026,-16.4961256,-68.1367835,321
10255026,-16.4962147,-68.1367471,322
10255026,-16.4963356,-68.1366953,323
10255026,-16.4963356,-68.1366953,324
10255026,-16.4976444,-68.1361282,325
10255026,-16.4976864,-68.1361125,326
10255026,-16.4976864,-68.1361125,327
10255026,-16.4980876,-68.1370346,328
10255026,-16.4980876,-68.1370346,329
10255026,-16.4982981,-68.1369287,330
10255026,-16.498944,-68.1365999,331
10255026,-16.4992671,-68.1364075,332
10255026,-16.4995959,-68.1361946,333
10255026,-16.4995959,-68.1361946,334
10255026,-16.4989191,-68.1351898,335
10255026,-16.4989191,-68.1351898,336
10255026,-16.4987961,-68.1351005,337
10255026,-16.4987961,-68.1351005,338
10255026,-16.4985261,-68.1348856,339
10255026,-16.498905,-68.1341239,340
10255026,-16.4987067,-68.1345338,341
10255026,-16.4985261,-68.1348856,342
10255026,-16.4992934,-68.1333441,343
10255026,-16.4991844,-68.1335629,344
10255026,-16.498905,-68.1341239,345
10255026,-16.4999544,-68.131956,346
10255026,-16.4992934,-68.1333441,347
10255026,-16.4999544,-68.131956,348
10255026,-16.4999932,-68.1318753,349
10255026,-16.4999932,-68.1318753,350
10255026,-16.5001953,-68.1314501,351
10255026,-16.5001953,-68.1314501,352
10255026,-16.5004295,-68.1309588,353
10255026,-16.500599,-68.1306831,354
10255026,-16.5006687,-68.1305698,355
10255026,-16.5007182,-68.1304683,356
10255026,-16.5007267,-68.1303858,357
10255026,-16.5007324,-68.1303302,358
10255026,-16.5007256,-68.1302131,359
10255026,-16.5007256,-68.1302131,360
10255026,-16.5007134,-68.1301465,361
10255026,-16.5006889,-68.1300721,362
10255026,-16.5006109,-68.1298937,363
10255026,-16.5004863,-68.1296769,364
10255026,-16.500366,-68.1294551,365
10255026,-16.5002281,-68.1288345,366
10255026,-16.5002485,-68.1290071,367
10255026,-16.5002714,-68.1291489,368
10255026,-16.5003161,-68.1293164,369
10255026,-16.500366,-68.1294551,370
10255026,-16.5002488,-68.1283128,371
10255026,-16.5002213,-68.1284127,372
10255026,-16.5002114,-68.1284671,373
10255026,-16.5002028,-68.1285724,374
10255026,-16.5002281,-68.1288345,375
10255026,-16.5002488,-68.1283128,376
10255026,-16.5003655,-68.1280338,377
10255026,-16.5004869,-68.1277449,378
10255026,-16.5005547,-68.1275817,379
10255026,-16.4998451,-68.1249445,380
10255026,-16.4999365,-68.125187,381
10255026,-16.5001339,-68.1255903,382
10255026,-16.5003293,-68.1259615,383
10255026,-16.5004453,-68.1261754,384
10255026,-16.5006044,-68.1265208,385
10255026,-16.5006883,-68.126758,386
10255026,-16.5007056,-68.1268754,387
10255026,-16.5007174,-68.1269895,388
10255026,-16.5006781,-68.1271333,389
10255026,-16.5006141,-68.1273746,390
10255026,-16.5005547,-68.1275817,391
10255026,-16.4994091,-68.1246664,392
10255026,-16.4994482,-68.1246765,393
10255026,-16.4994668,-68.1247087,394
10255026,-16.4994701,-68.1247589,395
10255026,-16.4994709,-68.1248195,396
10255026,-16.4994715,-68.1248773,397
10255026,-16.4994695,-68.125431,398
10255026,-16.499497,-68.1254906,399
10255026,-16.4995188,-68.1263119,400
10255026,-16.499497,-68.1254906,401
10255026,-16.4995188,-68.1263119,402
10255026,-16.4984554,-68.1259898,403
10255026,-16.4984554,-68.1259898,404
10255026,-16.4985492,-68.1261668,405
10255026,-16.4984554,-68.1259898,406
10255026,-16.4981614,-68.1254925,407
10255026,-16.4981614,-68.1254925,408
10255026,-16.4983278,-68.1253821,409
10255026,-16.4983278,-68.1253821,410
10255026,-16.4981522,-68.1248874,411
10255026,-16.4979984,-68.1243704,412
10255026,-16.4979934,-68.1243052,413
10255026,-16.4979934,-68.1243052,414
10255026,-16.4972278,-68.1243175,415
10255026,-16.4971303,-68.1243178,416
10255026,-16.4971303,-68.1243178,417
10255026,-16.4971247,-68.1242683,418
10255026,-16.4971079,-68.1242216,419
10255026,-16.497081,-68.1241804,420
10255026,-16.4970731,-68.1241715,421
10255026,-16.4970648,-68.1241632,422
10255026,-16.4970335,-68.124139,423
10255026,-16.4969983,-68.1241216,424
10255026,-16.4969606,-68.1241117,425
10255026,-16.4969217,-68.1241097,426
10255026,-16.4968886,-68.1241142,427
10255026,-16.4968567,-68.1241245,428
10255026,-16.4968269,-68.1241401,429
10255026,-16.4967993,-68.1241615,430
10255026,-16.4967756,-68.1241874,431
10255026,-16.4967565,-68.1242172,432
10255026,-16.4967367,-68.1242723,433
10255026,-16.4967324,-68.124331,434
10255026,-16.4967383,-68.124369,435
10255026,-16.4967507,-68.1244052,436
10255026,-16.4967853,-68.1244587,437
10255026,-16.4968339,-68.1244985,438
10255026,-16.4968919,-68.1245208,439
10255026,-16.4969384,-68.1245247,440
10255026,-16.4969845,-68.1245173,441
10255026,-16.4970275,-68.1244989,442
10255026,-16.4970653,-68.1244707,443
10255026,-16.4970915,-68.1244403,444
10255026,-16.4971115,-68.1244052,445
10255026,-16.4971254,-68.1243626,446
10255026,-16.4971303,-68.1243178,447
10255026,-16.4967324,-68.124331,448
10255026,-16.4966396,-68.1243318,449
10255026,-16.4964303,-68.1243312,450
10255026,-16.4961064,-68.1243354,451
10255026,-16.4952123,-68.1243418,452
10255026,-16.4949196,-68.1243427,453
10255026,-16.4931903,-68.1240663,454
10255026,-16.4931903,-68.1240663,455
10255026,-16.4920222,-68.1240683,456
10255026,-16.4910994,-68.1241291,457
10255026,-16.4909128,-68.1241433,458
10255026,-16.4887759,-68.1251606,459
10255026,-16.4892862,-68.1249263,460
10255026,-16.489683,-68.124736,461
10255026,-16.4907614,-68.1242501,462
10255026,-16.4909128,-68.1241433,463
10255026,-16.4823857,-68.1221087,464
10255026,-16.4826312,-68.1223246,465
10255026,-16.4829685,-68.122591,466
10255026,-16.4834978,-68.1229542,467
10255026,-16.4837334,-68.1230699,468
10255026,-16.4841953,-68.1232696,469
10255026,-16.4851941,-68.1236385,470
10255026,-16.4853296,-68.1236947,471
10255026,-16.485467,-68.1237893,472
10255026,-16.4857382,-68.1239789,473
10255026,-16.4858585,-68.1240484,474
10255026,-16.4861012,-68.1241561,475
10255026,-16.486329,-68.1242185,476
10255026,-16.4866648,-68.1243158,477
10255026,-16.4869087,-68.1244,478
10255026,-16.4870677,-68.1244647,479
10255026,-16.4871757,-68.1245137,480
10255026,-16.4874661,-68.124659,481
10255026,-16.4876867,-68.1247509,482
10255026,-16.4877187,-68.1247633,483
10255026,-16.4879097,-68.1248375,484
10255026,-16.4881481,-68.1249318,485
10255026,-16.488278,-68.124981,486
10255026,-16.4884123,-68.1250412,487
10255026,-16.4886833,-68.1251632,488
10255026,-16.4887142,-68.1251623,489
10255026,-16.4887759,-68.1251606,490
10255026,-16.4822497,-68.1219801,491
10255026,-16.4823473,-68.1220706,492
10255026,-16.4823857,-68.1221087,493
10255026,-16.4820872,-68.1218867,494
10255026,-16.4822497,-68.1219801,495
10255026,-16.4822343,-68.1218721,496
10255026,-16.4820872,-68.1218867,497
10255026,-16.4820872,-68.1218867,498
10255026,-16.4819422,-68.121858,499
10255026,-16.4819133,-68.1218519,500
10255026,-16.4819133,-68.1218519,501
10255026,-16.4818832,-68.1217971,502
10255026,-16.4818832,-68.1217971,503
10255026,-16.4812919,-68.1216015,504
10255026,-16.480885,-68.1214418,505
10255026,-16.4799347,-68.1211092,506
10255026,-16.4798517,-68.1210634,507
10255026,-16.4797069,-68.120983,508
10255026,-16.4795826,-68.1209139,509
10255026,-16.4799101,-68.1211608,510
10255026,-16.4802407,-68.1212835,511
10255026,-16.4796805,-68.1210392,512
10255026,-16.4799101,-68.1211608,513
10255026,-16.4795826,-68.1209139,514
10255026,-16.4786237,-68.1203517,515
10255026,-16.4785789,-68.1203254,516
10255026,-16.4785789,-68.1203254,517
10255026,-16.4785743,-68.1203014,518
10255026,-16.4785623,-68.1202804,519
10255026,-16.4785442,-68.1202649,520
10255026,-16.4785221,-68.1202567,521
10255026,-16.4784986,-68.1202566,522
10255026,-16.4784765,-68.1202648,523
10255026,-16.4784765,-68.1202648,524
10255026,-16.478447,-68.120246,525
10255026,-16.4772972,-68.1195129,526
10255026,-16.4772972,-68.1195129,527
10255026,-16.4763715,-68.1189594,528
10255026,-16.4756164,-68.1185089,529
10255026,-16.4756164,-68.1185089,530
10255026,-16.475113,-68.1182041,531
10255026,-16.475113,-68.1182041,532
10255026,-16.4751223,-68.118169,533
10255026,-16.475126,-68.11813,534
10255026,-16.475126,-68.11813,535
10255026,-16.4751256,-68.118098,536
10255026,-16.4751208,-68.1180665,537
10255026,-16.4751119,-68.1180359,538
10255026,-16.4750988,-68.118007,539
10255026,-16.475082,-68.1179803,540
10255026,-16.4750617,-68.1179564,541
10255026,-16.4750617,-68.1179564,542
10255026,-16.4750405,-68.1179358,543
10255026,-16.4750167,-68.1179184,544
10255026,-16.4749828,-68.1179005,545
10255026,-16.4749465,-68.1178887,546
10255026,-16.4749089,-68.1178833,547
10255026,-16.4748709,-68.1178844,548
10255026,-16.4748709,-68.1178844,549
10255026,-16.4748268,-68.1178948,550
10255026,-16.4747861,-68.1179123,551
10255026,-16.4747441,-68.117943,552
10255026,-16.4739382,-68.1174615,553
10255026,-16.4736623,-68.1172795,554
10255026,-16.4732237,-68.1169718,555
10255026,-16.4747441,-68.117943,556
10255026,-16.4746087,-68.117873,557
10255026,-16.4743913,-68.1177439,558
10255026,-16.4742546,-68.1176628,559
10255026,-16.4739382,-68.1174615,560
10255026,-16.4732237,-68.1169718,561
10255026,-16.4730157,-68.1168253,562
10255026,-16.472466,-68.1164382,563
10255026,-16.4721956,-68.1162821,564
10255026,-16.4721386,-68.1162603,565
10255026,-16.4720832,-68.116238,566
10255026,-16.4720064,-68.1162152,567
10255026,-16.4719415,-68.1162,568
10255026,-16.4717221,-68.1161525,569
10255026,-16.4713409,-68.1160802,570
10255026,-16.4710347,-68.1160424,571
10255026,-16.4708364,-68.1160329,572
10255026,-16.470274,-68.1160279,573
10255026,-16.4697861,-68.1160024,574
10255026,-16.4697861,-68.1160024,575
10255026,-16.4696711,-68.1160203,576
10255026,-16.4696162,-68.116032,577
10255026,-16.4695535,-68.1160623,578
10255026,-16.469493,-68.116095,579
10255026,-16.4694416,-68.11613,580
10255026,-16.4694416,-68.11613,581
10255026,-16.4692658,-68.1162427,582
10255026,-16.469149,-68.1162875,583
10255026,-16.469035,-68.1163311,584
10255026,-16.4689103,-68.1163318,585
10255026,-16.4687782,-68.1163107,586
10255026,-16.4686491,-68.1162613,587
10255026,-16.4685901,-68.1162257,588
10255026,-16.468544,-68.11619,589
10255026,-16.4685088,-68.1161531,590
10255026,-16.4684658,-68.1161048,591
10255026,-16.4684,-68.1159838,592
10255026,-16.4684,-68.1159838,593
10255026,-16.4683776,-68.1158828,594
10255026,-16.4683764,-68.1158117,595
10255026,-16.4683847,-68.11575,596
10255026,-16.4684111,-68.1156608,597
10255026,-16.4684317,-68.1156132,598
10255026,-16.4684619,-68.1155603,599
10255026,-16.4685539,-68.115457,600
10255026,-16.4686847,-68.1153332,601
10255026,-16.4687355,-68.1152678,602
10255026,-16.4687909,-68.115204,603
10255026,-16.4687909,-68.115204,604
10255026,-16.4688198,-68.1151217,605
10255026,-16.4688477,-68.1149923,606
10255026,-16.4688522,-68.1148984,607
10255026,-16.4688465,-68.1148213,608
10255026,-16.4688104,-68.1147737,609
10255026,-16.4688104,-68.1147737,610
10255026,-16.4687577,-68.1146657,611
10255026,-16.4686956,-68.1145785,612
10255026,-16.468608,-68.1144831,613
10255026,-16.468608,-68.1144831,614
10255026,-16.4685044,-68.1143809,615
10255026,-16.4681204,-68.1140877,616
10255026,-16.4680304,-68.1140019,617
10255026,-16.4679764,-68.1139174,618
10255026,-16.4679378,-68.1138664,619
10255026,-16.4678851,-68.1137793,620
10255026,-16.4678324,-68.1136854,621
10255026,-16.4677385,-68.1135084,622
10255026,-16.4677205,-68.1134668,623
10255026,-16.4677012,-68.1134051,624
10255026,-16.4676682,-68.1133003,625
10255026,-16.4676443,-68.11321,626
10255026,-16.46762,-68.1131377,627
10255026,-16.4676016,-68.1130705,628
10255026,-16.4675791,-68.1130071,629
10255026,-16.4675132,-68.1128256,630
10255026,-16.46744,-68.1126469,631
10255026,-16.4673229,-68.1124118,632
10255026,-16.4671745,-68.1121961,633
10255026,-16.4671745,-68.1121961,634
10255026,-16.4671017,-68.1120831,635
10255026,-16.4669515,-68.1118389,636
10255026,-16.4668199,-68.1116469,637
10255026,-16.466712,-68.1115372,638
10255026,-16.4665366,-68.1113757,639
10255026,-16.4664688,-68.1113122,640
10255026,-16.4664087,-68.11125,641
10255026,-16.4664087,-68.11125,642
10255026,-16.4660595,-68.1108368,643
10255026,-16.4658235,-68.1106927,644
10255026,-16.4657296,-68.1106438,645
10255026,-16.4655675,-68.1105868,646
10255026,-16.465302,-68.1105412,647
10255026,-16.4651907,-68.1105231,648
10255026,-16.4651045,-68.1104942,649
10255026,-16.4650344,-68.1104587,650
10255026,-16.4649611,-68.1104051,651
10255026,-16.4648833,-68.1103279,652
10255026,-16.4647599,-68.1101033,653
10255026,-16.4647258,-68.1100275,654
10255026,-16.4646654,-68.1099188,655
10255026,-16.4646654,-68.1099188,656
10255026,-16.4648666,-68.1096747,657
10255026,-16.4653056,-68.1090848,658
10255026,-16.4645875,-68.1059606,659
10255026,-16.464545,-68.1060639,660
10255026,-16.4645122,-68.1061182,661
10255026,-16.4644968,-68.1061766,662
10255026,-16.4644865,-68.1062282,663
10255026,-16.4644891,-68.1062979,664
10255026,-16.4645161,-68.1064139,665
10255026,-16.4645958,-68.1066647,666
10255026,-16.464682,-68.1070134,667
10255026,-16.4647026,-68.1070818,668
10255026,-16.4647483,-68.1072622,669
10255026,-16.4647882,-68.1073983,670
10255026,-16.4648349,-68.1075471,671
10255026,-16.4649426,-68.107779,672
10255026,-16.4650511,-68.1080581,673
10255026,-16.4650692,-68.1081151,674
10255026,-16.4650779,-68.1081627,675
10255026,-16.4650802,-68.1081969,676
10255026,-16.4650753,-68.1082311,677
10255026,-16.4650583,-68.1082579,678
10255026,-16.4650371,-68.1082804,679
10255026,-16.4650175,-68.1082904,680
10255026,-16.4649815,-68.1083001,681
10255026,-16.4648728,-68.1083062,682
10255026,-16.4646903,-68.1082872,683
10255026,-16.4646434,-68.1082936,684
10255026,-16.4646122,-68.108308,685
10255026,-16.4645907,-68.1083244,686
10255026,-16.4645775,-68.1083449,687
10255026,-16.4645681,-68.1083734,688
10255026,-16.4645646,-68.1084002,689
10255026,-16.4645714,-68.1084274,690
10255026,-16.4645817,-68.1084435,691
10255026,-16.4646067,-68.1084649,692
10255026,-16.4646614,-68.1084964,693
10255026,-16.4647455,-68.1085261,694
10255026,-16.4649076,-68.108614,695
10255026,-16.4651403,-68.1087267,696
10255026,-16.4652065,-68.1087723,697
10255026,-16.4652605,-68.1088327,698
10255026,-16.4652831,-68.1088856,699
10255026,-16.4653017,-68.1089413,700
10255026,-16.4653159,-68.1090043,701
10255026,-16.4653184,-68.1090472,702
10255026,-16.4653056,-68.1090848,703
10255026,-16.469256,-68.1118312,704
10255026,-16.469458,-68.1115656,705
10255026,-16.4694702,-68.1115317,706
10255026,-16.4694729,-68.1114942,707
10255026,-16.4694577,-68.111454,708
10255026,-16.4690223,-68.1109732,709
10255026,-16.4689577,-68.1109281,710
10255026,-16.4689011,-68.1108972,711
10255026,-16.4687866,-68.1108637,712
10255026,-16.4682954,-68.1109884,713
10255026,-16.4682696,-68.1109207,714
10255026,-16.4682323,-68.1108402,715
10255026,-16.4681622,-68.1107229,716
10255026,-16.4680658,-68.1106129,717
10255026,-16.4678234,-68.1103809,718
10255026,-16.4675321,-68.1101053,719
10255026,-16.4670607,-68.1096326,720
10255026,-16.4668022,-68.1093697,721
10255026,-16.4667321,-68.1092966,722
10255026,-16.4666832,-68.1092289,723
10255026,-16.4665836,-68.1090693,724
10255026,-16.4665295,-68.1089593,725
10255026,-16.4664832,-68.1088923,726
10255026,-16.4663521,-68.1087287,727
10255026,-16.4661206,-68.1084403,728
10255026,-16.4658415,-68.1080682,729
10255026,-16.465778,-68.1080018,730
10255026,-16.4656621,-68.1079207,731
10255026,-16.4656106,-68.1078764,732
10255026,-16.4655708,-68.1078342,733
10255026,-16.4655019,-68.1077363,734
10255026,-16.4654466,-68.1076437,735
10255026,-16.4653798,-68.1075089,736
10255026,-16.4650518,-68.1068404,737
10255026,-16.4648602,-68.1064716,738
10255026,-16.4646904,-68.1061611,739
10255026,-16.4646415,-68.106076,740
10255026,-16.4645875,-68.1059606,741
10255026,-16.4645618,-68.1058909,742
10255026,-16.4645361,-68.1057997,743
10255026,-16.4644692,-68.1055999,744
10255026,-16.4644306,-68.105502,745
10255026,-16.4643882,-68.1054282,746
10255026,-16.4643387,-68.1053571,747
10255026,-16.4641953,-68.1052056,748
10255026,-16.4640538,-68.1050561,749
10255026,-16.4639483,-68.104928,750
10255026,-16.4637464,-68.1046638,751
10255026,-16.4636229,-68.1044707,752
10255026,-16.4634737,-68.1041917,753
10255026,-16.463367,-68.1040066,754
10255026,-16.4632307,-68.1038122,755
10255026,-16.4625889,-68.1030531,756
10255026,-16.4621838,-68.1025623,757
10255026,-16.4617831,-68.1020795,758
10255026,-16.4614828,-68.1017268,759
10255026,-16.4612687,-68.1014974,760
10255026,-16.4612269,-68.1014639,761
10255026,-16.4611896,-68.1014465,762
10255026,-16.4611555,-68.1014438,763
10255026,-16.4611246,-68.1014552,764
10255026,-16.4611002,-68.1014713,765
10255026,-16.4610655,-68.1015082,766
10255026,-16.4609516,-68.101645,767
10255026,-16.4608102,-68.1018434,768
10255026,-16.4607626,-68.1019125,769
10255026,-16.4607504,-68.1019407,770
10255026,-16.4607433,-68.1019762,771
10255026,-16.4607574,-68.1020258,772
10255026,-16.460805,-68.1020983,773
10255026,-16.4611047,-68.1024389,774
10255026,-16.461286,-68.1026521,775
10255026,-16.4614571,-68.1028855,776
10255026,-16.4616384,-68.1031577,777
10255026,-16.4618976,-68.1036063,778
10255026,-16.4619606,-68.1037029,779
10255026,-16.4620243,-68.1037793,780
10255026,-16.4620905,-68.103837,781
10255026,-16.4621568,-68.1038866,782
10255026,-16.4622249,-68.1039376,783
10255026,-16.4622732,-68.1040006,784
10255026,-16.4622838,-68.1040335,785
10255026,-16.46236,-68.1042266,786
10255026,-16.4624011,-68.1043808,787
10255026,-16.4624294,-68.1045216,788
10255026,-16.4624346,-68.1046236,789
10255026,-16.4624204,-68.1047362,790
10255026,-16.4624088,-68.1048542,791
10255026,-16.4624104,-68.1050246,792
10255026,-16.4624513,-68.1053048,793
10255026,-16.462504,-68.1055865,794
10255026,-16.4625452,-68.1058225,795
10255026,-16.4626018,-68.1060666,796
10255026,-16.4626776,-68.1063335,797
10255026,-16.4627381,-68.1064998,798
10255026,-16.4628024,-68.1066218,799
10255026,-16.4628744,-68.1067868,800
10255026,-16.4628969,-68.1068759,801
10255026,-16.4629046,-68.1069873,802
10255026,-16.4629014,-68.1070878,803
10255026,-16.4628853,-68.1071683,804
10255026,-16.4628706,-68.1072313,805
10255026,-16.4628718,-68.1072622,806
10255026,-16.4628802,-68.1072917,807
10255026,-16.462949,-68.1073728,808
10255026,-16.4630635,-68.107468,809
10255026,-16.4631548,-68.1075472,810
10255026,-16.4633348,-68.107696,811
10255026,-16.4635181,-68.1078564,812
10255026,-16.4635798,-68.1079214,813
10255026,-16.4636178,-68.1079878,814
10255026,-16.4636268,-68.1080836,815
10255026,-16.4636255,-68.1081869,816
10255026,-16.4635985,-68.1082888,817
10255026,-16.4635372,-68.1084059,818
10255026,-16.4644306,-68.105502,819
10255026,-16.4643075,-68.105443,820
10255026,-16.4642024,-68.1053705,821
10255026,-16.4641271,-68.1053142,822
10255026,-16.4640628,-68.1052525,823
10255026,-16.463803,-68.1050259,824
10255027,-16.4998451,-68.1249445,0
10255027,-16.4999365,-68.125187,1
10255027,-16.5001339,-68.1255903,2
10255027,-16.5003293,-68.1259615,3
10255027,-16.5004453,-68.1261754,4
10255027,-16.5006044,-68.1265208,5
10255027,-16.5006883,-68.126758,6
10255027,-16.5007056,-68.1268754,7
10255027,-16.5007174,-68.1269895,8
10255027,-16.5006781,-68.1271333,9
10255027,-16.5006141,-68.1273746,10
10255027,-16.5005547,-68.1275817,11
10255027,-16.5002488,-68.1283128,12
10255027,-16.5003655,-68.1280338,13
10255027,-16.5004869,-68.1277449,14
10255027,-16.5005547,-68.1275817,15
10255027,-16.5002488,-68.1283128,16
10255027,-16.5002213,-68.1284127,17
10255027,-16.5002114,-68.1284671,18
10255027,-16.5002028,-68.1285724,19
10255027,-16.5002281,-68.1288345,20
10255027,-16.5002281,-68.1288345,21
10255027,-16.5002485,-68.1290071,22
10255027,-16.5002714,-68.1291489,23
10255027,-16.5003161,-68.1293164,24
10255027,-16.500366,-68.1294551,25
10255027,-16.5007256,-68.1302131,26
10255027,-16.5007134,-68.1301465,27
10255027,-16.5006889,-68.1300721,28
10255027,-16.5006109,-68.1298937,29
10255027,-16.5004863,-68.1296769,30
10255027,-16.500366,-68.1294551,31
10255027,-16.5001953,-68.1314501,32
10255027,-16.5004295,-68.1309588,33
10255027,-16.500599,-68.1306831,34
10255027,-16.5006687,-68.1305698,35
10255027,-16.5007182,-68.1304683,36
10255027,-16.5007267,-68.1303858,37
10255027,-16.5007324,-68.1303302,38
10255027,-16.5007256,-68.1302131,39
10255027,-16.4999932,-68.1318753,40
10255027,-16.5001953,-68.1314501,41
10255027,-16.4999544,-68.131956,42
10255027,-16.4999932,-68.1318753,43
10255027,-16.4999544,-68.131956,44
10255027,-16.4992934,-68.1333441,45
10255027,-16.4992934,-68.1333441,46
10255027,-16.4991844,-68.1335629,47
10255027,-16.498905,-68.1341239,48
10255027,-16.498905,-68.1341239,49
10255027,-16.4987067,-68.1345338,50
10255027,-16.4985261,-68.1348856,51
10255027,-16.4987961,-68.1351005,52
10255027,-16.4985261,-68.1348856,53
10255027,-16.4989191,-68.1351898,54
10255027,-16.4987961,-68.1351005,55
10255027,-16.4995959,-68.1361946,56
10255027,-16.4989191,-68.1351898,57
10255027,-16.4980876,-68.1370346,58
10255027,-16.4982981,-68.1369287,59
10255027,-16.498944,-68.1365999,60
10255027,-16.4992671,-68.1364075,61
10255027,-16.4995959,-68.1361946,62
10255027,-16.4969467,-68.1377733,63
10255027,-16.4975133,-68.137338,64
10255027,-16.4977918,-68.1371863,65
10255027,-16.4980876,-68.1370346,66
10255027,-16.4956955,-68.1383617,67
10255027,-16.4961123,-68.1381744,68
10255027,-16.4961997,-68.1381351,69
10255027,-16.4969467,-68.1377733,70
10255027,-16.4938302,-68.1396938,71
10255027,-16.4946185,-68.1390242,72
10255027,-16.4950217,-68.1387443,73
10255027,-16.495059,-68.1387231,74
10255027,-16.4956955,-68.1383617,75
10255027,-16.4938043,-68.1406343,76
10255027,-16.4937916,-68.1405472,77
10255027,-16.4937898,-68.1405055,78
10255027,-16.4937904,-68.1404766,79
10255027,-16.4937968,-68.140368,80
10255027,-16.4938302,-68.1396938,81
10255126,-16.5034574,-68.1625508,0
10255126,-16.503045,-68.1625183,1
10255126,-16.501908,-68.1624792,2
10255126,-16.501908,-68.1624792,3
10255126,-16.5016873,-68.162469,4
10255126,-16.5016873,-68.162469,5
10255126,-16.5014733,-68.1624921,6
10255126,-16.5012081,-68.1625649,7
10255126,-16.5006791,-68.1627185,8
10255126,-16.4999886,-68.1629284,9
10255126,-16.4995753,-68.1629896,10
10255126,-16.4995753,-68.1629896,11
10255126,-16.4989383,-68.1630507,12
10255126,-16.4989383,-68.1630507,13
10255126,-16.4983013,-68.1631118,14
10255126,-16.4981509,-68.1631453,15
10255126,-16.4981509,-68.1631453,16
10255126,-16.4979657,-68.1632138,17
10255126,-16.4978269,-68.1632728,18
10255126,-16.4976275,-68.1633867,19
10255126,-16.4974346,-68.1635369,20
10255126,-16.496617,-68.1642176,21
10255126,-16.4960021,-68.164815,22
10255126,-16.495835,-68.1650028,23
10255126,-16.4956601,-68.165212,24
10255126,-16.4955444,-68.1653836,25
10255126,-16.4953772,-68.1656612,26
10255126,-16.4947428,-68.1666602,27
10255126,-16.4946067,-68.166852,28
10255126,-16.4943478,-68.1671403,29
10255126,-16.4940635,-68.1674,30
10255126,-16.4924093,-68.1686827,31
10255126,-16.492075,-68.1689188,32
10255126,-16.4917549,-68.1690961,33
10255126,-16.4914988,-68.1692138,34
10255126,-16.4911336,-68.1693426,35
10255126,-16.4907916,-68.1694257,36
10255126,-16.4906532,-68.1694395,37
10255126,-16.4904954,-68.1694552,38
10255126,-16.4902332,-68.169469,39
10255126,-16.489982,-68.1694628,40
10255126,-16.48976,-68.1694469,41
10255126,-16.4893163,-68.1693748,42
10255126,-16.4890612,-68.1693091,43
10255126,-16.4887839,-68.1692186,44
10255126,-16.4884843,-68.1690808,45
10255126,-16.4882631,-68.1689632,46
10255126,-16.4880525,-68.1688222,47
10255126,-16.4878622,-68.1686833,48
10255126,-16.487604,-68.1684592,49
10255126,-16.4874021,-68.1682586,50
10255126,-16.4872778,-68.1681164,51
10255126,-16.4871774,-68.1679795,52
10255126,-16.4870512,-68.1677926,53
10255126,-16.4864655,-68.16685,54
10255126,-16.4864344,-68.1667934,55
10255126,-16.4862142,-68.1663902,56
10255126,-16.4861289,-68.166173,57
10255126,-16.4860684,-68.1659608,58
10255126,-16.486023,-68.1656944,59
10255126,-16.486023,-68.1656944,60
10255126,-16.4860062,-68.1654955,61
10255126,-16.4780792,-68.1597387,62
10255126,-16.4775665,-68.1596755,63
10255126,-16.4771834,-68.159615,64
10255126,-16.4765968,-68.1594754,65
10255126,-16.4762473,-68.1593915,66
10255126,-16.4757157,-68.1592639,67
10255126,-16.4755374,-68.1592453,68
10255126,-16.4753725,-68.1592408,69
10255126,-16.4752057,-68.1592522,70
10255126,-16.4750298,-68.159287,71
10255126,-16.4746012,-68.1594218,72
10255126,-16.4743382,-68.159552,73
10255126,-16.4742292,-68.1596028,74
10255126,-16.4734457,-68.1599677,75
10255126,-16.4732875,-68.1600254,76
10255126,-16.4731293,-68.160067,77
10255126,-16.4729441,-68.1601045,78
10255126,-16.4727615,-68.1601286,79
10255126,-16.4724914,-68.160126,80
10255126,-16.4723063,-68.1601032,81
10255126,-16.4720566,-68.1600282,82
10255126,-16.4718738,-68.1599451,83
10255126,-16.4716684,-68.1598,84
10255126,-16.4714549,-68.1596123,85
10255126,-16.4712594,-68.1593602,86
10255126,-16.4711179,-68.1591188,87
10255126,-16.4701663,-68.1571259,88
10255126,-16.4700093,-68.1568684,89
10255126,-16.4698755,-68.1566914,90
10255126,-16.4696647,-68.1564955,91
10255126,-16.4694486,-68.1563132,92
10255126,-16.4692248,-68.1561683,93
10255126,-16.4690344,-68.1560799,94
10255126,-16.468821,-68.1560262,95
10255126,-16.4672761,-68.1556947,96
10255126,-16.4669779,-68.1556075,97
10255126,-16.4667579,-68.1555228,98
10255126,-16.4665776,-68.1554274,99
10255126,-16.4663884,-68.1553041,100
10255126,-16.4661202,-68.1550835,101
10255126,-16.4656245,-68.1546624,102
10255126,-16.4654016,-68.1545,103
10255126,-16.4651596,-68.1543345,104
10255126,-16.464953,-68.1542121,105
10255126,-16.4647616,-68.1541134,106
10255126,-16.4640975,-68.15382,107
10255126,-16.4637108,-68.153603,108
10255126,-16.463423,-68.1533775,109
10255126,-16.4632455,-68.1532005,110
10255126,-16.4631092,-68.1530047,111
10255126,-16.4630063,-68.1528062,112
10255126,-16.4625209,-68.1517052,113
10255126,-16.4808889,-68.1601098,114
10255126,-16.4780792,-68.1597387,115
10255126,-16.4860062,-68.1654955,116
10255126,-16.486012,-68.1651073,117
10255126,-16.4860422,-68.164773,118
10255126,-16.4863828,-68.1618502,119
10255126,-16.4863992,-68.1616181,120
10255126,-16.4864014,-68.1613854,121
10255126,-16.4863796,-68.1611498,122
10255126,-16.4863376,-68.1609122,123
10255126,-16.4862758,-68.1606983,124
10255126,-16.4861976,-68.1605029,125
10255126,-16.4860982,-68.1603118,126
10255126,-16.4859899,-68.1601452,127
10255126,-16.485862,-68.1599846,128
10255126,-16.4857233,-68.1598415,129
10255126,-16.4855884,-68.1597256,130
10255126,-16.4854175,-68.159605,131
10255126,-16.4852527,-68.1595116,132
10255126,-16.4850677,-68.159426,133
10255126,-16.4848842,-68.1593573,134
10255126,-16.4846977,-68.159308,135
10255126,-16.4845152,-68.159274,136
10255126,-16.4843601,-68.1592615,137
10255126,-16.4842191,-68.159261,138
10255126,-16.4840724,-68.1592711,139
10255126,-16.4839211,-68.1592976,140
10255126,-16.4837532,-68.159345,141
10255126,-16.4837232,-68.1593535,142
10255126,-16.4835032,-68.1594359,143
10255126,-16.4832954,-68.1595386,144
10255126,-16.482421,-68.1600015,145
10255126,-16.4822734,-68.1600657,146
10255126,-16.4821613,-68.1601022,147
10255126,-16.4819402,-68.1601623,148
10255126,-16.4817729,-68.1601885,149
10255126,-16.4815403,-68.1601914,150
10255126,-16.4812106,-68.1601503,151
10255126,-16.4808889,-68.1601098,152
10255126,-16.4625209,-68.1517052,153
10255126,-16.4624666,-68.1515574,154
10255126,-16.4624666,-68.1515574,155
10255126,-16.4623519,-68.1512934,156
10255126,-16.4622529,-68.1510898,157
10255126,-16.4621108,-68.150876,158
10255126,-16.4619158,-68.1506467,159
10255126,-16.4617293,-68.1504674,160
10255126,-16.4616155,-68.1503699,161
10255126,-16.4605156,-68.1494473,162
10255126,-16.46036,-68.1493011,163
10255126,-16.4602314,-68.149175,164
10255126,-16.4601195,-68.1490436,165
10255126,-16.4600308,-68.1489001,166
10255126,-16.4599665,-68.1487446,167
10255126,-16.4599202,-68.1486078,168
10255126,-16.4598829,-68.1484602,169
10255126,-16.459862,-68.1482389,170
10255126,-16.4598649,-68.1481075,171
10255126,-16.4598809,-68.1479815,172
10255126,-16.4599099,-68.1478601,173
10255126,-16.4599472,-68.1477441,174
10255126,-16.4599954,-68.1476328,175
10255126,-16.4600539,-68.1475369,176
10255126,-16.460132,-68.1474289,177
10255126,-16.4602056,-68.1473524,178
10255126,-16.4602263,-68.147331,179
10255126,-16.4603613,-68.147213,180
10255126,-16.4604481,-68.1471527,181
10255126,-16.4605523,-68.1470943,182
10255126,-16.4606803,-68.1470373,183
10255126,-16.4607671,-68.1470085,184
10255126,-16.4608623,-68.1469837,185
10255126,-16.4609523,-68.146973,186
10255126,-16.4610584,-68.1469676,187
10255126,-16.4611934,-68.1469783,188
10255126,-16.4613285,-68.1470025,189
10255126,-16.4614944,-68.1470588,190
10255126,-16.4615986,-68.1471138,191
10255126,-16.4617838,-68.1472385,192
10255126,-16.4619381,-68.1473833,193
10255126,-16.4620912,-68.1475778,194
10255126,-16.4622378,-68.1477991,195
10255126,-16.4623535,-68.1480418,196
10255126,-16.4625327,-68.1484968,197
10255126,-16.4627611,-68.1492389,198
10255126,-16.4627611,-68.1492389,199
10255126,-16.462889,-68.1497437,200
10255126,-16.462889,-68.1497437,201
10255126,-16.4630298,-68.1502997,202
10255126,-16.46313,-68.1506959,203
10255126,-16.46313,-68.1506959,204
10255126,-16.4632266,-68.1509575,205
10255126,-16.4633554,-68.1511988,206
10255126,-16.4633554,-68.1511988,207
10255126,-16.4635549,-68.1514855,208
10255126,-16.4637216,-68.1516905,209
10255126,-16.4639291,-68.1518726,210
10255126,-16.4642463,-68.1520713,211
10255126,-16.4646217,-68.1522643,212
10255126,-16.4654032,-68.1525956,213
10255126,-16.4654032,-68.1525956,214
10255126,-16.4655729,-68.1526727,215
10255126,-16.4655729,-68.1526727,216
10255126,-16.4659801,-68.1528575,217
10255126,-16.4661469,-68.1529045,218
10255126,-16.4663176,-68.1529393,219
10255126,-16.4664702,-68.1529561,220
10255126,-16.4666344,-68.1529607,221
10255126,-16.4670225,-68.15292,222
10255126,-16.4699179,-68.1525337,223
10255126,-16.4703906,-68.1525045,224
10255126,-16.4707735,-68.1524768,225
10255126,-16.471635,-68.152479,226
10255126,-16.472134,-68.1524816,227
10255126,-16.4723813,-68.1524894,228
10255126,-16.4726226,-68.1525219,229
10255126,-16.4729081,-68.152597,230
10255126,-16.4743653,-68.1530007,231
10255126,-16.4749062,-68.1531595,232
10255126,-16.4751787,-68.1532078,233
10255126,-16.4753756,-68.1532334,234
10255126,-16.4756765,-68.1532387,235
10255126,-16.4758783,-68.1532155,236
10255126,-16.4761649,-68.153147,237
10255126,-16.4764691,-68.153043,238
10255126,-16.4766215,-68.1529782,239
10255126,-16.4768753,-68.1528189,240
10255126,-16.4771023,-68.1526673,241
10255126,-16.4771936,-68.1525975,242
10255126,-16.4773698,-68.1524366,243
10255126,-16.477984,-68.1518561,244
10255126,-16.4787067,-68.1512266,245
10255126,-16.4794383,-68.1504797,246
10255126,-16.479618,-68.1503046,247
10255126,-16.4797278,-68.1501391,248
10255126,-16.4803374,-68.14905,249
10255126,-16.4804635,-68.1488758,250
10255126,-16.4805612,-68.1487658,251
10255126,-16.4807541,-68.1485914,252
10255126,-16.4809822,-68.1483892,253
10255126,-16.4811905,-68.1482792,254
10255126,-16.4821576,-68.1478956,255
10255126,-16.4830549,-68.1475518,256
10255126,-16.4837304,-68.147276,257
10255126,-16.4841521,-68.1470896,258
10255126,-16.4843374,-68.1469823,259
10255126,-16.4845495,-68.1468295,260
10255126,-16.4847141,-68.1466699,261
10255126,-16.4848646,-68.1464888,262
10255126,-16.4851346,-68.1461803,263
10255126,-16.4853431,-68.145938,264
10255126,-16.4855924,-68.1457078,265
10255126,-16.4857545,-68.1455849,266
10255126,-16.4858844,-68.1455031,267
10255126,-16.4861102,-68.1453813,268
10255126,-16.486872,-68.1450538,269
10255126,-16.486872,-68.1450538,270
10255126,-16.4874396,-68.1448145,271
10255126,-16.4876976,-68.1446984,272
10255126,-16.4878943,-68.1445657,273
10255126,-16.4881387,-68.1443713,274
10255126,-16.4881387,-68.1443713,275
10255126,-16.4885762,-68.1439944,276
10255126,-16.4885762,-68.1439944,277
10255126,-16.4893109,-68.1432639,278
10255126,-16.4894623,-68.1431056,279
10255126,-16.4896664,-68.1428331,280
10255126,-16.4897849,-68.1426394,281
10255126,-16.4899398,-68.1423305,282
10255126,-16.4901016,-68.1419109,283
10255126,-16.4904711,-68.1409424,284
10255126,-16.4905148,-68.1408485,285
10255126,-16.4908291,-68.1401382,286
10255126,-16.4908291,-68.1401382,287
10255126,-16.4908489,-68.1400894,288
10255126,-16.490886,-68.14,289
10255126,-16.4910586,-68.1396044,290
10255126,-16.4911839,-68.1393098,291
10255126,-16.4912133,-68.1392385,292
10255126,-16.4912133,-68.1392385,293
10255126,-16.4912416,-68.1391667,294
10255126,-16.4912416,-68.1391667,295
10255126,-16.4912901,-68.1390937,296
10255126,-16.4913981,-68.1389172,297
10255126,-16.4915614,-68.1386667,298
10255126,-16.4916996,-68.1384745,299
10255126,-16.4919899,-68.1381169,300
10255126,-16.4920617,-68.1380324,301
10255126,-16.4921187,-68.1379684,302
10255126,-16.4921187,-68.1379684,303
10255126,-16.4922436,-68.1378407,304
10255126,-16.492363,-68.137732,305
10255126,-16.4925377,-68.1375886,306
10255126,-16.4926995,-68.1374902,307
10255126,-16.4929478,-68.1373884,308
10255126,-16.4930461,-68.1373525,309
10255126,-16.4932862,-68.1372729,310
10255126,-16.4936373,-68.1371775,311
10255126,-16.4938771,-68.1370783,312
10255126,-16.4942902,-68.1369246,313
10255126,-16.4942902,-68.1369246,314
10255126,-16.4945081,-68.1369601,315
10255126,-16.4946386,-68.1369701,316
10255126,-16.4946386,-68.1369701,317
10255126,-16.4948487,-68.1369589,318
10255126,-16.4950056,-68.1369482,319
10255126,-16.495066,-68.1369334,320
10255126,-16.4950904,-68.1369214,321
10255126,-16.4950904,-68.1369214,322
10255126,-16.4952915,-68.1366208,323
10255126,-16.4952915,-68.1366208,324
10255126,-16.495345,-68.1365466,325
10255126,-16.495345,-68.1365466,326
10255126,-16.4956557,-68.1360938,327
10255126,-16.4960832,-68.1353047,328
10255126,-16.4960832,-68.1353047,329
10255126,-16.4954354,-68.1348985,330
10255126,-16.4954023,-68.1348777,331
10255126,-16.4953677,-68.1348571,332
10255126,-16.4946904,-68.1344135,333
10255126,-16.4933341,-68.1334753,334
10255126,-16.4937797,-68.1327563,335
10255126,-16.4937797,-68.1327563,336
10255126,-16.4942059,-68.1319939,337
10255126,-16.4946793,-68.1312329,338
10255126,-16.4949894,-68.1308274,339
10255126,-16.4946793,-68.1312329,340
10255126,-16.4960026,-68.1286871,341
10255126,-16.4958775,-68.1288886,342
10255126,-16.4956292,-68.1294275,343
10255126,-16.4954685,-68.1297784,344
10255126,-16.4952492,-68.1302909,345
10255126,-16.4949894,-68.1308274,346
10255126,-16.4962349,-68.1283486,347
10255126,-16.4961874,-68.1284043,348
10255126,-16.4960636,-68.1285879,349
10255126,-16.4960026,-68.1286871,350
10255126,-16.4963862,-68.1281183,351
10255126,-16.4962349,-68.1283486,352
10255126,-16.4964287,-68.1280634,353
10255126,-16.4963862,-68.1281183,354
10255126,-16.496472,-68.1280073,355
10255126,-16.4964287,-68.1280634,356
10255126,-16.496516,-68.1279505,357
10255126,-16.496472,-68.1280073,358
10255126,-16.4966276,-68.1277853,359
10255126,-16.4966118,-68.1278254,360
10255126,-16.496516,-68.1279505,361
10255126,-16.496346,-68.1261954,362
10255126,-16.4964185,-68.126289,363
10255126,-16.4964561,-68.1264639,364
10255126,-16.4964551,-68.1267063,365
10255126,-16.4964472,-68.1270058,366
10255126,-16.496457,-68.1272731,367
10255126,-16.4964821,-68.1274418,368
10255126,-16.4965562,-68.1276401,369
10255126,-16.4966125,-68.1277388,370
10255126,-16.4966276,-68.1277853,371
10255126,-16.4962399,-68.1260798,372
10255126,-16.496346,-68.1261954,373
10255126,-16.4962399,-68.1260798,374
10255126,-16.4961532,-68.1260512,375
10255126,-16.4960783,-68.1260264,376
10255126,-16.4958537,-68.125952,377
10255126,-16.4953015,-68.1257535,378
10255126,-16.4951346,-68.1257172,379
10255126,-16.4949621,-68.1257101,380
10255126,-16.4947559,-68.1257376,381
10255126,-16.4946356,-68.1257431,382
10255126,-16.4945693,-68.1257461,383
10255126,-16.4944581,-68.1257349,384
10255126,-16.4943568,-68.1256927,385
10255126,-16.4942336,-68.1255896,386
10255126,-16.4936129,-68.1250598,387
10255126,-16.4934851,-68.1249543,388
10255126,-16.4933742,-68.1248889,389
10255126,-16.4932977,-68.1248585,390
10255126,-16.4931991,-68.1248597,391
10255126,-16.4930875,-68.1249053,392
10255126,-16.4929657,-68.1249834,393
10255126,-16.4928679,-68.1250681,394
10255126,-16.4926862,-68.1251878,395
10255126,-16.4926862,-68.1251878,396
10255126,-16.4925621,-68.1251825,397
10255126,-16.4924027,-68.1251785,398
10255126,-16.492254,-68.125161,399
10255126,-16.4922273,-68.1251592,400
10255126,-16.4922273,-68.1251592,401
10255126,-16.4921051,-68.1251251,402
10255126,-16.4919699,-68.1251044,403
10255126,-16.4918,-68.1251032,404
10255126,-16.4915835,-68.1251068,405
10255126,-16.4912751,-68.1251524,406
10255126,-16.4907929,-68.1252364,407
10255126,-16.490701,-68.1252716,408
10255126,-16.4891896,-68.1255627,409
10255126,-16.4892455,-68.125578,410
10255126,-16.4893005,-68.1255852,411
10255126,-16.4893699,-68.1255795,412
10255126,-16.4898504,-68.1253967,413
10255126,-16.4900316,-68.1253436,414
10255126,-16.4901173,-68.125329,415
10255126,-16.490701,-68.1252716,416
10255126,-16.4889591,-68.1253396,417
10255126,-16.4891896,-68.1255627,418
10255126,-16.4887759,-68.1251606,419
10255126,-16.4889591,-68.1253396,420
10255126,-16.4887759,-68.1251606,421
10255126,-16.4887188,-68.1251088,422
10255126,-16.4884411,-68.1249739,423
10255126,-16.4880707,-68.1248325,424
10255126,-16.4877033,-68.124693,425
10255126,-16.4870875,-68.1244187,426
10255126,-16.4869292,-68.1243508,427
10255126,-16.4866821,-68.1242541,428
10255126,-16.4863796,-68.1241643,429
10255126,-16.4861604,-68.1241127,430
10255126,-16.4859422,-68.1240199,431
10255126,-16.4858168,-68.1239494,432
10255126,-16.4857551,-68.123912,433
10255126,-16.4855088,-68.1237362,434
10255126,-16.4853997,-68.1236633,435
10255126,-16.485188,-68.123554,436
10255126,-16.4842145,-68.1232006,437
10255126,-16.4839926,-68.1231109,438
10255126,-16.4837494,-68.1230066,439
10255126,-16.4835306,-68.122897,440
10255126,-16.4829509,-68.1225101,441
10255126,-16.4826633,-68.1222777,442
10255126,-16.4824628,-68.1221025,443
10255126,-16.4824628,-68.1221025,444
10255126,-16.4823958,-68.1220374,445
10255126,-16.4823444,-68.1219875,446
10255126,-16.4822343,-68.1218721,447
10255126,-16.4822343,-68.1218721,448
10255126,-16.4820872,-68.1218867,449
10255126,-16.4820872,-68.1218867,450
10255126,-16.4819422,-68.121858,451
10255126,-16.4819133,-68.1218519,452
10255126,-16.4819133,-68.1218519,453
10255126,-16.4818832,-68.1217971,454
10255126,-16.4818832,-68.1217971,455
10255126,-16.4812919,-68.1216015,456
10255126,-16.480885,-68.1214418,457
10255126,-16.4799347,-68.1211092,458
10255126,-16.4798517,-68.1210634,459
10255126,-16.4797069,-68.120983,460
10255126,-16.4795826,-68.1209139,461
10255126,-16.4799101,-68.1211608,462
10255126,-16.4802407,-68.1212835,463
10255126,-16.4796805,-68.1210392,464
10255126,-16.4799101,-68.1211608,465
10255126,-16.4795826,-68.1209139,466
10255126,-16.4786237,-68.1203517,467
10255126,-16.4785789,-68.1203254,468
10255126,-16.4785789,-68.1203254,469
10255126,-16.4785743,-68.1203014,470
10255126,-16.4785623,-68.1202804,471
10255126,-16.4785442,-68.1202649,472
10255126,-16.4785221,-68.1202567,473
10255126,-16.4784986,-68.1202566,474
10255126,-16.4784765,-68.1202648,475
10255126,-16.4784765,-68.1202648,476
10255126,-16.478447,-68.120246,477
10255126,-16.4772972,-68.1195129,478
10255126,-16.4772972,-68.1195129,479
10255126,-16.4763715,-68.1189594,480
10255126,-16.4756164,-68.1185089,481
10255126,-16.4756164,-68.1185089,482
10255126,-16.475113,-68.1182041,483
10255126,-16.475113,-68.1182041,484
10255126,-16.4751223,-68.118169,485
10255126,-16.475126,-68.11813,486
10255126,-16.475126,-68.11813,487
10255126,-16.4751256,-68.118098,488
10255126,-16.4751208,-68.1180665,489
10255126,-16.4751119,-68.1180359,490
10255126,-16.4750988,-68.118007,491
10255126,-16.475082,-68.1179803,492
10255126,-16.4750617,-68.1179564,493
10255126,-16.4750617,-68.1179564,494
10255126,-16.4750405,-68.1179358,495
10255126,-16.4750167,-68.1179184,496
10255126,-16.4749828,-68.1179005,497
10255126,-16.4749465,-68.1178887,498
10255126,-16.4749089,-68.1178833,499
10255126,-16.4748709,-68.1178844,500
10255126,-16.4748709,-68.1178844,501
10255126,-16.4748268,-68.1178948,502
10255126,-16.4747861,-68.1179123,503
10255126,-16.4747441,-68.117943,504
10255126,-16.4739382,-68.1174615,505
10255126,-16.4736623,-68.1172795,506
10255126,-16.4732237,-68.1169718,507
10255126,-16.4747441,-68.117943,508
10255126,-16.4746087,-68.117873,509
10255126,-16.4743913,-68.1177439,510
10255126,-16.4742546,-68.1176628,511
10255126,-16.4739382,-68.1174615,512
10255126,-16.4732237,-68.1169718,513
10255126,-16.4730157,-68.1168253,514
10255126,-16.472466,-68.1164382,515
10255126,-16.4721956,-68.1162821,516
10255126,-16.4721386,-68.1162603,517
10255126,-16.4720832,-68.116238,518
10255126,-16.4720064,-68.1162152,519
10255126,-16.4719415,-68.1162,520
10255126,-16.4717221,-68.1161525,521
10255126,-16.4713409,-68.1160802,522
10255126,-16.4710347,-68.1160424,523
10255126,-16.4708364,-68.1160329,524
10255126,-16.470274,-68.1160279,525
10255126,-16.4697861,-68.1160024,526
10255126,-16.4697861,-68.1160024,527
10255126,-16.4696711,-68.1160203,528
10255126,-16.4696162,-68.116032,529
10255126,-16.4695535,-68.1160623,530
10255126,-16.469493,-68.116095,531
10255126,-16.4694416,-68.11613,532
10255126,-16.4694416,-68.11613,533
10255126,-16.4692658,-68.1162427,534
10255126,-16.469149,-68.1162875,535
10255126,-16.469035,-68.1163311,536
10255126,-16.4689103,-68.1163318,537
10255126,-16.4687782,-68.1163107,538
10255126,-16.4686491,-68.1162613,539
10255126,-16.4685901,-68.1162257,540
10255126,-16.468544,-68.11619,541
10255126,-16.4685088,-68.1161531,542
10255126,-16.4684658,-68.1161048,543
10255126,-16.4684,-68.1159838,544
10255126,-16.4684,-68.1159838,545
10255126,-16.4683776,-68.1158828,546
10255126,-16.4683764,-68.1158117,547
10255126,-16.4683847,-68.11575,548
10255126,-16.4684111,-68.1156608,549
10255126,-16.4684317,-68.1156132,550
10255126,-16.4684619,-68.1155603,551
10255126,-16.4685539,-68.115457,552
10255126,-16.4686847,-68.1153332,553
10255126,-16.4687355,-68.1152678,554
10255126,-16.4687909,-68.115204,555
10255126,-16.4687909,-68.115204,556
10255126,-16.4688198,-68.1151217,557
10255126,-16.4688477,-68.1149923,558
10255126,-16.4688522,-68.1148984,559
10255126,-16.4688465,-68.1148213,560
10255126,-16.4688104,-68.1147737,561
10255126,-16.4688104,-68.1147737,562
10255126,-16.4687577,-68.1146657,563
10255126,-16.4686956,-68.1145785,564
10255126,-16.468608,-68.1144831,565
10255126,-16.468608,-68.1144831,566
10255126,-16.4685044,-68.1143809,567
10255126,-16.4681204,-68.1140877,568
10255126,-16.4680304,-68.1140019,569
10255126,-16.4679764,-68.1139174,570
10255126,-16.4679378,-68.1138664,571
10255126,-16.4678851,-68.1137793,572
10255126,-16.4678324,-68.1136854,573
10255126,-16.4677385,-68.1135084,574
10255126,-16.4677205,-68.1134668,575
10255126,-16.4677012,-68.1134051,576
10255126,-16.4676682,-68.1133003,577
10255126,-16.4676443,-68.11321,578
10255126,-16.46762,-68.1131377,579
10255126,-16.4676016,-68.1130705,580
10255126,-16.4675791,-68.1130071,581
10255126,-16.4675132,-68.1128256,582
10255126,-16.46744,-68.1126469,583
10255126,-16.4673229,-68.1124118,584
10255126,-16.4671745,-68.1121961,585
10255126,-16.4671745,-68.1121961,586
10255126,-16.4671017,-68.1120831,587
10255126,-16.4669515,-68.1118389,588
10255126,-16.4668199,-68.1116469,589
10255126,-16.466712,-68.1115372,590
10255126,-16.4665366,-68.1113757,591
10255126,-16.4664688,-68.1113122,592
10255126,-16.4664087,-68.11125,593
10255126,-16.4664087,-68.11125,594
10255126,-16.4660595,-68.1108368,595
10255126,-16.4658235,-68.1106927,596
10255126,-16.4657296,-68.1106438,597
10255126,-16.4655675,-68.1105868,598
10255126,-16.465302,-68.1105412,599
10255126,-16.4651907,-68.1105231,600
10255126,-16.4651045,-68.1104942,601
10255126,-16.4650344,-68.1104587,602
10255126,-16.4649611,-68.1104051,603
10255126,-16.4648833,-68.1103279,604
10255126,-16.4647599,-68.1101033,605
10255126,-16.4647258,-68.1100275,606
10255126,-16.4646654,-68.1099188,607
10255126,-16.4646654,-68.1099188,608
10255126,-16.4646442,-68.1098732,609
10255126,-16.4643893,-68.1094717,610
10255126,-16.4642787,-68.1093175,611
10255126,-16.4642106,-68.1092161,612
10255126,-16.4641855,-68.1091794,613
10255126,-16.4641399,-68.1091127,614
10255126,-16.4639537,-68.1088597,615
10255126,-16.4638508,-68.1087404,616
10255126,-16.4637378,-68.1086237,617
10255126,-16.4635372,-68.1084059,618
10255126,-16.46302,-68.1078923,619
10255126,-16.4626947,-68.1075426,620
10255126,-16.462633,-68.1074802,621
10255126,-16.4624402,-68.1072263,622
10255126,-16.4621435,-68.1067877,623
10255126,-16.4620238,-68.1066039,624
10255126,-16.4619997,-68.1065661,625
10255126,-16.461981,-68.1065349,626
10255126,-16.4619064,-68.1064125,627
10255126,-16.4618826,-68.1063756,628
10255126,-16.4618426,-68.1063146,629
10255126,-16.4613304,-68.1054571,630
10255126,-16.4612531,-68.1053461,631
10255126,-16.46111,-68.1049995,632
10255126,-16.4610664,-68.1048934,633
10255126,-16.4608526,-68.1043024,634
10255126,-16.4607156,-68.1039892,635
10255126,-16.4606327,-68.103831,636
10255126,-16.4605504,-68.1036955,637
10255126,-16.4604638,-68.1035843,638
10255126,-16.4603177,-68.1034399,639
10255126,-16.4603177,-68.1034399,640
10255126,-16.4601153,-68.1032521,641
10255126,-16.4600411,-68.1031865,642
10255126,-16.459938,-68.1031196,643
10255126,-16.4598028,-68.1030252,644
10255126,-16.4597082,-68.1029414,645
10255126,-16.4596475,-68.1028809,646
10255126,-16.4595813,-68.1028352,647
10255126,-16.4592323,-68.102526,648
10255126,-16.4588451,-68.1022106,649
10255142,-16.4854136,-68.1511799,0
10255142,-16.4851705,-68.1510184,1
10255142,-16.4847411,-68.1507295,2
10255142,-16.4846489,-68.1506627,3
10255142,-16.4845245,-68.1505644,4
10255142,-16.4844616,-68.1504802,5
10255142,-16.4865613,-68.1509459,6
10255142,-16.4865788,-68.1511096,7
10255142,-16.4865773,-68.1511851,8
10255142,-16.4865552,-68.1512213,9
10255142,-16.4865008,-68.1512406,10
10255142,-16.4864277,-68.1512487,11
10255142,-16.4861069,-68.1512095,12
10255142,-16.4854136,-68.1511799,13
10255142,-16.4868079,-68.1509398,14
10255142,-16.4867036,-68.1509195,15
10255142,-16.4866391,-68.1509274,16
10255142,-16.4865613,-68.1509459,17
10255142,-16.4876259,-68.1509603,18
10255142,-16.4875175,-68.1509842,19
10255142,-16.4871131,-68.1510008,20
10255142,-16.4869653,-68.1509822,21
10255142,-16.4868765,-68.1509583,22
10255142,-16.4868079,-68.1509398,23
10255142,-16.4873415,-68.1494584,24
10255142,-16.4873522,-68.149575,25
10255142,-16.4874446,-68.1502046,26
10255142,-16.4874913,-68.1503474,27
10255142,-16.4875871,-68.1505917,28
10255142,-16.4876493,-68.1507355,29
10255142,-16.4876631,-68.1508093,30
10255142,-16.4876743,-68.1508779,31
10255142,-16.487656,-68.1509299,32
10255142,-16.4876259,-68.1509603,33
10255142,-16.4873415,-68.1494584,34
10255142,-16.4875849,-68.1493564,35
10255142,-16.4875999,-68.149332,36
10255142,-16.4876044,-68.1492888,37
10255142,-16.4875931,-68.1492209,38
10255142,-16.4875576,-68.1489603,39
10255142,-16.4875513,-68.1490681,40
10255142,-16.4875931,-68.1492209,41
10255142,-16.4876259,-68.1489736,42
10255142,-16.4876361,-68.1489622,43
10255142,-16.4875576,-68.1489603,44
10255142,-16.4875678,-68.1489726,45
10255142,-16.4875813,-68.1489807,46
10255142,-16.4875967,-68.1489837,47
10255142,-16.4876121,-68.1489812,48
10255142,-16.4876259,-68.1489736,49
10255142,-16.4875514,-68.1489284,50
10255142,-16.4875518,-68.1489449,51
10255142,-16.4875576,-68.1489603,52
10255142,-16.4876129,-68.1488894,53
10255142,-16.4875967,-68.1488866,54
10255142,-16.4875807,-68.1488899,55
10255142,-16.4875667,-68.1488988,56
10255142,-16.4875565,-68.1489121,57
10255142,-16.4875514,-68.1489284,58
10255142,-16.4876213,-68.1488935,59
10255142,-16.4876129,-68.1488894,60
10255142,-16.4876361,-68.1489622,61
10255142,-16.4876423,-68.148948,62
10255142,-16.4876439,-68.1489324,63
10255142,-16.4876406,-68.1489171,64
10255142,-16.4876328,-68.1489037,65
10255142,-16.4876213,-68.1488935,66
10255142,-16.4875292,-68.1489102,67
10255142,-16.4875514,-68.1489284,68
10255142,-16.4875057,-68.1486223,69
10255142,-16.4874886,-68.1487187,70
10255142,-16.4874886,-68.1487526,71
10255142,-16.4874951,-68.1488116,72
10255142,-16.4875079,-68.148878,73
10255142,-16.4875292,-68.1489102,74
10255142,-16.4875057,-68.1486223,75
10255142,-16.487549,-68.1485226,76
10255142,-16.4875964,-68.148426,77
10255142,-16.4876667,-68.1482899,78
10255142,-16.4878095,-68.1480002,79
10255142,-16.4878976,-68.147728,80
10255142,-16.4879696,-68.1475624,81
10255142,-16.4880538,-68.1473659,82
10255142,-16.48814,-68.1472076,83
10255142,-16.488203,-68.147101,84
10255142,-16.4882602,-68.1470353,85
10255142,-16.4883422,-68.1469546,86
10255142,-16.4885077,-68.146812,87
10255142,-16.4885862,-68.1467517,88
10255142,-16.4886621,-68.146694,89
10255142,-16.4887662,-68.146643,90
10255142,-16.4888305,-68.1466216,91
10255142,-16.4894565,-68.1463991,92
10255142,-16.4900585,-68.146202,93
10255142,-16.490351,-68.1461091,94
10255142,-16.4905549,-68.1461054,95
10255142,-16.4907553,-68.1461327,96
10255142,-16.4912333,-68.1462627,97
10255142,-16.491334,-68.1462831,98
10255142,-16.4913874,-68.1462872,99
10255142,-16.4914033,-68.1462887,100
10255142,-16.491426,-68.1462896,101
10255142,-16.4914443,-68.1462892,102
10255142,-16.491623,-68.1462847,103
10255142,-16.4923128,-68.146234,104
10255142,-16.492466,-68.1462265,105
10255142,-16.4926535,-68.1442089,106
10255142,-16.4926324,-68.1442596,107
10255142,-16.4926175,-68.1443463,108
10255142,-16.4925536,-68.1451802,109
10255142,-16.4925113,-68.1455696,110
10255142,-16.492511,-68.1455802,111
10255142,-16.4924995,-68.1459641,112
10255142,-16.4924832,-68.146123,113
10255142,-16.492466,-68.1462265,114
10255142,-16.4926683,-68.1437424,115
10255142,-16.4927193,-68.1438051,116
10255142,-16.4927504,-68.1438519,117
10255142,-16.4927788,-68.1439173,118
10255142,-16.4927888,-68.1439855,119
10255142,-16.4927831,-68.1440404,120
10255142,-16.4927474,-68.1441039,121
10255142,-16.4926934,-68.144158,122
10255142,-16.4926535,-68.1442089,123
10255142,-16.4925052,-68.1437143,124
10255142,-16.4925465,-68.1437169,125
10255142,-16.4925876,-68.1437225,126
10255142,-16.4926283,-68.1437311,127
10255142,-16.4926683,-68.1437424,128
10255142,-16.4924677,-68.1437171,129
10255142,-16.4925052,-68.1437143,130
10255142,-16.4925479,-68.1434362,131
10255142,-16.4925087,-68.1434195,132
10255142,-16.4924656,-68.1434191,133
10255142,-16.4924366,-68.1434271,134
10255142,-16.4924158,-68.1434425,135
10255142,-16.4923924,-68.1434684,136
10255142,-16.4923764,-68.1435047,137
10255142,-16.4923729,-68.1435243,138
10255142,-16.4923728,-68.1435557,139
10255142,-16.4923773,-68.1435899,140
10255142,-16.4923881,-68.1436222,141
10255142,-16.4924031,-68.1436486,142
10255142,-16.4924152,-68.1436663,143
10255142,-16.4924346,-68.1436881,144
10255142,-16.4924677,-68.1437171,145
10255142,-16.4925721,-68.1434622,146
10255142,-16.4925479,-68.1434362,147
10255142,-16.492817,-68.1437777,148
10255142,-16.4927063,-68.143634,149
10255142,-16.4926369,-68.143548,150
10255142,-16.4925721,-68.1434622,151
10255142,-16.492963,-68.1441502,152
10255142,-16.4929483,-68.1440439,153
10255142,-16.4929231,-68.1439485,154
10255142,-16.4928768,-68.143856,155
10255142,-16.492817,-68.1437777,156
10255142,-16.492963,-68.1441502,157
10255142,-16.4929819,-68.1443718,158
10255142,-16.4933502,-68.1444686,159
10255142,-16.4932532,-68.1444998,160
10255142,-16.4931821,-68.144512,161
10255142,-16.4931129,-68.1445069,162
10255142,-16.4930568,-68.144476,163
10255142,-16.4930194,-68.1444377,164
10255142,-16.4929819,-68.1443718,165
10255142,-16.4933616,-68.142506,166
10255142,-16.4933348,-68.1426141,167
10255142,-16.4933081,-68.1427356,168
10255142,-16.4932792,-68.1429308,169
10255142,-16.4932642,-68.1430703,170
10255142,-16.4932694,-68.1432508,171
10255142,-16.4933432,-68.1438266,172
10255142,-16.4933503,-68.1441322,173
10255142,-16.4933502,-68.1444686,174
10255142,-16.4938656,-68.140955,175
10255142,-16.4936151,-68.1417181,176
10255142,-16.4935395,-68.1419258,177
10255142,-16.4933616,-68.142506,178
10255142,-16.4937255,-68.1407212,179
10255142,-16.4937134,-68.1407732,180
10255142,-16.4937176,-68.1408266,181
10255142,-16.4937376,-68.1408759,182
10255142,-16.4937713,-68.1409162,183
10255142,-16.4938155,-68.1409435,184
10255142,-16.4938656,-68.140955,185
10255142,-16.4938043,-68.1406343,186
10255142,-16.4937715,-68.1406563,187
10255142,-16.4937447,-68.1406859,188
10255142,-16.4937255,-68.1407212,189
10255142,-16.4940213,-68.1407139,190
10255142,-16.4939925,-68.1406701,191
10255142,-16.493952,-68.1406378,192
10255142,-16.493904,-68.1406202,193
10255142,-16.493853,-68.140619,194
10255142,-16.4938043,-68.1406343,195
10255142,-16.4940213,-68.1407139,196
10255142,-16.4951573,-68.1402614,197
10255142,-16.4956184,-68.1400824,198
10255142,-16.4965072,-68.1397431,199
10255142,-16.4965072,-68.1397431,200
10255142,-16.4980514,-68.1392926,201
10255142,-16.4980961,-68.1392746,202
10255142,-16.4981991,-68.1392254,203
10255142,-16.4988105,-68.1390552,204
10255142,-16.499429,-68.138923,205
10255142,-16.4995459,-68.1388787,206
10255142,-16.4996748,-68.1388091,207
10255142,-16.4999592,-68.1385616,208
10255142,-16.5002417,-68.1382913,209
10255142,-16.5003645,-68.1381612,210
10255142,-16.5004481,-68.1380479,211
10255142,-16.5005342,-68.1379205,212
10255142,-16.5006468,-68.1376825,213
10255142,-16.5009265,-68.1371457,214
10255142,-16.5009513,-68.1371022,215
10255142,-16.5009771,-68.1370705,216
10255142,-16.5010913,-68.1369452,217
10255142,-16.5010634,-68.1369273,218
10255142,-16.501031,-68.136922,219
10255142,-16.5009992,-68.1369302,220
10255142,-16.5009729,-68.1369507,221
10255142,-16.5009563,-68.1369802,222
10255142,-16.5009519,-68.1370042,223
10255142,-16.5009541,-68.1370285,224
10255142,-16.5009627,-68.1370512,225
10255142,-16.5009771,-68.1370705,226
10255142,-16.5010913,-68.1369452,227
10255142,-16.5011162,-68.1369179,228
10255142,-16.5011162,-68.1369179,229
10255142,-16.501147,-68.1369014,230
10255142,-16.501147,-68.1369014,231
10255142,-16.501034,-68.1366354,232
10255142,-16.5010331,-68.1365506,233
10255142,-16.5010571,-68.1364538,234
10255142,-16.5010453,-68.136398,235
10255142,-16.5010193,-68.1363408,236
10255142,-16.5009765,-68.1362964,237
10255142,-16.5009274,-68.1362417,238
10255142,-16.5008709,-68.1361531,239
10255142,-16.5008223,-68.1360467,240
10255142,-16.5007619,-68.1358511,241
10255142,-16.5006791,-68.1353475,242
10255142,-16.5006536,-68.1352826,243
10255142,-16.5006066,-68.1351877,244
10255142,-16.4996743,-68.1346112,245
10255142,-16.5003521,-68.1350782,246
10255142,-16.500423,-68.1351249,247
10255142,-16.5004756,-68.1351461,248
10255142,-16.5005551,-68.1351466,249
10255142,-16.5005735,-68.1351507,250
10255142,-16.5005893,-68.1351579,251
10255142,-16.5006066,-68.1351877,252
10255142,-16.4995324,-68.1345304,253
10255142,-16.4996743,-68.1346112,254
10255142,-16.498905,-68.1341239,255
10255142,-16.4995324,-68.1345304,256
10255142,-16.4981067,-68.1336207,257
10255142,-16.498215,-68.1336987,258
10255142,-16.498428,-68.1338373,259
10255142,-16.498905,-68.1341239,260
10255142,-16.4985113,-68.1328802,261
10255142,-16.4981067,-68.1336207,262
10255142,-16.4992226,-68.1316985,263
10255142,-16.4985113,-68.1328802,264
10255142,-16.4999551,-68.1305673,265
10255142,-16.4997147,-68.1309405,266
10255142,-16.4992226,-68.1316985,267
10255142,-16.5005547,-68.1275817,268
10255142,-16.5004874,-68.1275628,269
10255142,-16.5004699,-68.1275686,270
10255142,-16.5004571,-68.1275827,271
10255142,-16.5004076,-68.1276212,272
10255142,-16.5003485,-68.1277006,273
10255142,-16.5002306,-68.127931,274
10255142,-16.50012,-68.1281803,275
10255142,-16.5000728,-68.128325,276
10255142,-16.5000369,-68.1284708,277
10255142,-16.5000001,-68.1286418,278
10255142,-16.4999616,-68.1288111,279
10255142,-16.4999255,-68.1289988,280
10255142,-16.4999483,-68.1291554,281
10255142,-16.4999676,-68.1293161,282
10255142,-16.499984,-68.129443,283
10255142,-16.4999925,-68.1294901,284
10255142,-16.5000063,-68.1295322,285
10255142,-16.5001794,-68.1298883,286
10255142,-16.5002654,-68.1300356,287
10255142,-16.50028,-68.1300827,288
10255142,-16.5002842,-68.1301289,289
10255142,-16.5002771,-68.1301759,290
10255142,-16.5001716,-68.1303379,291
10255142,-16.4999551,-68.1305673,292
10255142,-16.4998451,-68.1249445,293
10255142,-16.4999365,-68.125187,294
10255142,-16.5001339,-68.1255903,295
10255142,-16.5003293,-68.1259615,296
10255142,-16.5004453,-68.1261754,297
10255142,-16.5006044,-68.1265208,298
10255142,-16.5006883,-68.126758,299
10255142,-16.5007056,-68.1268754,300
10255142,-16.5007174,-68.1269895,301
10255142,-16.5006781,-68.1271333,302
10255142,-16.5006141,-68.1273746,303
10255142,-16.5005547,-68.1275817,304
10255142,-16.4994091,-68.1246664,305
10255142,-16.4994482,-68.1246765,306
10255142,-16.4994668,-68.1247087,307
10255142,-16.4994701,-68.1247589,308
10255142,-16.4994709,-68.1248195,309
10255142,-16.4994715,-68.1248773,310
10255142,-16.4994695,-68.125431,311
10255142,-16.499497,-68.1254906,312
10255142,-16.4995188,-68.1263119,313
10255142,-16.499497,-68.1254906,314
10255142,-16.4995188,-68.1263119,315
10255142,-16.4984554,-68.1259898,316
10255142,-16.4984554,-68.1259898,317
10255142,-16.4981614,-68.1254925,318
10255142,-16.4981614,-68.1254925,319
10255142,-16.4983278,-68.1253821,320
10255142,-16.4983278,-68.1253821,321
10255142,-16.4981522,-68.1248874,322
10255142,-16.4979984,-68.1243704,323
10255142,-16.4979934,-68.1243052,324
10255142,-16.4984462,-68.1231455,325
10255142,-16.4982827,-68.1236683,326
10255142,-16.4980567,-68.1241456,327
10255142,-16.4979934,-68.1243052,328
10255142,-16.4985521,-68.1231113,329
10255142,-16.4984462,-68.1231455,330
10255142,-16.4985402,-68.1222126,331
10255142,-16.4985105,-68.1222613,332
10255142,-16.4984581,-68.1223745,333
10255142,-16.4984161,-68.1225407,334
10255142,-16.4984101,-68.1227139,335
10255142,-16.4984389,-68.1228772,336
10255142,-16.4985521,-68.1231113,337
10255142,-16.4981059,-68.1219002,338
10255142,-16.4985402,-68.1222126,339
10255142,-16.4981079,-68.1212086,340
10255142,-16.4981045,-68.1212906,341
10255142,-16.4981059,-68.1219002,342
10255142,-16.4981151,-68.121081,343
10255142,-16.4981079,-68.1212086,344
10255142,-16.4973171,-68.1193009,345
10255142,-16.4973626,-68.1193756,346
10255142,-16.4975414,-68.1197887,347
10255142,-16.4977527,-68.1202769,348
10255142,-16.4979664,-68.1206944,349
10255142,-16.4980633,-68.1209101,350
10255142,-16.498092,-68.120974,351
10255142,-16.4981151,-68.121081,352
10255142,-16.496118,-68.1183113,353
10255142,-16.4961268,-68.1183269,354
10255142,-16.4961974,-68.118462,355
10255142,-16.4962622,-68.1185188,356
10255142,-16.4963257,-68.1185475,357
10255142,-16.4964247,-68.1185656,358
10255142,-16.4967192,-68.1185482,359
10255142,-16.4968014,-68.118547,360
10255142,-16.4969236,-68.118563,361
10255142,-16.49698,-68.1185992,362
10255142,-16.4970144,-68.1186387,363
10255142,-16.4973171,-68.1193009,364
10255142,-16.4960723,-68.1182041,365
10255142,-16.496118,-68.1183113,366
10255142,-16.4960657,-68.1181887,367
10255142,-16.4960723,-68.1182041,368
10255142,-16.495916,-68.1180781,369
10255142,-16.4959762,-68.118098,370
10255142,-16.4960277,-68.118136,371
10255142,-16.4960657,-68.1181887,372
10255142,-16.4950416,-68.1184568,373
10255142,-16.4956189,-68.1181312,374
10255142,-16.4956997,-68.1181086,375
10255142,-16.4958057,-68.1180989,376
10255142,-16.495916,-68.1180781,377
10255142,-16.4947588,-68.1185418,378
10255142,-16.4949184,-68.1185133,379
10255142,-16.4950416,-68.1184568,380
10255142,-16.4946487,-68.1185131,381
10255142,-16.4946713,-68.1185342,382
10255142,-16.4946991,-68.1185467,383
10255142,-16.4947293,-68.1185493,384
10255142,-16.4947588,-68.1185418,385
10255142,-16.494633,-68.1184193,386
10255142,-16.4946279,-68.1184518,387
10255142,-16.4946333,-68.1184843,388
10255142,-16.4946487,-68.1185131,389
10255142,-16.4947301,-68.1183535,390
10255142,-16.4946992,-68.1183561,391
10255142,-16.4946707,-68.118369,392
10255142,-16.4946479,-68.1183909,393
10255142,-16.494633,-68.1184193,394
10255142,-16.4948635,-68.118286,395
10255142,-16.4947301,-68.1183535,396
10255142,-16.4958446,-68.1170582,397
10255142,-16.4955328,-68.1177554,398
10255142,-16.4954543,-68.1178737,399
10255142,-16.4953861,-68.117945,400
10255142,-16.4953283,-68.1179896,401
10255142,-16.4950365,-68.1181405,402
10255142,-16.4949618,-68.1181875,403
10255142,-16.4948635,-68.118286,404
10255142,-16.4958446,-68.1170582,405
10255142,-16.4958884,-68.1169266,406
10255142,-16.4958884,-68.1169266,407
10255142,-16.4958451,-68.1167655,408
10255142,-16.4958451,-68.1167655,409
10255142,-16.4957647,-68.1164688,410
10255142,-16.4955348,-68.1154934,411
10255142,-16.4955637,-68.1156236,412
10255142,-16.4956055,-68.1158372,413
10255142,-16.4957647,-68.1164688,414
10255142,-16.4955348,-68.1154934,415
10255142,-16.4955502,-68.1154825,416
10255142,-16.4955614,-68.115467,417
10255142,-16.4955672,-68.1154485,418
10255142,-16.495567,-68.1154291,419
10255142,-16.4955606,-68.1154106,420
10255142,-16.4955489,-68.1153952,421
10255142,-16.495533,-68.1153847,422
10255142,-16.4955147,-68.1153802,423
10255142,-16.495496,-68.1153822,424
10255142,-16.4954789,-68.1153904,425
10255142,-16.4954695,-68.1153997,426
10255142,-16.4954695,-68.1153997,427
10255142,-16.4954567,-68.1154215,428
10255142,-16.495454,-68.1154409,429
10255142,-16.4954576,-68.1154602,430
10255142,-16.4954669,-68.1154772,431
10255142,-16.495481,-68.11549,432
10255142,-16.4954982,-68.1154973,433
10255142,-16.4955168,-68.1154985,434
10255142,-16.4955348,-68.1154934,435
10255142,-16.4954695,-68.1153997,436
10255142,-16.4954059,-68.1153502,437
10255142,-16.495363,-68.1153407,438
10255142,-16.4952146,-68.1153216,439
10255142,-16.4949407,-68.1152935,440
10255142,-16.4945318,-68.1152421,441
10255142,-16.4942418,-68.1152211,442
10255142,-16.4941701,-68.1152043,443
10255142,-16.4940606,-68.1151754,444
10255142,-16.494007,-68.1151451,445
10255142,-16.4937951,-68.115005,446
10255142,-16.4937951,-68.115005,447
10255142,-16.4936808,-68.1148732,448
10255142,-16.4935708,-68.1147209,449
10255142,-16.4934968,-68.1145617,450
10255142,-16.4934968,-68.1145617,451
10255142,-16.4934947,-68.1145146,452
10255142,-16.4934947,-68.114452,453
10255142,-16.4935005,-68.1143962,454
10255142,-16.4935122,-68.1143288,455
10255142,-16.4935322,-68.1142696,456
10255142,-16.4935707,-68.1142055,457
10255142,-16.4936078,-68.1141755,458
10255142,-16.4942509,-68.1137777,459
10255142,-16.4943227,-68.1137458,460
10255142,-16.4944598,-68.1137158,461
10256569,-16.4911394,-68.1593669,0
10256569,-16.4909614,-68.1596407,1
10256569,-16.4906778,-68.1569856,2
10256569,-16.4907575,-68.1570735,3
10256569,-16.4908469,-68.1571566,4
10256569,-16.4912074,-68.1574307,5
10256569,-16.4914402,-68.1576667,6
10256569,-16.4915066,-68.157738,7
10256569,-16.4915658,-68.158166,8
10256569,-16.4916018,-68.1584502,9
10256569,-16.4916044,-68.1585977,10
10256569,-16.4915838,-68.158705,11
10256569,-16.4915041,-68.1588686,12
10256569,-16.491391,-68.1590725,13
10256569,-16.4912865,-68.1592274,14
10256569,-16.4912175,-68.1593003,15
10256569,-16.4911394,-68.1593669,16
10256569,-16.4906778,-68.1569856,17
10256569,-16.4907762,-68.156879,18
10256569,-16.4908777,-68.1567536,19
10256569,-16.4909485,-68.1562058,20
10256569,-16.4909761,-68.1560154,21
10256569,-16.4909913,-68.1559266,22
10256569,-16.4910925,-68.1552637,23
10256569,-16.4910925,-68.1552637,24
10256569,-16.4912643,-68.1542719,25
10256569,-16.4914342,-68.1532796,26
10256569,-16.4915803,-68.1522711,27
10256569,-16.4917042,-68.1515185,28
10256569,-16.4917539,-68.1512127,29
10256569,-16.4917539,-68.1512127,30
10256569,-16.4918147,-68.1508788,31
10256569,-16.4918147,-68.1508788,32
10256569,-16.4919158,-68.1509165,33
10256569,-16.4927017,-68.1512092,34
10256569,-16.4930671,-68.1513715,35
10256569,-16.4931051,-68.1513884,36
10256569,-16.4931051,-68.1513884,37
10256569,-16.4932321,-68.1514393,38
10256569,-16.4932321,-68.1514393,39
10256569,-16.4932562,-68.1514494,40
10256569,-16.4941409,-68.1518109,41
10256569,-16.4941409,-68.1518109,42
10256569,-16.49503,-68.1521278,43
10256569,-16.49503,-68.1521278,44
10256569,-16.49552,-68.1523445,45
10256569,-16.4955746,-68.1514414,46
10256569,-16.4955429,-68.1516843,47
10256569,-16.4955388,-68.1518367,48
10256569,-16.49552,-68.1523445,49
10256569,-16.4958304,-68.1487893,50
10256569,-16.4958697,-68.1489895,51
10256569,-16.4959105,-68.1493432,52
10256569,-16.495878,-68.1494865,53
10256569,-16.4957337,-68.1499916,54
10256569,-16.4956839,-68.1502526,55
10256569,-16.4956231,-68.1506229,56
10256569,-16.4955996,-68.1509355,57
10256569,-16.4955793,-68.1512054,58
10256569,-16.4955746,-68.1514414,59
10256569,-16.4955913,-68.1476959,60
10256569,-16.4956634,-68.1481323,61
10256569,-16.4958304,-68.1487893,62
10256569,-16.4956707,-68.146439,63
10256569,-16.4956208,-68.1468596,64
10256569,-16.4955918,-68.1475081,65
10256569,-16.4955913,-68.1476959,66
10256569,-16.4955637,-68.1460653,67
10256569,-16.495607,-68.146187,68
10256569,-16.4956421,-68.146312,69
10256569,-16.4956707,-68.146439,70
10256569,-16.495524,-68.1457213,71
10256569,-16.4955139,-68.1457572,72
10256569,-16.4955116,-68.1457954,73
10256569,-16.4955637,-68.1460653,74
10256569,-16.4939747,-68.1409194,75
10256569,-16.4945651,-68.141963,76
10256569,-16.4946766,-68.1421951,77
10256569,-16.4947632,-68.1423989,78
10256569,-16.494819,-68.1425446,79
10256569,-16.4950224,-68.1432003,80
10256569,-16.4952351,-68.1439429,81
10256569,-16.495304,-68.1442659,82
10256569,-16.4955225,-68.1452912,83
10256569,-16.4955392,-68.1453755,84
10256569,-16.4939747,-68.1409194,85
10256569,-16.4940113,-68.1408774,86
10256569,-16.4940326,-68.1408252,87
10256569,-16.494036,-68.1407685,88
10256569,-16.4940213,-68.1407139,89
10256569,-16.4940213,-68.1407139,90
10256569,-16.4939925,-68.1406701,91
10256569,-16.493952,-68.1406378,92
10256569,-16.493904,-68.1406202,93
10256569,-16.493853,-68.140619,94
10256569,-16.4938043,-68.1406343,95
10256569,-16.4938043,-68.1406343,96
10256569,-16.4937916,-68.1405472,97
10256569,-16.4937898,-68.1405055,98
10256569,-16.4937904,-68.1404766,99
10256569,-16.4937968,-68.140368,100
10256569,-16.4938302,-68.1396938,101
10256569,-16.4938302,-68.1396938,102
10256569,-16.4934638,-68.1396039,103
10256569,-16.4934638,-68.1396039,104
10256569,-16.4933941,-68.1395908,105
10256569,-16.493551,-68.1389722,106
10256569,-16.493533,-68.1390442,107
10256569,-16.4933941,-68.1395908,108
10256569,-16.4955392,-68.1453755,109
10256569,-16.495524,-68.1457213,110
10256569,-16.4929167,-68.1385352,111
10256569,-16.4929653,-68.1385686,112
10256569,-16.4931739,-68.1387081,113
10256569,-16.4933214,-68.138814,114
10256569,-16.493551,-68.1389722,115
10256569,-16.4926499,-68.1383682,116
10256569,-16.4927378,-68.138417,117
10256569,-16.4928552,-68.1384936,118
10256569,-16.4929167,-68.1385352,119
10256569,-16.4926499,-68.1383682,120
10256569,-16.4921187,-68.1379684,121
10256569,-16.4921187,-68.1379684,122
10256569,-16.4922436,-68.1378407,123
10256569,-16.492363,-68.137732,124
10256569,-16.4925377,-68.1375886,125
10256569,-16.4926995,-68.1374902,126
10256569,-16.4929478,-68.1373884,127
10256569,-16.4930461,-68.1373525,128
10256569,-16.4932862,-68.1372729,129
10256569,-16.4936373,-68.1371775,130
10256569,-16.4938771,-68.1370783,131
10256569,-16.4942902,-68.1369246,132
10256569,-16.4942902,-68.1369246,133
10256569,-16.4945081,-68.1369601,134
10256569,-16.4946386,-68.1369701,135
10256569,-16.4946386,-68.1369701,136
10256569,-16.4948487,-68.1369589,137
10256569,-16.4950056,-68.1369482,138
10256569,-16.495066,-68.1369334,139
10256569,-16.4950904,-68.1369214,140
10256569,-16.4950904,-68.1369214,141
10256569,-16.4952915,-68.1366208,142
10256569,-16.4952915,-68.1366208,143
10256569,-16.495345,-68.1365466,144
10256569,-16.495345,-68.1365466,145
10256569,-16.4956557,-68.1360938,146
10256569,-16.4960832,-68.1353047,147
10256569,-16.4960832,-68.1353047,148
10256569,-16.4954354,-68.1348985,149
10256569,-16.4954023,-68.1348777,150
10256569,-16.4953677,-68.1348571,151
10256569,-16.4946904,-68.1344135,152
10256569,-16.4933341,-68.1334753,153
10256569,-16.4937797,-68.1327563,154
10256569,-16.4937797,-68.1327563,155
10256569,-16.4942059,-68.1319939,156
10256569,-16.4946793,-68.1312329,157
10256569,-16.4949894,-68.1308274,158
10256569,-16.4946793,-68.1312329,159
10256569,-16.4960026,-68.1286871,160
10256569,-16.4958775,-68.1288886,161
10256569,-16.4956292,-68.1294275,162
10256569,-16.4954685,-68.1297784,163
10256569,-16.4952492,-68.1302909,164
10256569,-16.4949894,-68.1308274,165
10256569,-16.4962349,-68.1283486,166
10256569,-16.4961874,-68.1284043,167
10256569,-16.4960636,-68.1285879,168
10256569,-16.4960026,-68.1286871,169
10256569,-16.4963862,-68.1281183,170
10256569,-16.4962349,-68.1283486,171
10256569,-16.4964287,-68.1280634,172
10256569,-16.4963862,-68.1281183,173
10256569,-16.496472,-68.1280073,174
10256569,-16.4964287,-68.1280634,175
10256569,-16.496516,-68.1279505,176
10256569,-16.496472,-68.1280073,177
10256569,-16.4966276,-68.1277853,178
10256569,-16.4966118,-68.1278254,179
10256569,-16.496516,-68.1279505,180
10256569,-16.496346,-68.1261954,181
10256569,-16.4964185,-68.126289,182
10256569,-16.4964561,-68.1264639,183
10256569,-16.4964551,-68.1267063,184
10256569,-16.4964472,-68.1270058,185
10256569,-16.496457,-68.1272731,186
10256569,-16.4964821,-68.1274418,187
10256569,-16.4965562,-68.1276401,188
10256569,-16.4966125,-68.1277388,189
10256569,-16.4966276,-68.1277853,190
10256569,-16.4962399,-68.1260798,191
10256569,-16.496346,-68.1261954,192
10256569,-16.4962399,-68.1260798,193
10256569,-16.4961532,-68.1260512,194
10256569,-16.4960783,-68.1260264,195
10256569,-16.4958537,-68.125952,196
10256569,-16.4953015,-68.1257535,197
10256569,-16.4951346,-68.1257172,198
10256569,-16.4949621,-68.1257101,199
10256569,-16.4947559,-68.1257376,200
10256569,-16.4946356,-68.1257431,201
10256569,-16.4945693,-68.1257461,202
10256569,-16.4944581,-68.1257349,203
10256569,-16.4943568,-68.1256927,204
10256569,-16.4942336,-68.1255896,205
10256569,-16.4936129,-68.1250598,206
10256569,-16.4934851,-68.1249543,207
10256569,-16.4933742,-68.1248889,208
10256569,-16.4932977,-68.1248585,209
10256569,-16.4931991,-68.1248597,210
10256569,-16.4930875,-68.1249053,211
10256569,-16.4929657,-68.1249834,212
10256569,-16.4928679,-68.1250681,213
10256569,-16.4926862,-68.1251878,214
10256569,-16.4926862,-68.1251878,215
10256569,-16.4925621,-68.1251825,216
10256569,-16.4924027,-68.1251785,217
10256569,-16.492254,-68.125161,218
10256569,-16.4922273,-68.1251592,219
10256569,-16.4922273,-68.1251592,220
10256569,-16.4921051,-68.1251251,221
10256569,-16.4919699,-68.1251044,222
10256569,-16.4918,-68.1251032,223
10256569,-16.4915835,-68.1251068,224
10256569,-16.4912751,-68.1251524,225
10256569,-16.4907929,-68.1252364,226
10256569,-16.490701,-68.1252716,227
10256569,-16.4891896,-68.1255627,228
10256569,-16.4892455,-68.125578,229
10256569,-16.4893005,-68.1255852,230
10256569,-16.4893699,-68.1255795,231
10256569,-16.4898504,-68.1253967,232
10256569,-16.4900316,-68.1253436,233
10256569,-16.4901173,-68.125329,234
10256569,-16.490701,-68.1252716,235
10256569,-16.4889591,-68.1253396,236
10256569,-16.4891896,-68.1255627,237
10256569,-16.4887759,-68.1251606,238
10256569,-16.4889591,-68.1253396,239
10256569,-16.4823857,-68.1221087,240
10256569,-16.4826312,-68.1223246,241
10256569,-16.4829685,-68.122591,242
10256569,-16.4834978,-68.1229542,243
10256569,-16.4837334,-68.1230699,244
10256569,-16.4841953,-68.1232696,245
10256569,-16.4851941,-68.1236385,246
10256569,-16.4853296,-68.1236947,247
10256569,-16.485467,-68.1237893,248
10256569,-16.4857382,-68.1239789,249
10256569,-16.4858585,-68.1240484,250
10256569,-16.4861012,-68.1241561,251
10256569,-16.486329,-68.1242185,252
10256569,-16.4866648,-68.1243158,253
10256569,-16.4869087,-68.1244,254
10256569,-16.4870677,-68.1244647,255
10256569,-16.4871757,-68.1245137,256
10256569,-16.4874661,-68.124659,257
10256569,-16.4876867,-68.1247509,258
10256569,-16.4877187,-68.1247633,259
10256569,-16.4879097,-68.1248375,260
10256569,-16.4881481,-68.1249318,261
10256569,-16.488278,-68.124981,262
10256569,-16.4884123,-68.1250412,263
10256569,-16.4886833,-68.1251632,264
10256569,-16.4887142,-68.1251623,265
10256569,-16.4887759,-68.1251606,266
10256569,-16.4822497,-68.1219801,267
10256569,-16.4823473,-68.1220706,268
10256569,-16.4823857,-68.1221087,269
10256569,-16.4820872,-68.1218867,270
10256569,-16.4822497,-68.1219801,271
10256569,-16.4822343,-68.1218721,272
10256569,-16.4820872,-68.1218867,273
10256569,-16.4823177,-68.121851,274
10256569,-16.4822343,-68.1218721,275
10256569,-16.4820872,-68.1218867,276
10256569,-16.4819422,-68.121858,277
10256569,-16.4819133,-68.1218519,278
10256569,-16.4819133,-68.1218519,279
10256569,-16.4818832,-68.1217971,280
10256569,-16.4818832,-68.1217971,281
10256569,-16.4812919,-68.1216015,282
10256569,-16.480885,-68.1214418,283
10256569,-16.4799347,-68.1211092,284
10256569,-16.4798517,-68.1210634,285
10256569,-16.4797069,-68.120983,286
10256569,-16.4795826,-68.1209139,287
10256569,-16.4795826,-68.1209139,288
10256569,-16.4786237,-68.1203517,289
10256569,-16.4785789,-68.1203254,290
10256569,-16.475113,-68.1182041,291
10256569,-16.4751223,-68.118169,292
10256569,-16.475126,-68.11813,293
10256569,-16.4785789,-68.1203254,294
10256569,-16.4785743,-68.1203014,295
10256569,-16.4785623,-68.1202804,296
10256569,-16.4785442,-68.1202649,297
10256569,-16.4785221,-68.1202567,298
10256569,-16.4784986,-68.1202566,299
10256569,-16.4784765,-68.1202648,300
10256569,-16.4772972,-68.1195129,301
10256569,-16.4763715,-68.1189594,302
10256569,-16.4756164,-68.1185089,303
10256569,-16.4747441,-68.117943,304
10256569,-16.4746087,-68.117873,305
10256569,-16.4743913,-68.1177439,306
10256569,-16.4742546,-68.1176628,307
10256569,-16.4739382,-68.1174615,308
10256569,-16.4784765,-68.1202648,309
10256569,-16.478447,-68.120246,310
10256569,-16.4772972,-68.1195129,311
10256569,-16.4799101,-68.1211608,312
10256569,-16.4802407,-68.1212835,313
10256569,-16.4796805,-68.1210392,314
10256569,-16.4799101,-68.1211608,315
10256569,-16.4756164,-68.1185089,316
10256569,-16.475113,-68.1182041,317
10256569,-16.4748709,-68.1178844,318
10256569,-16.4748268,-68.1178948,319
10256569,-16.4747861,-68.1179123,320
10256569,-16.4747441,-68.117943,321
10256569,-16.4750617,-68.1179564,322
10256569,-16.4750405,-68.1179358,323
10256569,-16.4750167,-68.1179184,324
10256569,-16.4749828,-68.1179005,325
10256569,-16.4749465,-68.1178887,326
10256569,-16.4749089,-68.1178833,327
10256569,-16.4748709,-68.1178844,328
10256569,-16.475126,-68.11813,329
10256569,-16.4751256,-68.118098,330
10256569,-16.4751208,-68.1180665,331
10256569,-16.4751119,-68.1180359,332
10256569,-16.4750988,-68.118007,333
10256569,-16.475082,-68.1179803,334
10256569,-16.4750617,-68.1179564,335
10256569,-16.4738955,-68.1200596,336
10256569,-16.4737917,-68.1197248,337
10256569,-16.4737599,-68.1196506,338
10256569,-16.4737005,-68.1195424,339
10256569,-16.4736774,-68.1194821,340
10256569,-16.4736589,-68.1194394,341
10256569,-16.4735445,-68.1192937,342
10256569,-16.4734753,-68.1192422,343
10256569,-16.4731616,-68.1189107,344
10256569,-16.4729848,-68.1186766,345
10256569,-16.4739382,-68.1174615,346
10256569,-16.4738966,-68.1175796,347
10256569,-16.4738966,-68.1175796,348
10256569,-16.4734988,-68.1182314,349
10256569,-16.4733912,-68.118427,350
10256569,-16.473315,-68.1185183,351
10256569,-16.4732352,-68.1185898,352
10256569,-16.4731284,-68.1186354,353
10256569,-16.4729848,-68.1186766,354
10256570,-16.4818832,-68.1217971,0
10256570,-16.4812919,-68.1216015,1
10256570,-16.480885,-68.1214418,2
10256570,-16.4799347,-68.1211092,3
10256570,-16.4798517,-68.1210634,4
10256570,-16.4797069,-68.120983,5
10256570,-16.4795826,-68.1209139,6
10256570,-16.4799101,-68.1211608,7
10256570,-16.4802407,-68.1212835,8
10256570,-16.4796805,-68.1210392,9
10256570,-16.4799101,-68.1211608,10
10256570,-16.4795826,-68.1209139,11
10256570,-16.4786237,-68.1203517,12
10256570,-16.4785789,-68.1203254,13
10256570,-16.4785789,-68.1203254,14
10256570,-16.4785743,-68.1203014,15
10256570,-16.4785623,-68.1202804,16
10256570,-16.4785442,-68.1202649,17
10256570,-16.4785221,-68.1202567,18
10256570,-16.4784986,-68.1202566,19
10256570,-16.4784765,-68.1202648,20
10256570,-16.4784765,-68.1202648,21
10256570,-16.478447,-68.120246,22
10256570,-16.4772972,-68.1195129,23
10256570,-16.4772972,-68.1195129,24
10256570,-16.4763715,-68.1189594,25
10256570,-16.4756164,-68.1185089,26
10256570,-16.4756164,-68.1185089,27
10256570,-16.4755697,-68.1185943,28
10256570,-16.4755697,-68.1185943,29
10256570,-16.475518,-68.11876,30
10256570,-16.4752653,-68.1189665,31
10256570,-16.4747784,-68.1193495,32
10256570,-16.474328,-68.1197312,33
10256570,-16.474328,-68.1197312,34
10256570,-16.474578,-68.1203716,35
10256570,-16.4747938,-68.120956,36
10256570,-16.4749236,-68.121377,37
10256571,-16.4785203,-68.1210629,0
10256571,-16.4784609,-68.1204386,1
10256571,-16.4784694,-68.1203846,2
10256571,-16.4768279,-68.1209059,3
10256571,-16.4772001,-68.1209707,4
10256571,-16.4773427,-68.1209807,5
10256571,-16.4782189,-68.1210425,6
10256571,-16.4785203,-68.1210629,7
10256571,-16.4794111,-68.1212255,8
10256571,-16.4794518,-68.1212278,9
10256571,-16.4795855,-68.1212188,10
10256571,-16.4768279,-68.1209059,11
10256571,-16.4765503,-68.1214292,12
10256571,-16.4775834,-68.1228079,13
10256571,-16.4772885,-68.1224071,14
10256571,-16.4770144,-68.1220135,15
10256571,-16.4767387,-68.1216465,16
10256571,-16.4766637,-68.1215537,17
10256571,-16.4765503,-68.1214292,18
10256571,-16.4770566,-68.1230456,19
10256571,-16.4775834,-68.1228079,20
10256571,-16.4776305,-68.1227859,21
10256571,-16.4769766,-68.1231417,22
10256571,-16.4770566,-68.1230456,23
10256571,-16.4769605,-68.1231803,24
10256571,-16.4769766,-68.1231417,25
10256571,-16.4759564,-68.1255957,26
10256571,-16.4758946,-68.1255533,27
10256571,-16.4758518,-68.1255217,28
10256571,-16.4757604,-68.125456,29
10256571,-16.4757198,-68.1254174,30
10256571,-16.475696,-68.1253772,31
10256571,-16.4756876,-68.1253047,32
10256571,-16.4757473,-68.1251007,33
10256571,-16.4757929,-68.1250474,34
10256571,-16.4760764,-68.1247527,35
10256571,-16.4762997,-68.1244817,36
10256571,-16.4764023,-68.1243398,37
10256571,-16.4764831,-68.1242051,38
10256571,-16.4766994,-68.1238049,39
10256571,-16.4769605,-68.1231803,40
10256571,-16.4759564,-68.1255957,41
10256571,-16.4760053,-68.1256185,42
10256571,-16.4760464,-68.1256239,43
10256571,-16.4761378,-68.1256185,44
10256571,-16.4762908,-68.1255823,45
10256571,-16.4764053,-68.125522,46
10256571,-16.476539,-68.1254469,47
10256571,-16.4766393,-68.1253718,48
10256571,-16.4766393,-68.1253718,49
10256571,-16.4767332,-68.1252739,50
10256571,-16.4769238,-68.1250966,51
10256571,-16.4769946,-68.1250585,52
10256571,-16.4770839,-68.1250241,53
10256571,-16.4773048,-68.1249833,54
10256571,-16.4773554,-68.1249907,55
10256571,-16.4773986,-68.1250153,56
10256571,-16.4773986,-68.1250153,57
10256571,-16.4774074,-68.1250491,58
10256571,-16.4774089,-68.1250828,59
10256571,-16.4773994,-68.1251478,60
10256571,-16.4773458,-68.1252872,61
10256571,-16.4772836,-68.1254455,62
10256571,-16.4772489,-68.1255662,63
10256571,-16.4772443,-68.1256187,64
10256571,-16.477239,-68.1256791,65
10256571,-16.477239,-68.1256791,66
10256571,-16.4772605,-68.125746,67
10256571,-16.477308,-68.1257942,68
10256571,-16.4773814,-68.1258331,69
10256571,-16.4775215,-68.1258546,70
10256571,-16.4776746,-68.1258881,71
10256571,-16.4778739,-68.1259485,72
10256571,-16.4781303,-68.126027,73
10256571,-16.478189,-68.1260323,74
10256571,-16.4782571,-68.1260329,75
10256571,-16.4783888,-68.1260228,76
10256571,-16.4784758,-68.1259874,77
10256571,-16.4785658,-68.1259605,78
10256571,-16.4786069,-68.1259605,79
10256571,-16.4786622,-68.1259686,80
10256571,-16.4787979,-68.1260433,81
10256571,-16.4787979,-68.1260433,82
10256571,-16.4788609,-68.1260785,83
10256571,-16.4790942,-68.1262274,84
10256571,-16.4794717,-68.1264704,85
10256571,-16.4800974,-68.1268591,86
10256571,-16.4800974,-68.1268591,87
10256571,-16.4801733,-68.1270334,88
10256571,-16.4801823,-68.1270991,89
10256571,-16.4801617,-68.1272346,90
10256571,-16.4799637,-68.1277455,91
10256571,-16.4799071,-68.12783,92
10256571,-16.4798466,-68.127877,93
10256571,-16.4797708,-68.127889,94
10256571,-16.4797117,-68.1278897,95
10256571,-16.4796576,-68.1278904,96
10256571,-16.4795722,-68.1278717,97
10256571,-16.479448,-68.1278501,98
10256571,-16.4792178,-68.1277858,99
10256571,-16.4789055,-68.1276909,100
10256571,-16.4785311,-68.1275524,101
10256571,-16.4785311,-68.1275524,102
10256571,-16.4785118,-68.1276436,103
10256571,-16.4784989,-68.1277616,104
10256571,-16.4784976,-68.1278649,105
10256571,-16.4785131,-68.1279159,106
10256571,-16.4785555,-68.1279615,107
10256571,-16.4786134,-68.1280084,108
10256571,-16.478697,-68.1280419,109
10256571,-16.4788834,-68.1280929,110
10256571,-16.4790133,-68.1281412,111
10256571,-16.4790976,-68.1281726,112
10256571,-16.4791606,-68.1282022,113
10256571,-16.4791811,-68.1282371,114
10256571,-16.4791848,-68.1282691,115
10256571,-16.4791848,-68.1282691,116
10256571,-16.479005,-68.1282357,117
10256571,-16.4788989,-68.1282163,118
10256571,-16.4787137,-68.1281774,119
10256571,-16.4786339,-68.1281512,120
10256571,-16.4785606,-68.1281184,121
10256571,-16.4784661,-68.1280694,122
10256571,-16.4783619,-68.1280077,123
10256571,-16.4782417,-68.1279185,124
10256571,-16.4781523,-68.1278408,125
10256571,-16.4780983,-68.1277905,126
10256571,-16.4780475,-68.1277368,127
10256571,-16.4779787,-68.1276577,128
10256571,-16.4779382,-68.12759,129
10256571,-16.4779382,-68.12759,130
10256571,-16.4778991,-68.1276487,131
10256571,-16.4777435,-68.1278475,132
10256571,-16.4776716,-68.1279468,133
10256571,-16.477619,-68.1280522,134
10256571,-16.4775271,-68.1282302,135
10256571,-16.4774026,-68.1284811,136
10256571,-16.4772386,-68.128864,137
10256571,-16.4772251,-68.1289083,138
10256571,-16.4772238,-68.1289492,139
10256571,-16.4772335,-68.1289807,140
10256571,-16.4772913,-68.1290384,141
10256805,-16.5034574,-68.1625508,0
10256805,-16.503045,-68.1625183,1
10256805,-16.501908,-68.1624792,2
10256805,-16.501908,-68.1624792,3
10256805,-16.5016873,-68.162469,4
10256805,-16.5016873,-68.162469,5
10256805,-16.5014733,-68.1624921,6
10256805,-16.5012081,-68.1625649,7
10256805,-16.5006791,-68.1627185,8
10256805,-16.4999886,-68.1629284,9
10256805,-16.4995753,-68.1629896,10
10256805,-16.4995753,-68.1629896,11
10256805,-16.4989383,-68.1630507,12
10256805,-16.4989383,-68.1630507,13
10256805,-16.4983013,-68.1631118,14
10256805,-16.4981509,-68.1631453,15
10256805,-16.4981509,-68.1631453,16
10256805,-16.4979657,-68.1632138,17
10256805,-16.4978269,-68.1632728,18
10256805,-16.4976275,-68.1633867,19
10256805,-16.4974346,-68.1635369,20
10256805,-16.496617,-68.1642176,21
10256805,-16.4960021,-68.164815,22
10256805,-16.495835,-68.1650028,23
10256805,-16.4956601,-68.165212,24
10256805,-16.4955444,-68.1653836,25
10256805,-16.4953772,-68.1656612,26
10256805,-16.4947428,-68.1666602,27
10256805,-16.4946067,-68.166852,28
10256805,-16.4943478,-68.1671403,29
10256805,-16.4940635,-68.1674,30
10256805,-16.4924093,-68.1686827,31
10256805,-16.492075,-68.1689188,32
10256805,-16.4917549,-68.1690961,33
10256805,-16.4914988,-68.1692138,34
10256805,-16.4911336,-68.1693426,35
10256805,-16.4907916,-68.1694257,36
10256805,-16.4906532,-68.1694395,37
10256805,-16.4904954,-68.1694552,38
10256805,-16.4902332,-68.169469,39
10256805,-16.489982,-68.1694628,40
10256805,-16.48976,-68.1694469,41
10256805,-16.4893163,-68.1693748,42
10256805,-16.4890612,-68.1693091,43
10256805,-16.4887839,-68.1692186,44
10256805,-16.4884843,-68.1690808,45
10256805,-16.4882631,-68.1689632,46
10256805,-16.4880525,-68.1688222,47
10256805,-16.4878622,-68.1686833,48
10256805,-16.487604,-68.1684592,49
10256805,-16.4874021,-68.1682586,50
10256805,-16.4872778,-68.1681164,51
10256805,-16.4871774,-68.1679795,52
10256805,-16.4870512,-68.1677926,53
10256805,-16.4864655,-68.16685,54
10256805,-16.4864344,-68.1667934,55
10256805,-16.4862142,-68.1663902,56
10256805,-16.4861289,-68.166173,57
10256805,-16.4860684,-68.1659608,58
10256805,-16.486023,-68.1656944,59
10256805,-16.486023,-68.1656944,60
10256805,-16.4860062,-68.1654955,61
10256805,-16.4780792,-68.1597387,62
10256805,-16.4775665,-68.1596755,63
10256805,-16.4771834,-68.159615,64
10256805,-16.4765968,-68.1594754,65
10256805,-16.4762473,-68.1593915,66
10256805,-16.4757157,-68.1592639,67
10256805,-16.4755374,-68.1592453,68
10256805,-16.4753725,-68.1592408,69
10256805,-16.4752057,-68.1592522,70
10256805,-16.4750298,-68.159287,71
10256805,-16.4746012,-68.1594218,72
10256805,-16.4743382,-68.159552,73
10256805,-16.4742292,-68.1596028,74
10256805,-16.4734457,-68.1599677,75
10256805,-16.4732875,-68.1600254,76
10256805,-16.4731293,-68.160067,77
10256805,-16.4729441,-68.1601045,78
10256805,-16.4727615,-68.1601286,79
10256805,-16.4724914,-68.160126,80
10256805,-16.4723063,-68.1601032,81
10256805,-16.4720566,-68.1600282,82
10256805,-16.4718738,-68.1599451,83
10256805,-16.4716684,-68.1598,84
10256805,-16.4714549,-68.1596123,85
10256805,-16.4712594,-68.1593602,86
10256805,-16.4711179,-68.1591188,87
10256805,-16.4701663,-68.1571259,88
10256805,-16.4700093,-68.1568684,89
10256805,-16.4698755,-68.1566914,90
10256805,-16.4696647,-68.1564955,91
10256805,-16.4694486,-68.1563132,92
10256805,-16.4692248,-68.1561683,93
10256805,-16.4690344,-68.1560799,94
10256805,-16.468821,-68.1560262,95
10256805,-16.4672761,-68.1556947,96
10256805,-16.4669779,-68.1556075,97
10256805,-16.4667579,-68.1555228,98
10256805,-16.4665776,-68.1554274,99
10256805,-16.4663884,-68.1553041,100
10256805,-16.4661202,-68.1550835,101
10256805,-16.4656245,-68.1546624,102
10256805,-16.4654016,-68.1545,103
10256805,-16.4651596,-68.1543345,104
10256805,-16.464953,-68.1542121,105
10256805,-16.4647616,-68.1541134,106
10256805,-16.4640975,-68.15382,107
10256805,-16.4637108,-68.153603,108
10256805,-16.463423,-68.1533775,109
10256805,-16.4632455,-68.1532005,110
10256805,-16.4631092,-68.1530047,111
10256805,-16.4630063,-68.1528062,112
10256805,-16.4625209,-68.1517052,113
10256805,-16.4808889,-68.1601098,114
10256805,-16.4780792,-68.1597387,115
10256805,-16.4860062,-68.1654955,116
10256805,-16.486012,-68.1651073,117
10256805,-16.4860422,-68.164773,118
10256805,-16.4863828,-68.1618502,119
10256805,-16.4863992,-68.1616181,120
10256805,-16.4864014,-68.1613854,121
10256805,-16.4863796,-68.1611498,122
10256805,-16.4863376,-68.1609122,123
10256805,-16.4862758,-68.1606983,124
10256805,-16.4861976,-68.1605029,125
10256805,-16.4860982,-68.1603118,126
10256805,-16.4859899,-68.1601452,127
10256805,-16.485862,-68.1599846,128
10256805,-16.4857233,-68.1598415,129
10256805,-16.4855884,-68.1597256,130
10256805,-16.4854175,-68.159605,131
10256805,-16.4852527,-68.1595116,132
10256805,-16.4850677,-68.159426,133
10256805,-16.4848842,-68.1593573,134
10256805,-16.4846977,-68.159308,135
10256805,-16.4845152,-68.159274,136
10256805,-16.4843601,-68.1592615,137
10256805,-16.4842191,-68.159261,138
10256805,-16.4840724,-68.1592711,139
10256805,-16.4839211,-68.1592976,140
10256805,-16.4837532,-68.159345,141
10256805,-16.4837232,-68.1593535,142
10256805,-16.4835032,-68.1594359,143
10256805,-16.4832954,-68.1595386,144
10256805,-16.482421,-68.1600015,145
10256805,-16.4822734,-68.1600657,146
10256805,-16.4821613,-68.1601022,147
10256805,-16.4819402,-68.1601623,148
10256805,-16.4817729,-68.1601885,149
10256805,-16.4815403,-68.1601914,150
10256805,-16.4812106,-68.1601503,151
10256805,-16.4808889,-68.1601098,152
10256805,-16.4625209,-68.1517052,153
10256805,-16.4624666,-68.1515574,154
10256805,-16.4624666,-68.1515574,155
10256805,-16.4623519,-68.1512934,156
10256805,-16.4622529,-68.1510898,157
10256805,-16.4621108,-68.150876,158
10256805,-16.4619158,-68.1506467,159
10256805,-16.4617293,-68.1504674,160
10256805,-16.4616155,-68.1503699,161
10256805,-16.4605156,-68.1494473,162
10256805,-16.46036,-68.1493011,163
10256805,-16.4602314,-68.149175,164
10256805,-16.4601195,-68.1490436,165
10256805,-16.4600308,-68.1489001,166
10256805,-16.4599665,-68.1487446,167
10256805,-16.4599202,-68.1486078,168
10256805,-16.4598829,-68.1484602,169
10256805,-16.459862,-68.1482389,170
10256805,-16.4598649,-68.1481075,171
10256805,-16.4598809,-68.1479815,172
10256805,-16.4599099,-68.1478601,173
10256805,-16.4599472,-68.1477441,174
10256805,-16.4599954,-68.1476328,175
10256805,-16.4600539,-68.1475369,176
10256805,-16.460132,-68.1474289,177
10256805,-16.4602056,-68.1473524,178
10256805,-16.4602263,-68.147331,179
10256805,-16.4603613,-68.147213,180
10256805,-16.4604481,-68.1471527,181
10256805,-16.4605523,-68.1470943,182
10256805,-16.4606803,-68.1470373,183
10256805,-16.4607671,-68.1470085,184
10256805,-16.4608623,-68.1469837,185
10256805,-16.4609523,-68.146973,186
10256805,-16.4610584,-68.1469676,187
10256805,-16.4611934,-68.1469783,188
10256805,-16.4613285,-68.1470025,189
10256805,-16.4614944,-68.1470588,190
10256805,-16.4615986,-68.1471138,191
10256805,-16.4617838,-68.1472385,192
10256805,-16.4619381,-68.1473833,193
10256805,-16.4620912,-68.1475778,194
10256805,-16.4622378,-68.1477991,195
10256805,-16.4623535,-68.1480418,196
10256805,-16.4625327,-68.1484968,197
10256805,-16.4627611,-68.1492389,198
10256805,-16.4627611,-68.1492389,199
10256805,-16.462889,-68.1497437,200
10256805,-16.462889,-68.1497437,201
10256805,-16.4630298,-68.1502997,202
10256805,-16.46313,-68.1506959,203
10256805,-16.46313,-68.1506959,204
10256805,-16.4632266,-68.1509575,205
10256805,-16.4633554,-68.1511988,206
10256805,-16.4633554,-68.1511988,207
10256805,-16.4635549,-68.1514855,208
10256805,-16.4637216,-68.1516905,209
10256805,-16.4639291,-68.1518726,210
10256805,-16.4642463,-68.1520713,211
10256805,-16.4646217,-68.1522643,212
10256805,-16.4654032,-68.1525956,213
10256805,-16.4654032,-68.1525956,214
10256805,-16.4655729,-68.1526727,215
10256805,-16.4655729,-68.1526727,216
10256805,-16.4659801,-68.1528575,217
10256805,-16.4661469,-68.1529045,218
10256805,-16.4663176,-68.1529393,219
10256805,-16.4664702,-68.1529561,220
10256805,-16.4666344,-68.1529607,221
10256805,-16.4670225,-68.15292,222
10256805,-16.4699179,-68.1525337,223
10256805,-16.4703906,-68.1525045,224
10256805,-16.4707735,-68.1524768,225
10256805,-16.471635,-68.152479,226
10256805,-16.472134,-68.1524816,227
10256805,-16.4723813,-68.1524894,228
10256805,-16.4726226,-68.1525219,229
10256805,-16.4729081,-68.152597,230
10256805,-16.4743653,-68.1530007,231
10256805,-16.4749062,-68.1531595,232
10256805,-16.4751787,-68.1532078,233
10256805,-16.4753756,-68.1532334,234
10256805,-16.4756765,-68.1532387,235
10256805,-16.4758783,-68.1532155,236
10256805,-16.4761649,-68.153147,237
10256805,-16.4764691,-68.153043,238
10256805,-16.4766215,-68.1529782,239
10256805,-16.4768753,-68.1528189,240
10256805,-16.4771023,-68.1526673,241
10256805,-16.4771936,-68.1525975,242
10256805,-16.4773698,-68.1524366,243
10256805,-16.477984,-68.1518561,244
10256805,-16.4787067,-68.1512266,245
10256805,-16.4794383,-68.1504797,246
10256805,-16.479618,-68.1503046,247
10256805,-16.4797278,-68.1501391,248
10256805,-16.4803374,-68.14905,249
10256805,-16.4804635,-68.1488758,250
10256805,-16.4805612,-68.1487658,251
10256805,-16.4807541,-68.1485914,252
10256805,-16.4809822,-68.1483892,253
10256805,-16.4811905,-68.1482792,254
10256805,-16.4821576,-68.1478956,255
10256805,-16.4830549,-68.1475518,256
10256805,-16.4837304,-68.147276,257
10256805,-16.4841521,-68.1470896,258
10256805,-16.4843374,-68.1469823,259
10256805,-16.4845495,-68.1468295,260
10256805,-16.4847141,-68.1466699,261
10256805,-16.4848646,-68.1464888,262
10256805,-16.4851346,-68.1461803,263
10256805,-16.4853431,-68.145938,264
10256805,-16.4855924,-68.1457078,265
10256805,-16.4857545,-68.1455849,266
10256805,-16.4858844,-68.1455031,267
10256805,-16.4861102,-68.1453813,268
10256805,-16.486872,-68.1450538,269
10256805,-16.486872,-68.1450538,270
10256805,-16.4874396,-68.1448145,271
10256805,-16.4876976,-68.1446984,272
10256805,-16.4878943,-68.1445657,273
10256805,-16.4881387,-68.1443713,274
10256805,-16.4881387,-68.1443713,275
10256805,-16.4885762,-68.1439944,276
10256805,-16.4885762,-68.1439944,277
10256805,-16.4893109,-68.1432639,278
10256805,-16.4894623,-68.1431056,279
10256805,-16.4896664,-68.1428331,280
10256805,-16.4897849,-68.1426394,281
10256805,-16.4899398,-68.1423305,282
10256805,-16.4901016,-68.1419109,283
10256805,-16.4904711,-68.1409424,284
10256805,-16.4905148,-68.1408485,285
10256805,-16.4908291,-68.1401382,286
10256805,-16.4908291,-68.1401382,287
10256805,-16.4908788,-68.1401531,288
10256805,-16.4909292,-68.1401682,289
10256805,-16.4910157,-68.140185,290
10256805,-16.4911598,-68.1401806,291
10256805,-16.4916554,-68.1401652,292
10256805,-16.4916802,-68.1401715,293
10256805,-16.4920909,-68.1404496,294
10256805,-16.492405,-68.1407327,295
10256805,-16.4924509,-68.1407623,296
10256805,-16.4924509,-68.1407623,297
10256805,-16.4925044,-68.1407655,298
10256805,-16.4931951,-68.1405937,299
10256805,-16.4931951,-68.1405937,300
10256805,-16.4932571,-68.1406031,301
10256805,-16.4935467,-68.1406751,302
10256805,-16.4936206,-68.1406942,303
10256805,-16.4937255,-68.1407212,304
10256805,-16.4937255,-68.1407212,305
10256805,-16.4937134,-68.1407732,306
10256805,-16.4937176,-68.1408266,307
10256805,-16.4937376,-68.1408759,308
10256805,-16.4937713,-68.1409162,309
10256805,-16.4938155,-68.1409435,310
10256805,-16.4938656,-68.140955,311
10256805,-16.4938656,-68.140955,312
10256805,-16.4939044,-68.1409525,313
10256805,-16.4939415,-68.1409404,314
10256805,-16.4939747,-68.1409194,315
10256805,-16.4939747,-68.1409194,316
10256805,-16.4940113,-68.1408774,317
10256805,-16.4940326,-68.1408252,318
10256805,-16.494036,-68.1407685,319
10256805,-16.4940213,-68.1407139,320
10256805,-16.4940213,-68.1407139,321
10256805,-16.4939925,-68.1406701,322
10256805,-16.493952,-68.1406378,323
10256805,-16.493904,-68.1406202,324
10256805,-16.493853,-68.140619,325
10256805,-16.4938043,-68.1406343,326
10256805,-16.4938043,-68.1406343,327
10256805,-16.4937916,-68.1405472,328
10256805,-16.4937898,-68.1405055,329
10256805,-16.4937904,-68.1404766,330
10256805,-16.4937968,-68.140368,331
10256805,-16.4938302,-68.1396938,332
10256805,-16.4938302,-68.1396938,333
10256805,-16.4946185,-68.1390242,334
10256805,-16.4950217,-68.1387443,335
10256805,-16.495059,-68.1387231,336
10256805,-16.4956955,-68.1383617,337
10256805,-16.4956955,-68.1383617,338
10256805,-16.4958471,-68.1386616,339
10256805,-16.4960377,-68.1389837,340
10256805,-16.4960377,-68.1389837,341
10256805,-16.4961401,-68.1391598,342
10256805,-16.4965072,-68.1397431,343
10256805,-16.4965072,-68.1397431,344
10256805,-16.4980514,-68.1392926,345
10256805,-16.4980961,-68.1392746,346
10256805,-16.4981991,-68.1392254,347
10256805,-16.4988105,-68.1390552,348
10256805,-16.499429,-68.138923,349
10256805,-16.4995459,-68.1388787,350
10256805,-16.4996748,-68.1388091,351
10256805,-16.4999592,-68.1385616,352
10256805,-16.5002417,-68.1382913,353
10256805,-16.5003645,-68.1381612,354
10256805,-16.5004481,-68.1380479,355
10256805,-16.5005342,-68.1379205,356
10256805,-16.5006468,-68.1376825,357
10256805,-16.5009265,-68.1371457,358
10256805,-16.5009513,-68.1371022,359
10256805,-16.5009771,-68.1370705,360
10256805,-16.5009771,-68.1370705,361
10256805,-16.5010008,-68.1370873,362
10256805,-16.5010286,-68.1370946,363
10256805,-16.5010571,-68.1370916,364
10256805,-16.5010829,-68.1370787,365
10256805,-16.501103,-68.1370573,366
10256805,-16.5011149,-68.1370302,367
10256805,-16.5011176,-68.1370072,368
10256805,-16.5011143,-68.1369843,369
10256805,-16.5011054,-68.1369631,370
10256805,-16.5010913,-68.1369452,371
10256805,-16.5010913,-68.1369452,372
10256805,-16.5011162,-68.1369179,373
10256805,-16.5011162,-68.1369179,374
10256805,-16.501147,-68.1369014,375
10256805,-16.501147,-68.1369014,376
10256805,-16.5014723,-68.1367507,377
10256805,-16.5016597,-68.13663,378
10256805,-16.5019268,-68.1363997,379
10256805,-16.5024898,-68.1358107,380
10256805,-16.5025386,-68.1357577,381
10256805,-16.502616,-68.1356805,382
10256805,-16.5027481,-68.1355461,383
10256805,-16.5029414,-68.1353511,384
10256805,-16.5030041,-68.1352887,385
10256805,-16.5030041,-68.1352887,386
10256805,-16.5030514,-68.1353421,387
10256805,-16.5036435,-68.1360222,388
10256805,-16.5044008,-68.1352846,389
10256805,-16.5040564,-68.13562,390
10256805,-16.5036435,-68.1360222,391
10256805,-16.5049576,-68.1346911,392
10256805,-16.5048464,-68.1348373,393
10256805,-16.5044008,-68.1352846,394
10256805,-16.5049576,-68.1346911,395
10256805,-16.5051249,-68.1343085,396
10256805,-16.5052759,-68.1339984,397
10256805,-16.5052759,-68.1339984,398
10256805,-16.5055776,-68.1334684,399
10256805,-16.5056029,-68.1334177,400
10256805,-16.5056029,-68.1334177,401
10256805,-16.505634,-68.1333589,402
10256805,-16.5057771,-68.1330844,403
10256805,-16.5060548,-68.1325586,404
10256805,-16.5060548,-68.1325586,405
10256805,-16.5061627,-68.1323822,406
10256805,-16.5062379,-68.132292,407
10256805,-16.5074766,-68.1310431,408
10256805,-16.5074766,-68.1310431,409
10256805,-16.5075967,-68.1308537,410
10256805,-16.5075967,-68.1308537,411
10256805,-16.5081552,-68.1302274,412
10256805,-16.5081552,-68.1302274,413
10256805,-16.5089525,-68.1293667,414
10256805,-16.5089525,-68.1293667,415
10256805,-16.5081752,-68.1285529,416
10256805,-16.5081752,-68.1285529,417
10256805,-16.507322,-68.1294558,418
10256805,-16.507322,-68.1294558,419
10256805,-16.5062223,-68.1306734,420
10256805,-16.5062223,-68.1306734,421
10256805,-16.5059485,-68.1304181,422
10256805,-16.5054639,-68.1299717,423
10256805,-16.5054512,-68.1299557,424
10256805,-16.5054512,-68.1299557,425
10256805,-16.5054386,-68.1299314,426
10256805,-16.5054386,-68.1299314,427
10256805,-16.5053984,-68.1298346,428
10256805,-16.5053576,-68.1297365,429
10256805,-16.5053576,-68.1297365,430
10256805,-16.5053357,-68.1296826,431
10256805,-16.5053357,-68.1296826,432
10256805,-16.5052253,-68.129548,433
10256805,-16.5047031,-68.1288342,434
10256805,-16.5046644,-68.1287609,435
10256805,-16.5038012,-68.1284248,436
10256805,-16.5039133,-68.128406,437
10256805,-16.5040247,-68.1283995,438
10256805,-16.5041167,-68.1284054,439
10256805,-16.5041961,-68.1284275,440
10256805,-16.5032875,-68.1285644,441
10256805,-16.5035234,-68.1284968,442
10256805,-16.5036891,-68.1284451,443
10256805,-16.5038012,-68.1284248,444
10256805,-16.5029593,-68.1286922,445
10256805,-16.5032875,-68.1285644,446
10256805,-16.5025697,-68.1287962,447
10256805,-16.5029593,-68.1286922,448
10256805,-16.5025697,-68.1287962,449
10256805,-16.5024851,-68.1287737,450
10256805,-16.5024373,-68.1287617,451
10256805,-16.5023476,-68.128741,452
10256805,-16.5023243,-68.1288715,453
10256805,-16.502346,-68.1288581,454
10256805,-16.5023622,-68.1288378,455
10256805,-16.502371,-68.1288131,456
10256805,-16.5023713,-68.1287867,457
10256805,-16.5023632,-68.1287617,458
10256805,-16.5023476,-68.128741,459
10256805,-16.5022282,-68.128828,460
10256805,-16.5022401,-68.1288487,461
10256805,-16.5022575,-68.1288646,462
10256805,-16.5022787,-68.1288742,463
10256805,-16.5023017,-68.1288766,464
10256805,-16.5023243,-68.1288715,465
10256805,-16.502223,-68.1288045,466
10256805,-16.5022282,-68.128828,467
10256805,-16.5022766,-68.128724,468
10256805,-16.5022538,-68.1287355,469
10256805,-16.5022361,-68.1287543,470
10256805,-16.5022254,-68.1287782,471
10256805,-16.502223,-68.1288045,472
10256805,-16.5023476,-68.128741,473
10256805,-16.5023263,-68.1287269,474
10256805,-16.5023017,-68.128721,475
10256805,-16.5022766,-68.128724,476
10256805,-16.5022766,-68.128724,477
10256805,-16.5021665,-68.1286787,478
10256805,-16.5021107,-68.1286623,479
10256805,-16.5020252,-68.1286449,480
10256805,-16.5022023,-68.1246782,481
10256805,-16.5022724,-68.1248508,482
10256805,-16.5023347,-68.1250456,483
10256805,-16.5023621,-68.1251312,484
10256805,-16.5023955,-68.1252357,485
10256805,-16.5024141,-68.1253838,486
10256805,-16.5023865,-68.1256759,487
10256805,-16.5023842,-68.1259079,488
10256805,-16.5023449,-68.1261439,489
10256805,-16.5022652,-68.1264429,490
10256805,-16.5022111,-68.1266672,491
10256805,-16.5021675,-68.1268029,492
10256805,-16.5021309,-68.1269137,493
10256805,-16.5018043,-68.1277943,494
10256805,-16.5017847,-68.1279161,495
10256805,-16.5017709,-68.1280114,496
10256805,-16.5017741,-68.128116,497
10256805,-16.5017884,-68.1282545,498
10256805,-16.5018022,-68.1283232,499
10256805,-16.5018293,-68.1283957,500
10256805,-16.5018633,-68.1284721,501
10256805,-16.5019148,-68.1285397,502
10256805,-16.5020252,-68.1286449,503
10256805,-16.5018154,-68.1242209,504
10256805,-16.5019158,-68.1243034,505
10256805,-16.5020461,-68.1244276,506
10256805,-16.5021181,-68.1245183,507
10256805,-16.5021532,-68.1245785,508
10256805,-16.5022023,-68.1246782,509
10256805,-16.5018154,-68.1242209,510
10256805,-16.5020013,-68.1241521,511
10256805,-16.50272,-68.1238748,512
10256805,-16.5028829,-68.1238145,513
10256805,-16.5028829,-68.1238145,514
10256805,-16.5028641,-68.123741,515
10256805,-16.5028456,-68.1234738,516
10256805,-16.5028346,-68.1233412,517
10256805,-16.5028174,-68.1230269,518
10256805,-16.5028127,-68.1229594,519
10256805,-16.5027245,-68.1229581,520
10256805,-16.5027829,-68.122959,521
10256805,-16.5028127,-68.1229594,522
10256805,-16.5027245,-68.1229581,523
10256805,-16.5027531,-68.1222653,524
10256805,-16.5027582,-68.1221515,525
10256805,-16.5027582,-68.1221515,526
10256805,-16.5026938,-68.1221918,527
10256805,-16.5021204,-68.1225349,528
10256805,-16.5015511,-68.1229073,529
10256805,-16.5015511,-68.1229073,530
10256805,-16.5007631,-68.1233893,531
10256805,-16.4979934,-68.1243052,532
10256805,-16.4972278,-68.1243175,533
10256805,-16.4971303,-68.1243178,534
10256805,-16.4971303,-68.1243178,535
10256805,-16.4971247,-68.1242683,536
10256805,-16.4971079,-68.1242216,537
10256805,-16.497081,-68.1241804,538
10256805,-16.4970731,-68.1241715,539
10256805,-16.4970648,-68.1241632,540
10256805,-16.4970335,-68.124139,541
10256805,-16.4969983,-68.1241216,542
10256805,-16.4969606,-68.1241117,543
10256805,-16.4969217,-68.1241097,544
10256805,-16.4968886,-68.1241142,545
10256805,-16.4968567,-68.1241245,546
10256805,-16.4968269,-68.1241401,547
10256805,-16.4967993,-68.1241615,548
10256805,-16.4967756,-68.1241874,549
10256805,-16.4967565,-68.1242172,550
10256805,-16.4967367,-68.1242723,551
10256805,-16.4967324,-68.124331,552
10256805,-16.4967383,-68.124369,553
10256805,-16.4967507,-68.1244052,554
10256805,-16.4967853,-68.1244587,555
10256805,-16.4968339,-68.1244985,556
10256805,-16.4968919,-68.1245208,557
10256805,-16.4969384,-68.1245247,558
10256805,-16.4969845,-68.1245173,559
10256805,-16.4970275,-68.1244989,560
10256805,-16.4970653,-68.1244707,561
10256805,-16.4970915,-68.1244403,562
10256805,-16.4971115,-68.1244052,563
10256805,-16.4971254,-68.1243626,564
10256805,-16.4971303,-68.1243178,565
10256805,-16.4968269,-68.1241401,566
10256805,-16.4967745,-68.1240651,567
10256805,-16.4965042,-68.1237556,568
10256805,-16.4959091,-68.1231006,569
10256805,-16.4949723,-68.1220718,570
10256805,-16.4946655,-68.1217471,571
10256805,-16.4945902,-68.1216675,572
10256805,-16.4945902,-68.1216675,573
10256805,-16.4945913,-68.1216075,574
10256805,-16.4945862,-68.1215451,575
10256805,-16.4945878,-68.121463,576
10256805,-16.494596,-68.1214217,577
10256805,-16.4943283,-68.1214114,578
10256805,-16.4943571,-68.1214493,579
10256805,-16.4943953,-68.1214768,580
10256805,-16.4944394,-68.1214916,581
10256805,-16.4944942,-68.121491,582
10256805,-16.4945097,-68.121485,583
10256805,-16.4945454,-68.1214711,584
10256805,-16.4945733,-68.1214493,585
10256805,-16.494596,-68.1214217,586
10256805,-16.494614,-68.1213852,587
10256805,-16.494614,-68.1213852,588
10256805,-16.4946223,-68.1213492,589
10256805,-16.4946228,-68.1213122,590
10256805,-16.4946153,-68.121276,591
10256805,-16.4946002,-68.1212425,592
10256805,-16.4946002,-68.1212425,593
10256805,-16.494582,-68.1212172,594
10256805,-16.494582,-68.1212172,595
10256805,-16.4945339,-68.12118,596
10256805,-16.4945013,-68.1211668,597
10256805,-16.4944659,-68.1211636,598
10256805,-16.4944238,-68.1211694,599
10256805,-16.4943882,-68.1211868,600
10256805,-16.4943513,-68.1212141,601
10256805,-16.4943513,-68.1212141,602
10256805,-16.4943262,-68.1212499,603
10256805,-16.4943262,-68.1212499,604
10256805,-16.4943106,-68.1212892,605
10256805,-16.494307,-68.1213324,606
10256805,-16.4943129,-68.1213733,607
10256805,-16.4943283,-68.1214114,608
10256805,-16.4943262,-68.1212499,609
10256805,-16.4942566,-68.1212687,610
10256805,-16.494184,-68.1212742,611
10256805,-16.4937595,-68.1212934,612
10256805,-16.4937595,-68.1212934,613
10256805,-16.4935879,-68.1213024,614
10256805,-16.4935879,-68.1213024,615
10256805,-16.4932652,-68.1213214,616
10256805,-16.4931469,-68.1213237,617
10256805,-16.4930572,-68.1213282,618
10256805,-16.4927274,-68.1213724,619
10256805,-16.4910553,-68.1214468,620
10256805,-16.4909765,-68.1214499,621
10256805,-16.4909765,-68.1214499,622
10256805,-16.490858,-68.1214539,623
10256805,-16.4904734,-68.1214669,624
10256805,-16.4899867,-68.1214833,625
10256805,-16.4898858,-68.1214867,626
10256805,-16.4898858,-68.1214867,627
10256805,-16.4898289,-68.12149,628
10256805,-16.4894747,-68.1215107,629
10256805,-16.4892283,-68.1215232,630
10256805,-16.4891898,-68.1215247,631
10256805,-16.4890957,-68.1215284,632
10256805,-16.4890957,-68.1215284,633
10256805,-16.4889945,-68.1215327,634
10256805,-16.4888795,-68.1215377,635
10256805,-16.4883818,-68.121561,636
10256805,-16.4882873,-68.1215655,637
10256805,-16.4881882,-68.121568,638
10256805,-16.4873771,-68.1216051,639
10256805,-16.4872855,-68.1216088,640
10256805,-16.4872855,-68.1216088,641
10256805,-16.4871953,-68.1216128,642
10256805,-16.4865199,-68.1216435,643
10256805,-16.4852175,-68.1217085,644
10256805,-16.4851403,-68.1217099,645
10256805,-16.4850944,-68.1216905,646
10256805,-16.4850549,-68.1216442,647
10256805,-16.4850549,-68.1216442,648
10256805,-16.4850377,-68.1211719,649
10256805,-16.4850336,-68.121058,650
10256805,-16.4850336,-68.121058,651
10256805,-16.484063,-68.121097,652
10256805,-16.4838854,-68.1211062,653
10256805,-16.4838854,-68.1211062,654
10256805,-16.4837177,-68.1211483,655
10256805,-16.4835667,-68.1212084,656
10256805,-16.4834283,-68.121316,657
10256805,-16.4833302,-68.1214261,658
10256805,-16.4832759,-68.121502,659
10256805,-16.4832759,-68.121502,660
10256805,-16.4832263,-68.1216551,661
10256805,-16.4832022,-68.1217572,662
10256805,-16.4832022,-68.1217572,663
10256805,-16.483152,-68.1218014,664
10256805,-16.4830994,-68.1218126,665
10256805,-16.482755,-68.1218288,666
10256805,-16.4823177,-68.121851,667
10256805,-16.4823177,-68.121851,668
10256805,-16.4822343,-68.1218721,669
10256805,-16.4822343,-68.1218721,670
10256805,-16.4820872,-68.1218867,671
10256805,-16.4820872,-68.1218867,672
10256805,-16.4819422,-68.121858,673
10256805,-16.4819133,-68.1218519,674
10256805,-16.4819133,-68.1218519,675
10256805,-16.4818832,-68.1217971,676
10256805,-16.4818832,-68.1217971,677
10256805,-16.4812919,-68.1216015,678
10256805,-16.480885,-68.1214418,679
10256805,-16.4799347,-68.1211092,680
10256805,-16.4798517,-68.1210634,681
10256805,-16.4797069,-68.120983,682
10256805,-16.4795826,-68.1209139,683
10256805,-16.4799101,-68.1211608,684
10256805,-16.4802407,-68.1212835,685
10256805,-16.4796805,-68.1210392,686
10256805,-16.4799101,-68.1211608,687
10256805,-16.4795826,-68.1209139,688
10256805,-16.4786237,-68.1203517,689
10256805,-16.4785789,-68.1203254,690
10256805,-16.4785789,-68.1203254,691
10256805,-16.4785743,-68.1203014,692
10256805,-16.4785623,-68.1202804,693
10256805,-16.4785442,-68.1202649,694
10256805,-16.4785221,-68.1202567,695
10256805,-16.4784986,-68.1202566,696
10256805,-16.4784765,-68.1202648,697
10256805,-16.4784765,-68.1202648,698
10256805,-16.478447,-68.120246,699
10256805,-16.4772972,-68.1195129,700
10256805,-16.4772972,-68.1195129,701
10256805,-16.4763715,-68.1189594,702
10256805,-16.4756164,-68.1185089,703
10256805,-16.4756164,-68.1185089,704
10256805,-16.475113,-68.1182041,705
10256805,-16.475113,-68.1182041,706
10256805,-16.4751223,-68.118169,707
10256805,-16.475126,-68.11813,708
10256805,-16.475126,-68.11813,709
10256805,-16.4751256,-68.118098,710
10256805,-16.4751208,-68.1180665,711
10256805,-16.4751119,-68.1180359,712
10256805,-16.4750988,-68.118007,713
10256805,-16.475082,-68.1179803,714
10256805,-16.4750617,-68.1179564,715
10256805,-16.4750617,-68.1179564,716
10256805,-16.4750405,-68.1179358,717
10256805,-16.4750167,-68.1179184,718
10256805,-16.4749828,-68.1179005,719
10256805,-16.4749465,-68.1178887,720
10256805,-16.4749089,-68.1178833,721
10256805,-16.4748709,-68.1178844,722
10256805,-16.4748709,-68.1178844,723
10256805,-16.4748268,-68.1178948,724
10256805,-16.4747861,-68.1179123,725
10256805,-16.4747441,-68.117943,726
10256805,-16.4739382,-68.1174615,727
10256805,-16.4736623,-68.1172795,728
10256805,-16.4732237,-68.1169718,729
10256805,-16.4747441,-68.117943,730
10256805,-16.4746087,-68.117873,731
10256805,-16.4743913,-68.1177439,732
10256805,-16.4742546,-68.1176628,733
10256805,-16.4739382,-68.1174615,734
10256805,-16.4732237,-68.1169718,735
10256805,-16.4730157,-68.1168253,736
10256805,-16.472466,-68.1164382,737
10256805,-16.4721956,-68.1162821,738
10256805,-16.4721386,-68.1162603,739
10256805,-16.4720832,-68.116238,740
10256805,-16.4720064,-68.1162152,741
10256805,-16.4719415,-68.1162,742
10256805,-16.4717221,-68.1161525,743
10256805,-16.4713409,-68.1160802,744
10256805,-16.4710347,-68.1160424,745
10256805,-16.4708364,-68.1160329,746
10256805,-16.470274,-68.1160279,747
10256805,-16.4697861,-68.1160024,748
10256805,-16.4697861,-68.1160024,749
10256805,-16.4696711,-68.1160203,750
10256805,-16.4696162,-68.116032,751
10256805,-16.4695535,-68.1160623,752
10256805,-16.469493,-68.116095,753
10256805,-16.4694416,-68.11613,754
10256805,-16.4694416,-68.11613,755
10256805,-16.4692658,-68.1162427,756
10256805,-16.469149,-68.1162875,757
10256805,-16.469035,-68.1163311,758
10256805,-16.4689103,-68.1163318,759
10256805,-16.4687782,-68.1163107,760
10256805,-16.4686491,-68.1162613,761
10256805,-16.4685901,-68.1162257,762
10256805,-16.468544,-68.11619,763
10256805,-16.4685088,-68.1161531,764
10256805,-16.4684658,-68.1161048,765
10256805,-16.4684,-68.1159838,766
10256805,-16.4684,-68.1159838,767
10256805,-16.4683776,-68.1158828,768
10256805,-16.4683764,-68.1158117,769
10256805,-16.4683847,-68.11575,770
10256805,-16.4684111,-68.1156608,771
10256805,-16.4684317,-68.1156132,772
10256805,-16.4684619,-68.1155603,773
10256805,-16.4685539,-68.115457,774
10256805,-16.4686847,-68.1153332,775
10256805,-16.4687355,-68.1152678,776
10256805,-16.4687909,-68.115204,777
10256805,-16.4687909,-68.115204,778
10256805,-16.469067,-68.1150895,779
10256805,-16.4691982,-68.1150292,780
10256805,-16.4692909,-68.1149768,781
10256805,-16.4694747,-68.1148495,782
10256805,-16.4697187,-68.1146438,783
10256805,-16.4697251,-68.1146384,784
10256805,-16.4700237,-68.1143832,785
10256805,-16.4701162,-68.1142661,786
10256805,-16.4701448,-68.1142293,787
10256805,-16.4701661,-68.1141601,788
10256805,-16.4690292,-68.1121528,789
10256805,-16.4690258,-68.1122223,790
10256805,-16.4690477,-68.1123161,791
10256805,-16.4691159,-68.11252,792
10256805,-16.4691482,-68.1125849,793
10256805,-16.4693701,-68.1129202,794
10256805,-16.4695839,-68.1132114,795
10256805,-16.4697668,-68.1135642,796
10256805,-16.4701661,-68.1141601,797
10256805,-16.469256,-68.1118312,798
10256805,-16.469458,-68.1115656,799
10256805,-16.4694702,-68.1115317,800
10256805,-16.4694729,-68.1114942,801
10256805,-16.4694577,-68.111454,802
10256805,-16.4690223,-68.1109732,803
10256805,-16.4689577,-68.1109281,804
10256805,-16.4689011,-68.1108972,805
10256805,-16.4687866,-68.1108637,806
10256805,-16.4682954,-68.1109884,807
10256805,-16.4682696,-68.1109207,808
10256805,-16.4682323,-68.1108402,809
10256805,-16.4681622,-68.1107229,810
10256805,-16.4680658,-68.1106129,811
10256805,-16.4678234,-68.1103809,812
10256805,-16.4675321,-68.1101053,813
10256805,-16.4670607,-68.1096326,814
10256805,-16.4668022,-68.1093697,815
10256805,-16.4667321,-68.1092966,816
10256805,-16.4666832,-68.1092289,817
10256805,-16.4665836,-68.1090693,818
10256805,-16.4665295,-68.1089593,819
10256805,-16.4664832,-68.1088923,820
10256805,-16.4663521,-68.1087287,821
10256805,-16.4661206,-68.1084403,822
10256805,-16.4658415,-68.1080682,823
10256805,-16.465778,-68.1080018,824
10256805,-16.4656621,-68.1079207,825
10256805,-16.4656106,-68.1078764,826
10256805,-16.4655708,-68.1078342,827
10256805,-16.4655019,-68.1077363,828
10256805,-16.4654466,-68.1076437,829
10256805,-16.4653798,-68.1075089,830
10256805,-16.4650518,-68.1068404,831
10256805,-16.4648602,-68.1064716,832
10256805,-16.4646904,-68.1061611,833
10256805,-16.4646415,-68.106076,834
10256805,-16.4645875,-68.1059606,835
10256805,-16.4645618,-68.1058909,836
10256805,-16.4645361,-68.1057997,837
10256805,-16.4644692,-68.1055999,838
10256805,-16.4644306,-68.105502,839
10256805,-16.4643882,-68.1054282,840
10256805,-16.4643387,-68.1053571,841
10256805,-16.4641953,-68.1052056,842
10256805,-16.4640538,-68.1050561,843
10256805,-16.4639483,-68.104928,844
10256805,-16.4637464,-68.1046638,845
10256805,-16.4636229,-68.1044707,846
10256805,-16.4634737,-68.1041917,847
10256805,-16.463367,-68.1040066,848
10256805,-16.4632307,-68.1038122,849
10256805,-16.4625889,-68.1030531,850
10256805,-16.4621838,-68.1025623,851
10256805,-16.4617831,-68.1020795,852
10256805,-16.4614828,-68.1017268,853
10256805,-16.4612687,-68.1014974,854
10256805,-16.4612269,-68.1014639,855
10256805,-16.4611896,-68.1014465,856
10256805,-16.4611555,-68.1014438,857
10256805,-16.4611246,-68.1014552,858
10256805,-16.4611002,-68.1014713,859
10256805,-16.4610655,-68.1015082,860
10256805,-16.4609516,-68.101645,861
10256805,-16.4608102,-68.1018434,862
10256805,-16.4607626,-68.1019125,863
10256805,-16.4607504,-68.1019407,864
10256805,-16.4607433,-68.1019762,865
10256805,-16.4607574,-68.1020258,866
10256805,-16.460805,-68.1020983,867
10256805,-16.4611047,-68.1024389,868
10256805,-16.461286,-68.1026521,869
10256805,-16.4614571,-68.1028855,870
10256805,-16.4616384,-68.1031577,871
10256805,-16.4618976,-68.1036063,872
10256805,-16.4619606,-68.1037029,873
10256805,-16.4620243,-68.1037793,874
10256805,-16.4620905,-68.103837,875
10256805,-16.4621568,-68.1038866,876
10256805,-16.4622249,-68.1039376,877
10256805,-16.4622732,-68.1040006,878
10256805,-16.4622838,-68.1040335,879
10256805,-16.46236,-68.1042266,880
10256805,-16.4624011,-68.1043808,881
10256805,-16.4624294,-68.1045216,882
10256805,-16.4624346,-68.1046236,883
10256805,-16.4624204,-68.1047362,884
10256805,-16.4624088,-68.1048542,885
10256805,-16.4624104,-68.1050246,886
10256805,-16.4624513,-68.1053048,887
10256805,-16.462504,-68.1055865,888
10256805,-16.4625452,-68.1058225,889
10256805,-16.4626018,-68.1060666,890
10256805,-16.4626776,-68.1063335,891
10256805,-16.4627381,-68.1064998,892
10256805,-16.4628024,-68.1066218,893
10256805,-16.4628744,-68.1067868,894
10256805,-16.4628969,-68.1068759,895
10256805,-16.4629046,-68.1069873,896
10256805,-16.4629014,-68.1070878,897
10256805,-16.4628853,-68.1071683,898
10256805,-16.4628706,-68.1072313,899
10256805,-16.4628718,-68.1072622,900
10256805,-16.4628802,-68.1072917,901
10256805,-16.462949,-68.1073728,902
10256805,-16.4630635,-68.107468,903
10256805,-16.4631548,-68.1075472,904
10256805,-16.4633348,-68.107696,905
10256805,-16.4635181,-68.1078564,906
10256805,-16.4635798,-68.1079214,907
10256805,-16.4636178,-68.1079878,908
10256805,-16.4636268,-68.1080836,909
10256805,-16.4636255,-68.1081869,910
10256805,-16.4635985,-68.1082888,911
10256805,-16.4635372,-68.1084059,912
10256805,-16.4698272,-68.1128589,913
10256805,-16.4700599,-68.1125527,914
10256805,-16.4700599,-68.1125527,915
10256805,-16.470155,-68.1124435,916
10256805,-16.4701769,-68.1124073,917
10256805,-16.470182,-68.1123671,918
10256805,-16.4701563,-68.1122732,919
10256805,-16.4700716,-68.1120799,920
10256805,-16.470051,-68.1120327,921
10256805,-16.4699802,-68.1118152,922
10256805,-16.4699562,-68.1117166,923
10256805,-16.4699295,-68.1116089,924
10256805,-16.4699274,-68.1115665,925
10256805,-16.4699493,-68.1115255,926
10256805,-16.470073,-68.1114343,927
10256805,-16.470073,-68.1114343,928
10256805,-16.4702121,-68.1113842,929
10256805,-16.4702121,-68.1113842,930
10256805,-16.4702733,-68.11138,931
10256805,-16.4703312,-68.1114149,932
10256805,-16.4704058,-68.1115276,933
10256805,-16.470501,-68.1116402,934
10256805,-16.4706052,-68.1117341,935
10256805,-16.4709935,-68.1120774,936
10256805,-16.471063,-68.1121324,937
10256805,-16.4711183,-68.1121928,938
10256805,-16.4711916,-68.1123175,939
10256805,-16.4712443,-68.1124449,940
10256805,-16.4712983,-68.1125575,941
10256805,-16.4713575,-68.1126259,942
10256805,-16.4714224,-68.1126691,943
10256805,-16.4715806,-68.1127486,944
10256805,-16.4716482,-68.1127761,945
10256805,-16.4716842,-68.1128056,946
10256805,-16.4717099,-68.1128526,947
10256805,-16.4717755,-68.1129183,948
10256805,-16.4718565,-68.1129652,949
10256805,-16.4719259,-68.1129902,950
10256805,-16.4719864,-68.1129894,951
10256805,-16.4719864,-68.1129894,952
10256805,-16.4720226,-68.1129697,953
10256805,-16.4720394,-68.1129377,954
10256805,-16.4720803,-68.1127909,955
10256805,-16.4721073,-68.1126004,956
10257511,-16.5043999,-68.1311899,0
10257511,-16.5043925,-68.1311551,1
10257511,-16.5041186,-68.1313255,2
10257511,-16.5041663,-68.1313465,3
10257511,-16.5043796,-68.1465606,4
10257511,-16.5045513,-68.1464544,5
10257511,-16.503467,-68.144351,6
10257511,-16.5035316,-68.1445875,7
10257511,-16.5036412,-68.1448748,8
10257511,-16.5039265,-68.1454802,9
10257511,-16.5042334,-68.1460015,10
10257511,-16.5045513,-68.1464544,11
10257511,-16.5032423,-68.1444594,12
10257511,-16.503467,-68.144351,13
10257511,-16.5019754,-68.1451053,14
10257511,-16.5023994,-68.1448835,15
10257511,-16.502488,-68.144835,16
10257511,-16.5032423,-68.1444594,17
10257511,-16.5018756,-68.1448939,18
10257511,-16.5019754,-68.1451053,19
10257511,-16.501057,-68.1434257,20
10257511,-16.5011007,-68.1435089,21
10257511,-16.5011354,-68.1435813,22
10257511,-16.5011945,-68.1436497,23
10257511,-16.5013,-68.1437382,24
10257511,-16.501372,-68.1438093,25
10257511,-16.5014466,-68.1439058,26
10257511,-16.5015199,-68.1440587,27
10257511,-16.5016665,-68.1443203,28
10257511,-16.5017205,-68.1444356,29
10257511,-16.5017899,-68.1446072,30
10257511,-16.5018756,-68.1448939,31
10257511,-16.5008663,-68.1429795,32
10257511,-16.501057,-68.1434257,33
10257511,-16.500893,-68.1417192,34
10257511,-16.5009764,-68.1419667,35
10257511,-16.5010052,-68.1420928,36
10257511,-16.5010163,-68.1421747,37
10257511,-16.5010219,-68.1422656,38
10257511,-16.5010181,-68.1423911,39
10257511,-16.5010048,-68.1424956,40
10257511,-16.5009663,-68.1427156,41
10257511,-16.5009393,-68.1428356,42
10257511,-16.5009033,-68.1429289,43
10257511,-16.5008663,-68.1429795,44
10257511,-16.5007875,-68.1413093,45
10257511,-16.5007861,-68.1413953,46
10257511,-16.500893,-68.1417192,47
10257511,-16.5007875,-68.1413093,48
10257511,-16.5012846,-68.1410936,49
10257511,-16.5018166,-68.1408702,50
10257511,-16.5018166,-68.1408702,51
10257511,-16.5018089,-68.1404546,52
10257511,-16.5018034,-68.1397196,53
10257511,-16.5018034,-68.1397196,54
10257511,-16.5018034,-68.1395352,55
10257511,-16.5018317,-68.1394105,56
10257511,-16.5018818,-68.1393079,57
10257511,-16.5019507,-68.1392093,58
10257511,-16.5020451,-68.1391067,59
10257511,-16.5022387,-68.1388962,60
10257511,-16.5025859,-68.1371306,61
10257511,-16.5027993,-68.1373626,62
10257511,-16.5033098,-68.1379165,63
10257511,-16.5031567,-68.1365259,64
10257511,-16.5025859,-68.1371306,65
10257511,-16.5036435,-68.1360222,66
10257511,-16.5031567,-68.1365259,67
10257511,-16.5044008,-68.1352846,68
10257511,-16.5040564,-68.13562,69
10257511,-16.5036435,-68.1360222,70
10257511,-16.5044008,-68.1352846,71
10257511,-16.5041636,-68.1349982,72
10257511,-16.503828,-68.1346241,73
10257511,-16.5037361,-68.1345349,74
10257511,-16.5024659,-68.1330346,75
10257511,-16.5027697,-68.1333856,76
10257511,-16.503224,-68.1338995,77
10257511,-16.503276,-68.1339567,78
10257511,-16.5037361,-68.1345349,79
10257511,-16.5024659,-68.1330346,80
10257511,-16.5026888,-68.1327953,81
10257511,-16.5031767,-68.1322966,82
10257511,-16.5034403,-68.1320096,83
10257511,-16.5039676,-68.1314514,84
10257511,-16.5039957,-68.1314208,85
10257511,-16.5040413,-68.1313702,86
10257511,-16.5041186,-68.1313255,87
10257511,-16.5041663,-68.1313465,88
10257511,-16.5041988,-68.1313526,89
10257511,-16.5041988,-68.1313526,90
10257511,-16.5042838,-68.1313564,91
10257511,-16.5043301,-68.1313402,92
10257511,-16.5043648,-68.1313115,93
10257511,-16.5043648,-68.1313115,94
10257511,-16.5043867,-68.1312833,95
10257511,-16.5043978,-68.1312429,96
10257511,-16.5043999,-68.1311899,97
10257511,-16.5043925,-68.1311551,98
10257511,-16.5043916,-68.1310577,99
10257511,-16.504402,-68.1310099,100
10257511,-16.5044191,-68.1309731,101
10257511,-16.504448,-68.1309404,102
10257511,-16.5049648,-68.1303956,103
10257511,-16.5049648,-68.1303956,104
10257511,-16.5055036,-68.1298082,105
10257511,-16.5055036,-68.1298082,106
10257511,-16.5056369,-68.1296575,107
10257511,-16.505873,-68.1294129,108
10257511,-16.5062083,-68.1290234,109
10257511,-16.5064767,-68.1287337,110
10257511,-16.5065151,-68.1286891,111
10257511,-16.5065151,-68.1286891,112
10257511,-16.5073392,-68.1277909,113
10257511,-16.507377,-68.12775,114
10257511,-16.507377,-68.12775,115
10257511,-16.507415,-68.1277083,116
10257511,-16.5082591,-68.1268679,117
10257511,-16.5082591,-68.1268679,118
10257511,-16.5088664,-68.1263545,119
10257511,-16.5088664,-68.1263545,120
10257511,-16.5091987,-68.1260671,121
10257511,-16.5091987,-68.1260671,122
10257511,-16.5101391,-68.1252521,123
10257511,-16.5101391,-68.1252521,124
10257511,-16.509817,-68.1248479,125
10257511,-16.509817,-68.1248479,126
10257511,-16.5096071,-68.1246042,127
10257511,-16.5096071,-68.1246042,128
10257511,-16.5095759,-68.1245052,129
10257511,-16.509554,-68.124391,130
10257511,-16.509554,-68.124391,131
10257511,-16.5095778,-68.1243373,132
10257511,-16.5096013,-68.1242567,133
10257511,-16.5096117,-68.1241725,134
10257511,-16.509609,-68.1241023,135
10257511,-16.5095473,-68.1239758,136
10257511,-16.5095874,-68.1240325,137
10257511,-16.509609,-68.1241023,138
10257511,-16.5095473,-68.1239758,139
10257511,-16.5094875,-68.1239421,140
10257511,-16.5094163,-68.1239274,141
10257511,-16.5093372,-68.1239263,142
10257511,-16.5092379,-68.1239484,143
10257511,-16.5091501,-68.1240014,144
10257511,-16.5090797,-68.1240726,145
10257511,-16.5090797,-68.1240726,146
10257511,-16.5090475,-68.1240469,147
10257511,-16.5087655,-68.1238171,148
10257511,-16.5084789,-68.1235899,149
10257511,-16.5084789,-68.1235899,150
10257511,-16.5084524,-68.1235687,151
10257511,-16.5084524,-68.1235687,152
10257511,-16.5068268,-68.122239,153
10257511,-16.5068268,-68.122239,154
10257511,-16.5066662,-68.1221113,155
10257511,-16.5066662,-68.1221113,156
10257511,-16.5066247,-68.1220941,157
10257511,-16.5065913,-68.1220892,158
10257511,-16.5065471,-68.1220888,159
10257511,-16.5051198,-68.1220818,160
10257511,-16.5051198,-68.1220818,161
10257511,-16.5046947,-68.121488,162
10257511,-16.5041124,-68.1213329,163
10257511,-16.5046359,-68.1210185,164
10257511,-16.5046359,-68.1210185,165
10257511,-16.5047333,-68.120959,166
10257511,-16.5047879,-68.1208242,167
10257511,-16.5043724,-68.1206188,168
10257511,-16.5039821,-68.1204246,169
10257511,-16.5039821,-68.1204246,170
10257511,-16.503911,-68.1203446,171
10257511,-16.503911,-68.1203446,172
10257511,-16.503837,-68.1203063,173
10257511,-16.5035672,-68.1201751,174
10257511,-16.5034257,-68.1201036,175
10257511,-16.5034008,-68.1200916,176
10257511,-16.5032992,-68.1200427,177
10257511,-16.503049,-68.1199146,178
10257511,-16.5030364,-68.1199081,179
10257511,-16.5026827,-68.119729,180
10257511,-16.5026222,-68.1196974,181
10257511,-16.5026222,-68.1196974,182
10257511,-16.502569,-68.1196701,183
10257511,-16.5021105,-68.1194378,184
10257511,-16.5015554,-68.1191569,185
10257511,-16.5013682,-68.1190613,186
10257511,-16.5013682,-68.1190613,187
10257511,-16.5009765,-68.1188653,188
10257511,-16.500666,-68.1187085,189
10257511,-16.5003641,-68.1185585,190
10257511,-16.4999774,-68.1183678,191
10257511,-16.499863,-68.118307,192
10257511,-16.499863,-68.118307,193
10257511,-16.4996077,-68.1183152,194
10257511,-16.4991003,-68.1183528,195
10257511,-16.4987164,-68.1183871,196
10257511,-16.4987164,-68.1183871,197
10257511,-16.4986073,-68.1184791,198
10257511,-16.4973171,-68.1193009,199
10257511,-16.4978714,-68.1189478,200
10257511,-16.4982449,-68.1187081,201
10257511,-16.4986073,-68.1184791,202
10257511,-16.496118,-68.1183113,203
10257511,-16.4961268,-68.1183269,204
10257511,-16.4961974,-68.118462,205
10257511,-16.4962622,-68.1185188,206
10257511,-16.4963257,-68.1185475,207
10257511,-16.4964247,-68.1185656,208
10257511,-16.4967192,-68.1185482,209
10257511,-16.4968014,-68.118547,210
10257511,-16.4969236,-68.118563,211
10257511,-16.49698,-68.1185992,212
10257511,-16.4970144,-68.1186387,213
10257511,-16.4973171,-68.1193009,214
10257511,-16.4960723,-68.1182041,215
10257511,-16.496118,-68.1183113,216
10257511,-16.4960657,-68.1181887,217
10257511,-16.4960723,-68.1182041,218
10257511,-16.495916,-68.1180781,219
10257511,-16.4959762,-68.118098,220
10257511,-16.4960277,-68.118136,221
10257511,-16.4960657,-68.1181887,222
10257511,-16.4950416,-68.1184568,223
10257511,-16.4956189,-68.1181312,224
10257511,-16.4956997,-68.1181086,225
10257511,-16.4958057,-68.1180989,226
10257511,-16.495916,-68.1180781,227
10257511,-16.4947588,-68.1185418,228
10257511,-16.4949184,-68.1185133,229
10257511,-16.4950416,-68.1184568,230
10257511,-16.4946487,-68.1185131,231
10257511,-16.4946713,-68.1185342,232
10257511,-16.4946991,-68.1185467,233
10257511,-16.4947293,-68.1185493,234
10257511,-16.4947588,-68.1185418,235
10257511,-16.494633,-68.1184193,236
10257511,-16.4946279,-68.1184518,237
10257511,-16.4946333,-68.1184843,238
10257511,-16.4946487,-68.1185131,239
10257511,-16.4947301,-68.1183535,240
10257511,-16.4946992,-68.1183561,241
10257511,-16.4946707,-68.118369,242
10257511,-16.4946479,-68.1183909,243
10257511,-16.494633,-68.1184193,244
10257511,-16.4948635,-68.118286,245
10257511,-16.4947301,-68.1183535,246
10257511,-16.4958446,-68.1170582,247
10257511,-16.4955328,-68.1177554,248
10257511,-16.4954543,-68.1178737,249
10257511,-16.4953861,-68.117945,250
10257511,-16.4953283,-68.1179896,251
10257511,-16.4950365,-68.1181405,252
10257511,-16.4949618,-68.1181875,253
10257511,-16.4948635,-68.118286,254
10257511,-16.4958446,-68.1170582,255
10257511,-16.4958884,-68.1169266,256
10257511,-16.4958884,-68.1169266,257
10257511,-16.4958451,-68.1167655,258
10257511,-16.4958451,-68.1167655,259
10257511,-16.4957647,-68.1164688,260
10257511,-16.4955348,-68.1154934,261
10257511,-16.4955637,-68.1156236,262
10257511,-16.4956055,-68.1158372,263
10257511,-16.4957647,-68.1164688,264
10257511,-16.4955348,-68.1154934,265
10257511,-16.4955502,-68.1154825,266
10257511,-16.4955614,-68.115467,267
10257511,-16.4955672,-68.1154485,268
10257511,-16.495567,-68.1154291,269
10257511,-16.4955606,-68.1154106,270
10257511,-16.4955489,-68.1153952,271
10257511,-16.495533,-68.1153847,272
10257511,-16.4955147,-68.1153802,273
10257511,-16.495496,-68.1153822,274
10257511,-16.4954789,-68.1153904,275
10257511,-16.4954695,-68.1153997,276
10257511,-16.4954695,-68.1153997,277
10257511,-16.4954567,-68.1154215,278
10257511,-16.495454,-68.1154409,279
10257511,-16.4954576,-68.1154602,280
10257511,-16.4954669,-68.1154772,281
10257511,-16.495481,-68.11549,282
10257511,-16.4954982,-68.1154973,283
10257511,-16.4955168,-68.1154985,284
10257511,-16.4955348,-68.1154934,285
10257511,-16.4954695,-68.1153997,286
10257511,-16.4954059,-68.1153502,287
10257511,-16.495363,-68.1153407,288
10257511,-16.4952146,-68.1153216,289
10257511,-16.4949407,-68.1152935,290
10257511,-16.4945318,-68.1152421,291
10257511,-16.4942418,-68.1152211,292
10257511,-16.4941701,-68.1152043,293
10257511,-16.4940606,-68.1151754,294
10257511,-16.494007,-68.1151451,295
10257511,-16.4937951,-68.115005,296
10257511,-16.4937951,-68.115005,297
10257511,-16.4936808,-68.1148732,298
10257511,-16.4935708,-68.1147209,299
10257511,-16.4934968,-68.1145617,300
10257511,-16.4934968,-68.1145617,301
10257511,-16.4934947,-68.1145146,302
10257511,-16.4934947,-68.114452,303
10257511,-16.4935005,-68.1143962,304
10257511,-16.4935122,-68.1143288,305
10257511,-16.4935322,-68.1142696,306
10257511,-16.4935707,-68.1142055,307
10257511,-16.4936078,-68.1141755,308
10257511,-16.4942509,-68.1137777,309
10257511,-16.4943227,-68.1137458,310
10257511,-16.4944598,-68.1137158,311
10257511,-16.4944598,-68.1137158,312
10257511,-16.4947721,-68.1137354,313
10257511,-16.4949053,-68.1137323,314
10257511,-16.4950185,-68.1137153,315
10257511,-16.4951226,-68.1136783,316
10257511,-16.4952203,-68.1135983,317
10257511,-16.4957157,-68.113019,318
10257511,-16.495772,-68.112933,319
10257511,-16.4958041,-68.1128392,320
10257511,-16.4958183,-68.1127976,321
10257511,-16.4959005,-68.1125589,322
10257511,-16.4959813,-68.1123722,323
10257511,-16.4961924,-68.1121404,324
10257511,-16.4962413,-68.1120855,325
10257511,-16.4965555,-68.1117665,326
10257511,-16.4966605,-68.111651,327
10257511,-16.4967184,-68.1115678,328
10257511,-16.4967558,-68.1114881,329
10257511,-16.4967647,-68.1114364,330
10257511,-16.4967546,-68.1113966,331
10257511,-16.4967546,-68.1113966,332
10257511,-16.4967268,-68.1113678,333
10257511,-16.4966926,-68.1113562,334
10257511,-16.4966579,-68.1113586,335
10257511,-16.4965107,-68.1114051,336
10257511,-16.4964252,-68.1114231,337
10257511,-16.4963654,-68.1114317,338
10257511,-16.4962947,-68.1114337,339
10257511,-16.4962291,-68.1114279,340
10257511,-16.4960308,-68.1113719,341
10257511,-16.4958438,-68.1113025,342
10257511,-16.4958015,-68.1113016,343
10257511,-16.4957464,-68.1113154,344
10257511,-16.4957464,-68.1113154,345
10257511,-16.4956356,-68.1113274,346
10257511,-16.4955816,-68.1113197,347
10257511,-16.4955276,-68.1112888,348
10257511,-16.4954891,-68.1112595,349
10257511,-16.4954306,-68.1112023,350
10257511,-16.4953701,-68.1111245,351
10257511,-16.4953378,-68.1110577,352
10257511,-16.4952319,-68.1106598,353
10257511,-16.4952049,-68.1105653,354
10257511,-16.4952068,-68.110517,355
10257511,-16.4952384,-68.1104506,356
10257511,-16.4953078,-68.1104077,357
10257511,-16.4956273,-68.1102636,358
10257511,-16.4958002,-68.1101851,359
10257511,-16.4960992,-68.1100939,360
10257511,-16.4963815,-68.1100027,361
10257511,-16.4964789,-68.1099732,362
10257511,-16.4966367,-68.1099585,363
10257511,-16.4968936,-68.1095907,364
10257511,-16.4966367,-68.1099585,365
10257511,-16.4968936,-68.1095907,366
10257511,-16.4967541,-68.1094997,367
10257511,-16.496384,-68.1093965,368
10257511,-16.4962467,-68.1093589,369
10257511,-16.495997,-68.1092906,370
10257511,-16.4959308,-68.1092577,371
10257511,-16.4959089,-68.1092249,372
10257511,-16.4958986,-68.1092007,373
10257511,-16.4959044,-68.1091418,374
10257511,-16.4959301,-68.1091176,375
10257511,-16.4959687,-68.1091015,376
10257511,-16.4960718,-68.109099,377
10257511,-16.4963016,-68.1090737,378
10257511,-16.4965319,-68.1090552,379
10257511,-16.4966091,-68.1090519,380
10257511,-16.4966669,-68.1090311,381
10257511,-16.4967004,-68.109011,382
10257511,-16.496721,-68.1089761,383
10257511,-16.4967357,-68.1089426,384
10257511,-16.49673,-68.108893,385
10257511,-16.4967165,-68.1088595,386
10257511,-16.4966875,-68.1088568,387
10257511,-16.4966309,-68.108844,388
10257511,-16.4961854,-68.108781,389
10257511,-16.4959651,-68.1087493,390
10257511,-16.4958967,-68.1087394,391
10257511,-16.495833,-68.1087213,392
10257511,-16.495799,-68.1086958,393
10257511,-16.4957797,-68.1086656,394
10257511,-16.4957739,-68.1086288,395
10257511,-16.4957835,-68.1085912,396
10257511,-16.4958054,-68.1085409,397
10257511,-16.4959018,-68.1083961,398
10257511,-16.4960201,-68.1082955,399
10257511,-16.4961526,-68.1081849,400
10257511,-16.496285,-68.1080809,401
10257511,-16.4964342,-68.1080018,402
10257511,-16.4964676,-68.1079683,403
10257511,-16.4964856,-68.1079307,404
10257511,-16.4964921,-68.1078959,405
10257511,-16.4964869,-68.1078529,406
10257511,-16.4964702,-68.1078208,407
10257511,-16.4964226,-68.107755,408
10257511,-16.4963725,-68.1077215,409
10257511,-16.4963236,-68.1077094,410
10257511,-16.4956054,-68.1075934,411
10257511,-16.4950242,-68.1075267,412
10257511,-16.4950056,-68.1075277,413
10257511,-16.4950056,-68.1075277,414
10257511,-16.4949117,-68.1074312,415
10257511,-16.4948319,-68.1073427,416
10257511,-16.4946423,-68.107519,417
10257511,-16.4945896,-68.1075465,418
10257511,-16.4945581,-68.1075559,419
10257511,-16.494542,-68.1075505,420
10257511,-16.4945272,-68.1075371,421
10257511,-16.4945195,-68.107515,422
10257511,-16.4945182,-68.1074734,423
10257511,-16.4945323,-68.1073306,424
10257511,-16.4945626,-68.1071354,425
10257511,-16.4945664,-68.1070583,426
10257511,-16.4945651,-68.1070215,427
10257511,-16.4945514,-68.1070037,428
10257511,-16.4945395,-68.1069969,429
10257511,-16.4945395,-68.1069969,430
10257511,-16.4945189,-68.1069909,431
10257511,-16.4944965,-68.1069912,432
10257511,-16.4944656,-68.1070042,433
10257511,-16.4944446,-68.1070241,434
10257511,-16.494407,-68.1070999,435
10257511,-16.4943362,-68.1072521,436
10257511,-16.4942437,-68.1073923,437
10257511,-16.4941118,-68.107578,438
10257511,-16.4939627,-68.1077275,439
10257511,-16.4938803,-68.1077899,440
10257511,-16.4938315,-68.1078047,441
10257511,-16.4929551,-68.107875,442
10257511,-16.4928845,-68.1078807,443
10257511,-16.4927587,-68.1079182,444
10257511,-16.4927587,-68.1079182,445
10257511,-16.4927222,-68.1079338,446
10257511,-16.4926548,-68.1080025,447
10257511,-16.4925875,-68.1080763,448
10257511,-16.4923168,-68.1083866,449
10257511,-16.4921789,-68.1085228,450
10257511,-16.4921113,-68.1085696,451
10257511,-16.4919341,-68.1086676,452
10257511,-16.491675,-68.1087957,453
10257511,-16.491675,-68.1087957,454
10257511,-16.4911664,-68.109072,455
10257511,-16.4909247,-68.1091873,456
10257511,-16.490717,-68.1092584,457
10257512,-16.5006871,-68.1114841,0
10257512,-16.5007523,-68.1109241,1
10257512,-16.5006725,-68.1126179,2
10257512,-16.5006921,-68.1122303,3
10257512,-16.5006871,-68.1114841,4
10257512,-16.500261,-68.1126367,5
10257512,-16.5006725,-68.1126179,6
10257512,-16.4977635,-68.1155387,7
10257512,-16.4978416,-68.1154364,8
10257512,-16.4978751,-68.1153345,9
10257512,-16.4978943,-68.1151535,10
10257512,-16.4978713,-68.1148778,11
10257512,-16.4978941,-68.1146855,12
10257512,-16.4979532,-68.1145556,13
10257512,-16.4981208,-68.1142985,14
10257512,-16.4982998,-68.1140375,15
10257512,-16.4983577,-68.1139655,16
10257512,-16.4984696,-68.1138643,17
10257512,-16.4985471,-68.1138026,18
10257512,-16.4986367,-68.1137343,19
10257512,-16.4988268,-68.1136162,20
10257512,-16.4991809,-68.1134541,21
10257512,-16.4992377,-68.1134281,22
10257512,-16.4995297,-68.1133113,23
10257512,-16.4999035,-68.1131181,24
10257512,-16.5000398,-68.1130551,25
10257512,-16.5001247,-68.1129612,26
10257512,-16.5001864,-68.1128714,27
10257512,-16.500234,-68.1127386,28
10257512,-16.500261,-68.1126367,29
10257512,-16.4977635,-68.1155387,30
10257512,-16.4977298,-68.1155189,31
10257512,-16.4976918,-68.1155123,32
10257512,-16.4976539,-68.1155195,33
10257512,-16.4976205,-68.1155397,34
10257512,-16.4975955,-68.1155711,35
10257512,-16.4975824,-68.1156096,36
10257512,-16.4975828,-68.1156505,37
10257512,-16.4975967,-68.1156887,38
10257512,-16.4976224,-68.1157195,39
10257512,-16.4976224,-68.1157195,40
10257512,-16.4973316,-68.1160443,41
10257512,-16.4973316,-68.1160443,42
10257512,-16.4972482,-68.1161048,43
10257512,-16.4971662,-68.116149,44
10257512,-16.4967705,-68.1163313,45
10257512,-16.496704,-68.1163611,46
10257512,-16.495567,-68.1154291,47
10257512,-16.4959253,-68.1155441,48
10257512,-16.4961698,-68.1156276,49
10257512,-16.4962744,-68.1156799,50
10257512,-16.4963162,-68.1157286,51
10257512,-16.4963563,-68.1157808,52
10257512,-16.4966327,-68.1162345,53
10257512,-16.496704,-68.1163611,54
10257512,-16.4955348,-68.1154934,55
10257512,-16.4955502,-68.1154825,56
10257512,-16.4955614,-68.115467,57
10257512,-16.4955672,-68.1154485,58
10257512,-16.495567,-68.1154291,59
10257512,-16.4955606,-68.1154106,60
10257512,-16.4955489,-68.1153952,61
10257512,-16.495533,-68.1153847,62
10257512,-16.4955147,-68.1153802,63
10257512,-16.495496,-68.1153822,64
10257512,-16.4954789,-68.1153904,65
10257512,-16.4954695,-68.1153997,66
10257512,-16.4954695,-68.1153997,67
10257512,-16.4954567,-68.1154215,68
10257512,-16.495454,-68.1154409,69
10257512,-16.4954576,-68.1154602,70
10257512,-16.4954669,-68.1154772,71
10257512,-16.495481,-68.11549,72
10257512,-16.4954982,-68.1154973,73
10257512,-16.4955168,-68.1154985,74
10257512,-16.4955348,-68.1154934,75
10257512,-16.4955348,-68.1154934,76
10257512,-16.4955637,-68.1156236,77
10257512,-16.4956055,-68.1158372,78
10257512,-16.4957647,-68.1164688,79
10257512,-16.4958451,-68.1167655,80
10257512,-16.4957647,-68.1164688,81
10257512,-16.4958884,-68.1169266,82
10257512,-16.4958451,-68.1167655,83
10257512,-16.4958446,-68.1170582,84
10257512,-16.4958884,-68.1169266,85
10257512,-16.4958446,-68.1170582,86
10257512,-16.4955328,-68.1177554,87
10257512,-16.4954543,-68.1178737,88
10257512,-16.4953861,-68.117945,89
10257512,-16.4953283,-68.1179896,90
10257512,-16.4950365,-68.1181405,91
10257512,-16.4949618,-68.1181875,92
10257512,-16.4948635,-68.118286,93
10257512,-16.4948635,-68.118286,94
10257512,-16.4947301,-68.1183535,95
10257512,-16.4947301,-68.1183535,96
10257512,-16.4946992,-68.1183561,97
10257512,-16.4946707,-68.118369,98
10257512,-16.4946479,-68.1183909,99
10257512,-16.494633,-68.1184193,100
10257512,-16.494633,-68.1184193,101
10257512,-16.4946279,-68.1184518,102
10257512,-16.4946333,-68.1184843,103
10257512,-16.4946487,-68.1185131,104
10257512,-16.4946487,-68.1185131,105
10257512,-16.4946713,-68.1185342,106
10257512,-16.4946991,-68.1185467,107
10257512,-16.4947293,-68.1185493,108
10257512,-16.4947588,-68.1185418,109
10257512,-16.4947588,-68.1185418,110
10257512,-16.4949184,-68.1185133,111
10257512,-16.4950416,-68.1184568,112
10257512,-16.4950416,-68.1184568,113
10257512,-16.4956189,-68.1181312,114
10257512,-16.4956997,-68.1181086,115
10257512,-16.4958057,-68.1180989,116
10257512,-16.495916,-68.1180781,117
10257512,-16.495916,-68.1180781,118
10257512,-16.4959762,-68.118098,119
10257512,-16.4960277,-68.118136,120
10257512,-16.4960657,-68.1181887,121
10257512,-16.4960657,-68.1181887,122
10257512,-16.4960723,-68.1182041,123
10257512,-16.4960723,-68.1182041,124
10257512,-16.496118,-68.1183113,125
10257512,-16.496118,-68.1183113,126
10257512,-16.4961268,-68.1183269,127
10257512,-16.4961974,-68.118462,128
10257512,-16.4962622,-68.1185188,129
10257512,-16.4963257,-68.1185475,130
10257512,-16.4964247,-68.1185656,131
10257512,-16.4967192,-68.1185482,132
10257512,-16.4968014,-68.118547,133
10257512,-16.4969236,-68.118563,134
10257512,-16.49698,-68.1185992,135
10257512,-16.4970144,-68.1186387,136
10257512,-16.4973171,-68.1193009,137
10257512,-16.4973171,-68.1193009,138
10257512,-16.4973626,-68.1193756,139
10257512,-16.4975414,-68.1197887,140
10257512,-16.4977527,-68.1202769,141
10257512,-16.4979664,-68.1206944,142
10257512,-16.4980633,-68.1209101,143
10257512,-16.498092,-68.120974,144
10257512,-16.4981151,-68.121081,145
10257512,-16.4981151,-68.121081,146
10257512,-16.4981079,-68.1212086,147
10257512,-16.4981079,-68.1212086,148
10257512,-16.4981045,-68.1212906,149
10257512,-16.4981059,-68.1219002,150
10257512,-16.4981059,-68.1219002,151
10257512,-16.4985402,-68.1222126,152
10257512,-16.4985402,-68.1222126,153
10257512,-16.4985105,-68.1222613,154
10257512,-16.4984581,-68.1223745,155
10257512,-16.4984161,-68.1225407,156
10257512,-16.4984101,-68.1227139,157
10257512,-16.4984389,-68.1228772,158
10257512,-16.4985521,-68.1231113,159
10257512,-16.4985521,-68.1231113,160
10257512,-16.4984462,-68.1231455,161
10257512,-16.4984462,-68.1231455,162
10257512,-16.4982827,-68.1236683,163
10257512,-16.4980567,-68.1241456,164
10257512,-16.4979934,-68.1243052,165
10257512,-16.4983278,-68.1253821,166
10257512,-16.4981522,-68.1248874,167
10257512,-16.4979984,-68.1243704,168
10257512,-16.4979934,-68.1243052,169
10257512,-16.4981614,-68.1254925,170
10257512,-16.4983278,-68.1253821,171
10257512,-16.4984554,-68.1259898,172
10257512,-16.4981614,-68.1254925,173
10257512,-16.4984554,-68.1259898,174
10257512,-16.4985492,-68.1261668,175
10257512,-16.4995188,-68.1263119,176
10257512,-16.4984554,-68.1259898,177
10257512,-16.4995188,-68.1263119,178
10257512,-16.499497,-68.1254906,179
10257512,-16.4994091,-68.1246664,180
10257512,-16.4994482,-68.1246765,181
10257512,-16.4994668,-68.1247087,182
10257512,-16.4994701,-68.1247589,183
10257512,-16.4994709,-68.1248195,184
10257512,-16.4994715,-68.1248773,185
10257512,-16.4994695,-68.125431,186
10257512,-16.499497,-68.1254906,187
10257512,-16.4998451,-68.1249445,188
10257512,-16.4999365,-68.125187,189
10257512,-16.5001339,-68.1255903,190
10257512,-16.5003293,-68.1259615,191
10257512,-16.5004453,-68.1261754,192
10257512,-16.5006044,-68.1265208,193
10257512,-16.5006883,-68.126758,194
10257512,-16.5007056,-68.1268754,195
10257512,-16.5007174,-68.1269895,196
10257512,-16.5006781,-68.1271333,197
10257512,-16.5006141,-68.1273746,198
10257512,-16.5005547,-68.1275817,199
10257512,-16.5005547,-68.1275817,200
10257512,-16.5004874,-68.1275628,201
10257512,-16.5004699,-68.1275686,202
10257512,-16.5004571,-68.1275827,203
10257512,-16.5004076,-68.1276212,204
10257512,-16.5003485,-68.1277006,205
10257512,-16.5002306,-68.127931,206
10257512,-16.50012,-68.1281803,207
10257512,-16.5000728,-68.128325,208
10257512,-16.5000369,-68.1284708,209
10257512,-16.5000001,-68.1286418,210
10257512,-16.4999616,-68.1288111,211
10257512,-16.4999255,-68.1289988,212
10257512,-16.4999483,-68.1291554,213
10257512,-16.4999676,-68.1293161,214
10257512,-16.499984,-68.129443,215
10257512,-16.4999925,-68.1294901,216
10257512,-16.5000063,-68.1295322,217
10257512,-16.5001794,-68.1298883,218
10257512,-16.5002654,-68.1300356,219
10257512,-16.50028,-68.1300827,220
10257512,-16.5002842,-68.1301289,221
10257512,-16.5002771,-68.1301759,222
10257512,-16.5001716,-68.1303379,223
10257512,-16.4999551,-68.1305673,224
10257512,-16.4999551,-68.1305673,225
10257512,-16.4997147,-68.1309405,226
10257512,-16.4992226,-68.1316985,227
10257512,-16.4992226,-68.1316985,228
10257512,-16.4985113,-68.1328802,229
10257512,-16.4985113,-68.1328802,230
10257512,-16.4981067,-68.1336207,231
10257512,-16.4981067,-68.1336207,232
10257512,-16.498215,-68.1336987,233
10257512,-16.498428,-68.1338373,234
10257512,-16.498905,-68.1341239,235
10257512,-16.498905,-68.1341239,236
10257512,-16.4995324,-68.1345304,237
10257512,-16.4996743,-68.1346112,238
10257512,-16.5003521,-68.1350782,239
10257512,-16.500423,-68.1351249,240
10257512,-16.5004756,-68.1351461,241
10257512,-16.5005551,-68.1351466,242
10257512,-16.5005735,-68.1351507,243
10257512,-16.5005893,-68.1351579,244
10257512,-16.5006066,-68.1351877,245
10257512,-16.4995324,-68.1345304,246
10257512,-16.4996743,-68.1346112,247
10257512,-16.5033098,-68.1379165,248
10257512,-16.5035595,-68.138183,249
10257512,-16.5040038,-68.1386572,250
10257512,-16.5045057,-68.1391928,251
10257512,-16.5045057,-68.1391928,252
10257512,-16.5044523,-68.1393736,253
10257512,-16.504352,-68.139678,254
10257512,-16.504352,-68.139678,255
10257512,-16.5042698,-68.1400511,256
10257512,-16.5042017,-68.1407187,257
10257512,-16.5042017,-68.1407187,258
10257512,-16.5041567,-68.1407191,259
10257512,-16.5041144,-68.1407354,260
10257512,-16.5040791,-68.1407647,261
10257512,-16.5040542,-68.140804,262
10257512,-16.5040423,-68.1408494,263
10257512,-16.5040446,-68.1408965,264
10257512,-16.5040559,-68.1409309,265
10257512,-16.504075,-68.1409615,266
10257512,-16.5041006,-68.1409864,267
10257512,-16.5041311,-68.141004,268
10257512,-16.5041311,-68.141004,269
10257512,-16.5041386,-68.1410202,270
10257512,-16.5041438,-68.1410451,271
10257512,-16.5041432,-68.1410702,272
10257512,-16.5041432,-68.1410702,273
10257512,-16.5038833,-68.1414362,274
10257512,-16.5037483,-68.1416414,275
10257512,-16.5035817,-68.1419331,276
10257512,-16.5034743,-68.1421369,277
10257512,-16.5034339,-68.1422241,278
10257512,-16.5034017,-68.1423032,279
10257512,-16.5033857,-68.1423951,280
10257512,-16.5033857,-68.1423951,281
10257512,-16.5033439,-68.1423924,282
10257512,-16.5032969,-68.1423958,283
10257512,-16.5032346,-68.1424058,284
10257512,-16.5030783,-68.1424469,285
10257512,-16.5030783,-68.1424469,286
10257512,-16.5029768,-68.1425022,287
10257512,-16.502745,-68.1426628,288
10257512,-16.502745,-68.1426628,289
10257512,-16.5029702,-68.1433201,290
10257512,-16.5030762,-68.1437524,291
10257512,-16.5031329,-68.143993,292
10257512,-16.5032423,-68.1444594,293
10257512,-16.5007318,-68.1350388,294
10257512,-16.5013379,-68.1357405,295
10257512,-16.5025859,-68.1371306,296
10257512,-16.5027993,-68.1373626,297
10257512,-16.5033098,-68.1379165,298
10257512,-16.5013379,-68.1357405,299
10257512,-16.5017571,-68.1362139,300
10257512,-16.5019268,-68.1363997,301
10257512,-16.5020446,-68.1365303,302
10257512,-16.5025859,-68.1371306,303
10257512,-16.5032423,-68.1444594,304
10257512,-16.503467,-68.144351,305
10257512,-16.503467,-68.144351,306
10257512,-16.5036813,-68.1442349,307
10257512,-16.504116,-68.1440058,308
10257512,-16.5044561,-68.1438365,309
10257512,-16.5044561,-68.1438365,310
10257512,-16.5045661,-68.1437782,311
10257512,-16.5051911,-68.1434498,312
10257512,-16.5059739,-68.1442797,313
10257512,-16.505931,-68.1442398,314
10257512,-16.505886,-68.1442069,315
10257512,-16.5057574,-68.1441298,316
10257512,-16.5054585,-68.1439576,317
10257512,-16.5051911,-68.1434498,318
10257512,-16.5059739,-68.1442797,319
10257512,-16.5059921,-68.1442857,320
10257512,-16.5060065,-68.1442884,321
10257512,-16.5062444,-68.144306,322
10257512,-16.5068875,-68.1442534,323
10257512,-16.5072705,-68.1439118,324
10257512,-16.5073111,-68.1438376,325
10257512,-16.5073405,-68.143722,326
10257512,-16.5077241,-68.1437255,327
10257512,-16.5076662,-68.1437201,328
10257512,-16.5075884,-68.1437315,329
10257512,-16.5075338,-68.1437355,330
10257512,-16.5074656,-68.1437349,331
10257512,-16.5074039,-68.1437295,332
10257512,-16.5073405,-68.143722,333
10257512,-16.5077241,-68.1437255,334
10257512,-16.5077556,-68.1437322,335
10257512,-16.5078122,-68.1437617,336
10257512,-16.5079176,-68.1438254,337
10257512,-16.5079176,-68.1438254,338
10257512,-16.507969,-68.1438703,339
10257512,-16.5080089,-68.1439112,340
10257512,-16.5080616,-68.1439796,341
10257512,-16.5081098,-68.1440386,342
10257512,-16.508142,-68.1440802,343
10257512,-16.5081654,-68.1441154,344
10257512,-16.5081786,-68.1441419,345
10257512,-16.5081867,-68.1441694,346
10257512,-16.5081931,-68.1441985,347
10257512,-16.5082089,-68.1442341,348
10257512,-16.5082403,-68.1442934,349
10257512,-16.5083059,-68.144398,350
10257512,-16.5083426,-68.144453,351
10257512,-16.5083863,-68.144502,352
10257512,-16.5084268,-68.1445375,353
10257512,-16.5084975,-68.1445818,354
10257512,-16.5086049,-68.1446435,355
10257512,-16.5087765,-68.1447467,356
10257512,-16.5088935,-68.1448238,357
10257512,-16.5089585,-68.1448755,358
10257512,-16.509035,-68.1449318,359
10257512,-16.5090691,-68.14496,360
10257512,-16.5091211,-68.1450022,361
10257512,-16.5092394,-68.1450485,362
10257512,-16.5093641,-68.1450847,363
10257512,-16.5094844,-68.1451149,364
10257512,-16.5095917,-68.145137,365
10257512,-16.5096779,-68.1451564,366
10257512,-16.5098853,-68.1452109,367
10257680,-16.4951632,-68.133689,0
10257680,-16.4951385,-68.1337222,1
10257680,-16.4950709,-68.1338131,2
10257680,-16.4946904,-68.1344135,3
10257680,-16.4942507,-68.135176,4
10257680,-16.4955857,-68.1329575,5
10257680,-16.4955354,-68.1330589,6
10257680,-16.4954986,-68.1331264,7
10257680,-16.4953671,-68.1333486,8
10257680,-16.4952556,-68.133542,9
10257680,-16.495194,-68.1336478,10
10257680,-16.4951632,-68.133689,11
10257680,-16.4973258,-68.130104,12
10257680,-16.4972379,-68.1301649,13
10257680,-16.4970033,-68.1305116,14
10257680,-16.4964466,-68.1314402,15
10257680,-16.4960164,-68.1321901,16
10257680,-16.4956257,-68.1328615,17
10257680,-16.4956008,-68.1329046,18
10257680,-16.4955857,-68.1329575,19
10258507,-16.4881722,-68.1661317,0
10258507,-16.4882239,-68.1660761,1
10258507,-16.4883657,-68.165919,2
10258507,-16.4883966,-68.1658779,3
10258507,-16.4884571,-68.1658118,4
10258507,-16.4885805,-68.1657142,5
10258507,-16.4887053,-68.1656539,6
10258507,-16.4881722,-68.1661317,7
10258507,-16.4882181,-68.1662187,8
10258507,-16.488377,-68.166512,9
10258507,-16.4884948,-68.1666475,10
10258507,-16.4886059,-68.1667454,11
10258507,-16.4887198,-68.1668238,12
10258507,-16.4890678,-68.1670446,13
10258507,-16.4893803,-68.1672139,14
10258507,-16.4896886,-68.167387,15
10258507,-16.4897885,-68.1675062,16
10258507,-16.4906506,-68.1668984,17
10258507,-16.4897885,-68.1675062,18
10258507,-16.4911088,-68.1664711,19
10258507,-16.4906506,-68.1668984,20
10258507,-16.4928877,-68.1646219,21
10258507,-16.4929134,-68.164678,22
10258507,-16.4929293,-68.1647318,23
10258507,-16.4929298,-68.1647719,24
10258507,-16.4929047,-68.1648721,25
10258507,-16.492855,-68.1649497,26
10258507,-16.4927224,-68.1650815,27
10258507,-16.492575,-68.1652306,28
10258507,-16.4925283,-68.1652715,29
10258507,-16.4924609,-68.1653095,30
10258507,-16.4923886,-68.1653293,31
10258507,-16.4922449,-68.1653635,32
10258507,-16.4920332,-68.1654242,33
10258507,-16.4918754,-68.1655016,34
10258507,-16.4918085,-68.1655416,35
10258507,-16.4917089,-68.1656011,36
10258507,-16.4914239,-68.1657998,37
10258507,-16.4913386,-68.1658881,38
10258507,-16.4913043,-68.1659403,39
10258507,-16.4912949,-68.1659588,40
10258507,-16.4912828,-68.1659935,41
10258507,-16.491276,-68.1660324,42
10258507,-16.4912697,-68.1661338,43
10258507,-16.4912544,-68.166236,44
10258507,-16.49124,-68.1662849,45
10258507,-16.4912059,-68.1663579,46
10258507,-16.4911817,-68.1663946,47
10258507,-16.4911088,-68.1664711,48
10258507,-16.4928291,-68.1645759,49
10258507,-16.4928877,-68.1646219,50
10258507,-16.4927741,-68.1645501,51
10258507,-16.4928291,-68.1645759,52
10258507,-16.4918692,-68.1638717,53
10258507,-16.4913792,-68.1644607,54
10258507,-16.4913593,-68.1644901,55
10258507,-16.4913416,-68.1645166,56
10258507,-16.4913201,-68.1645488,57
10258507,-16.4912925,-68.1645964,58
10258507,-16.4912732,-68.1646413,59
10258507,-16.4912614,-68.1646695,60
10258507,-16.4912513,-68.1647003,61
10258507,-16.4912417,-68.1647783,62
10258507,-16.4912456,-68.1648314,63
10258507,-16.4912595,-68.1648923,64
10258507,-16.4912896,-68.1649629,65
10258507,-16.4913388,-68.1650236,66
10258507,-16.4914112,-68.1650711,67
10258507,-16.4914717,-68.1650892,68
10258507,-16.4915477,-68.1650905,69
10258507,-16.491651,-68.1650629,70
10258507,-16.4916752,-68.1650514,71
10258507,-16.4917302,-68.1650188,72
10258507,-16.4921976,-68.1647337,73
10258507,-16.492284,-68.1646844,74
10258507,-16.4924005,-68.164631,75
10258507,-16.4924784,-68.1646039,76
10258507,-16.4925744,-68.1645745,77
10258507,-16.4926686,-68.1645492,78
10258507,-16.4927228,-68.1645429,79
10258507,-16.4927741,-68.1645501,80
10258507,-16.4921386,-68.1627698,81
10258507,-16.4920852,-68.1634516,82
10258507,-16.4920626,-68.1635396,83
10258507,-16.4920322,-68.163622,84
10258507,-16.4919737,-68.163735,85
10258507,-16.4919258,-68.1638049,86
10258507,-16.4918692,-68.1638717,87
10258507,-16.4944291,-68.1590388,88
10258507,-16.4941821,-68.1592035,89
10258507,-16.4940866,-68.1592764,90
10258507,-16.4939151,-68.1594509,91
10258507,-16.4937839,-68.1596119,92
10258507,-16.4936757,-68.1597809,93
10258507,-16.4935545,-68.1600432,94
10258507,-16.4934643,-68.1603874,95
10258507,-16.4933856,-68.1607292,96
10258507,-16.493358,-68.1608429,97
10258507,-16.4932817,-68.1610747,98
10258507,-16.4931947,-68.1612542,99
10258507,-16.4931013,-68.1613942,100
10258507,-16.4930359,-68.1614733,101
10258507,-16.4929756,-68.1615364,102
10258507,-16.492825,-68.1616628,103
10258507,-16.4925996,-68.161878,104
10258507,-16.4924845,-68.1620235,105
10258507,-16.4923977,-68.1621509,106
10258507,-16.4923186,-68.1622884,107
10258507,-16.4922498,-68.1624486,108
10258507,-16.4921924,-68.162612,109
10258507,-16.4921386,-68.1627698,110
10258507,-16.4955932,-68.158506,111
10258507,-16.4953964,-68.1586319,112
10258507,-16.495244,-68.1587091,113
10258507,-16.4950612,-68.1587813,114
10258507,-16.4948159,-68.1588773,115
10258507,-16.4944291,-68.1590388,116
10258507,-16.4966631,-68.1568495,117
10258507,-16.4963109,-68.1576151,118
10258507,-16.4961949,-68.1578228,119
10258507,-16.4960668,-68.1580268,120
10258507,-16.4959879,-68.1581309,121
10258507,-16.4958907,-68.1582429,122
10258507,-16.4957381,-68.1583906,123
10258507,-16.4955932,-68.158506,124
10258507,-16.495418,-68.1538399,125
10258507,-16.4955968,-68.1542796,126
10258507,-16.495959,-68.1551674,127
10258507,-16.4959864,-68.1552357,128
10258507,-16.4960336,-68.1553857,129
10258507,-16.4962506,-68.1559296,130
10258507,-16.4962713,-68.1559789,131
10258507,-16.4964169,-68.1563258,132
10258507,-16.4965885,-68.1567711,133
10258507,-16.4966055,-68.1568029,134
10258507,-16.4966297,-68.1568267,135
10258507,-16.4966631,-68.1568495,136
10258507,-16.49552,-68.1523445,137
10258507,-16.4954756,-68.1529482,138
10258507,-16.4954666,-68.1530795,139
10258507,-16.4954534,-68.1532612,140
10258507,-16.4954377,-68.1534776,141
10258507,-16.495418,-68.1538399,142
10258507,-16.4955746,-68.1514414,143
10258507,-16.4955429,-68.1516843,144
10258507,-16.4955388,-68.1518367,145
10258507,-16.49552,-68.1523445,146
10258507,-16.4958304,-68.1487893,147
10258507,-16.4958697,-68.1489895,148
10258507,-16.4959105,-68.1493432,149
10258507,-16.495878,-68.1494865,150
10258507,-16.4957337,-68.1499916,151
10258507,-16.4956839,-68.1502526,152
10258507,-16.4956231,-68.1506229,153
10258507,-16.4955996,-68.1509355,154
10258507,-16.4955793,-68.1512054,155
10258507,-16.4955746,-68.1514414,156
10258507,-16.4955913,-68.1476959,157
10258507,-16.4956634,-68.1481323,158
10258507,-16.4958304,-68.1487893,159
10258507,-16.4943497,-68.1482537,160
10258507,-16.4950256,-68.147952,161
10258507,-16.4951297,-68.1479058,162
10258507,-16.4952314,-68.1478624,163
10258507,-16.4955913,-68.1476959,164
10258507,-16.4935535,-68.1485754,165
10258507,-16.4936295,-68.1485224,166
10258507,-16.4940848,-68.148357,167
10258507,-16.4943497,-68.1482537,168
10258507,-16.4935238,-68.1485161,169
10258507,-16.4934973,-68.1484978,170
10258507,-16.4934666,-68.1484897,171
10258507,-16.493435,-68.1484924,172
10258507,-16.4934059,-68.1485058,173
10258507,-16.4933827,-68.1485284,174
10258507,-16.4933678,-68.1485576,175
10258507,-16.493363,-68.1485855,176
10258507,-16.4933658,-68.1486136,177
10258507,-16.4933771,-68.1486414,178
10258507,-16.4933958,-68.1486645,179
10258507,-16.4934203,-68.1486807,180
10258507,-16.4934483,-68.1486884,181
10258507,-16.4934773,-68.1486871,182
10258507,-16.4935045,-68.1486768,183
10258507,-16.4935275,-68.1486586,184
10258507,-16.4935442,-68.1486341,185
10258507,-16.4935531,-68.1486055,186
10258507,-16.4935535,-68.1485754,187
10258507,-16.4935535,-68.1485754,188
10258507,-16.4935436,-68.1485431,189
10258507,-16.4935238,-68.1485161,190
10258507,-16.4935238,-68.1485161,191
10258507,-16.4934896,-68.1483542,192
10258507,-16.4934549,-68.1481796,193
10258507,-16.4933751,-68.1477643,194
10258507,-16.4933751,-68.1477643,195
10258507,-16.4933365,-68.1475374,196
10258507,-16.4932494,-68.1471947,197
10258507,-16.4931285,-68.1468272,198
10258507,-16.4930862,-68.1466986,199
10258507,-16.4930862,-68.1466986,200
10258507,-16.4930743,-68.1465246,201
10258507,-16.4929098,-68.1459764,202
10258507,-16.4928772,-68.1458027,203
10258507,-16.4928702,-68.1456557,204
10258507,-16.492893,-68.1455224,205
10258507,-16.4929369,-68.1453866,206
10258507,-16.4930207,-68.1452047,207
10258507,-16.4932757,-68.1447676,208
10258507,-16.4932757,-68.1447676,209
10258507,-16.4933235,-68.1446703,210
10258507,-16.4933485,-68.1445806,211
10258507,-16.4933502,-68.1444686,212
10258507,-16.4933502,-68.1444686,213
10258507,-16.4932532,-68.1444998,214
10258507,-16.4931821,-68.144512,215
10258507,-16.4931129,-68.1445069,216
10258507,-16.4930568,-68.144476,217
10258507,-16.4930194,-68.1444377,218
10258507,-16.4929819,-68.1443718,219
10258507,-16.492963,-68.1441502,220
10258507,-16.4929819,-68.1443718,221
10258507,-16.492963,-68.1441502,222
10258507,-16.4929483,-68.1440439,223
10258507,-16.4929231,-68.1439485,224
10258507,-16.4928768,-68.143856,225
10258507,-16.492817,-68.1437777,226
10258507,-16.492817,-68.1437777,227
10258507,-16.4927063,-68.143634,228
10258507,-16.4926369,-68.143548,229
10258507,-16.4925721,-68.1434622,230
10258507,-16.4925721,-68.1434622,231
10258507,-16.4925479,-68.1434362,232
10258507,-16.4925479,-68.1434362,233
10258507,-16.4925089,-68.143355,234
10258507,-16.492497,-68.1433011,235
10258507,-16.4924998,-68.1432155,236
10258507,-16.4926859,-68.1425266,237
10258507,-16.4926859,-68.1425266,238
10258507,-16.49273,-68.14237,239
10258507,-16.4928956,-68.1418059,240
10258507,-16.4932571,-68.1406031,241
10258507,-16.4933743,-68.1399742,242
10258507,-16.4934638,-68.1396039,243
10258507,-16.4938302,-68.1396938,244
10258507,-16.4934638,-68.1396039,245
10258507,-16.4938302,-68.1396938,246
10258507,-16.4946185,-68.1390242,247
10258507,-16.4950217,-68.1387443,248
10258507,-16.495059,-68.1387231,249
10258507,-16.4956955,-68.1383617,250
10258507,-16.4956955,-68.1383617,251
10258507,-16.4961123,-68.1381744,252
10258507,-16.4961997,-68.1381351,253
10258507,-16.4969467,-68.1377733,254
10258507,-16.4969467,-68.1377733,255
10258507,-16.4975133,-68.137338,256
10258507,-16.4977918,-68.1371863,257
10258507,-16.4980876,-68.1370346,258
10258507,-16.4980876,-68.1370346,259
10258507,-16.4982981,-68.1369287,260
10258507,-16.498944,-68.1365999,261
10258507,-16.4992671,-68.1364075,262
10258507,-16.4995959,-68.1361946,263
10258507,-16.4995959,-68.1361946,264
10258507,-16.4989191,-68.1351898,265
10258507,-16.4989191,-68.1351898,266
10258507,-16.4987961,-68.1351005,267
10258507,-16.4987961,-68.1351005,268
10258507,-16.4985261,-68.1348856,269
10258507,-16.498905,-68.1341239,270
10258507,-16.4987067,-68.1345338,271
10258507,-16.4985261,-68.1348856,272
10258507,-16.4992934,-68.1333441,273
10258507,-16.4991844,-68.1335629,274
10258507,-16.498905,-68.1341239,275
10258507,-16.4999544,-68.131956,276
10258507,-16.4992934,-68.1333441,277
10258507,-16.4999544,-68.131956,278
10258507,-16.4999932,-68.1318753,279
10258507,-16.4999932,-68.1318753,280
10258507,-16.5001953,-68.1314501,281
10258507,-16.5001953,-68.1314501,282
10258507,-16.5004295,-68.1309588,283
10258507,-16.500599,-68.1306831,284
10258507,-16.5006687,-68.1305698,285
10258507,-16.5007182,-68.1304683,286
10258507,-16.5007267,-68.1303858,287
10258507,-16.5007324,-68.1303302,288
10258507,-16.5007256,-68.1302131,289
10258507,-16.5007256,-68.1302131,290
10258507,-16.5007134,-68.1301465,291
10258507,-16.5006889,-68.1300721,292
10258507,-16.5006109,-68.1298937,293
10258507,-16.5004863,-68.1296769,294
10258507,-16.500366,-68.1294551,295
10258507,-16.5002281,-68.1288345,296
10258507,-16.5002485,-68.1290071,297
10258507,-16.5002714,-68.1291489,298
10258507,-16.5003161,-68.1293164,299
10258507,-16.500366,-68.1294551,300
10258507,-16.5002488,-68.1283128,301
10258507,-16.5002213,-68.1284127,302
10258507,-16.5002114,-68.1284671,303
10258507,-16.5002028,-68.1285724,304
10258507,-16.5002281,-68.1288345,305
10258507,-16.5002488,-68.1283128,306
10258507,-16.5003655,-68.1280338,307
10258507,-16.5004869,-68.1277449,308
10258507,-16.5005547,-68.1275817,309
10258507,-16.4998451,-68.1249445,310
10258507,-16.4999365,-68.125187,311
10258507,-16.5001339,-68.1255903,312
10258507,-16.5003293,-68.1259615,313
10258507,-16.5004453,-68.1261754,314
10258507,-16.5006044,-68.1265208,315
10258507,-16.5006883,-68.126758,316
10258507,-16.5007056,-68.1268754,317
10258507,-16.5007174,-68.1269895,318
10258507,-16.5006781,-68.1271333,319
10258507,-16.5006141,-68.1273746,320
10258507,-16.5005547,-68.1275817,321
10258507,-16.4998451,-68.1249445,322
10258507,-16.4997446,-68.1246746,323
10258507,-16.4997307,-68.1245892,324
10258507,-16.4997253,-68.1245428,325
10258507,-16.4997253,-68.1245428,326
10258507,-16.4997344,-68.1244276,327
10258507,-16.4997344,-68.1244276,328
10258507,-16.4997953,-68.1241297,329
10258507,-16.4998398,-68.1239809,330
10258507,-16.4998439,-68.1239567,331
10258507,-16.4998439,-68.1239567,332
10258507,-16.4998849,-68.1237892,333
10258507,-16.4998849,-68.1237892,334
10258507,-16.4999108,-68.1236742,335
10258507,-16.4999355,-68.1235854,336
10258507,-16.4999576,-68.1234972,337
10258507,-16.5000036,-68.1234163,338
10258507,-16.5000606,-68.1233366,339
10258507,-16.5002614,-68.1232346,340
10258507,-16.5004093,-68.1231039,341
10258507,-16.5004093,-68.1231039,342
10258507,-16.5004904,-68.1229349,343
10258507,-16.5005299,-68.1227505,344
10258507,-16.5005324,-68.1226329,345
10258507,-16.5005179,-68.1225162,346
10258507,-16.5004866,-68.1224031,347
10258507,-16.5004393,-68.1222963,348
10258507,-16.5003771,-68.1221981,349
10258507,-16.5003014,-68.1221109,350
10258507,-16.5001973,-68.1220204,351
10258507,-16.5000325,-68.1219566,352
10258507,-16.4995374,-68.1219455,353
10258507,-16.4995374,-68.1219455,354
10258507,-16.499508,-68.1219351,355
10258507,-16.4994822,-68.1219169,356
10258507,-16.499462,-68.1218923,357
10258507,-16.4994486,-68.121863,358
10258507,-16.4994139,-68.1210149,359
10258507,-16.4994199,-68.1211495,360
10258507,-16.4994227,-68.1212097,361
10258507,-16.4994294,-68.1213756,362
10258507,-16.4994486,-68.121863,363
10258507,-16.4993705,-68.1201392,364
10258507,-16.4994139,-68.1210149,365
10258507,-16.4993705,-68.1201392,366
10258507,-16.4993443,-68.1196623,367
10258507,-16.4993405,-68.1195523,368
10258507,-16.4993405,-68.1195523,369
10258507,-16.4993772,-68.1195394,370
10258507,-16.4994129,-68.1195247,371
10258507,-16.4997035,-68.1193556,372
10258507,-16.4998225,-68.1192854,373
10258507,-16.4998929,-68.119229,374
10258507,-16.4998929,-68.119229,375
10258507,-16.4998616,-68.1183769,376
10258507,-16.4998616,-68.1183769,377
10258507,-16.499863,-68.118307,378
10258507,-16.499863,-68.118307,379
10258507,-16.4996077,-68.1183152,380
10258507,-16.4991003,-68.1183528,381
10258507,-16.4987164,-68.1183871,382
10258507,-16.4987164,-68.1183871,383
10258507,-16.4986073,-68.1184791,384
10258507,-16.4973171,-68.1193009,385
10258507,-16.4978714,-68.1189478,386
10258507,-16.4982449,-68.1187081,387
10258507,-16.4986073,-68.1184791,388
10258507,-16.496118,-68.1183113,389
10258507,-16.4961268,-68.1183269,390
10258507,-16.4961974,-68.118462,391
10258507,-16.4962622,-68.1185188,392
10258507,-16.4963257,-68.1185475,393
10258507,-16.4964247,-68.1185656,394
10258507,-16.4967192,-68.1185482,395
10258507,-16.4968014,-68.118547,396
10258507,-16.4969236,-68.118563,397
10258507,-16.49698,-68.1185992,398
10258507,-16.4970144,-68.1186387,399
10258507,-16.4973171,-68.1193009,400
10258507,-16.4960723,-68.1182041,401
10258507,-16.496118,-68.1183113,402
10258507,-16.4960657,-68.1181887,403
10258507,-16.4960723,-68.1182041,404
10258507,-16.495916,-68.1180781,405
10258507,-16.4959762,-68.118098,406
10258507,-16.4960277,-68.118136,407
10258507,-16.4960657,-68.1181887,408
10258507,-16.4950416,-68.1184568,409
10258507,-16.4956189,-68.1181312,410
10258507,-16.4956997,-68.1181086,411
10258507,-16.4958057,-68.1180989,412
10258507,-16.495916,-68.1180781,413
10258507,-16.4947588,-68.1185418,414
10258507,-16.4949184,-68.1185133,415
10258507,-16.4950416,-68.1184568,416
10258507,-16.4946487,-68.1185131,417
10258507,-16.4946713,-68.1185342,418
10258507,-16.4946991,-68.1185467,419
10258507,-16.4947293,-68.1185493,420
10258507,-16.4947588,-68.1185418,421
10258507,-16.494633,-68.1184193,422
10258507,-16.4946279,-68.1184518,423
10258507,-16.4946333,-68.1184843,424
10258507,-16.4946487,-68.1185131,425
10258507,-16.4947301,-68.1183535,426
10258507,-16.4946992,-68.1183561,427
10258507,-16.4946707,-68.118369,428
10258507,-16.4946479,-68.1183909,429
10258507,-16.494633,-68.1184193,430
10258507,-16.4948635,-68.118286,431
10258507,-16.4947301,-68.1183535,432
10258507,-16.4958446,-68.1170582,433
10258507,-16.4955328,-68.1177554,434
10258507,-16.4954543,-68.1178737,435
10258507,-16.4953861,-68.117945,436
10258507,-16.4953283,-68.1179896,437
10258507,-16.4950365,-68.1181405,438
10258507,-16.4949618,-68.1181875,439
10258507,-16.4948635,-68.118286,440
10258507,-16.4958063,-68.116897,441
10258507,-16.4958282,-68.1169674,442
10258507,-16.4958381,-68.1170093,443
10258507,-16.4958446,-68.1170582,444
10258507,-16.4956012,-68.1167777,445
10258507,-16.4957627,-68.1168642,446
10258507,-16.4958063,-68.116897,447
10258507,-16.4956012,-68.1167777,448
10258507,-16.4955638,-68.1167801,449
10258507,-16.4947467,-68.1169506,450
10258507,-16.4937999,-68.1171753,451
10258507,-16.4932883,-68.1172798,452
10258507,-16.4929784,-68.1173564,453
10258507,-16.4928426,-68.11739,454
10258507,-16.4923272,-68.1175014,455
10258507,-16.4914082,-68.1177035,456
10258507,-16.4908075,-68.1178324,457
10258507,-16.4907643,-68.1178345,458
10258507,-16.4907059,-68.1178403,459
10258507,-16.4899803,-68.1178817,460
10258507,-16.4899803,-68.1178817,461
10258507,-16.489858,-68.1176725,462
10258507,-16.4897736,-68.11749,463
10258507,-16.4896927,-68.1172924,464
10258507,-16.487761,-68.1177133,465
10258507,-16.4879823,-68.1176416,466
10258507,-16.4890534,-68.1174284,467
10258507,-16.4896927,-68.1172924,468
10258507,-16.487761,-68.1177133,469
10258507,-16.4876748,-68.1177512,470
10258507,-16.4872469,-68.1180111,471
10258507,-16.4871678,-68.1180453,472
10258507,-16.4871094,-68.1180552,473
10258507,-16.486903,-68.1180701,474
10258507,-16.486782,-68.1180654,475
10258507,-16.4866208,-68.1180458,476
10258507,-16.4864778,-68.1180068,477
10258507,-16.4863846,-68.1179689,478
10258507,-16.4861746,-68.1178407,479
10258507,-16.486046,-68.1177602,480
10258507,-16.4859512,-68.1177181,481
10258507,-16.4858059,-68.1176712,482
10258507,-16.4856157,-68.1176246,483
10258507,-16.4851306,-68.1175062,484
10258507,-16.4849269,-68.1174242,485
10258507,-16.4846365,-68.1172881,486
10258507,-16.4846365,-68.1172881,487
10258507,-16.4844536,-68.1171775,488
10258507,-16.4842585,-68.1170064,489
10258507,-16.4842344,-68.1169838,490
10258507,-16.4839304,-68.1166633,491
10258507,-16.4838618,-68.116591,492
10258507,-16.4837445,-68.1163797,493
10258507,-16.4836703,-68.116221,494
10258507,-16.4836356,-68.1161253,495
10258702,-16.5034574,-68.1625508,0
10258702,-16.503045,-68.1625183,1
10258702,-16.501908,-68.1624792,2
10258702,-16.501908,-68.1624792,3
10258702,-16.5016873,-68.162469,4
10258702,-16.5016873,-68.162469,5
10258702,-16.5014733,-68.1624921,6
10258702,-16.5012081,-68.1625649,7
10258702,-16.5006791,-68.1627185,8
10258702,-16.4999886,-68.1629284,9
10258702,-16.4995753,-68.1629896,10
10258702,-16.4995753,-68.1629896,11
10258702,-16.4989383,-68.1630507,12
10258702,-16.4989383,-68.1630507,13
10258702,-16.4983013,-68.1631118,14
10258702,-16.4981509,-68.1631453,15
10258702,-16.4981509,-68.1631453,16
10258702,-16.4979657,-68.1632138,17
10258702,-16.4978269,-68.1632728,18
10258702,-16.4976275,-68.1633867,19
10258702,-16.4974346,-68.1635369,20
10258702,-16.496617,-68.1642176,21
10258702,-16.4960021,-68.164815,22
10258702,-16.495835,-68.1650028,23
10258702,-16.4956601,-68.165212,24
10258702,-16.4955444,-68.1653836,25
10258702,-16.4953772,-68.1656612,26
10258702,-16.4947428,-68.1666602,27
10258702,-16.4946067,-68.166852,28
10258702,-16.4943478,-68.1671403,29
10258702,-16.4940635,-68.1674,30
10258702,-16.4924093,-68.1686827,31
10258702,-16.492075,-68.1689188,32
10258702,-16.4917549,-68.1690961,33
10258702,-16.4914988,-68.1692138,34
10258702,-16.4911336,-68.1693426,35
10258702,-16.4907916,-68.1694257,36
10258702,-16.4906532,-68.1694395,37
10258702,-16.4904954,-68.1694552,38
10258702,-16.4902332,-68.169469,39
10258702,-16.489982,-68.1694628,40
10258702,-16.48976,-68.1694469,41
10258702,-16.4893163,-68.1693748,42
10258702,-16.4890612,-68.1693091,43
10258702,-16.4887839,-68.1692186,44
10258702,-16.4884843,-68.1690808,45
10258702,-16.4882631,-68.1689632,46
10258702,-16.4880525,-68.1688222,47
10258702,-16.4878622,-68.1686833,48
10258702,-16.487604,-68.1684592,49
10258702,-16.4874021,-68.1682586,50
10258702,-16.4872778,-68.1681164,51
10258702,-16.4871774,-68.1679795,52
10258702,-16.4870512,-68.1677926,53
10258702,-16.4864655,-68.16685,54
10258702,-16.4864344,-68.1667934,55
10258702,-16.4862142,-68.1663902,56
10258702,-16.4861289,-68.166173,57
10258702,-16.4860684,-68.1659608,58
10258702,-16.486023,-68.1656944,59
10258702,-16.486023,-68.1656944,60
10258702,-16.4860062,-68.1654955,61
10258702,-16.4780792,-68.1597387,62
10258702,-16.4775665,-68.1596755,63
10258702,-16.4771834,-68.159615,64
10258702,-16.4765968,-68.1594754,65
10258702,-16.4762473,-68.1593915,66
10258702,-16.4757157,-68.1592639,67
10258702,-16.4755374,-68.1592453,68
10258702,-16.4753725,-68.1592408,69
10258702,-16.4752057,-68.1592522,70
10258702,-16.4750298,-68.159287,71
10258702,-16.4746012,-68.1594218,72
10258702,-16.4743382,-68.159552,73
10258702,-16.4742292,-68.1596028,74
10258702,-16.4734457,-68.1599677,75
10258702,-16.4732875,-68.1600254,76
10258702,-16.4731293,-68.160067,77
10258702,-16.4729441,-68.1601045,78
10258702,-16.4727615,-68.1601286,79
10258702,-16.4724914,-68.160126,80
10258702,-16.4723063,-68.1601032,81
10258702,-16.4720566,-68.1600282,82
10258702,-16.4718738,-68.1599451,83
10258702,-16.4716684,-68.1598,84
10258702,-16.4714549,-68.1596123,85
10258702,-16.4712594,-68.1593602,86
10258702,-16.4711179,-68.1591188,87
10258702,-16.4701663,-68.1571259,88
10258702,-16.4700093,-68.1568684,89
10258702,-16.4698755,-68.1566914,90
10258702,-16.4696647,-68.1564955,91
10258702,-16.4694486,-68.1563132,92
10258702,-16.4692248,-68.1561683,93
10258702,-16.4690344,-68.1560799,94
10258702,-16.468821,-68.1560262,95
10258702,-16.4672761,-68.1556947,96
10258702,-16.4669779,-68.1556075,97
10258702,-16.4667579,-68.1555228,98
10258702,-16.4665776,-68.1554274,99
10258702,-16.4663884,-68.1553041,100
10258702,-16.4661202,-68.1550835,101
10258702,-16.4656245,-68.1546624,102
10258702,-16.4654016,-68.1545,103
10258702,-16.4651596,-68.1543345,104
10258702,-16.464953,-68.1542121,105
10258702,-16.4647616,-68.1541134,106
10258702,-16.4640975,-68.15382,107
10258702,-16.4637108,-68.153603,108
10258702,-16.463423,-68.1533775,109
10258702,-16.4632455,-68.1532005,110
10258702,-16.4631092,-68.1530047,111
10258702,-16.4630063,-68.1528062,112
10258702,-16.4625209,-68.1517052,113
10258702,-16.4808889,-68.1601098,114
10258702,-16.4780792,-68.1597387,115
10258702,-16.4860062,-68.1654955,116
10258702,-16.486012,-68.1651073,117
10258702,-16.4860422,-68.164773,118
10258702,-16.4863828,-68.1618502,119
10258702,-16.4863992,-68.1616181,120
10258702,-16.4864014,-68.1613854,121
10258702,-16.4863796,-68.1611498,122
10258702,-16.4863376,-68.1609122,123
10258702,-16.4862758,-68.1606983,124
10258702,-16.4861976,-68.1605029,125
10258702,-16.4860982,-68.1603118,126
10258702,-16.4859899,-68.1601452,127
10258702,-16.485862,-68.1599846,128
10258702,-16.4857233,-68.1598415,129
10258702,-16.4855884,-68.1597256,130
10258702,-16.4854175,-68.159605,131
10258702,-16.4852527,-68.1595116,132
10258702,-16.4850677,-68.159426,133
10258702,-16.4848842,-68.1593573,134
10258702,-16.4846977,-68.159308,135
10258702,-16.4845152,-68.159274,136
10258702,-16.4843601,-68.1592615,137
10258702,-16.4842191,-68.159261,138
10258702,-16.4840724,-68.1592711,139
10258702,-16.4839211,-68.1592976,140
10258702,-16.4837532,-68.159345,141
10258702,-16.4837232,-68.1593535,142
10258702,-16.4835032,-68.1594359,143
10258702,-16.4832954,-68.1595386,144
10258702,-16.482421,-68.1600015,145
10258702,-16.4822734,-68.1600657,146
10258702,-16.4821613,-68.1601022,147
10258702,-16.4819402,-68.1601623,148
10258702,-16.4817729,-68.1601885,149
10258702,-16.4815403,-68.1601914,150
10258702,-16.4812106,-68.1601503,151
10258702,-16.4808889,-68.1601098,152
10258702,-16.4625209,-68.1517052,153
10258702,-16.4624666,-68.1515574,154
10258702,-16.4624666,-68.1515574,155
10258702,-16.4623519,-68.1512934,156
10258702,-16.4622529,-68.1510898,157
10258702,-16.4621108,-68.150876,158
10258702,-16.4619158,-68.1506467,159
10258702,-16.4617293,-68.1504674,160
10258702,-16.4616155,-68.1503699,161
10258702,-16.4605156,-68.1494473,162
10258702,-16.46036,-68.1493011,163
10258702,-16.4602314,-68.149175,164
10258702,-16.4601195,-68.1490436,165
10258702,-16.4600308,-68.1489001,166
10258702,-16.4599665,-68.1487446,167
10258702,-16.4599202,-68.1486078,168
10258702,-16.4598829,-68.1484602,169
10258702,-16.459862,-68.1482389,170
10258702,-16.4598649,-68.1481075,171
10258702,-16.4598809,-68.1479815,172
10258702,-16.4599099,-68.1478601,173
10258702,-16.4599472,-68.1477441,174
10258702,-16.4599954,-68.1476328,175
10258702,-16.4600539,-68.1475369,176
10258702,-16.460132,-68.1474289,177
10258702,-16.4602056,-68.1473524,178
10258702,-16.4602263,-68.147331,179
10258702,-16.4603613,-68.147213,180
10258702,-16.4604481,-68.1471527,181
10258702,-16.4605523,-68.1470943,182
10258702,-16.4606803,-68.1470373,183
10258702,-16.4607671,-68.1470085,184
10258702,-16.4608623,-68.1469837,185
10258702,-16.4609523,-68.146973,186
10258702,-16.4610584,-68.1469676,187
10258702,-16.4611934,-68.1469783,188
10258702,-16.4613285,-68.1470025,189
10258702,-16.4614944,-68.1470588,190
10258702,-16.4615986,-68.1471138,191
10258702,-16.4617838,-68.1472385,192
10258702,-16.4619381,-68.1473833,193
10258702,-16.4620912,-68.1475778,194
10258702,-16.4622378,-68.1477991,195
10258702,-16.4623535,-68.1480418,196
10258702,-16.4625327,-68.1484968,197
10258702,-16.4627611,-68.1492389,198
10258702,-16.4627611,-68.1492389,199
10258702,-16.462889,-68.1497437,200
10258702,-16.462889,-68.1497437,201
10258702,-16.4630298,-68.1502997,202
10258702,-16.46313,-68.1506959,203
10258702,-16.46313,-68.1506959,204
10258702,-16.4632266,-68.1509575,205
10258702,-16.4633554,-68.1511988,206
10258702,-16.4633554,-68.1511988,207
10258702,-16.4635549,-68.1514855,208
10258702,-16.4637216,-68.1516905,209
10258702,-16.4639291,-68.1518726,210
10258702,-16.4642463,-68.1520713,211
10258702,-16.4646217,-68.1522643,212
10258702,-16.4654032,-68.1525956,213
10258702,-16.4654032,-68.1525956,214
10258702,-16.4655729,-68.1526727,215
10258702,-16.4655729,-68.1526727,216
10258702,-16.4659801,-68.1528575,217
10258702,-16.4661469,-68.1529045,218
10258702,-16.4663176,-68.1529393,219
10258702,-16.4664702,-68.1529561,220
10258702,-16.4666344,-68.1529607,221
10258702,-16.4670225,-68.15292,222
10258702,-16.4699179,-68.1525337,223
10258702,-16.4703906,-68.1525045,224
10258702,-16.4707735,-68.1524768,225
10258702,-16.471635,-68.152479,226
10258702,-16.472134,-68.1524816,227
10258702,-16.4723813,-68.1524894,228
10258702,-16.4726226,-68.1525219,229
10258702,-16.4729081,-68.152597,230
10258702,-16.4743653,-68.1530007,231
10258702,-16.4749062,-68.1531595,232
10258702,-16.4751787,-68.1532078,233
10258702,-16.4753756,-68.1532334,234
10258702,-16.4756765,-68.1532387,235
10258702,-16.4758783,-68.1532155,236
10258702,-16.4761649,-68.153147,237
10258702,-16.4764691,-68.153043,238
10258702,-16.4766215,-68.1529782,239
10258702,-16.4768753,-68.1528189,240
10258702,-16.4771023,-68.1526673,241
10258702,-16.4771936,-68.1525975,242
10258702,-16.4773698,-68.1524366,243
10258702,-16.477984,-68.1518561,244
10258702,-16.4787067,-68.1512266,245
10258702,-16.4794383,-68.1504797,246
10258702,-16.479618,-68.1503046,247
10258702,-16.4797278,-68.1501391,248
10258702,-16.4803374,-68.14905,249
10258702,-16.4804635,-68.1488758,250
10258702,-16.4805612,-68.1487658,251
10258702,-16.4807541,-68.1485914,252
10258702,-16.4809822,-68.1483892,253
10258702,-16.4811905,-68.1482792,254
10258702,-16.4821576,-68.1478956,255
10258702,-16.4830549,-68.1475518,256
10258702,-16.4837304,-68.147276,257
10258702,-16.4841521,-68.1470896,258
10258702,-16.4843374,-68.1469823,259
10258702,-16.4845495,-68.1468295,260
10258702,-16.4847141,-68.1466699,261
10258702,-16.4848646,-68.1464888,262
10258702,-16.4851346,-68.1461803,263
10258702,-16.4853431,-68.145938,264
10258702,-16.4855924,-68.1457078,265
10258702,-16.4857545,-68.1455849,266
10258702,-16.4858844,-68.1455031,267
10258702,-16.4861102,-68.1453813,268
10258702,-16.486872,-68.1450538,269
10258702,-16.486872,-68.1450538,270
10258702,-16.4874396,-68.1448145,271
10258702,-16.4876976,-68.1446984,272
10258702,-16.4878943,-68.1445657,273
10258702,-16.4881387,-68.1443713,274
10258702,-16.4881387,-68.1443713,275
10258702,-16.4885762,-68.1439944,276
10258702,-16.4885762,-68.1439944,277
10258702,-16.4893109,-68.1432639,278
10258702,-16.4894623,-68.1431056,279
10258702,-16.4896664,-68.1428331,280
10258702,-16.4897849,-68.1426394,281
10258702,-16.4899398,-68.1423305,282
10258702,-16.4901016,-68.1419109,283
10258702,-16.4904711,-68.1409424,284
10258702,-16.4905148,-68.1408485,285
10258702,-16.4908291,-68.1401382,286
10258702,-16.4908291,-68.1401382,287
10258702,-16.4908489,-68.1400894,288
10258702,-16.490886,-68.14,289
10258702,-16.4910586,-68.1396044,290
10258702,-16.4911839,-68.1393098,291
10258702,-16.4912133,-68.1392385,292
10258702,-16.4912133,-68.1392385,293
10258702,-16.4912416,-68.1391667,294
10258702,-16.4912416,-68.1391667,295
10258702,-16.4912901,-68.1390937,296
10258702,-16.4913981,-68.1389172,297
10258702,-16.4915614,-68.1386667,298
10258702,-16.4916996,-68.1384745,299
10258702,-16.4919899,-68.1381169,300
10258702,-16.4920617,-68.1380324,301
10258702,-16.4921187,-68.1379684,302
10258702,-16.4921187,-68.1379684,303
10258702,-16.4922436,-68.1378407,304
10258702,-16.492363,-68.137732,305
10258702,-16.4925377,-68.1375886,306
10258702,-16.4926995,-68.1374902,307
10258702,-16.4929478,-68.1373884,308
10258702,-16.4930461,-68.1373525,309
10258702,-16.4932862,-68.1372729,310
10258702,-16.4936373,-68.1371775,311
10258702,-16.4938771,-68.1370783,312
10258702,-16.4942902,-68.1369246,313
10258702,-16.4942902,-68.1369246,314
10258702,-16.4948225,-68.1368767,315
10258702,-16.4954481,-68.1368649,316
10258702,-16.4954481,-68.1368649,317
10258702,-16.4959095,-68.1368266,318
10258702,-16.4959095,-68.1368266,319
10258702,-16.4960465,-68.136808,320
10258702,-16.4961256,-68.1367835,321
10258702,-16.4962147,-68.1367471,322
10258702,-16.4963356,-68.1366953,323
10258702,-16.4963356,-68.1366953,324
10258702,-16.4976444,-68.1361282,325
10258702,-16.4976864,-68.1361125,326
10258702,-16.4976864,-68.1361125,327
10258702,-16.4978679,-68.1359968,328
10258702,-16.4981644,-68.1357465,329
10258702,-16.4982332,-68.1357138,330
10258702,-16.4987906,-68.135288,331
10258702,-16.4989191,-68.1351898,332
10258702,-16.4989191,-68.1351898,333
10258702,-16.4989819,-68.1351404,334
10258702,-16.4993229,-68.1348825,335
10258702,-16.4996052,-68.1346686,336
10258702,-16.4996743,-68.1346112,337
10258702,-16.4996743,-68.1346112,338
10258702,-16.5003521,-68.1350782,339
10258702,-16.500423,-68.1351249,340
10258702,-16.5004756,-68.1351461,341
10258702,-16.5005551,-68.1351466,342
10258702,-16.5005735,-68.1351507,343
10258702,-16.5005893,-68.1351579,344
10258702,-16.5006066,-68.1351877,345
10258702,-16.5007318,-68.1350388,346
10258702,-16.5013379,-68.1357405,347
10258702,-16.5013379,-68.1357405,348
10258702,-16.5017571,-68.1362139,349
10258702,-16.5019268,-68.1363997,350
10258702,-16.5020446,-68.1365303,351
10258702,-16.5025859,-68.1371306,352
10258702,-16.5025859,-68.1371306,353
10258702,-16.5027993,-68.1373626,354
10258702,-16.5033098,-68.1379165,355
10258702,-16.5033098,-68.1379165,356
10258702,-16.5036587,-68.1376245,357
10258702,-16.5037876,-68.1375479,358
10258702,-16.5039052,-68.137487,359
10258702,-16.5039669,-68.1374551,360
10258702,-16.5045384,-68.1371816,361
10258702,-16.5045384,-68.1371816,362
10258702,-16.5046426,-68.1371239,363
10258702,-16.5046426,-68.1371239,364
10258702,-16.5048475,-68.1370317,365
10258702,-16.5050102,-68.1369431,366
10258702,-16.5055312,-68.1366926,367
10258702,-16.5055312,-68.1366926,368
10258702,-16.5055532,-68.1367262,369
10258702,-16.5055923,-68.1367566,370
10258702,-16.5055923,-68.1367566,371
10258702,-16.5056311,-68.1367691,372
10258702,-16.5056716,-68.1367687,373
10258702,-16.5057102,-68.1367555,374
10258702,-16.5057431,-68.1367308,375
10258702,-16.5057672,-68.1366968,376
10258702,-16.5057804,-68.1366568,377
10258702,-16.5057804,-68.1366568,378
10258702,-16.5057794,-68.1366034,379
10258702,-16.505759,-68.1365545,380
10258702,-16.5067686,-68.1357615,381
10258702,-16.5064473,-68.1359954,382
10258702,-16.5061888,-68.1361999,383
10258702,-16.505759,-68.1365545,384
10258702,-16.5067686,-68.1357615,385
10258702,-16.5067843,-68.1357825,386
10258702,-16.5068048,-68.1357983,387
10258702,-16.5068286,-68.1358078,388
10258702,-16.506854,-68.1358103,389
10258702,-16.5068791,-68.1358056,390
10258702,-16.5069021,-68.1357941,391
10258702,-16.5069021,-68.1357941,392
10258702,-16.506921,-68.1357769,393
10258702,-16.5069349,-68.135755,394
10258702,-16.5069428,-68.1357302,395
10258702,-16.5069441,-68.135704,396
10258702,-16.5088437,-68.1355203,397
10258702,-16.5087946,-68.1355132,398
10258702,-16.5086467,-68.1354998,399
10258702,-16.5083741,-68.1354978,400
10258702,-16.5081255,-68.1355112,401
10258702,-16.5080402,-68.1355125,402
10258702,-16.5078431,-68.1355199,403
10258702,-16.5077305,-68.1355239,404
10258702,-16.5073406,-68.1355822,405
10258702,-16.5071095,-68.1356393,406
10258702,-16.5069441,-68.135704,407
10258702,-16.5089286,-68.1354328,408
10258702,-16.5088907,-68.1354505,409
10258702,-16.5088611,-68.135481,410
10258702,-16.5088437,-68.1355203,411
10258702,-16.5090683,-68.1355866,412
10258702,-16.5090726,-68.1355357,413
10258702,-16.5090564,-68.1354876,414
10258702,-16.5090227,-68.1354505,415
10258702,-16.5089775,-68.1354311,416
10258702,-16.5089286,-68.1354328,417
10258702,-16.5089497,-68.1356725,418
10258702,-16.5090005,-68.1356638,419
10258702,-16.5090428,-68.1356332,420
10258702,-16.5090683,-68.1355866,421
10258702,-16.5088698,-68.1356322,422
10258702,-16.508901,-68.135658,423
10258702,-16.5089497,-68.1356725,424
10258702,-16.5088437,-68.1355203,425
10258702,-16.5088403,-68.1355599,426
10258702,-16.5088493,-68.1355986,427
10258702,-16.5088698,-68.1356322,428
10258702,-16.5091243,-68.1357804,429
10258702,-16.5091024,-68.1357339,430
10258702,-16.5090848,-68.135686,431
10258702,-16.5090723,-68.1356363,432
10258702,-16.5090683,-68.1355866,433
10258702,-16.5091243,-68.1357804,434
10258702,-16.5092787,-68.1359351,435
10258702,-16.5095184,-68.1361402,436
10258702,-16.5096072,-68.1362233,437
10258702,-16.5098624,-68.1364319,438
10258702,-16.5101106,-68.1366766,439
10258702,-16.5101826,-68.1367578,440
10258702,-16.5102485,-68.1368597,441
10258702,-16.5103054,-68.1369589,442
10258702,-16.5103992,-68.1371574,443
10258702,-16.5105555,-68.1374632,444
10258702,-16.5109586,-68.1382065,445
10258702,-16.5113964,-68.1389428,446
10258702,-16.5115127,-68.1391379,447
10258702,-16.5115867,-68.1392603,448
10258702,-16.5116355,-68.1393625,449
10258702,-16.5116355,-68.1393625,450
10258702,-16.5116561,-68.1394266,451
10258702,-16.5116702,-68.1394983,452
10258702,-16.5116812,-68.1396016,453
10258702,-16.5116715,-68.1398289,454
10258702,-16.5116715,-68.1398289,455
10258702,-16.5116542,-68.1400401,456
10258702,-16.5116561,-68.1402977,457
10258702,-16.5116561,-68.1402977,458
10258702,-16.5116663,-68.140625,459
10258702,-16.5116693,-68.1408782,460
10258702,-16.5116703,-68.1409605,461
10258702,-16.5094638,-68.1411713,462
10258702,-16.5099907,-68.1410559,463
10258702,-16.5102636,-68.1410286,464
10258702,-16.5106968,-68.1410543,465
10258702,-16.5110459,-68.1410638,466
10258702,-16.5116703,-68.1409605,467
10258702,-16.5094098,-68.1411894,468
10258702,-16.5094638,-68.1411713,469
10258702,-16.5088093,-68.1413267,470
10258702,-16.5094098,-68.1411894,471
10258702,-16.5080327,-68.1402352,472
10258702,-16.5082223,-68.1403506,473
10258702,-16.5082635,-68.1403808,474
10258702,-16.5083194,-68.1404559,475
10258702,-16.5083699,-68.1405596,476
10258702,-16.5084718,-68.1407908,477
10258702,-16.5085856,-68.1409872,478
10258702,-16.5088093,-68.1413267,479
10258703,-16.4875057,-68.1486223,0
10258703,-16.4874886,-68.1487187,1
10258703,-16.4874886,-68.1487526,2
10258703,-16.4874951,-68.1488116,3
10258703,-16.4875079,-68.148878,4
10258703,-16.4875292,-68.1489102,5
10258703,-16.4875292,-68.1489102,6
10258703,-16.4875514,-68.1489284,7
10258703,-16.5001953,-68.1314501,8
10258703,-16.5004295,-68.1309588,9
10258703,-16.500599,-68.1306831,10
10258703,-16.5006687,-68.1305698,11
10258703,-16.5007182,-68.1304683,12
10258703,-16.5007267,-68.1303858,13
10258703,-16.5007324,-68.1303302,14
10258703,-16.5007256,-68.1302131,15
10258703,-16.4999932,-68.1318753,16
10258703,-16.5001953,-68.1314501,17
10258703,-16.4999544,-68.131956,18
10258703,-16.4999932,-68.1318753,19
10258703,-16.4999544,-68.131956,20
10258703,-16.4992934,-68.1333441,21
10258703,-16.4997221,-68.1336495,22
10258703,-16.4992934,-68.1333441,23
10258703,-16.4998466,-68.1337275,24
10258703,-16.4997221,-68.1336495,25
10258703,-16.500282,-68.1339826,26
10258703,-16.5002021,-68.1339351,27
10258703,-16.4998466,-68.1337275,28
10258703,-16.5003917,-68.1340543,29
10258703,-16.500282,-68.1339826,30
10258703,-16.5010922,-68.1345005,31
10258703,-16.5004618,-68.1340989,32
10258703,-16.5003917,-68.1340543,33
10258703,-16.5007318,-68.1350388,34
10258703,-16.5008383,-68.1348632,35
10258703,-16.5010922,-68.1345005,36
10258703,-16.4995959,-68.1361946,37
10258703,-16.4998963,-68.1359114,38
10258703,-16.4999966,-68.135803,39
10258703,-16.5005351,-68.1352642,40
10258703,-16.5006066,-68.1351877,41
10258703,-16.5007318,-68.1350388,42
10258703,-16.4980876,-68.1370346,43
10258703,-16.4982981,-68.1369287,44
10258703,-16.498944,-68.1365999,45
10258703,-16.4992671,-68.1364075,46
10258703,-16.4995959,-68.1361946,47
10258703,-16.4969467,-68.1377733,48
10258703,-16.4975133,-68.137338,49
10258703,-16.4977918,-68.1371863,50
10258703,-16.4980876,-68.1370346,51
10258703,-16.4956955,-68.1383617,52
10258703,-16.4961123,-68.1381744,53
10258703,-16.4961997,-68.1381351,54
10258703,-16.4969467,-68.1377733,55
10258703,-16.4938302,-68.1396938,56
10258703,-16.4946185,-68.1390242,57
10258703,-16.4950217,-68.1387443,58
10258703,-16.495059,-68.1387231,59
10258703,-16.4956955,-68.1383617,60
10258703,-16.4938043,-68.1406343,61
10258703,-16.4937916,-68.1405472,62
10258703,-16.4937898,-68.1405055,63
10258703,-16.4937904,-68.1404766,64
10258703,-16.4937968,-68.140368,65
10258703,-16.4938302,-68.1396938,66
10258703,-16.4940213,-68.1407139,67
10258703,-16.4939925,-68.1406701,68
10258703,-16.493952,-68.1406378,69
10258703,-16.493904,-68.1406202,70
10258703,-16.493853,-68.140619,71
10258703,-16.4938043,-68.1406343,72
10258703,-16.4939747,-68.1409194,73
10258703,-16.4940113,-68.1408774,74
10258703,-16.4940326,-68.1408252,75
10258703,-16.494036,-68.1407685,76
10258703,-16.4940213,-68.1407139,77
10258703,-16.4938656,-68.140955,78
10258703,-16.4939044,-68.1409525,79
10258703,-16.4939415,-68.1409404,80
10258703,-16.4939747,-68.1409194,81
10258703,-16.4938656,-68.140955,82
10258703,-16.4936151,-68.1417181,83
10258703,-16.4935395,-68.1419258,84
10258703,-16.4933616,-68.142506,85
10258703,-16.4926859,-68.1425266,86
10258703,-16.4933616,-68.142506,87
10258703,-16.4925479,-68.1434362,88
10258703,-16.4925089,-68.143355,89
10258703,-16.492497,-68.1433011,90
10258703,-16.4924998,-68.1432155,91
10258703,-16.4926859,-68.1425266,92
10258703,-16.4925721,-68.1434622,93
10258703,-16.4925479,-68.1434362,94
10258703,-16.492817,-68.1437777,95
10258703,-16.4927063,-68.143634,96
10258703,-16.4926369,-68.143548,97
10258703,-16.4925721,-68.1434622,98
10258703,-16.492963,-68.1441502,99
10258703,-16.4929483,-68.1440439,100
10258703,-16.4929231,-68.1439485,101
10258703,-16.4928768,-68.143856,102
10258703,-16.492817,-68.1437777,103
10258703,-16.4926535,-68.1442089,104
10258703,-16.492747,-68.1441788,105
10258703,-16.492843,-68.1441594,106
10258703,-16.492963,-68.1441502,107
10258703,-16.4926535,-68.1442089,108
10258703,-16.4926324,-68.1442596,109
10258703,-16.4926175,-68.1443463,110
10258703,-16.4925536,-68.1451802,111
10258703,-16.4925113,-68.1455696,112
10258703,-16.492511,-68.1455802,113
10258703,-16.4924995,-68.1459641,114
10258703,-16.4924832,-68.146123,115
10258703,-16.492466,-68.1462265,116
10258703,-16.4875057,-68.1486223,117
10258703,-16.487549,-68.1485226,118
10258703,-16.4875964,-68.148426,119
10258703,-16.4876667,-68.1482899,120
10258703,-16.4878095,-68.1480002,121
10258703,-16.4878976,-68.147728,122
10258703,-16.4879696,-68.1475624,123
10258703,-16.4880538,-68.1473659,124
10258703,-16.48814,-68.1472076,125
10258703,-16.488203,-68.147101,126
10258703,-16.4882602,-68.1470353,127
10258703,-16.4883422,-68.1469546,128
10258703,-16.4885077,-68.146812,129
10258703,-16.4885862,-68.1467517,130
10258703,-16.4886621,-68.146694,131
10258703,-16.4887662,-68.146643,132
10258703,-16.4888305,-68.1466216,133
10258703,-16.4894565,-68.1463991,134
10258703,-16.4900585,-68.146202,135
10258703,-16.490351,-68.1461091,136
10258703,-16.4905549,-68.1461054,137
10258703,-16.4907553,-68.1461327,138
10258703,-16.4912333,-68.1462627,139
10258703,-16.491334,-68.1462831,140
10258703,-16.4913874,-68.1462872,141
10258703,-16.4914033,-68.1462887,142
10258703,-16.491426,-68.1462896,143
10258703,-16.4914443,-68.1462892,144
10258703,-16.491623,-68.1462847,145
10258703,-16.4923128,-68.146234,146
10258703,-16.492466,-68.1462265,147
10258873,-16.5034574,-68.1625508,0
10258873,-16.503045,-68.1625183,1
10258873,-16.501908,-68.1624792,2
10258873,-16.501908,-68.1624792,3
10258873,-16.5016873,-68.162469,4
10258873,-16.5016873,-68.162469,5
10258873,-16.5014733,-68.1624921,6
10258873,-16.5012081,-68.1625649,7
10258873,-16.5006791,-68.1627185,8
10258873,-16.4999886,-68.1629284,9
10258873,-16.4995753,-68.1629896,10
10258873,-16.4995753,-68.1629896,11
10258873,-16.4989383,-68.1630507,12
10258873,-16.4989383,-68.1630507,13
10258873,-16.4983013,-68.1631118,14
10258873,-16.4981509,-68.1631453,15
10258873,-16.4981509,-68.1631453,16
10258873,-16.4979657,-68.1632138,17
10258873,-16.4978269,-68.1632728,18
10258873,-16.4976275,-68.1633867,19
10258873,-16.4974346,-68.1635369,20
10258873,-16.496617,-68.1642176,21
10258873,-16.4960021,-68.164815,22
10258873,-16.495835,-68.1650028,23
10258873,-16.4956601,-68.165212,24
10258873,-16.4955444,-68.1653836,25
10258873,-16.4953772,-68.1656612,26
10258873,-16.4947428,-68.1666602,27
10258873,-16.4946067,-68.166852,28
10258873,-16.4943478,-68.1671403,29
10258873,-16.4940635,-68.1674,30
10258873,-16.4924093,-68.1686827,31
10258873,-16.492075,-68.1689188,32
10258873,-16.4917549,-68.1690961,33
10258873,-16.4914988,-68.1692138,34
10258873,-16.4911336,-68.1693426,35
10258873,-16.4907916,-68.1694257,36
10258873,-16.4906532,-68.1694395,37
10258873,-16.4904954,-68.1694552,38
10258873,-16.4902332,-68.169469,39
10258873,-16.489982,-68.1694628,40
10258873,-16.48976,-68.1694469,41
10258873,-16.4893163,-68.1693748,42
10258873,-16.4890612,-68.1693091,43
10258873,-16.4887839,-68.1692186,44
10258873,-16.4884843,-68.1690808,45
10258873,-16.4882631,-68.1689632,46
10258873,-16.4880525,-68.1688222,47
10258873,-16.4878622,-68.1686833,48
10258873,-16.487604,-68.1684592,49
10258873,-16.4874021,-68.1682586,50
10258873,-16.4872778,-68.1681164,51
10258873,-16.4871774,-68.1679795,52
10258873,-16.4870512,-68.1677926,53
10258873,-16.4864655,-68.16685,54
10258873,-16.4864344,-68.1667934,55
10258873,-16.4862142,-68.1663902,56
10258873,-16.4861289,-68.166173,57
10258873,-16.4860684,-68.1659608,58
10258873,-16.486023,-68.1656944,59
10258873,-16.486023,-68.1656944,60
10258873,-16.4860062,-68.1654955,61
10258873,-16.4780792,-68.1597387,62
10258873,-16.4775665,-68.1596755,63
10258873,-16.4771834,-68.159615,64
10258873,-16.4765968,-68.1594754,65
10258873,-16.4762473,-68.1593915,66
10258873,-16.4757157,-68.1592639,67
10258873,-16.4755374,-68.1592453,68
10258873,-16.4753725,-68.1592408,69
10258873,-16.4752057,-68.1592522,70
10258873,-16.4750298,-68.159287,71
10258873,-16.4746012,-68.1594218,72
10258873,-16.4743382,-68.159552,73
10258873,-16.4742292,-68.1596028,74
10258873,-16.4734457,-68.1599677,75
10258873,-16.4732875,-68.1600254,76
10258873,-16.4731293,-68.160067,77
10258873,-16.4729441,-68.1601045,78
10258873,-16.4727615,-68.1601286,79
10258873,-16.4724914,-68.160126,80
10258873,-16.4723063,-68.1601032,81
10258873,-16.4720566,-68.1600282,82
10258873,-16.4718738,-68.1599451,83
10258873,-16.4716684,-68.1598,84
10258873,-16.4714549,-68.1596123,85
10258873,-16.4712594,-68.1593602,86
10258873,-16.4711179,-68.1591188,87
10258873,-16.4701663,-68.1571259,88
10258873,-16.4700093,-68.1568684,89
10258873,-16.4698755,-68.1566914,90
10258873,-16.4696647,-68.1564955,91
10258873,-16.4694486,-68.1563132,92
10258873,-16.4692248,-68.1561683,93
10258873,-16.4690344,-68.1560799,94
10258873,-16.468821,-68.1560262,95
10258873,-16.4672761,-68.1556947,96
10258873,-16.4669779,-68.1556075,97
10258873,-16.4667579,-68.1555228,98
10258873,-16.4665776,-68.1554274,99
10258873,-16.4663884,-68.1553041,100
10258873,-16.4661202,-68.1550835,101
10258873,-16.4656245,-68.1546624,102
10258873,-16.4654016,-68.1545,103
10258873,-16.4651596,-68.1543345,104
10258873,-16.464953,-68.1542121,105
10258873,-16.4647616,-68.1541134,106
10258873,-16.4640975,-68.15382,107
10258873,-16.4637108,-68.153603,108
10258873,-16.463423,-68.1533775,109
10258873,-16.4632455,-68.1532005,110
10258873,-16.4631092,-68.1530047,111
10258873,-16.4630063,-68.1528062,112
10258873,-16.4625209,-68.1517052,113
10258873,-16.4808889,-68.1601098,114
10258873,-16.4780792,-68.1597387,115
10258873,-16.4860062,-68.1654955,116
10258873,-16.486012,-68.1651073,117
10258873,-16.4860422,-68.164773,118
10258873,-16.4863828,-68.1618502,119
10258873,-16.4863992,-68.1616181,120
10258873,-16.4864014,-68.1613854,121
10258873,-16.4863796,-68.1611498,122
10258873,-16.4863376,-68.1609122,123
10258873,-16.4862758,-68.1606983,124
10258873,-16.4861976,-68.1605029,125
10258873,-16.4860982,-68.1603118,126
10258873,-16.4859899,-68.1601452,127
10258873,-16.485862,-68.1599846,128
10258873,-16.4857233,-68.1598415,129
10258873,-16.4855884,-68.1597256,130
10258873,-16.4854175,-68.159605,131
10258873,-16.4852527,-68.1595116,132
10258873,-16.4850677,-68.159426,133
10258873,-16.4848842,-68.1593573,134
10258873,-16.4846977,-68.159308,135
10258873,-16.4845152,-68.159274,136
10258873,-16.4843601,-68.1592615,137
10258873,-16.4842191,-68.159261,138
10258873,-16.4840724,-68.1592711,139
10258873,-16.4839211,-68.1592976,140
10258873,-16.4837532,-68.159345,141
10258873,-16.4837232,-68.1593535,142
10258873,-16.4835032,-68.1594359,143
10258873,-16.4832954,-68.1595386,144
10258873,-16.482421,-68.1600015,145
10258873,-16.4822734,-68.1600657,146
10258873,-16.4821613,-68.1601022,147
10258873,-16.4819402,-68.1601623,148
10258873,-16.4817729,-68.1601885,149
10258873,-16.4815403,-68.1601914,150
10258873,-16.4812106,-68.1601503,151
10258873,-16.4808889,-68.1601098,152
10258873,-16.4625209,-68.1517052,153
10258873,-16.4624666,-68.1515574,154
10258873,-16.4624666,-68.1515574,155
10258873,-16.4623519,-68.1512934,156
10258873,-16.4622529,-68.1510898,157
10258873,-16.4621108,-68.150876,158
10258873,-16.4619158,-68.1506467,159
10258873,-16.4617293,-68.1504674,160
10258873,-16.4616155,-68.1503699,161
10258873,-16.4605156,-68.1494473,162
10258873,-16.46036,-68.1493011,163
10258873,-16.4602314,-68.149175,164
10258873,-16.4601195,-68.1490436,165
10258873,-16.4600308,-68.1489001,166
10258873,-16.4599665,-68.1487446,167
10258873,-16.4599202,-68.1486078,168
10258873,-16.4598829,-68.1484602,169
10258873,-16.459862,-68.1482389,170
10258873,-16.4598649,-68.1481075,171
10258873,-16.4598809,-68.1479815,172
10258873,-16.4599099,-68.1478601,173
10258873,-16.4599472,-68.1477441,174
10258873,-16.4599954,-68.1476328,175
10258873,-16.4600539,-68.1475369,176
10258873,-16.460132,-68.1474289,177
10258873,-16.4602056,-68.1473524,178
10258873,-16.4602263,-68.147331,179
10258873,-16.4603613,-68.147213,180
10258873,-16.4604481,-68.1471527,181
10258873,-16.4605523,-68.1470943,182
10258873,-16.4606803,-68.1470373,183
10258873,-16.4607671,-68.1470085,184
10258873,-16.4608623,-68.1469837,185
10258873,-16.4609523,-68.146973,186
10258873,-16.4610584,-68.1469676,187
10258873,-16.4611934,-68.1469783,188
10258873,-16.4613285,-68.1470025,189
10258873,-16.4614944,-68.1470588,190
10258873,-16.4615986,-68.1471138,191
10258873,-16.4617838,-68.1472385,192
10258873,-16.4619381,-68.1473833,193
10258873,-16.4620912,-68.1475778,194
10258873,-16.4622378,-68.1477991,195
10258873,-16.4623535,-68.1480418,196
10258873,-16.4625327,-68.1484968,197
10258873,-16.4627611,-68.1492389,198
10258873,-16.4627611,-68.1492389,199
10258873,-16.462889,-68.1497437,200
10258873,-16.462889,-68.1497437,201
10258873,-16.4630298,-68.1502997,202
10258873,-16.46313,-68.1506959,203
10258873,-16.46313,-68.1506959,204
10258873,-16.4632266,-68.1509575,205
10258873,-16.4633554,-68.1511988,206
10258873,-16.4633554,-68.1511988,207
10258873,-16.4635549,-68.1514855,208
10258873,-16.4637216,-68.1516905,209
10258873,-16.4639291,-68.1518726,210
10258873,-16.4642463,-68.1520713,211
10258873,-16.4646217,-68.1522643,212
10258873,-16.4654032,-68.1525956,213
10258873,-16.4654032,-68.1525956,214
10258873,-16.4655729,-68.1526727,215
10258873,-16.4655729,-68.1526727,216
10258873,-16.4659801,-68.1528575,217
10258873,-16.4661469,-68.1529045,218
10258873,-16.4663176,-68.1529393,219
10258873,-16.4664702,-68.1529561,220
10258873,-16.4666344,-68.1529607,221
10258873,-16.4670225,-68.15292,222
10258873,-16.4699179,-68.1525337,223
10258873,-16.4703906,-68.1525045,224
10258873,-16.4707735,-68.1524768,225
10258873,-16.471635,-68.152479,226
10258873,-16.472134,-68.1524816,227
10258873,-16.4723813,-68.1524894,228
10258873,-16.4726226,-68.1525219,229
10258873,-16.4729081,-68.152597,230
10258873,-16.4743653,-68.1530007,231
10258873,-16.4749062,-68.1531595,232
10258873,-16.4751787,-68.1532078,233
10258873,-16.4753756,-68.1532334,234
10258873,-16.4756765,-68.1532387,235
10258873,-16.4758783,-68.1532155,236
10258873,-16.4761649,-68.153147,237
10258873,-16.4764691,-68.153043,238
10258873,-16.4766215,-68.1529782,239
10258873,-16.4768753,-68.1528189,240
10258873,-16.4771023,-68.1526673,241
10258873,-16.4771936,-68.1525975,242
10258873,-16.4773698,-68.1524366,243
10258873,-16.477984,-68.1518561,244
10258873,-16.4787067,-68.1512266,245
10258873,-16.4794383,-68.1504797,246
10258873,-16.479618,-68.1503046,247
10258873,-16.4797278,-68.1501391,248
10258873,-16.4803374,-68.14905,249
10258873,-16.4804635,-68.1488758,250
10258873,-16.4805612,-68.1487658,251
10258873,-16.4807541,-68.1485914,252
10258873,-16.4809822,-68.1483892,253
10258873,-16.4811905,-68.1482792,254
10258873,-16.4821576,-68.1478956,255
10258873,-16.4830549,-68.1475518,256
10258873,-16.4837304,-68.147276,257
10258873,-16.4841521,-68.1470896,258
10258873,-16.4843374,-68.1469823,259
10258873,-16.4845495,-68.1468295,260
10258873,-16.4847141,-68.1466699,261
10258873,-16.4848646,-68.1464888,262
10258873,-16.4851346,-68.1461803,263
10258873,-16.4853431,-68.145938,264
10258873,-16.4855924,-68.1457078,265
10258873,-16.4857545,-68.1455849,266
10258873,-16.4858844,-68.1455031,267
10258873,-16.4861102,-68.1453813,268
10258873,-16.486872,-68.1450538,269
10258873,-16.486872,-68.1450538,270
10258873,-16.4874396,-68.1448145,271
10258873,-16.4876976,-68.1446984,272
10258873,-16.4878943,-68.1445657,273
10258873,-16.4881387,-68.1443713,274
10258873,-16.4881387,-68.1443713,275
10258873,-16.4885762,-68.1439944,276
10258873,-16.4885762,-68.1439944,277
10258873,-16.4893109,-68.1432639,278
10258873,-16.4894623,-68.1431056,279
10258873,-16.4896664,-68.1428331,280
10258873,-16.4897849,-68.1426394,281
10258873,-16.4899398,-68.1423305,282
10258873,-16.4901016,-68.1419109,283
10258873,-16.4904711,-68.1409424,284
10258873,-16.4905148,-68.1408485,285
10258873,-16.4908291,-68.1401382,286
10258873,-16.4908291,-68.1401382,287
10258873,-16.4908489,-68.1400894,288
10258873,-16.490886,-68.14,289
10258873,-16.4910586,-68.1396044,290
10258873,-16.4911839,-68.1393098,291
10258873,-16.4912133,-68.1392385,292
10258873,-16.4912133,-68.1392385,293
10258873,-16.4912416,-68.1391667,294
10258873,-16.4912416,-68.1391667,295
10258873,-16.4912901,-68.1390937,296
10258873,-16.4913981,-68.1389172,297
10258873,-16.4915614,-68.1386667,298
10258873,-16.4916996,-68.1384745,299
10258873,-16.4919899,-68.1381169,300
10258873,-16.4920617,-68.1380324,301
10258873,-16.4921187,-68.1379684,302
10258873,-16.4921187,-68.1379684,303
10258873,-16.4922436,-68.1378407,304
10258873,-16.492363,-68.137732,305
10258873,-16.4925377,-68.1375886,306
10258873,-16.4926995,-68.1374902,307
10258873,-16.4929478,-68.1373884,308
10258873,-16.4930461,-68.1373525,309
10258873,-16.4932862,-68.1372729,310
10258873,-16.4936373,-68.1371775,311
10258873,-16.4938771,-68.1370783,312
10258873,-16.4942902,-68.1369246,313
10258873,-16.4942902,-68.1369246,314
10258873,-16.4948225,-68.1368767,315
10258873,-16.4954481,-68.1368649,316
10258873,-16.4954481,-68.1368649,317
10258873,-16.4959095,-68.1368266,318
10258873,-16.4959095,-68.1368266,319
10258873,-16.4960465,-68.136808,320
10258873,-16.4961256,-68.1367835,321
10258873,-16.4962147,-68.1367471,322
10258873,-16.4963356,-68.1366953,323
10258873,-16.4963356,-68.1366953,324
10258873,-16.4976444,-68.1361282,325
10258873,-16.4976864,-68.1361125,326
10258873,-16.4976864,-68.1361125,327
10258873,-16.4978679,-68.1359968,328
10258873,-16.4981644,-68.1357465,329
10258873,-16.4982332,-68.1357138,330
10258873,-16.4987906,-68.135288,331
10258873,-16.4989191,-68.1351898,332
10258873,-16.4989191,-68.1351898,333
10258873,-16.4989819,-68.1351404,334
10258873,-16.4993229,-68.1348825,335
10258873,-16.4996052,-68.1346686,336
10258873,-16.4996743,-68.1346112,337
10258873,-16.4996743,-68.1346112,338
10258873,-16.5003521,-68.1350782,339
10258873,-16.500423,-68.1351249,340
10258873,-16.5004756,-68.1351461,341
10258873,-16.5005551,-68.1351466,342
10258873,-16.5005735,-68.1351507,343
10258873,-16.5005893,-68.1351579,344
10258873,-16.5006066,-68.1351877,345
10258873,-16.5007318,-68.1350388,346
10258873,-16.5013379,-68.1357405,347
10258873,-16.5013379,-68.1357405,348
10258873,-16.5017571,-68.1362139,349
10258873,-16.5019268,-68.1363997,350
10258873,-16.5020446,-68.1365303,351
10258873,-16.5025859,-68.1371306,352
10258873,-16.5025859,-68.1371306,353
10258873,-16.5027993,-68.1373626,354
10258873,-16.5033098,-68.1379165,355
10258873,-16.5033098,-68.1379165,356
10258873,-16.5035595,-68.138183,357
10258873,-16.5040038,-68.1386572,358
10258873,-16.5045057,-68.1391928,359
10258873,-16.5045057,-68.1391928,360
10258873,-16.5044523,-68.1393736,361
10258873,-16.504352,-68.139678,362
10258873,-16.504352,-68.139678,363
10258873,-16.5042698,-68.1400511,364
10258873,-16.5042017,-68.1407187,365
10258873,-16.5042017,-68.1407187,366
10258873,-16.5041567,-68.1407191,367
10258873,-16.5041144,-68.1407354,368
10258873,-16.5040791,-68.1407647,369
10258873,-16.5040542,-68.140804,370
10258873,-16.5040423,-68.1408494,371
10258873,-16.5040446,-68.1408965,372
10258873,-16.5040559,-68.1409309,373
10258873,-16.504075,-68.1409615,374
10258873,-16.5041006,-68.1409864,375
10258873,-16.5041311,-68.141004,376
10258873,-16.5041311,-68.141004,377
10258873,-16.5041386,-68.1410202,378
10258873,-16.5041438,-68.1410451,379
10258873,-16.5041432,-68.1410702,380
10258873,-16.5041432,-68.1410702,381
10258873,-16.5038833,-68.1414362,382
10258873,-16.5037483,-68.1416414,383
10258873,-16.5035817,-68.1419331,384
10258873,-16.5034743,-68.1421369,385
10258873,-16.5034339,-68.1422241,386
10258873,-16.5034017,-68.1423032,387
10258873,-16.5033857,-68.1423951,388
10258873,-16.5033857,-68.1423951,389
10258873,-16.503394,-68.1424963,390
10258873,-16.5034165,-68.1425922,391
10258873,-16.5034982,-68.1429141,392
10258873,-16.5035001,-68.1429932,393
10258873,-16.503467,-68.144351,394
10258873,-16.5034673,-68.1442612,395
10258873,-16.5034557,-68.144162,396
10258873,-16.5034223,-68.1440051,397
10258873,-16.503349,-68.1437261,398
10258873,-16.5033261,-68.1436215,399
10258873,-16.5033156,-68.1435016,400
10258873,-16.5033132,-68.1433842,401
10258873,-16.5033153,-68.1433158,402
10258873,-16.5033304,-68.1432554,403
10258873,-16.5033612,-68.1432098,404
10258873,-16.5033998,-68.1431609,405
10258873,-16.5034403,-68.1431119,406
10258873,-16.5034827,-68.1430469,407
10258873,-16.5035001,-68.1429932,408
10258873,-16.503467,-68.144351,409
10258873,-16.5036813,-68.1442349,410
10258873,-16.504116,-68.1440058,411
10258873,-16.5044561,-68.1438365,412
10258873,-16.5044561,-68.1438365,413
10258873,-16.5045661,-68.1437782,414
10258873,-16.5051911,-68.1434498,415
10258873,-16.5051911,-68.1434498,416
10258873,-16.5055734,-68.1432622,417
10258873,-16.5058875,-68.1430941,418
10258873,-16.5064394,-68.1427967,419
10258873,-16.5065788,-68.1427463,420
10258873,-16.5065788,-68.1427463,421
10258873,-16.5068103,-68.1427135,422
10258873,-16.5070403,-68.1427153,423
10258873,-16.5072651,-68.1427661,424
10258873,-16.5071885,-68.1425822,425
10258873,-16.5072245,-68.1426559,426
10258873,-16.507249,-68.1427324,427
10258873,-16.5072651,-68.1427661,428
10258873,-16.5062705,-68.1411432,429
10258873,-16.5063052,-68.1412491,430
10258873,-16.5063482,-68.1413336,431
10258873,-16.5064029,-68.1414194,432
10258873,-16.5068041,-68.1420075,433
10258873,-16.5068774,-68.1421155,434
10258873,-16.5069629,-68.14221,435
10258873,-16.5070233,-68.1422838,436
10258873,-16.5070876,-68.1423897,437
10258873,-16.5071885,-68.1425822,438
10258873,-16.5062705,-68.1411432,439
10258873,-16.5063168,-68.1411211,440
10258873,-16.5063486,-68.1410902,441
10258873,-16.5063702,-68.1410508,442
10258873,-16.5063797,-68.1410036,443
10258873,-16.5063743,-68.1409556,444
10258873,-16.5063547,-68.1409118,445
10258873,-16.5063228,-68.1408768,446
10258873,-16.5062819,-68.1408541,447
10258873,-16.5062379,-68.1408461,448
10258873,-16.5061936,-68.1408526,449
10258873,-16.5061534,-68.1408728,450
10258873,-16.506121,-68.1409049,451
10258873,-16.5060995,-68.1409458,452
10258873,-16.5060904,-68.1409952,453
10259073,-16.4791591,-68.1486986,0
10259073,-16.4789813,-68.1488489,1
10259073,-16.4788485,-68.1490169,2
10259073,-16.4787588,-68.1491269,3
10259073,-16.4787199,-68.1491775,4
10259073,-16.4786057,-68.149329,5
10259073,-16.4785523,-68.1493679,6
10259073,-16.4780018,-68.1497657,7
10259073,-16.4776024,-68.150046,8
10259073,-16.4773032,-68.1502438,9
10259073,-16.4766397,-68.1506195,10
10259073,-16.4763373,-68.1507488,11
10259073,-16.4756588,-68.1510634,12
10259073,-16.474646,-68.1515567,13
10259073,-16.4741976,-68.1517746,14
10259073,-16.4741313,-68.1517747,15
10259073,-16.4735986,-68.1516794,16
10259073,-16.4733912,-68.15165,17
10259073,-16.4732109,-68.1516549,18
10259073,-16.4728646,-68.1516642,19
10259073,-16.4724017,-68.151734,20
10259073,-16.4721959,-68.1517554,21
10259073,-16.4719333,-68.1517601,22
10259073,-16.4716991,-68.151749,23
10259073,-16.471506,-68.1517299,24
10259073,-16.471342,-68.1517018,25
10259073,-16.4711614,-68.1516683,26
10259073,-16.4710127,-68.1516347,27
10259073,-16.4708559,-68.1516294,28
10259073,-16.4706181,-68.1516462,29
10259073,-16.4702013,-68.1516972,30
10259073,-16.4678529,-68.1520023,31
10259073,-16.4677317,-68.1520167,32
10259073,-16.4676343,-68.1520008,33
10259073,-16.4673474,-68.1517935,34
10259073,-16.466998,-68.1516222,35
10259073,-16.4669162,-68.1515822,36
10259073,-16.4668456,-68.1515457,37
10259073,-16.4667725,-68.1515111,38
10259073,-16.46561,-68.1509611,39
10259073,-16.4650377,-68.150665,40
10259073,-16.464361,-68.1503218,41
10259073,-16.4639603,-68.1501141,42
10259073,-16.4635662,-68.1498937,43
10259073,-16.4632539,-68.1497459,44
10259073,-16.4791591,-68.1486986,45
10259073,-16.4794648,-68.1484315,46
10259073,-16.4797258,-68.1482036,47
10259073,-16.4801834,-68.1477237,48
10259073,-16.4802955,-68.1476069,49
10259073,-16.4805748,-68.1473315,50
10259073,-16.480794,-68.1471006,51
10259073,-16.4810191,-68.1468608,52
10259073,-16.481259,-68.1466533,53
10259073,-16.4813788,-68.1465622,54
10259073,-16.4817907,-68.1462931,55
10259073,-16.4821497,-68.1460846,56
10259073,-16.4821497,-68.1460846,57
10259073,-16.4823734,-68.1459987,58
10259073,-16.4825114,-68.1459592,59
10259073,-16.4825114,-68.1459592,60
10259073,-16.4827154,-68.1458849,61
10259073,-16.4827154,-68.1458849,62
10259073,-16.4828436,-68.1458575,63
10259073,-16.4829671,-68.1458271,64
10259073,-16.4829671,-68.1458271,65
10259073,-16.4830774,-68.1457386,66
10259073,-16.483313,-68.1455516,67
10259073,-16.4834175,-68.1455339,68
10259073,-16.4837778,-68.1455645,69
10259073,-16.4839598,-68.1455696,70
10259073,-16.4844668,-68.145143,71
10259073,-16.4848173,-68.144814,72
10259073,-16.4849762,-68.144655,73
10259073,-16.4849762,-68.144655,74
10259073,-16.4850176,-68.1446891,75
10259073,-16.4850588,-68.1446944,76
10259073,-16.4851293,-68.1446971,77
10259073,-16.4856516,-68.1446599,78
10259073,-16.4856754,-68.1446599,79
10259073,-16.485702,-68.1446528,80
10259073,-16.4857198,-68.1446421,81
10259073,-16.4857712,-68.1445952,82
10259073,-16.4861706,-68.1441968,83
10259073,-16.4862767,-68.1440236,84
10259073,-16.4863196,-68.1439084,85
10259073,-16.4863805,-68.1436749,86
10259073,-16.4864205,-68.1434546,87
10259073,-16.4864205,-68.1434546,88
10259073,-16.4872943,-68.1434352,89
10259073,-16.4883107,-68.1433994,90
10259073,-16.4883929,-68.1433943,91
10259073,-16.4883929,-68.1433943,92
10259073,-16.4884175,-68.1436161,93
10259073,-16.4884353,-68.1437742,94
10259073,-16.4884353,-68.1437742,95
10259073,-16.4884932,-68.1442883,96
10259073,-16.4884932,-68.1442883,97
10259073,-16.4885187,-68.1443638,98
10259073,-16.4885549,-68.144421,99
10259073,-16.4885549,-68.144421,100
10259073,-16.4886216,-68.1444888,101
10259073,-16.4886823,-68.1445234,102
10259073,-16.4886823,-68.1445234,103
10259073,-16.4887534,-68.1445435,104
10259073,-16.4887534,-68.1445435,105
10259073,-16.4888019,-68.1445504,106
10259073,-16.488894,-68.1445466,107
10259073,-16.488894,-68.1445466,108
10259073,-16.4891105,-68.1444808,109
10259073,-16.4920843,-68.1437959,110
10259073,-16.4917486,-68.1438857,111
10259073,-16.4915842,-68.1439275,112
10259073,-16.491227,-68.1440253,113
10259073,-16.4909496,-68.1440994,114
10259073,-16.490704,-68.1441651,115
10259073,-16.4905284,-68.1442121,116
10259073,-16.489951,-68.1443482,117
10259073,-16.489748,-68.1443902,118
10259073,-16.4894006,-68.1444339,119
10259073,-16.4892254,-68.1444619,120
10259073,-16.4891105,-68.1444808,121
10259073,-16.4920843,-68.1437959,122
10259073,-16.4922109,-68.1437633,123
10259073,-16.4923388,-68.143737,124
10259073,-16.4924677,-68.1437171,125
10259073,-16.4924677,-68.1437171,126
10259073,-16.4925052,-68.1437143,127
10259073,-16.4925052,-68.1437143,128
10259073,-16.4925296,-68.143698,129
10259073,-16.4925512,-68.1436755,130
10259073,-16.4925687,-68.1436494,131
10259073,-16.4925816,-68.1436206,132
10259073,-16.4925895,-68.1435899,133
10259073,-16.4925922,-68.1435582,134
10259073,-16.4925896,-68.1435265,135
10259073,-16.4925818,-68.1434958,136
10259073,-16.4925721,-68.1434622,137
10259073,-16.4925721,-68.1434622,138
10259073,-16.4925479,-68.1434362,139
10259073,-16.4925479,-68.1434362,140
10259073,-16.4925089,-68.143355,141
10259073,-16.492497,-68.1433011,142
10259073,-16.4924998,-68.1432155,143
10259073,-16.4926859,-68.1425266,144
10259073,-16.4926859,-68.1425266,145
10259073,-16.4933616,-68.142506,146
10259073,-16.4938656,-68.140955,147
10259073,-16.4936151,-68.1417181,148
10259073,-16.4935395,-68.1419258,149
10259073,-16.4933616,-68.142506,150
10259073,-16.4938656,-68.140955,151
10259073,-16.4939044,-68.1409525,152
10259073,-16.4939415,-68.1409404,153
10259073,-16.4939747,-68.1409194,154
10259073,-16.4939747,-68.1409194,155
10259073,-16.4940113,-68.1408774,156
10259073,-16.4940326,-68.1408252,157
10259073,-16.494036,-68.1407685,158
10259073,-16.4940213,-68.1407139,159
10259073,-16.4940213,-68.1407139,160
10259073,-16.4939925,-68.1406701,161
10259073,-16.493952,-68.1406378,162
10259073,-16.493904,-68.1406202,163
10259073,-16.493853,-68.140619,164
10259073,-16.4938043,-68.1406343,165
10259073,-16.4938043,-68.1406343,166
10259073,-16.4937916,-68.1405472,167
10259073,-16.4937898,-68.1405055,168
10259073,-16.4937904,-68.1404766,169
10259073,-16.4937968,-68.140368,170
10259073,-16.4938302,-68.1396938,171
10259073,-16.4938302,-68.1396938,172
10259073,-16.4934638,-68.1396039,173
10259073,-16.4934638,-68.1396039,174
10259073,-16.493601,-68.1390663,175
10259073,-16.4936185,-68.1389781,176
10259073,-16.4936285,-68.1389275,177
10259073,-16.4936285,-68.1389275,178
10259073,-16.4935699,-68.1389082,179
10259073,-16.4932086,-68.1386573,180
10259073,-16.4929904,-68.138503,181
10259073,-16.4929533,-68.1384793,182
10259073,-16.4929533,-68.1384793,183
10259073,-16.4929034,-68.1384353,184
10259073,-16.4928798,-68.1383614,185
10259073,-16.492859,-68.1383135,186
10259073,-16.4928128,-68.1382728,187
10259073,-16.4928128,-68.1382728,188
10259073,-16.4927405,-68.1383069,189
10259073,-16.4926499,-68.1383682,190
10259073,-16.4926499,-68.1383682,191
10259073,-16.4921187,-68.1379684,192
10259073,-16.4921187,-68.1379684,193
10259073,-16.4922436,-68.1378407,194
10259073,-16.492363,-68.137732,195
10259073,-16.4925377,-68.1375886,196
10259073,-16.4926995,-68.1374902,197
10259073,-16.4929478,-68.1373884,198
10259073,-16.4930461,-68.1373525,199
10259073,-16.4932862,-68.1372729,200
10259073,-16.4936373,-68.1371775,201
10259073,-16.4938771,-68.1370783,202
10259073,-16.4942902,-68.1369246,203
10259073,-16.4942902,-68.1369246,204
10259073,-16.4948225,-68.1368767,205
10259073,-16.4954481,-68.1368649,206
10259073,-16.4954481,-68.1368649,207
10259073,-16.4959095,-68.1368266,208
10259073,-16.4959095,-68.1368266,209
10259073,-16.4960465,-68.136808,210
10259073,-16.4961256,-68.1367835,211
10259073,-16.4962147,-68.1367471,212
10259073,-16.4963356,-68.1366953,213
10259073,-16.4963356,-68.1366953,214
10259073,-16.4976444,-68.1361282,215
10259073,-16.4976864,-68.1361125,216
10259073,-16.4976864,-68.1361125,217
10259073,-16.4978679,-68.1359968,218
10259073,-16.4981644,-68.1357465,219
10259073,-16.4982332,-68.1357138,220
10259073,-16.4987906,-68.135288,221
10259073,-16.4989191,-68.1351898,222
10259073,-16.4989191,-68.1351898,223
10259073,-16.4989819,-68.1351404,224
10259073,-16.4993229,-68.1348825,225
10259073,-16.4996052,-68.1346686,226
10259073,-16.4996743,-68.1346112,227
10259073,-16.4996743,-68.1346112,228
10259073,-16.5003216,-68.1341132,229
10259073,-16.5003917,-68.1340543,230
10259073,-16.5043925,-68.1311551,231
10259073,-16.5043916,-68.1310577,232
10259073,-16.504402,-68.1310099,233
10259073,-16.5044191,-68.1309731,234
10259073,-16.504448,-68.1309404,235
10259073,-16.5049648,-68.1303956,236
10259073,-16.5043999,-68.1311899,237
10259073,-16.5043925,-68.1311551,238
10259073,-16.5043648,-68.1313115,239
10259073,-16.5043867,-68.1312833,240
10259073,-16.5043978,-68.1312429,241
10259073,-16.5043999,-68.1311899,242
10259073,-16.5041988,-68.1313526,243
10259073,-16.5042838,-68.1313564,244
10259073,-16.5043301,-68.1313402,245
10259073,-16.5043648,-68.1313115,246
10259073,-16.5041663,-68.1313465,247
10259073,-16.5041988,-68.1313526,248
10259073,-16.5041186,-68.1313255,249
10259073,-16.5041663,-68.1313465,250
10259073,-16.5040387,-68.1312584,251
10259073,-16.5041186,-68.1313255,252
10259073,-16.5003917,-68.1340543,253
10259073,-16.50044,-68.1340074,254
10259073,-16.5007893,-68.1336181,255
10259073,-16.5009542,-68.1334111,256
10259073,-16.501031,-68.1333353,257
10259073,-16.5011969,-68.1332029,258
10259073,-16.5013255,-68.1331125,259
10259073,-16.5017309,-68.1328379,260
10259073,-16.501792,-68.1327973,261
10259073,-16.5023016,-68.1324292,262
10259073,-16.5023786,-68.1323705,263
10259073,-16.5027492,-68.1321016,264
10259073,-16.5033203,-68.131697,265
10259073,-16.503877,-68.131307,266
10259073,-16.5039122,-68.1312882,267
10259073,-16.5039297,-68.1312803,268
10259073,-16.5039918,-68.1312672,269
10259073,-16.5040387,-68.1312584,270
10259073,-16.5049648,-68.1303956,271
10259073,-16.5055036,-68.1298082,272
10259073,-16.5055036,-68.1298082,273
10259073,-16.5056369,-68.1296575,274
10259073,-16.505873,-68.1294129,275
10259073,-16.5062083,-68.1290234,276
10259073,-16.5064767,-68.1287337,277
10259073,-16.5065151,-68.1286891,278
10259073,-16.5065151,-68.1286891,279
10259073,-16.5073392,-68.1277909,280
10259073,-16.507377,-68.12775,281
10259073,-16.507377,-68.12775,282
10259073,-16.507415,-68.1277083,283
10259073,-16.5082591,-68.1268679,284
10259073,-16.5082591,-68.1268679,285
10259073,-16.5088664,-68.1263545,286
10259073,-16.5088664,-68.1263545,287
10259073,-16.5091987,-68.1260671,288
10259073,-16.5091987,-68.1260671,289
10259073,-16.5101391,-68.1252521,290
10259073,-16.5101391,-68.1252521,291
10259073,-16.5106156,-68.1248297,292
10259073,-16.5111004,-68.1243201,293
10259073,-16.5113184,-68.1240572,294
10259073,-16.5114708,-68.1239032,295
10259073,-16.5116382,-68.1236974,296
10259073,-16.5122324,-68.1230299,297
10259073,-16.5125992,-68.1226447,298
10259073,-16.5113184,-68.1240572,299
10259073,-16.5114708,-68.1239032,300
10259073,-16.5125992,-68.1226447,301
10259073,-16.51288,-68.1224244,302
10259073,-16.5130103,-68.1223164,303
10259073,-16.5135616,-68.1217924,304
10259073,-16.5138683,-68.1215124,305
10259073,-16.5142483,-68.1211815,306
10259073,-16.5145215,-68.1209495,307
10259073,-16.5145215,-68.1209495,308
10259073,-16.51485,-68.120635,309
10259073,-16.5150467,-68.1204432,310
10259073,-16.5151432,-68.1202783,311
10259073,-16.5152055,-68.1200778,312
10259073,-16.5152229,-68.1200054,313
10259073,-16.5152796,-68.1198237,314
10259073,-16.5153097,-68.1197091,315
10259073,-16.5153527,-68.1196245,316
10259073,-16.5154291,-68.1195415,317
10259073,-16.5163499,-68.1189334,318
10259073,-16.5163424,-68.1189389,319
10259073,-16.516199,-68.1190447,320
10259073,-16.5160115,-68.1191874,321
10259073,-16.5157638,-68.1193573,322
10259073,-16.5155133,-68.1194953,323
10259073,-16.5154291,-68.1195415,324
10259073,-16.5163997,-68.1187472,325
10259073,-16.5164029,-68.1187935,326
10259073,-16.5163995,-68.1188363,327
10259073,-16.5163897,-68.1188741,328
10259073,-16.5163499,-68.1189334,329
10259073,-16.5161134,-68.1186248,330
10259073,-16.5161489,-68.1186198,331
10259073,-16.5162273,-68.1186087,332
10259073,-16.5162707,-68.1186095,333
10259073,-16.5163048,-68.118619,334
10259073,-16.5163345,-68.1186382,335
10259073,-16.5163625,-68.1186661,336
10259073,-16.5163859,-68.1187027,337
10259073,-16.5163997,-68.1187472,338
10259073,-16.5121239,-68.1197419,339
10259073,-16.512199,-68.1197349,340
10259073,-16.5123626,-68.1196706,341
10259073,-16.5126376,-68.1195699,342
10259073,-16.5127887,-68.1195168,343
10259073,-16.5133737,-68.1193116,344
10259073,-16.5143627,-68.1188956,345
10259073,-16.5145157,-68.1188453,346
10259073,-16.5146681,-68.1188118,347
10259073,-16.5153347,-68.118791,348
10259073,-16.515525,-68.1187829,349
10259073,-16.5156498,-68.1187642,350
10259073,-16.5158053,-68.1187186,351
10259073,-16.5159712,-68.1186622,352
10259073,-16.5161134,-68.1186248,353
10259073,-16.5119229,-68.1196754,354
10259073,-16.511968,-68.1197111,355
10259073,-16.5120278,-68.1197297,356
10259073,-16.5121239,-68.1197419,357
10259073,-16.5118714,-68.1195968,358
10259073,-16.5118773,-68.11961,359
10259073,-16.511887,-68.1196318,360
10259073,-16.5119229,-68.1196754,361
10259073,-16.5118714,-68.1195968,362
10259073,-16.511865,-68.1195594,363
10259073,-16.5118591,-68.1194712,364
10259073,-16.5118664,-68.1193837,365
10259073,-16.5118664,-68.1193837,366
10259073,-16.5118824,-68.1193171,367
10259073,-16.5119119,-68.1192536,368
10259073,-16.5119449,-68.1192032,369
10259073,-16.5119779,-68.1191638,370
10259073,-16.5120489,-68.1191001,371
10259073,-16.5121267,-68.1190485,372
10259073,-16.5123877,-68.1189157,373
10259073,-16.5127416,-68.1187345,374
10259073,-16.5129707,-68.1186111,375
10259073,-16.5131763,-68.1184609,376
10259073,-16.5134245,-68.1182336,377
10259073,-16.5135557,-68.1180861,378
10259073,-16.5137494,-68.1179112,379
10259073,-16.5139715,-68.1178121,380
10259073,-16.514283,-68.117693,381
10259073,-16.514418,-68.1176618,382
10259073,-16.514778,-68.1176215,383
10259073,-16.5151503,-68.1175816,384
10259073,-16.5152717,-68.1175572,385
10259073,-16.515426,-68.1174848,386
10259073,-16.5159015,-68.1172445,387
10259073,-16.5159015,-68.1172445,388
10259073,-16.5160777,-68.1171423,389
10259073,-16.5160777,-68.1171423,390
10259073,-16.5161714,-68.1170919,391
10259073,-16.5165136,-68.116901,392
10259073,-16.5167189,-68.1168091,393
10259073,-16.5168944,-68.116744,394
10259073,-16.5171573,-68.1167073,395
10259073,-16.5177751,-68.1166533,396
10259073,-16.5181788,-68.1165653,397
10259073,-16.5184891,-68.1164866,398
10259073,-16.5187877,-68.1164449,399
10259073,-16.5190437,-68.1164229,400
10259073,-16.5191376,-68.1164174,401
10259073,-16.5191376,-68.1164174,402
10259073,-16.51977,-68.1163711,403
10259073,-16.5198101,-68.1163679,404
10259073,-16.520358,-68.1163245,405
10259073,-16.520452,-68.116312,406
10259073,-16.520452,-68.116312,407
10259073,-16.5205287,-68.1162834,408
10259073,-16.5205945,-68.116249,409
10259073,-16.5206371,-68.1162148,410
10259073,-16.520688,-68.1161534,411
10259073,-16.5207378,-68.1160535,412
10259073,-16.5207594,-68.1159418,413
10259073,-16.52076,-68.1158488,414
10259073,-16.5207366,-68.1157552,415
10259073,-16.5207068,-68.1156944,416
10259073,-16.5206657,-68.1156351,417
10259073,-16.5206051,-68.1155814,418
10259073,-16.5205455,-68.1155399,419
10259073,-16.5204257,-68.1154715,420
10259073,-16.5199954,-68.1151445,421
10259073,-16.5203973,-68.1154502,422
10259073,-16.520414,-68.1154629,423
10259073,-16.5204257,-68.1154715,424
10259073,-16.5198519,-68.1148648,425
10259073,-16.5198526,-68.1149253,426
10259073,-16.5198703,-68.1149992,427
10259073,-16.5199134,-68.1150709,428
10259073,-16.5199954,-68.1151445,429
10259073,-16.5198519,-68.1148648,430
10259073,-16.5198672,-68.1148128,431
10259073,-16.5198932,-68.1147638,432
10259073,-16.5199273,-68.1147345,433
10259073,-16.5199693,-68.1147134,434
10259073,-16.5200208,-68.1147005,435
10259073,-16.5201038,-68.1146887,436
10259073,-16.5219986,-68.114973,437
10259073,-16.5216029,-68.1149492,438
10259073,-16.5208195,-68.1149162,439
10259073,-16.5206589,-68.1148833,440
10259073,-16.5204162,-68.1147922,441
10259073,-16.5201038,-68.1146887,442
10259073,-16.5224201,-68.1147653,443
10259073,-16.5222607,-68.114869,444
10259073,-16.5221887,-68.1149222,445
10259073,-16.5221188,-68.1149494,446
10259073,-16.5219986,-68.114973,447
10259073,-16.5228833,-68.1141759,448
10259073,-16.5226358,-68.1145312,449
10259073,-16.5225129,-68.1146893,450
10259073,-16.5224201,-68.1147653,451
10259073,-16.5232836,-68.1134548,452
10259073,-16.5228833,-68.1141759,453
10259073,-16.5237016,-68.1126759,454
10259073,-16.5236149,-68.1128398,455
10259073,-16.5235561,-68.112951,456
10259073,-16.5232836,-68.1134548,457
10259073,-16.5241115,-68.1119148,458
10259073,-16.5238586,-68.1123685,459
10259073,-16.5237016,-68.1126759,460
10259073,-16.5245163,-68.1111892,461
10259073,-16.5241115,-68.1119148,462
10259073,-16.5249395,-68.1104365,463
10259073,-16.5245776,-68.111078,464
10259073,-16.5245163,-68.1111892,465
10259073,-16.5253552,-68.1096879,466
10259073,-16.5252294,-68.1099145,467
10259073,-16.5249395,-68.1104365,468
10259073,-16.5257567,-68.1089218,469
10259073,-16.5253552,-68.1096879,470
10259073,-16.5261682,-68.1081845,471
10259073,-16.5257567,-68.1089218,472
10259073,-16.5264824,-68.1076216,473
10259073,-16.5262788,-68.1079823,474
10259073,-16.5261682,-68.1081845,475
10259073,-16.5268674,-68.1069063,476
10259073,-16.5264824,-68.1076216,477
10259073,-16.5272852,-68.1061529,478
10259073,-16.5268674,-68.1069063,479
10259073,-16.5276911,-68.1053864,480
10259073,-16.5274817,-68.1057671,481
10259073,-16.5274596,-68.1058104,482
10259073,-16.5274241,-68.1058801,483
10259073,-16.5272852,-68.1061529,484
10259073,-16.5281187,-68.1046635,485
10259073,-16.5276911,-68.1053864,486
10259073,-16.5285233,-68.1038714,487
10259073,-16.5284593,-68.1039896,488
10259073,-16.5283338,-68.1042216,489
10259073,-16.5281187,-68.1046635,490
10259073,-16.5289249,-68.1031289,491
10259073,-16.5287386,-68.1034736,492
10259073,-16.5286728,-68.1035951,493
10259073,-16.5286664,-68.103607,494
10259073,-16.5285233,-68.1038714,495
10259073,-16.5301671,-68.1007172,496
10259073,-16.5299217,-68.1011977,497
10259073,-16.5299053,-68.1012962,498
10259073,-16.5298911,-68.1013811,499
10259073,-16.5302158,-68.1006328,500
10259073,-16.5301671,-68.1007172,501
10259073,-16.5302873,-68.1005244,502
10259073,-16.5302158,-68.1006328,503
10259073,-16.5304414,-68.1002925,504
10259073,-16.5302873,-68.1005244,505
10259073,-16.5330725,-68.0978697,506
10259073,-16.5314478,-68.0991082,507
10259073,-16.5312697,-68.0992707,508
10259073,-16.5310509,-68.0995047,509
10259073,-16.5310034,-68.0995613,510
10259073,-16.5308176,-68.0997831,511
10259073,-16.5306173,-68.1000414,512
10259073,-16.5304414,-68.1002925,513
10259073,-16.5346342,-68.0966766,514
10259073,-16.5344856,-68.0967857,515
10259073,-16.5338966,-68.0972314,516
10259073,-16.5330725,-68.0978697,517
10259073,-16.5347695,-68.0965984,518
10259073,-16.5346342,-68.0966766,519
10259073,-16.5387128,-68.0949077,520
10259073,-16.5382153,-68.0951098,521
10259073,-16.5360468,-68.0959514,522
10259073,-16.5356026,-68.096141,523
10259073,-16.5354112,-68.0962214,524
10259073,-16.535136,-68.0963556,525
10259073,-16.5349341,-68.0964871,526
10259073,-16.5347695,-68.0965984,527
10259073,-16.5416664,-68.0929113,528
10259073,-16.541693,-68.0930367,529
10259073,-16.5416965,-68.0931286,530
10259073,-16.5416945,-68.0931903,531
10259073,-16.5416899,-68.0932215,532
10259073,-16.541674,-68.0932805,533
10259073,-16.5416316,-68.0933784,534
10259073,-16.5415795,-68.0934749,535
10259073,-16.5415043,-68.0935749,536
10259073,-16.5413905,-68.0936983,537
10259073,-16.541287,-68.0937734,538
10259073,-16.5411745,-68.0938558,539
10259073,-16.5410042,-68.0939551,540
10259073,-16.5407715,-68.094057,541
10259073,-16.5402589,-68.0942813,542
10259073,-16.539772,-68.0944667,543
10259073,-16.5396908,-68.0944973,544
10259073,-16.5387128,-68.0949077,545
10259073,-16.5416168,-68.0927602,546
10259073,-16.5416664,-68.0929113,547
10259073,-16.5414728,-68.0922284,548
10259073,-16.5416168,-68.0927602,549
10259073,-16.5414702,-68.0922195,550
10259073,-16.5414728,-68.0922284,551
10259073,-16.5414702,-68.0922195,552
10259073,-16.5414747,-68.0920882,553
10259073,-16.5414747,-68.0920882,554
10259073,-16.5413422,-68.0916152,555
10259073,-16.541335,-68.091589,556
10259073,-16.541335,-68.091589,557
10259073,-16.5412938,-68.0914382,558
10259073,-16.5412938,-68.0914382,559
10259073,-16.5412684,-68.0913488,560
10259073,-16.5412505,-68.0912856,561
10259073,-16.5412171,-68.0911675,562
10259073,-16.5411948,-68.0911158,563
10259073,-16.5410288,-68.0905148,564
10259073,-16.5410039,-68.0904229,565
10259073,-16.540987,-68.0903622,566
10259073,-16.540922,-68.0901287,567
10259073,-16.540922,-68.0901287,568
10259073,-16.5408495,-68.0899101,569
10259073,-16.5408033,-68.0897367,570
10259073,-16.5407906,-68.089689,571
10259073,-16.5407389,-68.0895117,572
10259073,-16.5407139,-68.0894077,573
10259073,-16.540689,-68.0893079,574
10259073,-16.5405601,-68.0888857,575
10259073,-16.5404334,-68.0884275,576
10259073,-16.5404136,-68.0883515,577
10259073,-16.5403904,-68.0882723,578
10259073,-16.5402442,-68.0877661,579
10259073,-16.5401625,-68.0874391,580
10259073,-16.5401421,-68.0873651,581
10259073,-16.5401421,-68.0873651,582
10259073,-16.5401208,-68.0872918,583
10259073,-16.5400027,-68.0868709,584
10259073,-16.5399996,-68.0868598,585
10259073,-16.539944,-68.0866627,586
10259073,-16.539875,-68.0864286,587
10259073,-16.5398562,-68.0863554,588
10259073,-16.5398562,-68.0863554,589
10259073,-16.5398314,-68.0862746,590
10259073,-16.5397221,-68.0858733,591
10259073,-16.5396012,-68.0854344,592
10259073,-16.5395889,-68.0853865,593
10259073,-16.5395708,-68.0853258,594
10259073,-16.539423,-68.0848074,595
10259073,-16.5392777,-68.0842891,596
10259073,-16.5392571,-68.0842107,597
10259073,-16.5392571,-68.0842107,598
10259073,-16.5392411,-68.084154,599
10259073,-16.5392411,-68.084154,600
10259073,-16.5392178,-68.0840775,601
10259073,-16.5391277,-68.0837548,602
10259073,-16.5390078,-68.0833292,603
10259073,-16.5390078,-68.0833292,604
10259073,-16.5389671,-68.0831846,605
10259073,-16.5389671,-68.0831846,606
10259073,-16.5388609,-68.0827753,607
10259073,-16.5388609,-68.0827753,608
10259073,-16.5388216,-68.0826069,609
10259073,-16.5388093,-68.0824791,610
10259073,-16.5387991,-68.0823182,611
10259073,-16.5387922,-68.0821556,612
10259073,-16.5388444,-68.081146,613
10259073,-16.538851,-68.081043,614
10259073,-16.538854,-68.0809655,615
10259073,-16.5389053,-68.0800676,616
10259073,-16.5389109,-68.0799419,617
10259073,-16.5389109,-68.0799419,618
10259073,-16.5389177,-68.0798451,619
10259073,-16.5389456,-68.0793653,620
10259073,-16.5389553,-68.0791849,621
10259073,-16.5389698,-68.0789138,622
10259073,-16.5389725,-68.0788384,623
10259073,-16.5389725,-68.0788384,624
10259073,-16.5389766,-68.0787628,625
10259073,-16.5390069,-68.0781952,626
10259073,-16.5390106,-68.0781065,627
10259073,-16.5390106,-68.0781065,628
10259073,-16.5390792,-68.0780935,629
10259073,-16.5393923,-68.0780281,630
10259073,-16.5394549,-68.0780142,631
10259073,-16.5395641,-68.077988,632
10259073,-16.5395641,-68.077988,633
10259073,-16.5399535,-68.0779022,634
10259073,-16.5400765,-68.0778805,635
10259073,-16.5400765,-68.0778805,636
10259073,-16.5401627,-68.0778624,637
10259073,-16.5405637,-68.0777699,638
10259073,-16.5414594,-68.077579,639
10259073,-16.5414594,-68.077579,640
10259073,-16.5415301,-68.0775639,641
10259073,-16.5420843,-68.0774434,642
10259073,-16.5421958,-68.0774212,643
10259073,-16.5421958,-68.0774212,644
10259073,-16.5422939,-68.0774006,645
10259073,-16.5423845,-68.0773821,646
10259073,-16.5424364,-68.0773693,647
10259073,-16.5424364,-68.0773693,648
10259073,-16.5424793,-68.0773592,649
10259073,-16.5425171,-68.0773509,650
10259073,-16.5428753,-68.0772717,651
10259073,-16.5428753,-68.0772717,652
10259073,-16.5433347,-68.0771708,653
10259073,-16.5433347,-68.0771708,654
10259073,-16.5435086,-68.0771335,655
10259073,-16.5435632,-68.0771217,656
10259073,-16.5435632,-68.0771217,657
10259073,-16.5436102,-68.0771117,658
10259073,-16.5438546,-68.07706,659
10259073,-16.5439037,-68.077049,660
10259073,-16.5439037,-68.077049,661
10259073,-16.5439502,-68.0770395,662
10259073,-16.5441052,-68.0770054,663
10259073,-16.5444223,-68.0769355,664
10259073,-16.5444223,-68.0769355,665
10259073,-16.5445963,-68.0768982,666
10259073,-16.5445963,-68.0768982,667
10259073,-16.5446885,-68.0768795,668
10259073,-16.5448235,-68.0768491,669
10259073,-16.5448235,-68.0768491,670
10259073,-16.5449741,-68.0768167,671
10259073,-16.5449741,-68.0768167,672
10259073,-16.5449745,-68.0767201,673
10259073,-16.5449818,-68.0766432,674
10259073,-16.5450013,-68.0764448,675
10259073,-16.5449872,-68.0763426,676
10259073,-16.5450391,-68.0757139,677
10259073,-16.5450161,-68.0759709,678
10259073,-16.5450077,-68.0761039,679
10259073,-16.5449872,-68.0763426,680
10259073,-16.5450726,-68.0752758,681
10259073,-16.5450587,-68.0754538,682
10259073,-16.5450391,-68.0757139,683
10259073,-16.5452724,-68.069321,684
10259073,-16.5453398,-68.0695885,685
10259073,-16.5453591,-68.0696797,686
10259073,-16.5454748,-68.0701585,687
10259073,-16.545437,-68.0707079,688
10259073,-16.5454192,-68.0709574,689
10259073,-16.5453927,-68.0712612,690
10259073,-16.5453631,-68.0716061,691
10259073,-16.545332,-68.0719114,692
10259073,-16.5453164,-68.0720919,693
10259073,-16.5453054,-68.0722222,694
10259073,-16.5452871,-68.0725497,695
10259073,-16.5452846,-68.0726047,696
10259073,-16.5452563,-68.0730205,697
10259073,-16.5452357,-68.0734254,698
10259073,-16.54519,-68.0737772,699
10259073,-16.5451894,-68.0738278,700
10259073,-16.5451226,-68.0746016,701
10259073,-16.5451149,-68.0747328,702
10259073,-16.5450938,-68.0750298,703
10259073,-16.5450726,-68.0752758,704
10259073,-16.5452236,-68.0690747,705
10259073,-16.5452724,-68.069321,706
10259073,-16.5452578,-68.0651532,707
10259073,-16.5449744,-68.0661631,708
10259073,-16.5447212,-68.0670463,709
10259073,-16.5447115,-68.0670802,710
10259073,-16.5446771,-68.0671865,711
10259073,-16.5446755,-68.0672439,712
10259073,-16.5446747,-68.0672844,713
10259073,-16.5446738,-68.067329,714
10259073,-16.5446858,-68.0674317,715
10259073,-16.5447094,-68.0675639,716
10259073,-16.5447131,-68.0675774,717
10259073,-16.5447369,-68.0676628,718
10259073,-16.5447512,-68.0677183,719
10259073,-16.544837,-68.0680461,720
10259073,-16.544857,-68.0681211,721
10259073,-16.544868,-68.0681653,722
10259073,-16.5449468,-68.0684815,723
10259073,-16.5449979,-68.0686833,724
10259073,-16.5450249,-68.0687544,725
10259073,-16.5450673,-68.0688362,726
10259073,-16.5451434,-68.0689582,727
10259073,-16.5452236,-68.0690747,728
10259073,-16.5455425,-68.064058,729
10259073,-16.5452578,-68.0651532,730
10259073,-16.5455644,-68.0639767,731
10259073,-16.5455425,-68.064058,732
10259073,-16.546263,-68.0641841,733
10259073,-16.5455644,-68.0639767,734
10259073,-16.5463332,-68.0642054,735
10259073,-16.546263,-68.0641841,736
10259073,-16.546368,-68.064199,737
10259073,-16.5463332,-68.0642054,738
10259073,-16.5464549,-68.0642162,739
10259073,-16.546368,-68.064199,740
10259073,-16.546552,-68.0642437,741
10259073,-16.5464549,-68.0642162,742
10259074,-16.4979934,-68.1243052,0
10259074,-16.4972278,-68.1243175,1
10259074,-16.4971303,-68.1243178,2
10259074,-16.4971303,-68.1243178,3
10259074,-16.4971247,-68.1242683,4
10259074,-16.4971079,-68.1242216,5
10259074,-16.497081,-68.1241804,6
10259074,-16.4970731,-68.1241715,7
10259074,-16.4970648,-68.1241632,8
10259074,-16.4970335,-68.124139,9
10259074,-16.4969983,-68.1241216,10
10259074,-16.4969606,-68.1241117,11
10259074,-16.4969217,-68.1241097,12
10259074,-16.4968886,-68.1241142,13
10259074,-16.4968567,-68.1241245,14
10259074,-16.4968269,-68.1241401,15
10259074,-16.4967993,-68.1241615,16
10259074,-16.4967756,-68.1241874,17
10259074,-16.4967565,-68.1242172,18
10259074,-16.4967367,-68.1242723,19
10259074,-16.4967324,-68.124331,20
10259074,-16.4967383,-68.124369,21
10259074,-16.4967507,-68.1244052,22
10259074,-16.4967853,-68.1244587,23
10259074,-16.4968339,-68.1244985,24
10259074,-16.4968919,-68.1245208,25
10259074,-16.4969384,-68.1245247,26
10259074,-16.4969845,-68.1245173,27
10259074,-16.4970275,-68.1244989,28
10259074,-16.4970653,-68.1244707,29
10259074,-16.4970915,-68.1244403,30
10259074,-16.4971115,-68.1244052,31
10259074,-16.4971254,-68.1243626,32
10259074,-16.4971303,-68.1243178,33
10259074,-16.4967324,-68.124331,34
10259074,-16.4966396,-68.1243318,35
10259074,-16.4964303,-68.1243312,36
10259074,-16.4961064,-68.1243354,37
10259074,-16.4952123,-68.1243418,38
10259074,-16.4949196,-68.1243427,39
10259074,-16.4931903,-68.1240663,40
10259074,-16.4931903,-68.1240663,41
10259074,-16.4920222,-68.1240683,42
10259074,-16.4910994,-68.1241291,43
10259074,-16.4909128,-68.1241433,44
10259074,-16.4887759,-68.1251606,45
10259074,-16.4892862,-68.1249263,46
10259074,-16.489683,-68.124736,47
10259074,-16.4907614,-68.1242501,48
10259074,-16.4909128,-68.1241433,49
10259074,-16.4887759,-68.1251606,50
10259074,-16.4887188,-68.1251088,51
10259074,-16.4884411,-68.1249739,52
10259074,-16.4880707,-68.1248325,53
10259074,-16.4877033,-68.124693,54
10259074,-16.4870875,-68.1244187,55
10259074,-16.4869292,-68.1243508,56
10259074,-16.4866821,-68.1242541,57
10259074,-16.4863796,-68.1241643,58
10259074,-16.4861604,-68.1241127,59
10259074,-16.4859422,-68.1240199,60
10259074,-16.4858168,-68.1239494,61
10259074,-16.4857551,-68.123912,62
10259074,-16.4855088,-68.1237362,63
10259074,-16.4853997,-68.1236633,64
10259074,-16.485188,-68.123554,65
10259074,-16.4842145,-68.1232006,66
10259074,-16.4839926,-68.1231109,67
10259074,-16.4837494,-68.1230066,68
10259074,-16.4835306,-68.122897,69
10259074,-16.4829509,-68.1225101,70
10259074,-16.4826633,-68.1222777,71
10259074,-16.4824628,-68.1221025,72
10259074,-16.4824628,-68.1221025,73
10259074,-16.4823958,-68.1220374,74
10259074,-16.4823444,-68.1219875,75
10259074,-16.4822343,-68.1218721,76
10259074,-16.4823177,-68.121851,77
10259074,-16.4822343,-68.1218721,78
10259074,-16.4822343,-68.1218721,79
10259074,-16.4820872,-68.1218867,80
10259074,-16.4820872,-68.1218867,81
10259074,-16.4819422,-68.121858,82
10259074,-16.4819133,-68.1218519,83
10259074,-16.4819133,-68.1218519,84
10259074,-16.4818832,-68.1217971,85
10259074,-16.4818832,-68.1217971,86
10259074,-16.4812919,-68.1216015,87
10259074,-16.480885,-68.1214418,88
10259074,-16.4799347,-68.1211092,89
10259074,-16.4798517,-68.1210634,90
10259074,-16.4797069,-68.120983,91
10259074,-16.4795826,-68.1209139,92
10259074,-16.4799101,-68.1211608,93
10259074,-16.4802407,-68.1212835,94
10259074,-16.4796805,-68.1210392,95
10259074,-16.4799101,-68.1211608,96
10259074,-16.4795826,-68.1209139,97
10259074,-16.4786237,-68.1203517,98
10259074,-16.4785789,-68.1203254,99
10259074,-16.4785789,-68.1203254,100
10259074,-16.4785743,-68.1203014,101
10259074,-16.4785623,-68.1202804,102
10259074,-16.4785442,-68.1202649,103
10259074,-16.4785221,-68.1202567,104
10259074,-16.4784986,-68.1202566,105
10259074,-16.4784765,-68.1202648,106
10259074,-16.4784765,-68.1202648,107
10259074,-16.478447,-68.120246,108
10259074,-16.4772972,-68.1195129,109
10259074,-16.4772972,-68.1195129,110
10259074,-16.4772547,-68.119579,111
10259074,-16.4765085,-68.120721,112
10259074,-16.4767348,-68.1203069,113
10259074,-16.4772547,-68.119579,114
10259074,-16.4765085,-68.120721,115
10259074,-16.4768279,-68.1209059,116
10259074,-16.4768279,-68.1209059,117
10259074,-16.4765503,-68.1214292,118
10259074,-16.4775834,-68.1228079,119
10259074,-16.4772885,-68.1224071,120
10259074,-16.4770144,-68.1220135,121
10259074,-16.4767387,-68.1216465,122
10259074,-16.4766637,-68.1215537,123
10259074,-16.4765503,-68.1214292,124
10259074,-16.4769766,-68.1231417,125
10259074,-16.4770566,-68.1230456,126
10259074,-16.4770566,-68.1230456,127
10259074,-16.4775834,-68.1228079,128
10259074,-16.4776305,-68.1227859,129
10259074,-16.4770566,-68.1230456,130
10259074,-16.4768243,-68.1230647,131
10259074,-16.4765647,-68.1230615,132
10259074,-16.4763287,-68.1230744,133
10259074,-16.4761524,-68.123073,134
10261193,-16.4882983,-68.1709641,0
10261193,-16.4883844,-68.171085,1
10261193,-16.4876135,-68.1669335,2
10261193,-16.4875178,-68.1668594,3
10261193,-16.4872864,-68.1665953,4
10261193,-16.4868299,-68.1659365,5
10261193,-16.4867077,-68.1657742,6
10261193,-16.4866333,-68.1656982,7
10261193,-16.4865423,-68.1656437,8
10261193,-16.4864706,-68.1656204,9
10261193,-16.4862348,-68.1656193,10
10261193,-16.4858511,-68.1656321,11
10261193,-16.4857449,-68.1656992,12
10261193,-16.4856874,-68.1657858,13
10261193,-16.485669,-68.1658969,14
10261193,-16.485698,-68.1660045,15
10261193,-16.4857529,-68.1660865,16
10261193,-16.4858204,-68.1662048,17
10261193,-16.4859164,-68.1663974,18
10261193,-16.4861123,-68.166754,19
10261193,-16.4863025,-68.1670767,20
10261193,-16.4863367,-68.1671345,21
10261193,-16.4864754,-68.1673722,22
10261193,-16.4868666,-68.1680175,23
10261193,-16.4869013,-68.1680856,24
10261193,-16.4869503,-68.1681676,25
10261193,-16.4870646,-68.168306,26
10261193,-16.4871779,-68.1684124,27
10261193,-16.4872698,-68.1685093,28
10261193,-16.4873324,-68.168609,29
10261193,-16.4873517,-68.168672,30
10261193,-16.4873465,-68.1687471,31
10261193,-16.4873298,-68.1688115,32
10261193,-16.4873118,-68.1688491,33
10261193,-16.4872629,-68.168904,34
10261193,-16.4871974,-68.1689496,35
10261193,-16.4871549,-68.1689698,36
10261193,-16.4870945,-68.1689818,37
10261193,-16.487034,-68.1689832,38
10261193,-16.4869594,-68.1689617,39
10261193,-16.4868849,-68.1689134,40
10261193,-16.4868347,-68.1688383,41
10261193,-16.4867993,-68.1687275,42
10261193,-16.4866778,-68.1684802,43
10261193,-16.4865878,-68.1683837,44
10261193,-16.4864758,-68.1682771,45
10261193,-16.4863726,-68.1682102,46
10261193,-16.4862052,-68.1681186,47
10261193,-16.4860899,-68.1680867,48
10261193,-16.4859217,-68.1680819,49
10261193,-16.4856748,-68.1680833,50
10261193,-16.4854587,-68.1680793,51
10261193,-16.4852007,-68.1680509,52
10261193,-16.4850564,-68.1680094,53
10261193,-16.4849213,-68.1679562,54
10261193,-16.4847925,-68.1679014,55
10261193,-16.4846703,-68.1678573,56
10261193,-16.4845648,-68.1678574,57
10261193,-16.4845127,-68.1678903,58
10261193,-16.4844668,-68.1679338,59
10261193,-16.4844233,-68.1679985,60
10261193,-16.4843952,-68.1680788,61
10261193,-16.4843855,-68.1681678,62
10261193,-16.484397,-68.1682585,63
10261193,-16.4844239,-68.1683115,64
10261193,-16.4844783,-68.1683627,65
10261193,-16.4845481,-68.1683888,66
10261193,-16.4846244,-68.1683957,67
10261193,-16.4847334,-68.1683865,68
10261193,-16.4848402,-68.1683749,69
10261193,-16.4849655,-68.1683655,70
10261193,-16.4850767,-68.1683649,71
10261193,-16.4851893,-68.1683763,72
10261193,-16.4852967,-68.1683937,73
10261193,-16.4853886,-68.168424,74
10261193,-16.4854793,-68.1684608,75
10261193,-16.4855731,-68.1685165,76
10261193,-16.4856452,-68.1685835,77
10261193,-16.4857275,-68.1686787,78
10261193,-16.4860511,-68.1691788,79
10261193,-16.4865059,-68.1699418,80
10261193,-16.4867784,-68.1703988,81
10261193,-16.4868402,-68.1704702,82
10261193,-16.4869261,-68.1705319,83
10261193,-16.487013,-68.17057,84
10261193,-16.487139,-68.1705802,85
10261193,-16.487279,-68.1705362,86
10261193,-16.4875372,-68.1704831,87
10261193,-16.4876689,-68.1704831,88
10261193,-16.4877923,-68.1705089,89
10261193,-16.4878894,-68.1705543,90
10261193,-16.4879771,-68.1706233,91
10261193,-16.4880442,-68.1706767,92
10261193,-16.4881239,-68.1707528,93
10261193,-16.4882247,-68.1708606,94
10261193,-16.4882983,-68.1709641,95
10261193,-16.4878946,-68.1670111,96
10261193,-16.4878229,-68.1669963,97
10261193,-16.487772,-68.1669871,98
10261193,-16.487695,-68.1669663,99
10261193,-16.4876135,-68.1669335,100
10261193,-16.4897885,-68.1675062,101
10261193,-16.4896768,-68.1675921,102
10261193,-16.4895539,-68.1676692,103
10261193,-16.4894574,-68.1677117,104
10261193,-16.4893722,-68.1677248,105
10261193,-16.489223,-68.1677056,106
10261193,-16.4891016,-68.167662,107
10261193,-16.4890054,-68.1676213,108
10261193,-16.4888412,-68.1675223,109
10261193,-16.4883691,-68.1672285,110
10261193,-16.4882598,-68.1671641,111
10261193,-16.4881161,-68.1670844,112
10261193,-16.4880313,-68.1670481,113
10261193,-16.4878946,-68.1670111,114
10261193,-16.4906506,-68.1668984,115
10261193,-16.4897885,-68.1675062,116
10261193,-16.4911088,-68.1664711,117
10261193,-16.4906506,-68.1668984,118
10261193,-16.4928877,-68.1646219,119
10261193,-16.4929134,-68.164678,120
10261193,-16.4929293,-68.1647318,121
10261193,-16.4929298,-68.1647719,122
10261193,-16.4929047,-68.1648721,123
10261193,-16.492855,-68.1649497,124
10261193,-16.4927224,-68.1650815,125
10261193,-16.492575,-68.1652306,126
10261193,-16.4925283,-68.1652715,127
10261193,-16.4924609,-68.1653095,128
10261193,-16.4923886,-68.1653293,129
10261193,-16.4922449,-68.1653635,130
10261193,-16.4920332,-68.1654242,131
10261193,-16.4918754,-68.1655016,132
10261193,-16.4918085,-68.1655416,133
10261193,-16.4917089,-68.1656011,134
10261193,-16.4914239,-68.1657998,135
10261193,-16.4913386,-68.1658881,136
10261193,-16.4913043,-68.1659403,137
10261193,-16.4912949,-68.1659588,138
10261193,-16.4912828,-68.1659935,139
10261193,-16.491276,-68.1660324,140
10261193,-16.4912697,-68.1661338,141
10261193,-16.4912544,-68.166236,142
10261193,-16.49124,-68.1662849,143
10261193,-16.4912059,-68.1663579,144
10261193,-16.4911817,-68.1663946,145
10261193,-16.4911088,-68.1664711,146
10261193,-16.4928291,-68.1645759,147
10261193,-16.4928877,-68.1646219,148
10261193,-16.4927741,-68.1645501,149
10261193,-16.4928291,-68.1645759,150
10261193,-16.4918692,-68.1638717,151
10261193,-16.4913792,-68.1644607,152
10261193,-16.4913593,-68.1644901,153
10261193,-16.4913416,-68.1645166,154
10261193,-16.4913201,-68.1645488,155
10261193,-16.4912925,-68.1645964,156
10261193,-16.4912732,-68.1646413,157
10261193,-16.4912614,-68.1646695,158
10261193,-16.4912513,-68.1647003,159
10261193,-16.4912417,-68.1647783,160
10261193,-16.4912456,-68.1648314,161
10261193,-16.4912595,-68.1648923,162
10261193,-16.4912896,-68.1649629,163
10261193,-16.4913388,-68.1650236,164
10261193,-16.4914112,-68.1650711,165
10261193,-16.4914717,-68.1650892,166
10261193,-16.4915477,-68.1650905,167
10261193,-16.491651,-68.1650629,168
10261193,-16.4916752,-68.1650514,169
10261193,-16.4917302,-68.1650188,170
10261193,-16.4921976,-68.1647337,171
10261193,-16.492284,-68.1646844,172
10261193,-16.4924005,-68.164631,173
10261193,-16.4924784,-68.1646039,174
10261193,-16.4925744,-68.1645745,175
10261193,-16.4926686,-68.1645492,176
10261193,-16.4927228,-68.1645429,177
10261193,-16.4927741,-68.1645501,178
10261193,-16.4921386,-68.1627698,179
10261193,-16.4920852,-68.1634516,180
10261193,-16.4920626,-68.1635396,181
10261193,-16.4920322,-68.163622,182
10261193,-16.4919737,-68.163735,183
10261193,-16.4919258,-68.1638049,184
10261193,-16.4918692,-68.1638717,185
10261193,-16.4944291,-68.1590388,186
10261193,-16.4941821,-68.1592035,187
10261193,-16.4940866,-68.1592764,188
10261193,-16.4939151,-68.1594509,189
10261193,-16.4937839,-68.1596119,190
10261193,-16.4936757,-68.1597809,191
10261193,-16.4935545,-68.1600432,192
10261193,-16.4934643,-68.1603874,193
10261193,-16.4933856,-68.1607292,194
10261193,-16.493358,-68.1608429,195
10261193,-16.4932817,-68.1610747,196
10261193,-16.4931947,-68.1612542,197
10261193,-16.4931013,-68.1613942,198
10261193,-16.4930359,-68.1614733,199
10261193,-16.4929756,-68.1615364,200
10261193,-16.492825,-68.1616628,201
10261193,-16.4925996,-68.161878,202
10261193,-16.4924845,-68.1620235,203
10261193,-16.4923977,-68.1621509,204
10261193,-16.4923186,-68.1622884,205
10261193,-16.4922498,-68.1624486,206
10261193,-16.4921924,-68.162612,207
10261193,-16.4921386,-68.1627698,208
10261193,-16.4955932,-68.158506,209
10261193,-16.4953964,-68.1586319,210
10261193,-16.495244,-68.1587091,211
10261193,-16.4950612,-68.1587813,212
10261193,-16.4948159,-68.1588773,213
10261193,-16.4944291,-68.1590388,214
10261193,-16.4966631,-68.1568495,215
10261193,-16.4963109,-68.1576151,216
10261193,-16.4961949,-68.1578228,217
10261193,-16.4960668,-68.1580268,218
10261193,-16.4959879,-68.1581309,219
10261193,-16.4958907,-68.1582429,220
10261193,-16.4957381,-68.1583906,221
10261193,-16.4955932,-68.158506,222
10261193,-16.495418,-68.1538399,223
10261193,-16.4955968,-68.1542796,224
10261193,-16.495959,-68.1551674,225
10261193,-16.4959864,-68.1552357,226
10261193,-16.4960336,-68.1553857,227
10261193,-16.4962506,-68.1559296,228
10261193,-16.4962713,-68.1559789,229
10261193,-16.4964169,-68.1563258,230
10261193,-16.4965885,-68.1567711,231
10261193,-16.4966055,-68.1568029,232
10261193,-16.4966297,-68.1568267,233
10261193,-16.4966631,-68.1568495,234
10261193,-16.49552,-68.1523445,235
10261193,-16.4954756,-68.1529482,236
10261193,-16.4954666,-68.1530795,237
10261193,-16.4954534,-68.1532612,238
10261193,-16.4954377,-68.1534776,239
10261193,-16.495418,-68.1538399,240
10261193,-16.4955746,-68.1514414,241
10261193,-16.4955429,-68.1516843,242
10261193,-16.4955388,-68.1518367,243
10261193,-16.49552,-68.1523445,244
10261193,-16.4958304,-68.1487893,245
10261193,-16.4958697,-68.1489895,246
10261193,-16.4959105,-68.1493432,247
10261193,-16.495878,-68.1494865,248
10261193,-16.4957337,-68.1499916,249
10261193,-16.4956839,-68.1502526,250
10261193,-16.4956231,-68.1506229,251
10261193,-16.4955996,-68.1509355,252
10261193,-16.4955793,-68.1512054,253
10261193,-16.4955746,-68.1514414,254
10261193,-16.4955913,-68.1476959,255
10261193,-16.4956634,-68.1481323,256
10261193,-16.4958304,-68.1487893,257
10261193,-16.4956707,-68.146439,258
10261193,-16.4956208,-68.1468596,259
10261193,-16.4955918,-68.1475081,260
10261193,-16.4955913,-68.1476959,261
10261193,-16.4956707,-68.146439,262
10261193,-16.4957087,-68.1463194,263
10261193,-16.4957556,-68.1462032,264
10261193,-16.495808,-68.1460882,265
10261193,-16.495808,-68.1460882,266
10261193,-16.4958209,-68.1460784,267
10261193,-16.4958209,-68.1460784,268
10261193,-16.4959042,-68.1460539,269
10261193,-16.4960101,-68.1460379,270
10261193,-16.4973448,-68.1457732,271
10261193,-16.4972676,-68.1457638,272
10261193,-16.4971545,-68.1457678,273
10261193,-16.4969654,-68.1458027,274
10261193,-16.4967596,-68.1458604,275
10261193,-16.4965295,-68.1459355,276
10261193,-16.4963314,-68.1460078,277
10261193,-16.4962636,-68.1460192,278
10261193,-16.4961306,-68.14604,279
10261193,-16.4960101,-68.1460379,280
10261193,-16.4973448,-68.1457732,281
10261193,-16.4973678,-68.1457465,282
10261193,-16.4974128,-68.1456989,283
10261193,-16.4974565,-68.1456634,284
10261193,-16.4979753,-68.1453214,285
10261193,-16.4979908,-68.1452993,286
10261193,-16.4980236,-68.1452597,287
10261193,-16.4980318,-68.1452334,288
10261193,-16.4980318,-68.1452334,289
10261193,-16.4982332,-68.1452617,290
10261193,-16.4982332,-68.1452617,291
10261193,-16.4981747,-68.1451665,292
10261193,-16.4981348,-68.1451061,293
10261193,-16.4980943,-68.1450384,294
10261193,-16.4980525,-68.1449573,295
10261193,-16.4978192,-68.1444558,296
10261193,-16.4978192,-68.1444558,297
10261193,-16.4977746,-68.1442628,298
10261193,-16.4976457,-68.1434178,299
10261193,-16.4976457,-68.1434178,300
10261193,-16.497812,-68.1434013,301
10261193,-16.497972,-68.1433514,302
10261193,-16.4981196,-68.1432699,303
10261193,-16.4981196,-68.1432699,304
10261193,-16.4983731,-68.143087,305
10261193,-16.498916,-68.1427057,306
10261193,-16.498916,-68.1427057,307
10261193,-16.4992648,-68.1425317,308
10261193,-16.4996677,-68.1423698,309
10261193,-16.5004063,-68.1419716,310
10261193,-16.5004063,-68.1419716,311
10261193,-16.500893,-68.1417192,312
10261193,-16.5007875,-68.1413093,313
10261193,-16.5007861,-68.1413953,314
10261193,-16.500893,-68.1417192,315
10261193,-16.5007875,-68.1413093,316
10261193,-16.5012846,-68.1410936,317
10261193,-16.5018166,-68.1408702,318
10261193,-16.5018166,-68.1408702,319
10261193,-16.5018089,-68.1404546,320
10261193,-16.5018034,-68.1397196,321
10261193,-16.5018034,-68.1397196,322
10261193,-16.5018034,-68.1395352,323
10261193,-16.5018317,-68.1394105,324
10261193,-16.5018818,-68.1393079,325
10261193,-16.5019507,-68.1392093,326
10261193,-16.5020451,-68.1391067,327
10261193,-16.5022387,-68.1388962,328
10261193,-16.5033098,-68.1379165,329
10261193,-16.5036587,-68.1376245,330
10261193,-16.5037876,-68.1375479,331
10261193,-16.5039052,-68.137487,332
10261193,-16.5039669,-68.1374551,333
10261193,-16.5045384,-68.1371816,334
10261193,-16.5045384,-68.1371816,335
10261193,-16.5046426,-68.1371239,336
10261193,-16.5046426,-68.1371239,337
10261193,-16.5048475,-68.1370317,338
10261193,-16.5050102,-68.1369431,339
10261193,-16.5055312,-68.1366926,340
10261193,-16.5055298,-68.1365761,341
10261193,-16.5055193,-68.1366144,342
10261193,-16.5055197,-68.1366544,343
10261193,-16.5055312,-68.1366926,344
10261193,-16.5055954,-68.1365073,345
10261193,-16.5055684,-68.1365245,346
10261193,-16.5055461,-68.1365479,347
10261193,-16.5055298,-68.1365761,348
10261193,-16.505759,-68.1365545,349
10261193,-16.5057269,-68.1365204,350
10261193,-16.5056855,-68.1364999,351
10261193,-16.5056398,-68.1364953,352
10261193,-16.5055954,-68.1365073,353
10261193,-16.5067686,-68.1357615,354
10261193,-16.5064473,-68.1359954,355
10261193,-16.5061888,-68.1361999,356
10261193,-16.505759,-68.1365545,357
10261193,-16.5067949,-68.1356323,358
10261193,-16.5067783,-68.1356483,359
10261193,-16.5067658,-68.135668,360
10261193,-16.5067582,-68.1356901,361
10261193,-16.5067558,-68.1357136,362
10261193,-16.5067589,-68.1357369,363
10261193,-16.5067686,-68.1357615,364
10261193,-16.5068168,-68.13562,365
10261193,-16.5067949,-68.1356323,366
10261193,-16.5069441,-68.135704,367
10261193,-16.5069388,-68.1356787,368
10261193,-16.5069273,-68.1356557,369
10261193,-16.5069105,-68.1356366,370
10261193,-16.5068895,-68.1356227,371
10261193,-16.5068658,-68.1356151,372
10261193,-16.506841,-68.1356142,373
10261193,-16.5068168,-68.13562,374
10261193,-16.5088437,-68.1355203,375
10261193,-16.5087946,-68.1355132,376
10261193,-16.5086467,-68.1354998,377
10261193,-16.5083741,-68.1354978,378
10261193,-16.5081255,-68.1355112,379
10261193,-16.5080402,-68.1355125,380
10261193,-16.5078431,-68.1355199,381
10261193,-16.5077305,-68.1355239,382
10261193,-16.5073406,-68.1355822,383
10261193,-16.5071095,-68.1356393,384
10261193,-16.5069441,-68.135704,385
10261193,-16.5089286,-68.1354328,386
10261193,-16.5088907,-68.1354505,387
10261193,-16.5088611,-68.135481,388
10261193,-16.5088437,-68.1355203,389
10261193,-16.5088437,-68.1355203,390
10261193,-16.5088403,-68.1355599,391
10261193,-16.5088493,-68.1355986,392
10261193,-16.5088698,-68.1356322,393
10261193,-16.5088698,-68.1356322,394
10261193,-16.508901,-68.135658,395
10261193,-16.5089497,-68.1356725,396
10261193,-16.5089497,-68.1356725,397
10261193,-16.5090005,-68.1356638,398
10261193,-16.5090428,-68.1356332,399
10261193,-16.5090683,-68.1355866,400
10261193,-16.5090683,-68.1355866,401
10261193,-16.5090726,-68.1355357,402
10261193,-16.5090564,-68.1354876,403
10261193,-16.5090227,-68.1354505,404
10261193,-16.5089775,-68.1354311,405
10261193,-16.5089286,-68.1354328,406
10261193,-16.5086599,-68.1347766,407
10261193,-16.5086734,-68.1348078,408
10261193,-16.5087705,-68.1350322,409
10261193,-16.5088633,-68.1352739,410
10261193,-16.5088901,-68.1353351,411
10261193,-16.508915,-68.1353973,412
10261193,-16.5089286,-68.1354328,413
10261193,-16.5111324,-68.1343191,414
10261193,-16.5108164,-68.1344974,415
10261193,-16.5107219,-68.1345417,416
10261193,-16.5106346,-68.1345676,417
10261193,-16.5103327,-68.1346392,418
10261193,-16.5098168,-68.1347641,419
10261193,-16.5097602,-68.1347668,420
10261193,-16.5097228,-68.134767,421
10261193,-16.5096577,-68.1347584,422
10261193,-16.5095539,-68.1347179,423
10261193,-16.5094427,-68.1346615,424
10261193,-16.50936,-68.1346269,425
10261193,-16.509263,-68.1346194,426
10261193,-16.5092149,-68.134613,427
10261193,-16.5091748,-68.134617,428
10261193,-16.5091491,-68.1346199,429
10261193,-16.509149,-68.1346199,430
10261193,-16.5090202,-68.1346552,431
10261193,-16.5088568,-68.1346983,432
10261193,-16.5086599,-68.1347766,433
10261193,-16.5105866,-68.1355699,434
10261193,-16.5106252,-68.1355293,435
10261193,-16.5106731,-68.1354814,436
10261193,-16.5107226,-68.1354314,437
10261193,-16.5108518,-68.1353228,438
10261193,-16.5109277,-68.1352437,439
10261193,-16.5110042,-68.1351216,440
10261193,-16.5110633,-68.1349855,441
10261193,-16.5111212,-68.1348373,442
10261193,-16.5111631,-68.1346788,443
10261193,-16.5111324,-68.1343191,444
10261371,-16.4978988,-68.1586065,0
10261371,-16.4977222,-68.158685,1
10261371,-16.4973387,-68.1589003,2
10261371,-16.4973387,-68.1589003,3
10261371,-16.4971321,-68.1590079,4
10261371,-16.4968003,-68.1592395,5
10261371,-16.4963903,-68.1595781,6
10261371,-16.4961742,-68.159728,7
10261371,-16.4960497,-68.1597984,8
10261371,-16.4959483,-68.1598415,9
10261371,-16.4959483,-68.1598415,10
10261371,-16.4958157,-68.1593889,11
10261371,-16.4957244,-68.1590604,12
10261371,-16.4956428,-68.1586971,13
10261371,-16.4956428,-68.1586971,14
10261371,-16.4955932,-68.158506,15
10261371,-16.4966631,-68.1568495,16
10261371,-16.4963109,-68.1576151,17
10261371,-16.4961949,-68.1578228,18
10261371,-16.4960668,-68.1580268,19
10261371,-16.4959879,-68.1581309,20
10261371,-16.4958907,-68.1582429,21
10261371,-16.4957381,-68.1583906,22
10261371,-16.4955932,-68.158506,23
10261371,-16.495418,-68.1538399,24
10261371,-16.4955968,-68.1542796,25
10261371,-16.495959,-68.1551674,26
10261371,-16.4959864,-68.1552357,27
10261371,-16.4960336,-68.1553857,28
10261371,-16.4962506,-68.1559296,29
10261371,-16.4962713,-68.1559789,30
10261371,-16.4964169,-68.1563258,31
10261371,-16.4965885,-68.1567711,32
10261371,-16.4966055,-68.1568029,33
10261371,-16.4966297,-68.1568267,34
10261371,-16.4966631,-68.1568495,35
10261371,-16.49552,-68.1523445,36
10261371,-16.4954756,-68.1529482,37
10261371,-16.4954666,-68.1530795,38
10261371,-16.4954534,-68.1532612,39
10261371,-16.4954377,-68.1534776,40
10261371,-16.495418,-68.1538399,41
10261371,-16.4955746,-68.1514414,42
10261371,-16.4955429,-68.1516843,43
10261371,-16.4955388,-68.1518367,44
10261371,-16.49552,-68.1523445,45
10261371,-16.4958304,-68.1487893,46
10261371,-16.4958697,-68.1489895,47
10261371,-16.4959105,-68.1493432,48
10261371,-16.495878,-68.1494865,49
10261371,-16.4957337,-68.1499916,50
10261371,-16.4956839,-68.1502526,51
10261371,-16.4956231,-68.1506229,52
10261371,-16.4955996,-68.1509355,53
10261371,-16.4955793,-68.1512054,54
10261371,-16.4955746,-68.1514414,55
10261371,-16.4955913,-68.1476959,56
10261371,-16.4956634,-68.1481323,57
10261371,-16.4958304,-68.1487893,58
10261371,-16.4956707,-68.146439,59
10261371,-16.4956208,-68.1468596,60
10261371,-16.4955918,-68.1475081,61
10261371,-16.4955913,-68.1476959,62
10261371,-16.4955637,-68.1460653,63
10261371,-16.495607,-68.146187,64
10261371,-16.4956421,-68.146312,65
10261371,-16.4956707,-68.146439,66
10261371,-16.495524,-68.1457213,67
10261371,-16.4955139,-68.1457572,68
10261371,-16.4955116,-68.1457954,69
10261371,-16.4955637,-68.1460653,70
10261371,-16.4957433,-68.1456515,71
10261371,-16.4957287,-68.1456455,72
10261371,-16.495679,-68.145635,73
10261371,-16.495638,-68.1456365,74
10261371,-16.4956026,-68.1456455,75
10261371,-16.4955705,-68.1456634,76
10261371,-16.4955437,-68.1456893,77
10261371,-16.495524,-68.1457213,78
10261371,-16.4959323,-68.1455582,79
10261371,-16.4958737,-68.1455984,80
10261371,-16.4958103,-68.1456297,81
10261371,-16.4957433,-68.1456515,82
10261371,-16.4959892,-68.1454268,83
10261371,-16.4959323,-68.1455582,84
10261371,-16.4964306,-68.1444331,85
10261371,-16.4959892,-68.1454268,86
10261371,-16.4978192,-68.1444558,87
10261371,-16.4977426,-68.1444604,88
10261371,-16.4973956,-68.1444951,89
10261371,-16.4970885,-68.1444853,90
10261371,-16.4964306,-68.1444331,91
10261371,-16.4978192,-68.1444558,92
10261371,-16.4977746,-68.1442628,93
10261371,-16.4976457,-68.1434178,94
10261371,-16.4976457,-68.1434178,95
10261371,-16.497625,-68.143126,96
10261371,-16.4976239,-68.1430776,97
10261371,-16.4976233,-68.1430507,98
10261371,-16.497634,-68.1430005,99
10261371,-16.497648,-68.1429573,100
10261371,-16.4978282,-68.1427057,101
10261371,-16.4978779,-68.1426602,102
10261371,-16.4976148,-68.1419112,103
10261371,-16.4978779,-68.1426602,104
10261371,-16.4976148,-68.1419112,105
10261371,-16.4976472,-68.1418961,106
10261371,-16.4976747,-68.1418728,107
10261371,-16.4976955,-68.1418428,108
10261371,-16.4977081,-68.1418082,109
10261371,-16.4977117,-68.1417714,110
10261371,-16.4977061,-68.1417349,111
10261371,-16.4976915,-68.1417011,112
10261371,-16.4991318,-68.1403079,113
10261371,-16.4987012,-68.140647,114
10261371,-16.4984788,-68.1408361,115
10261371,-16.4982267,-68.1410681,116
10261371,-16.49803,-68.1412612,117
10261371,-16.4976915,-68.1417011,118
10261371,-16.5005293,-68.1393783,119
10261371,-16.5002178,-68.1396467,120
10261371,-16.5001239,-68.139706,121
10261371,-16.4994592,-68.1401141,122
10261371,-16.4991318,-68.1403079,123
10261371,-16.5025859,-68.1371306,124
10261371,-16.5016883,-68.1380492,125
10261371,-16.501574,-68.1382235,126
10261371,-16.5013591,-68.1385642,127
10261371,-16.5011521,-68.1388123,128
10261371,-16.5009554,-68.1390101,129
10261371,-16.5008551,-68.1391014,130
10261371,-16.5005293,-68.1393783,131
10261371,-16.5031567,-68.1365259,132
10261371,-16.5025859,-68.1371306,133
10261371,-16.5036435,-68.1360222,134
10261371,-16.5031567,-68.1365259,135
10261371,-16.5044008,-68.1352846,136
10261371,-16.5040564,-68.13562,137
10261371,-16.5036435,-68.1360222,138
10261371,-16.5044008,-68.1352846,139
10261371,-16.5041636,-68.1349982,140
10261371,-16.503828,-68.1346241,141
10261371,-16.5037361,-68.1345349,142
10261371,-16.5024659,-68.1330346,143
10261371,-16.5027697,-68.1333856,144
10261371,-16.503224,-68.1338995,145
10261371,-16.503276,-68.1339567,146
10261371,-16.5037361,-68.1345349,147
10261371,-16.5024659,-68.1330346,148
10261371,-16.5026888,-68.1327953,149
10261371,-16.5031767,-68.1322966,150
10261371,-16.5034403,-68.1320096,151
10261371,-16.5039676,-68.1314514,152
10261371,-16.5039957,-68.1314208,153
10261371,-16.5040413,-68.1313702,154
10261371,-16.5041186,-68.1313255,155
10261371,-16.5041186,-68.1313255,156
10261371,-16.5041663,-68.1313465,157
10261371,-16.5041663,-68.1313465,158
10261371,-16.5041988,-68.1313526,159
10261371,-16.5041988,-68.1313526,160
10261371,-16.5042838,-68.1313564,161
10261371,-16.5043301,-68.1313402,162
10261371,-16.5043648,-68.1313115,163
10261371,-16.5043648,-68.1313115,164
10261371,-16.5043867,-68.1312833,165
10261371,-16.5043978,-68.1312429,166
10261371,-16.5043999,-68.1311899,167
10261371,-16.5043999,-68.1311899,168
10261371,-16.5043925,-68.1311551,169
10261371,-16.5043925,-68.1311551,170
10261371,-16.5043916,-68.1310577,171
10261371,-16.504402,-68.1310099,172
10261371,-16.5044191,-68.1309731,173
10261371,-16.504448,-68.1309404,174
10261371,-16.5049648,-68.1303956,175
10261371,-16.5049648,-68.1303956,176
10261371,-16.5055036,-68.1298082,177
10261371,-16.5055036,-68.1298082,178
10261371,-16.5056369,-68.1296575,179
10261371,-16.505873,-68.1294129,180
10261371,-16.5062083,-68.1290234,181
10261371,-16.5064767,-68.1287337,182
10261371,-16.5065151,-68.1286891,183
10261371,-16.5065151,-68.1286891,184
10261371,-16.5073392,-68.1277909,185
10261371,-16.507377,-68.12775,186
10261371,-16.507377,-68.12775,187
10261371,-16.507415,-68.1277083,188
10261371,-16.5082591,-68.1268679,189
10261371,-16.5082591,-68.1268679,190
10261371,-16.5088664,-68.1263545,191
10261371,-16.5088664,-68.1263545,192
10261371,-16.5091987,-68.1260671,193
10261371,-16.5091987,-68.1260671,194
10261371,-16.5101391,-68.1252521,195
10261371,-16.5101391,-68.1252521,196
10261371,-16.509817,-68.1248479,197
10261371,-16.509817,-68.1248479,198
10261371,-16.5096071,-68.1246042,199
10261371,-16.5096071,-68.1246042,200
10261371,-16.5095759,-68.1245052,201
10261371,-16.509554,-68.124391,202
10261371,-16.509554,-68.124391,203
10261371,-16.5095778,-68.1243373,204
10261371,-16.5096013,-68.1242567,205
10261371,-16.5096117,-68.1241725,206
10261371,-16.509609,-68.1241023,207
10261371,-16.5095473,-68.1239758,208
10261371,-16.5095874,-68.1240325,209
10261371,-16.509609,-68.1241023,210
10261371,-16.5095473,-68.1239758,211
10261371,-16.5094875,-68.1239421,212
10261371,-16.5094163,-68.1239274,213
10261371,-16.5093372,-68.1239263,214
10261371,-16.5092379,-68.1239484,215
10261371,-16.5091501,-68.1240014,216
10261371,-16.5090797,-68.1240726,217
10261371,-16.5090797,-68.1240726,218
10261371,-16.5090475,-68.1240469,219
10261371,-16.5087655,-68.1238171,220
10261371,-16.5084789,-68.1235899,221
10261371,-16.5084789,-68.1235899,222
10261371,-16.5084524,-68.1235687,223
10261371,-16.5084524,-68.1235687,224
10261371,-16.5068268,-68.122239,225
10261371,-16.5068268,-68.122239,226
10261371,-16.5066662,-68.1221113,227
10261371,-16.5066662,-68.1221113,228
10261371,-16.5067179,-68.1220723,229
10261371,-16.5076031,-68.121389,230
10261371,-16.5076494,-68.12135,231
10261371,-16.5076624,-68.121329,232
10261371,-16.5076653,-68.1213073,233
10261371,-16.5076578,-68.1212826,234
10261371,-16.5076435,-68.1212636,235
10261371,-16.5076435,-68.1212636,236
10261371,-16.5062947,-68.1212376,237
10261371,-16.5062146,-68.1212361,238
10261371,-16.5059059,-68.1212258,239
10261371,-16.5058375,-68.1212247,240
10261371,-16.505764,-68.1212232,241
10261371,-16.505764,-68.1212232,242
10261371,-16.5056242,-68.1207197,243
10261371,-16.505553,-68.1204636,244
10261371,-16.5048792,-68.1208717,245
10261371,-16.5049554,-68.1208223,246
10261371,-16.5052074,-68.120668,247
10261371,-16.505553,-68.1204636,248
10261371,-16.5048792,-68.1208717,249
10261371,-16.5047879,-68.1208242,250
10261371,-16.5047879,-68.1208242,251
10261371,-16.5043724,-68.1206188,252
10261371,-16.5039821,-68.1204246,253
10261371,-16.5039821,-68.1204246,254
10261371,-16.503911,-68.1203446,255
10261371,-16.503911,-68.1203446,256
10261371,-16.503837,-68.1203063,257
10261371,-16.5035672,-68.1201751,258
10261371,-16.5034257,-68.1201036,259
10261371,-16.5034008,-68.1200916,260
10261371,-16.5032992,-68.1200427,261
10261371,-16.503049,-68.1199146,262
10261371,-16.5030364,-68.1199081,263
10261371,-16.5026827,-68.119729,264
10261371,-16.5026222,-68.1196974,265
10261371,-16.5026222,-68.1196974,266
10261371,-16.502569,-68.1196701,267
10261371,-16.5021105,-68.1194378,268
10261371,-16.5015554,-68.1191569,269
10261371,-16.5013682,-68.1190613,270
10261371,-16.5013682,-68.1190613,271
10261371,-16.5009765,-68.1188653,272
10261371,-16.500666,-68.1187085,273
10261371,-16.5003641,-68.1185585,274
10261371,-16.4999774,-68.1183678,275
10261371,-16.499863,-68.118307,276
10261371,-16.499863,-68.118307,277
10261371,-16.4996077,-68.1183152,278
10261371,-16.4991003,-68.1183528,279
10261371,-16.4987164,-68.1183871,280
10261371,-16.4987164,-68.1183871,281
10261371,-16.4986073,-68.1184791,282
10261371,-16.4973171,-68.1193009,283
10261371,-16.4978714,-68.1189478,284
10261371,-16.4982449,-68.1187081,285
10261371,-16.4986073,-68.1184791,286
10261371,-16.496118,-68.1183113,287
10261371,-16.4961268,-68.1183269,288
10261371,-16.4961974,-68.118462,289
10261371,-16.4962622,-68.1185188,290
10261371,-16.4963257,-68.1185475,291
10261371,-16.4964247,-68.1185656,292
10261371,-16.4967192,-68.1185482,293
10261371,-16.4968014,-68.118547,294
10261371,-16.4969236,-68.118563,295
10261371,-16.49698,-68.1185992,296
10261371,-16.4970144,-68.1186387,297
10261371,-16.4973171,-68.1193009,298
10261371,-16.4960723,-68.1182041,299
10261371,-16.496118,-68.1183113,300
10261371,-16.4960657,-68.1181887,301
10261371,-16.4960723,-68.1182041,302
10261371,-16.495916,-68.1180781,303
10261371,-16.4959762,-68.118098,304
10261371,-16.4960277,-68.118136,305
10261371,-16.4960657,-68.1181887,306
10261371,-16.4950416,-68.1184568,307
10261371,-16.4956189,-68.1181312,308
10261371,-16.4956997,-68.1181086,309
10261371,-16.4958057,-68.1180989,310
10261371,-16.495916,-68.1180781,311
10261371,-16.4947588,-68.1185418,312
10261371,-16.4949184,-68.1185133,313
10261371,-16.4950416,-68.1184568,314
10261371,-16.4946487,-68.1185131,315
10261371,-16.4946713,-68.1185342,316
10261371,-16.4946991,-68.1185467,317
10261371,-16.4947293,-68.1185493,318
10261371,-16.4947588,-68.1185418,319
10261371,-16.494633,-68.1184193,320
10261371,-16.4946279,-68.1184518,321
10261371,-16.4946333,-68.1184843,322
10261371,-16.4946487,-68.1185131,323
10261371,-16.4947301,-68.1183535,324
10261371,-16.4946992,-68.1183561,325
10261371,-16.4946707,-68.118369,326
10261371,-16.4946479,-68.1183909,327
10261371,-16.494633,-68.1184193,328
10261371,-16.4948635,-68.118286,329
10261371,-16.4947301,-68.1183535,330
10261371,-16.4958446,-68.1170582,331
10261371,-16.4955328,-68.1177554,332
10261371,-16.4954543,-68.1178737,333
10261371,-16.4953861,-68.117945,334
10261371,-16.4953283,-68.1179896,335
10261371,-16.4950365,-68.1181405,336
10261371,-16.4949618,-68.1181875,337
10261371,-16.4948635,-68.118286,338
10261371,-16.4958446,-68.1170582,339
10261371,-16.4958884,-68.1169266,340
10261371,-16.4958884,-68.1169266,341
10261371,-16.4958451,-68.1167655,342
10261371,-16.4958451,-68.1167655,343
10261371,-16.4957647,-68.1164688,344
10261371,-16.4955348,-68.1154934,345
10261371,-16.4955637,-68.1156236,346
10261371,-16.4956055,-68.1158372,347
10261371,-16.4957647,-68.1164688,348
10261371,-16.4955348,-68.1154934,349
10261371,-16.4955502,-68.1154825,350
10261371,-16.4955614,-68.115467,351
10261371,-16.4955672,-68.1154485,352
10261371,-16.495567,-68.1154291,353
10261371,-16.4955606,-68.1154106,354
10261371,-16.4955489,-68.1153952,355
10261371,-16.495533,-68.1153847,356
10261371,-16.4955147,-68.1153802,357
10261371,-16.495496,-68.1153822,358
10261371,-16.4954789,-68.1153904,359
10261371,-16.4954695,-68.1153997,360
10261371,-16.4954695,-68.1153997,361
10261371,-16.4954059,-68.1153502,362
10261371,-16.495363,-68.1153407,363
10261371,-16.4952146,-68.1153216,364
10261371,-16.4949407,-68.1152935,365
10261371,-16.4945318,-68.1152421,366
10261371,-16.4942418,-68.1152211,367
10261371,-16.4941701,-68.1152043,368
10261371,-16.4940606,-68.1151754,369
10261371,-16.494007,-68.1151451,370
10261371,-16.4937951,-68.115005,371
10261371,-16.4937951,-68.115005,372
10261371,-16.4936808,-68.1148732,373
10261371,-16.4935708,-68.1147209,374
10261371,-16.4934968,-68.1145617,375
10261371,-16.4934968,-68.1145617,376
10261371,-16.4934947,-68.1145146,377
10261371,-16.4934947,-68.114452,378
10261371,-16.4935005,-68.1143962,379
10261371,-16.4935122,-68.1143288,380
10261371,-16.4935322,-68.1142696,381
10261371,-16.4935707,-68.1142055,382
10261371,-16.4936078,-68.1141755,383
10261371,-16.4942509,-68.1137777,384
10261371,-16.4943227,-68.1137458,385
10261371,-16.4944598,-68.1137158,386
10261371,-16.4944598,-68.1137158,387
10261371,-16.4947721,-68.1137354,388
10261371,-16.4949053,-68.1137323,389
10261371,-16.4950185,-68.1137153,390
10261371,-16.4951226,-68.1136783,391
10261371,-16.4952203,-68.1135983,392
10261371,-16.4957157,-68.113019,393
10261371,-16.495772,-68.112933,394
10261371,-16.4958041,-68.1128392,395
10261371,-16.4958183,-68.1127976,396
10261371,-16.4959005,-68.1125589,397
10261371,-16.4959813,-68.1123722,398
10261371,-16.4961924,-68.1121404,399
10261371,-16.4962413,-68.1120855,400
10261371,-16.4965555,-68.1117665,401
10261371,-16.4966605,-68.111651,402
10261371,-16.4967184,-68.1115678,403
10261371,-16.4967558,-68.1114881,404
10261371,-16.4967647,-68.1114364,405
10261371,-16.4967546,-68.1113966,406
10261371,-16.4967546,-68.1113966,407
10261371,-16.4967268,-68.1113678,408
10261371,-16.4966926,-68.1113562,409
10261371,-16.4966579,-68.1113586,410
10261371,-16.4965107,-68.1114051,411
10261371,-16.4964252,-68.1114231,412
10261371,-16.4963654,-68.1114317,413
10261371,-16.4962947,-68.1114337,414
10261371,-16.4962291,-68.1114279,415
10261371,-16.4960308,-68.1113719,416
10261371,-16.4958438,-68.1113025,417
10261371,-16.4958015,-68.1113016,418
10261371,-16.4957464,-68.1113154,419
10261371,-16.4957464,-68.1113154,420
10261371,-16.4956356,-68.1113274,421
10261371,-16.4955816,-68.1113197,422
10261371,-16.4955276,-68.1112888,423
10261371,-16.4954891,-68.1112595,424
10261371,-16.4954306,-68.1112023,425
10261371,-16.4953701,-68.1111245,426
10261371,-16.4953378,-68.1110577,427
10261371,-16.4952319,-68.1106598,428
10261371,-16.4952049,-68.1105653,429
10261371,-16.4952068,-68.110517,430
10261371,-16.4952384,-68.1104506,431
10261371,-16.4953078,-68.1104077,432
10261371,-16.4956273,-68.1102636,433
10261371,-16.4958002,-68.1101851,434
10261371,-16.4960992,-68.1100939,435
10261371,-16.4963815,-68.1100027,436
10261371,-16.4964789,-68.1099732,437
10261371,-16.4966367,-68.1099585,438
10261371,-16.4968936,-68.1095907,439
10261371,-16.4966367,-68.1099585,440
10261371,-16.4975259,-68.1089191,441
10261371,-16.4973896,-68.1090116,442
10261371,-16.497193,-68.1092271,443
10261371,-16.4970744,-68.1093499,444
10261371,-16.4968936,-68.1095907,445
10261371,-16.4975259,-68.1089191,446
10261371,-16.4980506,-68.1086482,447
10261371,-16.498962,-68.1081853,448
10261371,-16.4990796,-68.1081445,449
10261371,-16.4992336,-68.1081319,450
10261371,-16.4999532,-68.1081155,451
10261371,-16.5000531,-68.1081138,452
10261371,-16.500177,-68.1081101,453
10261371,-16.5009687,-68.1080754,454
10261371,-16.5010425,-68.1080751,455
10261371,-16.5013759,-68.1080531,456
10261371,-16.5015302,-68.1080252,457
10261371,-16.5016974,-68.1079861,458
10261371,-16.5017571,-68.1079676,459
10261371,-16.5018625,-68.1079354,460
10261371,-16.5022219,-68.1078556,461
10261371,-16.5024711,-68.1077819,462
10261371,-16.5026006,-68.1077409,463
10261371,-16.502681,-68.1077094,464
10261371,-16.5028118,-68.1075887,465
10261371,-16.5028846,-68.1074654,466
10261371,-16.5029828,-68.1072719,467
10261371,-16.5031355,-68.1071012,468
10261371,-16.5032424,-68.1070049,469
10261371,-16.503326,-68.1069626,470
10261371,-16.5034179,-68.1069459,471
10261371,-16.5035741,-68.1069727,472
10261371,-16.5039515,-68.1070471,473
10261371,-16.5043405,-68.10709,474
10261371,-16.504408,-68.1070894,475
10261371,-16.5044753,-68.1070717,476
10261371,-16.5045113,-68.1070509,477
10261371,-16.5045293,-68.1070315,478
10261371,-16.5045409,-68.1069321,479
10261371,-16.5045577,-68.106873,480
10261371,-16.5045808,-68.1067916,481
10261371,-16.5045917,-68.1067721,482
10261371,-16.5046052,-68.1067614,483
10261371,-16.5046734,-68.1067326,484
10261371,-16.5047756,-68.1067091,485
10261371,-16.5049254,-68.1066943,486
10261371,-16.5051813,-68.1067239,487
10261371,-16.5052504,-68.106741,488
10261371,-16.5052995,-68.1067714,489
10261371,-16.5053959,-68.1069022,490
10261371,-16.505454,-68.1069689,491
10261371,-16.5055283,-68.1070265,492
10261371,-16.5056353,-68.1070602,493
10261371,-16.505836,-68.1070917,494
10261371,-16.5058956,-68.107131,495
10261371,-16.505955,-68.1072069,496
10261371,-16.5060295,-68.1073954,497
10261371,-16.5061143,-68.1075626,498
10261371,-16.5061458,-68.1076001,499
10261371,-16.5061857,-68.1076243,500
10261371,-16.5062249,-68.1076397,501
10261371,-16.5062544,-68.1076397,502
10263255,-16.4876135,-68.1669335,0
10263255,-16.4875178,-68.1668594,1
10263255,-16.4872864,-68.1665953,2
10263255,-16.4868299,-68.1659365,3
10263255,-16.4867077,-68.1657742,4
10263255,-16.4866333,-68.1656982,5
10263255,-16.4865423,-68.1656437,6
10263255,-16.4864706,-68.1656204,7
10263255,-16.4862348,-68.1656193,8
10263255,-16.4858511,-68.1656321,9
10263255,-16.4857449,-68.1656992,10
10263255,-16.4856874,-68.1657858,11
10263255,-16.485669,-68.1658969,12
10263255,-16.485698,-68.1660045,13
10263255,-16.4857529,-68.1660865,14
10263255,-16.4858204,-68.1662048,15
10263255,-16.4859164,-68.1663974,16
10263255,-16.4861123,-68.166754,17
10263255,-16.4863025,-68.1670767,18
10263255,-16.4863367,-68.1671345,19
10263255,-16.4864754,-68.1673722,20
10263255,-16.4868666,-68.1680175,21
10263255,-16.4869013,-68.1680856,22
10263255,-16.4869503,-68.1681676,23
10263255,-16.4870646,-68.168306,24
10263255,-16.4871779,-68.1684124,25
10263255,-16.4872698,-68.1685093,26
10263255,-16.4873324,-68.168609,27
10263255,-16.4873517,-68.168672,28
10263255,-16.4873465,-68.1687471,29
10263255,-16.4873298,-68.1688115,30
10263255,-16.4873118,-68.1688491,31
10263255,-16.4872629,-68.168904,32
10263255,-16.4871974,-68.1689496,33
10263255,-16.4871549,-68.1689698,34
10263255,-16.4870945,-68.1689818,35
10263255,-16.487034,-68.1689832,36
10263255,-16.4869594,-68.1689617,37
10263255,-16.4868849,-68.1689134,38
10263255,-16.4868347,-68.1688383,39
10263255,-16.4867993,-68.1687275,40
10263255,-16.4866778,-68.1684802,41
10263255,-16.4865878,-68.1683837,42
10263255,-16.4864758,-68.1682771,43
10263255,-16.4863726,-68.1682102,44
10263255,-16.4862052,-68.1681186,45
10263255,-16.4860899,-68.1680867,46
10263255,-16.4859217,-68.1680819,47
10263255,-16.4856748,-68.1680833,48
10263255,-16.4854587,-68.1680793,49
10263255,-16.4852007,-68.1680509,50
10263255,-16.4850564,-68.1680094,51
10263255,-16.4849213,-68.1679562,52
10263255,-16.4847925,-68.1679014,53
10263255,-16.4846703,-68.1678573,54
10263255,-16.4845648,-68.1678574,55
10263255,-16.4845127,-68.1678903,56
10263255,-16.4844668,-68.1679338,57
10263255,-16.4844233,-68.1679985,58
10263255,-16.4843952,-68.1680788,59
10263255,-16.4843855,-68.1681678,60
10263255,-16.484397,-68.1682585,61
10263255,-16.4844239,-68.1683115,62
10263255,-16.4844783,-68.1683627,63
10263255,-16.4845481,-68.1683888,64
10263255,-16.4846244,-68.1683957,65
10263255,-16.4847334,-68.1683865,66
10263255,-16.4848402,-68.1683749,67
10263255,-16.4849655,-68.1683655,68
10263255,-16.4850767,-68.1683649,69
10263255,-16.4851893,-68.1683763,70
10263255,-16.4852967,-68.1683937,71
10263255,-16.4853886,-68.168424,72
10263255,-16.4854793,-68.1684608,73
10263255,-16.4855731,-68.1685165,74
10263255,-16.4856452,-68.1685835,75
10263255,-16.4857275,-68.1686787,76
10263255,-16.4860511,-68.1691788,77
10263255,-16.4865059,-68.1699418,78
10263255,-16.4867784,-68.1703988,79
10263255,-16.4868402,-68.1704702,80
10263255,-16.4869261,-68.1705319,81
10263255,-16.487013,-68.17057,82
10263255,-16.487139,-68.1705802,83
10263255,-16.487279,-68.1705362,84
10263255,-16.4875372,-68.1704831,85
10263255,-16.4876689,-68.1704831,86
10263255,-16.4877923,-68.1705089,87
10263255,-16.4878894,-68.1705543,88
10263255,-16.4879771,-68.1706233,89
10263255,-16.4880442,-68.1706767,90
10263255,-16.4881239,-68.1707528,91
10263255,-16.4882247,-68.1708606,92
10263255,-16.4882983,-68.1709641,93
10263255,-16.4878946,-68.1670111,94
10263255,-16.4878229,-68.1669963,95
10263255,-16.487772,-68.1669871,96
10263255,-16.487695,-68.1669663,97
10263255,-16.4876135,-68.1669335,98
10263255,-16.4897885,-68.1675062,99
10263255,-16.4896768,-68.1675921,100
10263255,-16.4895539,-68.1676692,101
10263255,-16.4894574,-68.1677117,102
10263255,-16.4893722,-68.1677248,103
10263255,-16.489223,-68.1677056,104
10263255,-16.4891016,-68.167662,105
10263255,-16.4890054,-68.1676213,106
10263255,-16.4888412,-68.1675223,107
10263255,-16.4883691,-68.1672285,108
10263255,-16.4882598,-68.1671641,109
10263255,-16.4881161,-68.1670844,110
10263255,-16.4880313,-68.1670481,111
10263255,-16.4878946,-68.1670111,112
10263255,-16.4906506,-68.1668984,113
10263255,-16.4897885,-68.1675062,114
10263255,-16.4911088,-68.1664711,115
10263255,-16.4906506,-68.1668984,116
10263255,-16.4928877,-68.1646219,117
10263255,-16.4929134,-68.164678,118
10263255,-16.4929293,-68.1647318,119
10263255,-16.4929298,-68.1647719,120
10263255,-16.4929047,-68.1648721,121
10263255,-16.492855,-68.1649497,122
10263255,-16.4927224,-68.1650815,123
10263255,-16.492575,-68.1652306,124
10263255,-16.4925283,-68.1652715,125
10263255,-16.4924609,-68.1653095,126
10263255,-16.4923886,-68.1653293,127
10263255,-16.4922449,-68.1653635,128
10263255,-16.4920332,-68.1654242,129
10263255,-16.4918754,-68.1655016,130
10263255,-16.4918085,-68.1655416,131
10263255,-16.4917089,-68.1656011,132
10263255,-16.4914239,-68.1657998,133
10263255,-16.4913386,-68.1658881,134
10263255,-16.4913043,-68.1659403,135
10263255,-16.4912949,-68.1659588,136
10263255,-16.4912828,-68.1659935,137
10263255,-16.491276,-68.1660324,138
10263255,-16.4912697,-68.1661338,139
10263255,-16.4912544,-68.166236,140
10263255,-16.49124,-68.1662849,141
10263255,-16.4912059,-68.1663579,142
10263255,-16.4911817,-68.1663946,143
10263255,-16.4911088,-68.1664711,144
10263255,-16.4928291,-68.1645759,145
10263255,-16.4928877,-68.1646219,146
10263255,-16.4927741,-68.1645501,147
10263255,-16.4928291,-68.1645759,148
10263255,-16.4918692,-68.1638717,149
10263255,-16.4913792,-68.1644607,150
10263255,-16.4913593,-68.1644901,151
10263255,-16.4913416,-68.1645166,152
10263255,-16.4913201,-68.1645488,153
10263255,-16.4912925,-68.1645964,154
10263255,-16.4912732,-68.1646413,155
10263255,-16.4912614,-68.1646695,156
10263255,-16.4912513,-68.1647003,157
10263255,-16.4912417,-68.1647783,158
10263255,-16.4912456,-68.1648314,159
10263255,-16.4912595,-68.1648923,160
10263255,-16.4912896,-68.1649629,161
10263255,-16.4913388,-68.1650236,162
10263255,-16.4914112,-68.1650711,163
10263255,-16.4914717,-68.1650892,164
10263255,-16.4915477,-68.1650905,165
10263255,-16.491651,-68.1650629,166
10263255,-16.4916752,-68.1650514,167
10263255,-16.4917302,-68.1650188,168
10263255,-16.4921976,-68.1647337,169
10263255,-16.492284,-68.1646844,170
10263255,-16.4924005,-68.164631,171
10263255,-16.4924784,-68.1646039,172
10263255,-16.4925744,-68.1645745,173
10263255,-16.4926686,-68.1645492,174
10263255,-16.4927228,-68.1645429,175
10263255,-16.4927741,-68.1645501,176
10263255,-16.4921386,-68.1627698,177
10263255,-16.4920852,-68.1634516,178
10263255,-16.4920626,-68.1635396,179
10263255,-16.4920322,-68.163622,180
10263255,-16.4919737,-68.163735,181
10263255,-16.4919258,-68.1638049,182
10263255,-16.4918692,-68.1638717,183
10263255,-16.4944291,-68.1590388,184
10263255,-16.4941821,-68.1592035,185
10263255,-16.4940866,-68.1592764,186
10263255,-16.4939151,-68.1594509,187
10263255,-16.4937839,-68.1596119,188
10263255,-16.4936757,-68.1597809,189
10263255,-16.4935545,-68.1600432,190
10263255,-16.4934643,-68.1603874,191
10263255,-16.4933856,-68.1607292,192
10263255,-16.493358,-68.1608429,193
10263255,-16.4932817,-68.1610747,194
10263255,-16.4931947,-68.1612542,195
10263255,-16.4931013,-68.1613942,196
10263255,-16.4930359,-68.1614733,197
10263255,-16.4929756,-68.1615364,198
10263255,-16.492825,-68.1616628,199
10263255,-16.4925996,-68.161878,200
10263255,-16.4924845,-68.1620235,201
10263255,-16.4923977,-68.1621509,202
10263255,-16.4923186,-68.1622884,203
10263255,-16.4922498,-68.1624486,204
10263255,-16.4921924,-68.162612,205
10263255,-16.4921386,-68.1627698,206
10263255,-16.4955932,-68.158506,207
10263255,-16.4953964,-68.1586319,208
10263255,-16.495244,-68.1587091,209
10263255,-16.4950612,-68.1587813,210
10263255,-16.4948159,-68.1588773,211
10263255,-16.4944291,-68.1590388,212
10263255,-16.4966631,-68.1568495,213
10263255,-16.4963109,-68.1576151,214
10263255,-16.4961949,-68.1578228,215
10263255,-16.4960668,-68.1580268,216
10263255,-16.4959879,-68.1581309,217
10263255,-16.4958907,-68.1582429,218
10263255,-16.4957381,-68.1583906,219
10263255,-16.4955932,-68.158506,220
10263255,-16.495418,-68.1538399,221
10263255,-16.4955968,-68.1542796,222
10263255,-16.495959,-68.1551674,223
10263255,-16.4959864,-68.1552357,224
10263255,-16.4960336,-68.1553857,225
10263255,-16.4962506,-68.1559296,226
10263255,-16.4962713,-68.1559789,227
10263255,-16.4964169,-68.1563258,228
10263255,-16.4965885,-68.1567711,229
10263255,-16.4966055,-68.1568029,230
10263255,-16.4966297,-68.1568267,231
10263255,-16.4966631,-68.1568495,232
10263255,-16.49552,-68.1523445,233
10263255,-16.4954756,-68.1529482,234
10263255,-16.4954666,-68.1530795,235
10263255,-16.4954534,-68.1532612,236
10263255,-16.4954377,-68.1534776,237
10263255,-16.495418,-68.1538399,238
10263255,-16.4955746,-68.1514414,239
10263255,-16.4955429,-68.1516843,240
10263255,-16.4955388,-68.1518367,241
10263255,-16.49552,-68.1523445,242
10263255,-16.4958304,-68.1487893,243
10263255,-16.4958697,-68.1489895,244
10263255,-16.4959105,-68.1493432,245
10263255,-16.495878,-68.1494865,246
10263255,-16.4957337,-68.1499916,247
10263255,-16.4956839,-68.1502526,248
10263255,-16.4956231,-68.1506229,249
10263255,-16.4955996,-68.1509355,250
10263255,-16.4955793,-68.1512054,251
10263255,-16.4955746,-68.1514414,252
10263255,-16.4955913,-68.1476959,253
10263255,-16.4956634,-68.1481323,254
10263255,-16.4958304,-68.1487893,255
10263255,-16.4956707,-68.146439,256
10263255,-16.4956208,-68.1468596,257
10263255,-16.4955918,-68.1475081,258
10263255,-16.4955913,-68.1476959,259
10263255,-16.4955637,-68.1460653,260
10263255,-16.495607,-68.146187,261
10263255,-16.4956421,-68.146312,262
10263255,-16.4956707,-68.146439,263
10263255,-16.495524,-68.1457213,264
10263255,-16.4955139,-68.1457572,265
10263255,-16.4955116,-68.1457954,266
10263255,-16.4955637,-68.1460653,267
10263255,-16.4939747,-68.1409194,268
10263255,-16.4945651,-68.141963,269
10263255,-16.4946766,-68.1421951,270
10263255,-16.4947632,-68.1423989,271
10263255,-16.494819,-68.1425446,272
10263255,-16.4950224,-68.1432003,273
10263255,-16.4952351,-68.1439429,274
10263255,-16.495304,-68.1442659,275
10263255,-16.4955225,-68.1452912,276
10263255,-16.4955392,-68.1453755,277
10263255,-16.4939747,-68.1409194,278
10263255,-16.4940113,-68.1408774,279
10263255,-16.4940326,-68.1408252,280
10263255,-16.494036,-68.1407685,281
10263255,-16.4940213,-68.1407139,282
10263255,-16.4940213,-68.1407139,283
10263255,-16.4939925,-68.1406701,284
10263255,-16.493952,-68.1406378,285
10263255,-16.493904,-68.1406202,286
10263255,-16.493853,-68.140619,287
10263255,-16.4938043,-68.1406343,288
10263255,-16.4938043,-68.1406343,289
10263255,-16.4937916,-68.1405472,290
10263255,-16.4937898,-68.1405055,291
10263255,-16.4937904,-68.1404766,292
10263255,-16.4937968,-68.140368,293
10263255,-16.4938302,-68.1396938,294
10263255,-16.4938302,-68.1396938,295
10263255,-16.4934638,-68.1396039,296
10263255,-16.4934638,-68.1396039,297
10263255,-16.493601,-68.1390663,298
10263255,-16.4936185,-68.1389781,299
10263255,-16.4936285,-68.1389275,300
10263255,-16.4936285,-68.1389275,301
10263255,-16.4935699,-68.1389082,302
10263255,-16.4932086,-68.1386573,303
10263255,-16.4929904,-68.138503,304
10263255,-16.4929533,-68.1384793,305
10263255,-16.4929533,-68.1384793,306
10263255,-16.4929034,-68.1384353,307
10263255,-16.4928798,-68.1383614,308
10263255,-16.492859,-68.1383135,309
10263255,-16.4928128,-68.1382728,310
10263255,-16.4928128,-68.1382728,311
10263255,-16.4927405,-68.1383069,312
10263255,-16.4926499,-68.1383682,313
10263255,-16.4926499,-68.1383682,314
10263255,-16.4921187,-68.1379684,315
10263255,-16.4921187,-68.1379684,316
10263255,-16.4922436,-68.1378407,317
10263255,-16.492363,-68.137732,318
10263255,-16.4925377,-68.1375886,319
10263255,-16.4926995,-68.1374902,320
10263255,-16.4929478,-68.1373884,321
10263255,-16.4930461,-68.1373525,322
10263255,-16.4932862,-68.1372729,323
10263255,-16.4936373,-68.1371775,324
10263255,-16.4938771,-68.1370783,325
10263255,-16.4942902,-68.1369246,326
10263255,-16.4942902,-68.1369246,327
10263255,-16.4945081,-68.1369601,328
10263255,-16.4946386,-68.1369701,329
10263255,-16.4946386,-68.1369701,330
10263255,-16.4948487,-68.1369589,331
10263255,-16.4950056,-68.1369482,332
10263255,-16.495066,-68.1369334,333
10263255,-16.4950904,-68.1369214,334
10263255,-16.4950904,-68.1369214,335
10263255,-16.4952915,-68.1366208,336
10263255,-16.4952915,-68.1366208,337
10263255,-16.495345,-68.1365466,338
10263255,-16.495345,-68.1365466,339
10263255,-16.4956557,-68.1360938,340
10263255,-16.4960832,-68.1353047,341
10263255,-16.4960832,-68.1353047,342
10263255,-16.4965289,-68.1346025,343
10263255,-16.4965289,-68.1346025,344
10263255,-16.4969219,-68.1338728,345
10263255,-16.4969219,-68.1338728,346
10263255,-16.4973784,-68.1331382,347
10263255,-16.4973784,-68.1331382,348
10263255,-16.4978339,-68.1324068,349
10263255,-16.4978339,-68.1324068,350
10263255,-16.4971209,-68.1319115,351
10263255,-16.4971209,-68.1319115,352
10263255,-16.4974414,-68.1313882,353
10263255,-16.4977484,-68.1308961,354
10263255,-16.4977484,-68.1308961,355
10263255,-16.4975684,-68.1307845,356
10263255,-16.4975221,-68.1307308,357
10263255,-16.4974822,-68.1306624,358
10263255,-16.4974218,-68.1304908,359
10263255,-16.4973258,-68.130104,360
10263255,-16.4972276,-68.129721,361
10263255,-16.4973258,-68.130104,362
10263255,-16.4973138,-68.128687,363
10263255,-16.497261,-68.128923,364
10263255,-16.4972405,-68.1292301,365
10263255,-16.4972302,-68.1295118,366
10263255,-16.4972276,-68.129721,367
10263255,-16.4973756,-68.128545,368
10263255,-16.4973138,-68.128687,369
10263255,-16.4974624,-68.1283012,370
10263255,-16.4973756,-68.128545,371
10263255,-16.4974627,-68.1279535,372
10263255,-16.4974998,-68.1280467,373
10263255,-16.4975004,-68.1281944,374
10263255,-16.4974624,-68.1283012,375
10263255,-16.4974627,-68.1279535,376
10263255,-16.4970381,-68.1277535,377
10263255,-16.4969518,-68.1276933,378
10263255,-16.4969036,-68.1276261,379
10263255,-16.4968547,-68.1275082,380
10263255,-16.4968178,-68.1273911,381
10263255,-16.4968279,-68.127254,382
10263255,-16.4969027,-68.1269888,383
10263255,-16.4970111,-68.1265084,384
10263255,-16.4970182,-68.1264062,385
10263255,-16.4969995,-68.1262057,386
10263255,-16.4969758,-68.126101,387
10263255,-16.4969441,-68.1260255,388
10263255,-16.4968745,-68.1258518,389
10263255,-16.4967988,-68.1256471,390
10263255,-16.4967763,-68.1255186,391
10263255,-16.4967771,-68.1253825,392
10263255,-16.4968261,-68.1249661,393
10263255,-16.4968774,-68.124619,394
10263255,-16.4968919,-68.1245208,395
10263255,-16.4955392,-68.1453755,396
10263255,-16.495524,-68.1457213,397
10263255,-16.4971303,-68.1243178,398
10263255,-16.4971247,-68.1242683,399
10263255,-16.4971079,-68.1242216,400
10263255,-16.497081,-68.1241804,401
10263255,-16.4970731,-68.1241715,402
10263255,-16.4970648,-68.1241632,403
10263255,-16.4970335,-68.124139,404
10263255,-16.4969983,-68.1241216,405
10263255,-16.4969606,-68.1241117,406
10263255,-16.4969217,-68.1241097,407
10263255,-16.4968886,-68.1241142,408
10263255,-16.4968567,-68.1241245,409
10263255,-16.4968269,-68.1241401,410
10263255,-16.4967993,-68.1241615,411
10263255,-16.4967756,-68.1241874,412
10263255,-16.4967565,-68.1242172,413
10263255,-16.4967367,-68.1242723,414
10263255,-16.4967324,-68.124331,415
10263255,-16.4967383,-68.124369,416
10263255,-16.4967507,-68.1244052,417
10263255,-16.4967853,-68.1244587,418
10263255,-16.4968339,-68.1244985,419
10263255,-16.4968919,-68.1245208,420
10263255,-16.4969384,-68.1245247,421
10263255,-16.4969845,-68.1245173,422
10263255,-16.4970275,-68.1244989,423
10263255,-16.4970653,-68.1244707,424
10263255,-16.4970915,-68.1244403,425
10263255,-16.4971115,-68.1244052,426
10263255,-16.4971254,-68.1243626,427
10263255,-16.4971303,-68.1243178,428
10263255,-16.4968269,-68.1241401,429
10263255,-16.4967745,-68.1240651,430
10263255,-16.4965042,-68.1237556,431
10263255,-16.4959091,-68.1231006,432
10263255,-16.4949723,-68.1220718,433
10263255,-16.4946655,-68.1217471,434
10263255,-16.4945902,-68.1216675,435
10263255,-16.4945902,-68.1216675,436
10263255,-16.4945913,-68.1216075,437
10263255,-16.4945862,-68.1215451,438
10263255,-16.4945878,-68.121463,439
10263255,-16.494596,-68.1214217,440
10263255,-16.4943283,-68.1214114,441
10263255,-16.4943571,-68.1214493,442
10263255,-16.4943953,-68.1214768,443
10263255,-16.4944394,-68.1214916,444
10263255,-16.4944942,-68.121491,445
10263255,-16.4945097,-68.121485,446
10263255,-16.4945454,-68.1214711,447
10263255,-16.4945733,-68.1214493,448
10263255,-16.494596,-68.1214217,449
10263255,-16.494614,-68.1213852,450
10263255,-16.494614,-68.1213852,451
10263255,-16.4946223,-68.1213492,452
10263255,-16.4946228,-68.1213122,453
10263255,-16.4946153,-68.121276,454
10263255,-16.4946002,-68.1212425,455
10263255,-16.4946002,-68.1212425,456
10263255,-16.494582,-68.1212172,457
10263255,-16.494582,-68.1212172,458
10263255,-16.4945339,-68.12118,459
10263255,-16.4945013,-68.1211668,460
10263255,-16.4944659,-68.1211636,461
10263255,-16.4944238,-68.1211694,462
10263255,-16.4943882,-68.1211868,463
10263255,-16.4943513,-68.1212141,464
10263255,-16.4943513,-68.1212141,465
10263255,-16.4943262,-68.1212499,466
10263255,-16.4943262,-68.1212499,467
10263255,-16.4943106,-68.1212892,468
10263255,-16.494307,-68.1213324,469
10263255,-16.4943129,-68.1213733,470
10263255,-16.4943283,-68.1214114,471
10263255,-16.4943262,-68.1212499,472
10263255,-16.4942566,-68.1212687,473
10263255,-16.494184,-68.1212742,474
10263255,-16.4937595,-68.1212934,475
10263255,-16.4937595,-68.1212934,476
10263255,-16.4935879,-68.1213024,477
10263255,-16.4935879,-68.1213024,478
10263255,-16.4932652,-68.1213214,479
10263255,-16.4931469,-68.1213237,480
10263255,-16.4930572,-68.1213282,481
10263255,-16.4927274,-68.1213724,482
10263255,-16.4910553,-68.1214468,483
10263255,-16.4909765,-68.1214499,484
10263255,-16.4909765,-68.1214499,485
10263255,-16.490858,-68.1214539,486
10263255,-16.4904734,-68.1214669,487
10263255,-16.4899867,-68.1214833,488
10263255,-16.4898858,-68.1214867,489
10263255,-16.4898858,-68.1214867,490
10263255,-16.4898289,-68.12149,491
10263255,-16.4894747,-68.1215107,492
10263255,-16.4892283,-68.1215232,493
10263255,-16.4891898,-68.1215247,494
10263255,-16.4890957,-68.1215284,495
10263255,-16.4890957,-68.1215284,496
10263255,-16.4889945,-68.1215327,497
10263255,-16.4888795,-68.1215377,498
10263255,-16.4883818,-68.121561,499
10263255,-16.4882873,-68.1215655,500
10263255,-16.4881882,-68.121568,501
10263255,-16.4873771,-68.1216051,502
10263255,-16.4872855,-68.1216088,503
10263255,-16.4872855,-68.1216088,504
10263255,-16.4871953,-68.1216128,505
10263255,-16.4865199,-68.1216435,506
10263255,-16.4852175,-68.1217085,507
10263255,-16.4851403,-68.1217099,508
10263255,-16.4850944,-68.1216905,509
10263255,-16.4850549,-68.1216442,510
10263255,-16.4850549,-68.1216442,511
10263255,-16.4850377,-68.1211719,512
10263255,-16.4850336,-68.121058,513
10263255,-16.4850336,-68.121058,514
10263255,-16.484063,-68.121097,515
10263255,-16.4838854,-68.1211062,516
10263255,-16.4838854,-68.1211062,517
10263255,-16.4837177,-68.1211483,518
10263255,-16.4835667,-68.1212084,519
10263255,-16.4834283,-68.121316,520
10263255,-16.4833302,-68.1214261,521
10263255,-16.4832759,-68.121502,522
10263255,-16.4832759,-68.121502,523
10263255,-16.4832263,-68.1216551,524
10263255,-16.4832022,-68.1217572,525
10263255,-16.4832022,-68.1217572,526
10263255,-16.483152,-68.1218014,527
10263255,-16.4830994,-68.1218126,528
10263255,-16.482755,-68.1218288,529
10263255,-16.4823177,-68.121851,530
10263255,-16.4823177,-68.121851,531
10263255,-16.4822343,-68.1218721,532
10263255,-16.4822343,-68.1218721,533
10263255,-16.4820872,-68.1218867,534
10263255,-16.4820872,-68.1218867,535
10263255,-16.4819422,-68.121858,536
10263255,-16.4819133,-68.1218519,537
10263255,-16.4819133,-68.1218519,538
10263255,-16.4818832,-68.1217971,539
10263255,-16.4818832,-68.1217971,540
10263255,-16.4812919,-68.1216015,541
10263255,-16.480885,-68.1214418,542
10263255,-16.4799347,-68.1211092,543
10263255,-16.4798517,-68.1210634,544
10263255,-16.4797069,-68.120983,545
10263255,-16.4795826,-68.1209139,546
10263255,-16.4799101,-68.1211608,547
10263255,-16.4802407,-68.1212835,548
10263255,-16.4796805,-68.1210392,549
10263255,-16.4799101,-68.1211608,550
10263255,-16.4795826,-68.1209139,551
10263255,-16.4786237,-68.1203517,552
10263255,-16.4785789,-68.1203254,553
10263255,-16.4785789,-68.1203254,554
10263255,-16.4785743,-68.1203014,555
10263255,-16.4785623,-68.1202804,556
10263255,-16.4785442,-68.1202649,557
10263255,-16.4785221,-68.1202567,558
10263255,-16.4784986,-68.1202566,559
10263255,-16.4784765,-68.1202648,560
10263255,-16.4784765,-68.1202648,561
10263255,-16.478447,-68.120246,562
10263255,-16.4772972,-68.1195129,563
10263255,-16.4772972,-68.1195129,564
10263255,-16.4763715,-68.1189594,565
10263255,-16.4756164,-68.1185089,566
10263255,-16.4756164,-68.1185089,567
10263255,-16.475113,-68.1182041,568
10263255,-16.475113,-68.1182041,569
10263255,-16.4751223,-68.118169,570
10263255,-16.475126,-68.11813,571
10263255,-16.475126,-68.11813,572
10263255,-16.4751256,-68.118098,573
10263255,-16.4751208,-68.1180665,574
10263255,-16.4751119,-68.1180359,575
10263255,-16.4750988,-68.118007,576
10263255,-16.475082,-68.1179803,577
10263255,-16.4750617,-68.1179564,578
10263255,-16.4750617,-68.1179564,579
10263255,-16.4750405,-68.1179358,580
10263255,-16.4750167,-68.1179184,581
10263255,-16.4749828,-68.1179005,582
10263255,-16.4749465,-68.1178887,583
10263255,-16.4749089,-68.1178833,584
10263255,-16.4748709,-68.1178844,585
10263255,-16.4748709,-68.1178844,586
10263255,-16.4748268,-68.1178948,587
10263255,-16.4747861,-68.1179123,588
10263255,-16.4747441,-68.117943,589
10263255,-16.4739382,-68.1174615,590
10263255,-16.4736623,-68.1172795,591
10263255,-16.4732237,-68.1169718,592
10263255,-16.4747441,-68.117943,593
10263255,-16.4746087,-68.117873,594
10263255,-16.4743913,-68.1177439,595
10263255,-16.4742546,-68.1176628,596
10263255,-16.4739382,-68.1174615,597
10263255,-16.4732237,-68.1169718,598
10263255,-16.4730157,-68.1168253,599
10263255,-16.472466,-68.1164382,600
10263255,-16.4721956,-68.1162821,601
10263255,-16.4721386,-68.1162603,602
10263255,-16.4720832,-68.116238,603
10263255,-16.4720064,-68.1162152,604
10263255,-16.4719415,-68.1162,605
10263255,-16.4717221,-68.1161525,606
10263255,-16.4713409,-68.1160802,607
10263255,-16.4710347,-68.1160424,608
10263255,-16.4708364,-68.1160329,609
10263255,-16.470274,-68.1160279,610
10263255,-16.4697861,-68.1160024,611
10263255,-16.4697861,-68.1160024,612
10263255,-16.4696711,-68.1160203,613
10263255,-16.4696162,-68.116032,614
10263255,-16.4695535,-68.1160623,615
10263255,-16.469493,-68.116095,616
10263255,-16.4694416,-68.11613,617
10263255,-16.4694416,-68.11613,618
10263255,-16.4692658,-68.1162427,619
10263255,-16.469149,-68.1162875,620
10263255,-16.469035,-68.1163311,621
10263255,-16.4689103,-68.1163318,622
10263255,-16.4687782,-68.1163107,623
10263255,-16.4686491,-68.1162613,624
10263255,-16.4685901,-68.1162257,625
10263255,-16.468544,-68.11619,626
10263255,-16.4685088,-68.1161531,627
10263255,-16.4684658,-68.1161048,628
10263255,-16.4684,-68.1159838,629
10263255,-16.4684,-68.1159838,630
10263255,-16.4683776,-68.1158828,631
10263255,-16.4683764,-68.1158117,632
10263255,-16.4683847,-68.11575,633
10263255,-16.4684111,-68.1156608,634
10263255,-16.4684317,-68.1156132,635
10263255,-16.4684619,-68.1155603,636
10263255,-16.4685539,-68.115457,637
10263255,-16.4686847,-68.1153332,638
10263255,-16.4687355,-68.1152678,639
10263255,-16.4687909,-68.115204,640
10263255,-16.4687909,-68.115204,641
10263255,-16.4688198,-68.1151217,642
10263255,-16.4688477,-68.1149923,643
10263255,-16.4688522,-68.1148984,644
10263255,-16.4688465,-68.1148213,645
10263255,-16.4688104,-68.1147737,646
10263255,-16.4688104,-68.1147737,647
10263255,-16.4687577,-68.1146657,648
10263255,-16.4686956,-68.1145785,649
10263255,-16.468608,-68.1144831,650
10263255,-16.468608,-68.1144831,651
10263255,-16.4685044,-68.1143809,652
10263255,-16.4681204,-68.1140877,653
10263255,-16.4680304,-68.1140019,654
10263255,-16.4679764,-68.1139174,655
10263255,-16.4679378,-68.1138664,656
10263255,-16.4678851,-68.1137793,657
10263255,-16.4678324,-68.1136854,658
10263255,-16.4677385,-68.1135084,659
10263255,-16.4677205,-68.1134668,660
10263255,-16.4677012,-68.1134051,661
10263255,-16.4676682,-68.1133003,662
10263255,-16.4676443,-68.11321,663
10263255,-16.46762,-68.1131377,664
10263255,-16.4676016,-68.1130705,665
10263255,-16.4675791,-68.1130071,666
10263255,-16.4675132,-68.1128256,667
10263255,-16.46744,-68.1126469,668
10263255,-16.4673229,-68.1124118,669
10263255,-16.4671745,-68.1121961,670
10263255,-16.4671745,-68.1121961,671
10263255,-16.4671017,-68.1120831,672
10263255,-16.4669515,-68.1118389,673
10263255,-16.4668199,-68.1116469,674
10263255,-16.466712,-68.1115372,675
10263255,-16.4665366,-68.1113757,676
10263255,-16.4664688,-68.1113122,677
10263255,-16.4664087,-68.11125,678
10263255,-16.4664087,-68.11125,679
10263255,-16.4660595,-68.1108368,680
10263255,-16.4658235,-68.1106927,681
10263255,-16.4657296,-68.1106438,682
10263255,-16.4655675,-68.1105868,683
10263255,-16.465302,-68.1105412,684
10263255,-16.4651907,-68.1105231,685
10263255,-16.4651045,-68.1104942,686
10263255,-16.4650344,-68.1104587,687
10263255,-16.4649611,-68.1104051,688
10263255,-16.4648833,-68.1103279,689
10263255,-16.4647599,-68.1101033,690
10263255,-16.4647258,-68.1100275,691
10263255,-16.4646654,-68.1099188,692
10263255,-16.4646654,-68.1099188,693
10263255,-16.4646442,-68.1098732,694
10263255,-16.4643893,-68.1094717,695
10263255,-16.4642787,-68.1093175,696
10263255,-16.4642106,-68.1092161,697
10263255,-16.4641855,-68.1091794,698
10263255,-16.4641399,-68.1091127,699
10263255,-16.4639537,-68.1088597,700
10263255,-16.4638508,-68.1087404,701
10263255,-16.4637378,-68.1086237,702
10263255,-16.4635372,-68.1084059,703
10263255,-16.46302,-68.1078923,704
10263255,-16.4626947,-68.1075426,705
10263255,-16.462633,-68.1074802,706
10263255,-16.4624402,-68.1072263,707
10263255,-16.4621435,-68.1067877,708
10263255,-16.4620238,-68.1066039,709
10263255,-16.4619997,-68.1065661,710
10263255,-16.461981,-68.1065349,711
10263255,-16.4619064,-68.1064125,712
10263255,-16.4618826,-68.1063756,713
10263255,-16.4618426,-68.1063146,714
10263255,-16.4613304,-68.1054571,715
10263255,-16.4612531,-68.1053461,716
10263255,-16.46111,-68.1049995,717
10263255,-16.4610664,-68.1048934,718
10263255,-16.4608526,-68.1043024,719
10263255,-16.4607156,-68.1039892,720
10263255,-16.4606327,-68.103831,721
10263255,-16.4605504,-68.1036955,722
10263255,-16.4604638,-68.1035843,723
10263255,-16.4603177,-68.1034399,724
10263255,-16.4592487,-68.1034279,725
10263255,-16.4592654,-68.1034145,726
10263255,-16.4592885,-68.1034005,727
10263255,-16.4593471,-68.1033911,728
10263255,-16.4596084,-68.1034364,729
10263255,-16.4601737,-68.103458,730
10263255,-16.4602714,-68.1034594,731
10263255,-16.4603016,-68.10345,732
10263255,-16.4603177,-68.1034399,733
10263255,-16.4597451,-68.1041087,734
10263255,-16.4593149,-68.1035406,735
10263255,-16.4592731,-68.1034735,736
10263255,-16.4592487,-68.1034279,737
10263255,-16.4591657,-68.1044835,738
10263255,-16.4597451,-68.1041087,739
10263255,-16.4571446,-68.1016316,740
10263255,-16.4574122,-68.1018971,741
10263255,-16.4576964,-68.1021975,742
10263255,-16.4580115,-68.1026495,743
10263255,-16.4581723,-68.1029002,744
10263255,-16.4581954,-68.1029425,745
10263255,-16.458425,-68.10332,746
10263255,-16.4584919,-68.1034099,747
10263255,-16.4586443,-68.1036298,748
10263255,-16.4588047,-68.103896,749
10263255,-16.4588659,-68.1039947,750
10263255,-16.4591657,-68.1044835,751
10263255,-16.4594301,-68.1048353,752
10263255,-16.459459,-68.1049614,753
10263255,-16.4595276,-68.105179,754
10263255,-16.4595854,-68.1053593,755
10263255,-16.4596971,-68.1056616,756
10263255,-16.4597887,-68.1057747,757
10263255,-16.4597887,-68.1057747,758
10263255,-16.4596162,-68.1056972,759
10263255,-16.4595467,-68.1056892,760
10263255,-16.4594779,-68.1056677,761
10263255,-16.4593982,-68.1056302,762
10263255,-16.4592844,-68.1055571,763
10263255,-16.4591187,-68.1053938,764
10263255,-16.4589633,-68.1051808,765
10263255,-16.4587787,-68.1047194,766
10263255,-16.4586925,-68.1044988,767
10263255,-16.4586604,-68.1043741,768
10263255,-16.4586244,-68.1042729,769
10263255,-16.4585858,-68.1042159,770
10263255,-16.4585395,-68.1041716,771
10263255,-16.4584964,-68.1041602,772
10263255,-16.4584501,-68.1041729,773
10263255,-16.4583929,-68.1042092,774
10263255,-16.458361,-68.1042464,775
10263255,-16.4583552,-68.1042732,776
10263255,-16.4583742,-68.1045578,777
10263255,-16.4584324,-68.10514,778
10263255,-16.4584324,-68.105199,779
10263255,-16.4584221,-68.1052204,780
10263255,-16.4583957,-68.1052419,781
10263255,-16.4581931,-68.1052774,782
10263255,-16.458098,-68.1052687,783
10263255,-16.4580311,-68.1052459,784
10263255,-16.4580073,-68.1052204,785
10263255,-16.4579918,-68.1051829,786
10263255,-16.4579112,-68.1046195,787
10263255,-16.4579003,-68.104354,788
10263539,-16.5034574,-68.1625508,0
10263539,-16.503045,-68.1625183,1
10263539,-16.501908,-68.1624792,2
10263539,-16.501908,-68.1624792,3
10263539,-16.5016873,-68.162469,4
10263539,-16.5016873,-68.162469,5
10263539,-16.5014733,-68.1624921,6
10263539,-16.5012081,-68.1625649,7
10263539,-16.5006791,-68.1627185,8
10263539,-16.4999886,-68.1629284,9
10263539,-16.4995753,-68.1629896,10
10263539,-16.4995753,-68.1629896,11
10263539,-16.4989383,-68.1630507,12
10263539,-16.4989383,-68.1630507,13
10263539,-16.4983013,-68.1631118,14
10263539,-16.4981509,-68.1631453,15
10263539,-16.4981509,-68.1631453,16
10263539,-16.4979657,-68.1632138,17
10263539,-16.4978269,-68.1632728,18
10263539,-16.4976275,-68.1633867,19
10263539,-16.4974346,-68.1635369,20
10263539,-16.496617,-68.1642176,21
10263539,-16.4960021,-68.164815,22
10263539,-16.495835,-68.1650028,23
10263539,-16.4956601,-68.165212,24
10263539,-16.4955444,-68.1653836,25
10263539,-16.4953772,-68.1656612,26
10263539,-16.4947428,-68.1666602,27
10263539,-16.4946067,-68.166852,28
10263539,-16.4943478,-68.1671403,29
10263539,-16.4940635,-68.1674,30
10263539,-16.4924093,-68.1686827,31
10263539,-16.492075,-68.1689188,32
10263539,-16.4917549,-68.1690961,33
10263539,-16.4914988,-68.1692138,34
10263539,-16.4911336,-68.1693426,35
10263539,-16.4907916,-68.1694257,36
10263539,-16.4906532,-68.1694395,37
10263539,-16.4904954,-68.1694552,38
10263539,-16.4902332,-68.169469,39
10263539,-16.489982,-68.1694628,40
10263539,-16.48976,-68.1694469,41
10263539,-16.4893163,-68.1693748,42
10263539,-16.4890612,-68.1693091,43
10263539,-16.4887839,-68.1692186,44
10263539,-16.4884843,-68.1690808,45
10263539,-16.4882631,-68.1689632,46
10263539,-16.4880525,-68.1688222,47
10263539,-16.4878622,-68.1686833,48
10263539,-16.487604,-68.1684592,49
10263539,-16.4874021,-68.1682586,50
10263539,-16.4872778,-68.1681164,51
10263539,-16.4871774,-68.1679795,52
10263539,-16.4870512,-68.1677926,53
10263539,-16.4864655,-68.16685,54
10263539,-16.4864344,-68.1667934,55
10263539,-16.4862142,-68.1663902,56
10263539,-16.4861289,-68.166173,57
10263539,-16.4860684,-68.1659608,58
10263539,-16.486023,-68.1656944,59
10263539,-16.486023,-68.1656944,60
10263539,-16.4860062,-68.1654955,61
10263539,-16.4780792,-68.1597387,62
10263539,-16.4775665,-68.1596755,63
10263539,-16.4771834,-68.159615,64
10263539,-16.4765968,-68.1594754,65
10263539,-16.4762473,-68.1593915,66
10263539,-16.4757157,-68.1592639,67
10263539,-16.4755374,-68.1592453,68
10263539,-16.4753725,-68.1592408,69
10263539,-16.4752057,-68.1592522,70
10263539,-16.4750298,-68.159287,71
10263539,-16.4746012,-68.1594218,72
10263539,-16.4743382,-68.159552,73
10263539,-16.4742292,-68.1596028,74
10263539,-16.4734457,-68.1599677,75
10263539,-16.4732875,-68.1600254,76
10263539,-16.4731293,-68.160067,77
10263539,-16.4729441,-68.1601045,78
10263539,-16.4727615,-68.1601286,79
10263539,-16.4724914,-68.160126,80
10263539,-16.4723063,-68.1601032,81
10263539,-16.4720566,-68.1600282,82
10263539,-16.4718738,-68.1599451,83
10263539,-16.4716684,-68.1598,84
10263539,-16.4714549,-68.1596123,85
10263539,-16.4712594,-68.1593602,86
10263539,-16.4711179,-68.1591188,87
10263539,-16.4701663,-68.1571259,88
10263539,-16.4700093,-68.1568684,89
10263539,-16.4698755,-68.1566914,90
10263539,-16.4696647,-68.1564955,91
10263539,-16.4694486,-68.1563132,92
10263539,-16.4692248,-68.1561683,93
10263539,-16.4690344,-68.1560799,94
10263539,-16.468821,-68.1560262,95
10263539,-16.4672761,-68.1556947,96
10263539,-16.4669779,-68.1556075,97
10263539,-16.4667579,-68.1555228,98
10263539,-16.4665776,-68.1554274,99
10263539,-16.4663884,-68.1553041,100
10263539,-16.4661202,-68.1550835,101
10263539,-16.4656245,-68.1546624,102
10263539,-16.4654016,-68.1545,103
10263539,-16.4651596,-68.1543345,104
10263539,-16.464953,-68.1542121,105
10263539,-16.4647616,-68.1541134,106
10263539,-16.4640975,-68.15382,107
10263539,-16.4637108,-68.153603,108
10263539,-16.463423,-68.1533775,109
10263539,-16.4632455,-68.1532005,110
10263539,-16.4631092,-68.1530047,111
10263539,-16.4630063,-68.1528062,112
10263539,-16.4625209,-68.1517052,113
10263539,-16.4808889,-68.1601098,114
10263539,-16.4780792,-68.1597387,115
10263539,-16.4860062,-68.1654955,116
10263539,-16.486012,-68.1651073,117
10263539,-16.4860422,-68.164773,118
10263539,-16.4863828,-68.1618502,119
10263539,-16.4863992,-68.1616181,120
10263539,-16.4864014,-68.1613854,121
10263539,-16.4863796,-68.1611498,122
10263539,-16.4863376,-68.1609122,123
10263539,-16.4862758,-68.1606983,124
10263539,-16.4861976,-68.1605029,125
10263539,-16.4860982,-68.1603118,126
10263539,-16.4859899,-68.1601452,127
10263539,-16.485862,-68.1599846,128
10263539,-16.4857233,-68.1598415,129
10263539,-16.4855884,-68.1597256,130
10263539,-16.4854175,-68.159605,131
10263539,-16.4852527,-68.1595116,132
10263539,-16.4850677,-68.159426,133
10263539,-16.4848842,-68.1593573,134
10263539,-16.4846977,-68.159308,135
10263539,-16.4845152,-68.159274,136
10263539,-16.4843601,-68.1592615,137
10263539,-16.4842191,-68.159261,138
10263539,-16.4840724,-68.1592711,139
10263539,-16.4839211,-68.1592976,140
10263539,-16.4837532,-68.159345,141
10263539,-16.4837232,-68.1593535,142
10263539,-16.4835032,-68.1594359,143
10263539,-16.4832954,-68.1595386,144
10263539,-16.482421,-68.1600015,145
10263539,-16.4822734,-68.1600657,146
10263539,-16.4821613,-68.1601022,147
10263539,-16.4819402,-68.1601623,148
10263539,-16.4817729,-68.1601885,149
10263539,-16.4815403,-68.1601914,150
10263539,-16.4812106,-68.1601503,151
10263539,-16.4808889,-68.1601098,152
10263539,-16.4625209,-68.1517052,153
10263539,-16.4624666,-68.1515574,154
10263539,-16.4624666,-68.1515574,155
10263539,-16.4623519,-68.1512934,156
10263539,-16.4622529,-68.1510898,157
10263539,-16.4621108,-68.150876,158
10263539,-16.4619158,-68.1506467,159
10263539,-16.4617293,-68.1504674,160
10263539,-16.4616155,-68.1503699,161
10263539,-16.4605156,-68.1494473,162
10263539,-16.46036,-68.1493011,163
10263539,-16.4602314,-68.149175,164
10263539,-16.4601195,-68.1490436,165
10263539,-16.4600308,-68.1489001,166
10263539,-16.4599665,-68.1487446,167
10263539,-16.4599202,-68.1486078,168
10263539,-16.4598829,-68.1484602,169
10263539,-16.459862,-68.1482389,170
10263539,-16.4598649,-68.1481075,171
10263539,-16.4598809,-68.1479815,172
10263539,-16.4599099,-68.1478601,173
10263539,-16.4599472,-68.1477441,174
10263539,-16.4599954,-68.1476328,175
10263539,-16.4600539,-68.1475369,176
10263539,-16.460132,-68.1474289,177
10263539,-16.4602056,-68.1473524,178
10263539,-16.4602263,-68.147331,179
10263539,-16.4603613,-68.147213,180
10263539,-16.4604481,-68.1471527,181
10263539,-16.4605523,-68.1470943,182
10263539,-16.4606803,-68.1470373,183
10263539,-16.4607671,-68.1470085,184
10263539,-16.4608623,-68.1469837,185
10263539,-16.4609523,-68.146973,186
10263539,-16.4610584,-68.1469676,187
10263539,-16.4611934,-68.1469783,188
10263539,-16.4613285,-68.1470025,189
10263539,-16.4614944,-68.1470588,190
10263539,-16.4615986,-68.1471138,191
10263539,-16.4617838,-68.1472385,192
10263539,-16.4619381,-68.1473833,193
10263539,-16.4620912,-68.1475778,194
10263539,-16.4622378,-68.1477991,195
10263539,-16.4623535,-68.1480418,196
10263539,-16.4625327,-68.1484968,197
10263539,-16.4627611,-68.1492389,198
10263539,-16.4627611,-68.1492389,199
10263539,-16.462889,-68.1497437,200
10263539,-16.462889,-68.1497437,201
10263539,-16.4630298,-68.1502997,202
10263539,-16.46313,-68.1506959,203
10263539,-16.46313,-68.1506959,204
10263539,-16.4632266,-68.1509575,205
10263539,-16.4633554,-68.1511988,206
10263539,-16.4633554,-68.1511988,207
10263539,-16.4635549,-68.1514855,208
10263539,-16.4637216,-68.1516905,209
10263539,-16.4639291,-68.1518726,210
10263539,-16.4642463,-68.1520713,211
10263539,-16.4646217,-68.1522643,212
10263539,-16.4654032,-68.1525956,213
10263539,-16.4654032,-68.1525956,214
10263539,-16.4655729,-68.1526727,215
10263539,-16.4655729,-68.1526727,216
10263539,-16.4659801,-68.1528575,217
10263539,-16.4661469,-68.1529045,218
10263539,-16.4663176,-68.1529393,219
10263539,-16.4664702,-68.1529561,220
10263539,-16.4666344,-68.1529607,221
10263539,-16.4670225,-68.15292,222
10263539,-16.4699179,-68.1525337,223
10263539,-16.4703906,-68.1525045,224
10263539,-16.4707735,-68.1524768,225
10263539,-16.471635,-68.152479,226
10263539,-16.472134,-68.1524816,227
10263539,-16.4723813,-68.1524894,228
10263539,-16.4726226,-68.1525219,229
10263539,-16.4729081,-68.152597,230
10263539,-16.4743653,-68.1530007,231
10263539,-16.4749062,-68.1531595,232
10263539,-16.4751787,-68.1532078,233
10263539,-16.4753756,-68.1532334,234
10263539,-16.4756765,-68.1532387,235
10263539,-16.4758783,-68.1532155,236
10263539,-16.4761649,-68.153147,237
10263539,-16.4764691,-68.153043,238
10263539,-16.4766215,-68.1529782,239
10263539,-16.4768753,-68.1528189,240
10263539,-16.4771023,-68.1526673,241
10263539,-16.4771936,-68.1525975,242
10263539,-16.4773698,-68.1524366,243
10263539,-16.477984,-68.1518561,244
10263539,-16.4787067,-68.1512266,245
10263539,-16.4794383,-68.1504797,246
10263539,-16.479618,-68.1503046,247
10263539,-16.4797278,-68.1501391,248
10263539,-16.4803374,-68.14905,249
10263539,-16.4804635,-68.1488758,250
10263539,-16.4805612,-68.1487658,251
10263539,-16.4807541,-68.1485914,252
10263539,-16.4809822,-68.1483892,253
10263539,-16.4811905,-68.1482792,254
10263539,-16.4821576,-68.1478956,255
10263539,-16.4830549,-68.1475518,256
10263539,-16.4837304,-68.147276,257
10263539,-16.4841521,-68.1470896,258
10263539,-16.4843374,-68.1469823,259
10263539,-16.4845495,-68.1468295,260
10263539,-16.4847141,-68.1466699,261
10263539,-16.4848646,-68.1464888,262
10263539,-16.4851346,-68.1461803,263
10263539,-16.4853431,-68.145938,264
10263539,-16.4855924,-68.1457078,265
10263539,-16.4857545,-68.1455849,266
10263539,-16.4858844,-68.1455031,267
10263539,-16.4861102,-68.1453813,268
10263539,-16.486872,-68.1450538,269
10263539,-16.486872,-68.1450538,270
10263539,-16.4874396,-68.1448145,271
10263539,-16.4876976,-68.1446984,272
10263539,-16.4878943,-68.1445657,273
10263539,-16.4881387,-68.1443713,274
10263539,-16.4881387,-68.1443713,275
10263539,-16.4885762,-68.1439944,276
10263539,-16.4885762,-68.1439944,277
10263539,-16.4893109,-68.1432639,278
10263539,-16.4894623,-68.1431056,279
10263539,-16.4896664,-68.1428331,280
10263539,-16.4897849,-68.1426394,281
10263539,-16.4899398,-68.1423305,282
10263539,-16.4901016,-68.1419109,283
10263539,-16.4904711,-68.1409424,284
10263539,-16.4905148,-68.1408485,285
10263539,-16.4908291,-68.1401382,286
10263539,-16.4908291,-68.1401382,287
10263539,-16.4908489,-68.1400894,288
10263539,-16.490886,-68.14,289
10263539,-16.4910586,-68.1396044,290
10263539,-16.4911839,-68.1393098,291
10263539,-16.4912133,-68.1392385,292
10263539,-16.4912133,-68.1392385,293
10263539,-16.4912416,-68.1391667,294
10263539,-16.4912416,-68.1391667,295
10263539,-16.4912901,-68.1390937,296
10263539,-16.4913981,-68.1389172,297
10263539,-16.4915614,-68.1386667,298
10263539,-16.4916996,-68.1384745,299
10263539,-16.4919899,-68.1381169,300
10263539,-16.4920617,-68.1380324,301
10263539,-16.4921187,-68.1379684,302
10263539,-16.4921187,-68.1379684,303
10263539,-16.4922436,-68.1378407,304
10263539,-16.492363,-68.137732,305
10263539,-16.4925377,-68.1375886,306
10263539,-16.4926995,-68.1374902,307
10263539,-16.4929478,-68.1373884,308
10263539,-16.4930461,-68.1373525,309
10263539,-16.4932862,-68.1372729,310
10263539,-16.4936373,-68.1371775,311
10263539,-16.4938771,-68.1370783,312
10263539,-16.4942902,-68.1369246,313
10263539,-16.4942902,-68.1369246,314
10263539,-16.4945081,-68.1369601,315
10263539,-16.4946386,-68.1369701,316
10263539,-16.4946386,-68.1369701,317
10263539,-16.4948487,-68.1369589,318
10263539,-16.4950056,-68.1369482,319
10263539,-16.495066,-68.1369334,320
10263539,-16.4950904,-68.1369214,321
10263539,-16.4950904,-68.1369214,322
10263539,-16.4952915,-68.1366208,323
10263539,-16.4952915,-68.1366208,324
10263539,-16.495345,-68.1365466,325
10263539,-16.495345,-68.1365466,326
10263539,-16.4956557,-68.1360938,327
10263539,-16.4960832,-68.1353047,328
10263539,-16.4960832,-68.1353047,329
10263539,-16.4965289,-68.1346025,330
10263539,-16.4965289,-68.1346025,331
10263539,-16.4969219,-68.1338728,332
10263539,-16.4969219,-68.1338728,333
10263539,-16.4973784,-68.1331382,334
10263539,-16.4973784,-68.1331382,335
10263539,-16.4978339,-68.1324068,336
10263539,-16.4978339,-68.1324068,337
10263539,-16.4971209,-68.1319115,338
10263539,-16.4971209,-68.1319115,339
10263539,-16.4964466,-68.1314402,340
10263539,-16.4964466,-68.1314402,341
10263539,-16.4961107,-68.1311694,342
10263539,-16.4960758,-68.131117,343
10263539,-16.4960737,-68.1310545,344
10263539,-16.4960846,-68.1310027,345
10263539,-16.4960966,-68.130838,346
10263539,-16.4961063,-68.1307462,347
10263539,-16.4960713,-68.1306921,348
10263539,-16.4960266,-68.1306832,349
10263539,-16.4959015,-68.130733,350
10263539,-16.4959015,-68.130733,351
10263539,-16.4958565,-68.1308175,352
10263539,-16.4958565,-68.1308175,353
10263539,-16.4954549,-68.1308307,354
10263539,-16.4950977,-68.1308424,355
10263539,-16.4949894,-68.1308274,356
10263539,-16.4960026,-68.1286871,357
10263539,-16.4958775,-68.1288886,358
10263539,-16.4956292,-68.1294275,359
10263539,-16.4954685,-68.1297784,360
10263539,-16.4952492,-68.1302909,361
10263539,-16.4949894,-68.1308274,362
10263539,-16.4962349,-68.1283486,363
10263539,-16.4961874,-68.1284043,364
10263539,-16.4960636,-68.1285879,365
10263539,-16.4960026,-68.1286871,366
10263539,-16.4963862,-68.1281183,367
10263539,-16.4962349,-68.1283486,368
10263539,-16.4964287,-68.1280634,369
10263539,-16.4963862,-68.1281183,370
10263539,-16.496472,-68.1280073,371
10263539,-16.4964287,-68.1280634,372
10263539,-16.496516,-68.1279505,373
10263539,-16.496472,-68.1280073,374
10263539,-16.4966276,-68.1277853,375
10263539,-16.4966118,-68.1278254,376
10263539,-16.496516,-68.1279505,377
10263539,-16.496346,-68.1261954,378
10263539,-16.4964185,-68.126289,379
10263539,-16.4964561,-68.1264639,380
10263539,-16.4964551,-68.1267063,381
10263539,-16.4964472,-68.1270058,382
10263539,-16.496457,-68.1272731,383
10263539,-16.4964821,-68.1274418,384
10263539,-16.4965562,-68.1276401,385
10263539,-16.4966125,-68.1277388,386
10263539,-16.4966276,-68.1277853,387
10263539,-16.4962399,-68.1260798,388
10263539,-16.496346,-68.1261954,389
10263539,-16.4962399,-68.1260798,390
10263539,-16.4961532,-68.1260512,391
10263539,-16.4960783,-68.1260264,392
10263539,-16.4958537,-68.125952,393
10263539,-16.4953015,-68.1257535,394
10263539,-16.4951346,-68.1257172,395
10263539,-16.4949621,-68.1257101,396
10263539,-16.4947559,-68.1257376,397
10263539,-16.4946356,-68.1257431,398
10263539,-16.4945693,-68.1257461,399
10263539,-16.4944581,-68.1257349,400
10263539,-16.4943568,-68.1256927,401
10263539,-16.4942336,-68.1255896,402
10263539,-16.4936129,-68.1250598,403
10263539,-16.4934851,-68.1249543,404
10263539,-16.4933742,-68.1248889,405
10263539,-16.4932977,-68.1248585,406
10263539,-16.4931991,-68.1248597,407
10263539,-16.4930875,-68.1249053,408
10263539,-16.4929657,-68.1249834,409
10263539,-16.4928679,-68.1250681,410
10263539,-16.4926862,-68.1251878,411
10263539,-16.4926862,-68.1251878,412
10263539,-16.4925621,-68.1251825,413
10263539,-16.4924027,-68.1251785,414
10263539,-16.492254,-68.125161,415
10263539,-16.4922273,-68.1251592,416
10263539,-16.4922273,-68.1251592,417
10263539,-16.4921051,-68.1251251,418
10263539,-16.4919699,-68.1251044,419
10263539,-16.4918,-68.1251032,420
10263539,-16.4915835,-68.1251068,421
10263539,-16.4912751,-68.1251524,422
10263539,-16.4907929,-68.1252364,423
10263539,-16.490701,-68.1252716,424
10263539,-16.4891896,-68.1255627,425
10263539,-16.4892455,-68.125578,426
10263539,-16.4893005,-68.1255852,427
10263539,-16.4893699,-68.1255795,428
10263539,-16.4898504,-68.1253967,429
10263539,-16.4900316,-68.1253436,430
10263539,-16.4901173,-68.125329,431
10263539,-16.490701,-68.1252716,432
10263539,-16.4889591,-68.1253396,433
10263539,-16.4891896,-68.1255627,434
10263539,-16.4887759,-68.1251606,435
10263539,-16.4889591,-68.1253396,436
10263539,-16.4887759,-68.1251606,437
10263539,-16.4887188,-68.1251088,438
10263539,-16.4884411,-68.1249739,439
10263539,-16.4880707,-68.1248325,440
10263539,-16.4877033,-68.124693,441
10263539,-16.4870875,-68.1244187,442
10263539,-16.4869292,-68.1243508,443
10263539,-16.4866821,-68.1242541,444
10263539,-16.4863796,-68.1241643,445
10263539,-16.4861604,-68.1241127,446
10263539,-16.4859422,-68.1240199,447
10263539,-16.4858168,-68.1239494,448
10263539,-16.4857551,-68.123912,449
10263539,-16.4855088,-68.1237362,450
10263539,-16.4853997,-68.1236633,451
10263539,-16.485188,-68.123554,452
10263539,-16.4842145,-68.1232006,453
10263539,-16.4839926,-68.1231109,454
10263539,-16.4837494,-68.1230066,455
10263539,-16.4835306,-68.122897,456
10263539,-16.4829509,-68.1225101,457
10263539,-16.4826633,-68.1222777,458
10263539,-16.4824628,-68.1221025,459
10263539,-16.4824628,-68.1221025,460
10263539,-16.4823958,-68.1220374,461
10263539,-16.4823444,-68.1219875,462
10263539,-16.4822343,-68.1218721,463
10263539,-16.4822343,-68.1218721,464
10263539,-16.4820872,-68.1218867,465
10263539,-16.4820872,-68.1218867,466
10263539,-16.4819422,-68.121858,467
10263539,-16.4819133,-68.1218519,468
10263539,-16.4819133,-68.1218519,469
10263539,-16.4818832,-68.1217971,470
10263539,-16.4818832,-68.1217971,471
10263539,-16.4812919,-68.1216015,472
10263539,-16.480885,-68.1214418,473
10263539,-16.4799347,-68.1211092,474
10263539,-16.4798517,-68.1210634,475
10263539,-16.4797069,-68.120983,476
10263539,-16.4795826,-68.1209139,477
10263539,-16.4799101,-68.1211608,478
10263539,-16.4802407,-68.1212835,479
10263539,-16.4796805,-68.1210392,480
10263539,-16.4799101,-68.1211608,481
10263539,-16.4795826,-68.1209139,482
10263539,-16.4786237,-68.1203517,483
10263539,-16.4785789,-68.1203254,484
10263539,-16.4785789,-68.1203254,485
10263539,-16.4785743,-68.1203014,486
10263539,-16.4785623,-68.1202804,487
10263539,-16.4785442,-68.1202649,488
10263539,-16.4785221,-68.1202567,489
10263539,-16.4784986,-68.1202566,490
10263539,-16.4784765,-68.1202648,491
10263539,-16.4784765,-68.1202648,492
10263539,-16.478447,-68.120246,493
10263539,-16.4772972,-68.1195129,494
10263539,-16.4772972,-68.1195129,495
10263539,-16.4763715,-68.1189594,496
10263539,-16.4756164,-68.1185089,497
10263539,-16.4756164,-68.1185089,498
10263539,-16.475113,-68.1182041,499
10263539,-16.475113,-68.1182041,500
10263539,-16.4751223,-68.118169,501
10263539,-16.475126,-68.11813,502
10263539,-16.475126,-68.11813,503
10263539,-16.4751256,-68.118098,504
10263539,-16.4751208,-68.1180665,505
10263539,-16.4751119,-68.1180359,506
10263539,-16.4750988,-68.118007,507
10263539,-16.475082,-68.1179803,508
10263539,-16.4750617,-68.1179564,509
10263539,-16.4750617,-68.1179564,510
10263539,-16.4750405,-68.1179358,511
10263539,-16.4750167,-68.1179184,512
10263539,-16.4749828,-68.1179005,513
10263539,-16.4749465,-68.1178887,514
10263539,-16.4749089,-68.1178833,515
10263539,-16.4748709,-68.1178844,516
10263539,-16.4748709,-68.1178844,517
10263539,-16.4748268,-68.1178948,518
10263539,-16.4747861,-68.1179123,519
10263539,-16.4747441,-68.117943,520
10263539,-16.4739382,-68.1174615,521
10263539,-16.4736623,-68.1172795,522
10263539,-16.4732237,-68.1169718,523
10263539,-16.4747441,-68.117943,524
10263539,-16.4746087,-68.117873,525
10263539,-16.4743913,-68.1177439,526
10263539,-16.4742546,-68.1176628,527
10263539,-16.4739382,-68.1174615,528
10263539,-16.4732237,-68.1169718,529
10263539,-16.4730157,-68.1168253,530
10263539,-16.472466,-68.1164382,531
10263539,-16.4721956,-68.1162821,532
10263539,-16.4721386,-68.1162603,533
10263539,-16.4720832,-68.116238,534
10263539,-16.4720064,-68.1162152,535
10263539,-16.4719415,-68.1162,536
10263539,-16.4717221,-68.1161525,537
10263539,-16.4713409,-68.1160802,538
10263539,-16.4710347,-68.1160424,539
10263539,-16.4708364,-68.1160329,540
10263539,-16.470274,-68.1160279,541
10263539,-16.4697861,-68.1160024,542
10263539,-16.4697861,-68.1160024,543
10263539,-16.4696711,-68.1160203,544
10263539,-16.4696162,-68.116032,545
10263539,-16.4695535,-68.1160623,546
10263539,-16.469493,-68.116095,547
10263539,-16.4694416,-68.11613,548
10263539,-16.4694416,-68.11613,549
10263539,-16.4692658,-68.1162427,550
10263539,-16.469149,-68.1162875,551
10263539,-16.469035,-68.1163311,552
10263539,-16.4689103,-68.1163318,553
10263539,-16.4687782,-68.1163107,554
10263539,-16.4686491,-68.1162613,555
10263539,-16.4685901,-68.1162257,556
10263539,-16.468544,-68.11619,557
10263539,-16.4685088,-68.1161531,558
10263539,-16.4684658,-68.1161048,559
10263539,-16.4684,-68.1159838,560
10263539,-16.4684,-68.1159838,561
10263539,-16.4683776,-68.1158828,562
10263539,-16.4683764,-68.1158117,563
10263539,-16.4683847,-68.11575,564
10263539,-16.4684111,-68.1156608,565
10263539,-16.4684317,-68.1156132,566
10263539,-16.4684619,-68.1155603,567
10263539,-16.4685539,-68.115457,568
10263539,-16.4686847,-68.1153332,569
10263539,-16.4687355,-68.1152678,570
10263539,-16.4687909,-68.115204,571
10263539,-16.4687909,-68.115204,572
10263539,-16.4688198,-68.1151217,573
10263539,-16.4688477,-68.1149923,574
10263539,-16.4688522,-68.1148984,575
10263539,-16.4688465,-68.1148213,576
10263539,-16.4688104,-68.1147737,577
10263539,-16.4688104,-68.1147737,578
10263539,-16.4687577,-68.1146657,579
10263539,-16.4686956,-68.1145785,580
10263539,-16.468608,-68.1144831,581
10263539,-16.468608,-68.1144831,582
10263539,-16.4685044,-68.1143809,583
10263539,-16.4681204,-68.1140877,584
10263539,-16.4680304,-68.1140019,585
10263539,-16.4679764,-68.1139174,586
10263539,-16.4679378,-68.1138664,587
10263539,-16.4678851,-68.1137793,588
10263539,-16.4678324,-68.1136854,589
10263539,-16.4677385,-68.1135084,590
10263539,-16.4677205,-68.1134668,591
10263539,-16.4677012,-68.1134051,592
10263539,-16.4676682,-68.1133003,593
10263539,-16.4676443,-68.11321,594
10263539,-16.46762,-68.1131377,595
10263539,-16.4676016,-68.1130705,596
10263539,-16.4675791,-68.1130071,597
10263539,-16.4675132,-68.1128256,598
10263539,-16.46744,-68.1126469,599
10263539,-16.4673229,-68.1124118,600
10263539,-16.4671745,-68.1121961,601
10263539,-16.4675089,-68.1106438,602
10263539,-16.4674993,-68.1107383,603
10263539,-16.4674973,-68.1108423,604
10263539,-16.467525,-68.111136,605
10263539,-16.467552,-68.1113961,606
10263539,-16.4675623,-68.1115986,607
10263539,-16.4675481,-68.1117676,608
10263539,-16.4674707,-68.1120708,609
10263539,-16.4673229,-68.1124118,610
10263540,-16.4982332,-68.1452617,0
10263540,-16.4983296,-68.1454441,1
10263540,-16.4983875,-68.1456546,2
10263540,-16.4984363,-68.1458478,3
10263540,-16.4984788,-68.1460342,4
10263540,-16.4985071,-68.1461723,5
10263540,-16.4985337,-68.1463299,6
10263540,-16.4984762,-68.1466042,7
10263540,-16.4984042,-68.1469032,8
10263540,-16.4983476,-68.1472425,9
10263540,-16.4983386,-68.147323,10
10263540,-16.4980318,-68.1452334,11
10263540,-16.4982332,-68.1452617,12
10263540,-16.4959892,-68.1454268,13
10263540,-16.4961258,-68.1454015,14
10263540,-16.4962892,-68.1452997,15
10263540,-16.4965894,-68.1450855,16
10263540,-16.4966775,-68.1450289,17
10263540,-16.496838,-68.1449677,18
10263540,-16.4968962,-68.1449442,19
10263540,-16.4980318,-68.1452334,20
10263540,-16.4959892,-68.1454268,21
10263540,-16.4959323,-68.1455582,22
10263540,-16.4958227,-68.1458216,23
10263540,-16.4959323,-68.1455582,24
10263540,-16.4958547,-68.1459606,25
10263540,-16.4958227,-68.1458216,26
10263540,-16.4958209,-68.1460784,27
10263540,-16.495837,-68.146053,28
10263540,-16.4958515,-68.1460054,29
10263540,-16.4958547,-68.1459606,30
10263540,-16.495808,-68.1460882,31
10263540,-16.4958209,-68.1460784,32
10263540,-16.4956707,-68.146439,33
10263540,-16.4957087,-68.1463194,34
10263540,-16.4957556,-68.1462032,35
10263540,-16.495808,-68.1460882,36
10263540,-16.4956707,-68.146439,37
10263540,-16.4956208,-68.1468596,38
10263540,-16.4955918,-68.1475081,39
10263540,-16.4955913,-68.1476959,40
10263540,-16.4955913,-68.1476959,41
10263540,-16.4956634,-68.1481323,42
10263540,-16.4958304,-68.1487893,43
10263540,-16.4971082,-68.1483039,44
10263540,-16.4967301,-68.1485313,45
10263540,-16.4964793,-68.148621,46
10263540,-16.496443,-68.1486325,47
10263540,-16.4958304,-68.1487893,48
10263540,-16.4975545,-68.1496687,49
10263540,-16.4973796,-68.1489539,50
10263540,-16.4973531,-68.1488236,51
10263540,-16.4973326,-68.1487131,52
10263540,-16.4971082,-68.1483039,53
10263540,-16.4976065,-68.1498228,54
10263540,-16.4975545,-68.1496687,55
10263540,-16.4983399,-68.1511035,56
10263540,-16.4983056,-68.1510437,57
10263540,-16.4980567,-68.1506089,58
10263540,-16.4978295,-68.1502121,59
10263540,-16.4976065,-68.1498228,60
10263540,-16.498614,-68.151576,61
10263540,-16.4983736,-68.1511689,62
10263540,-16.4983399,-68.1511035,63
10263540,-16.498866,-68.1520612,64
10263540,-16.4988562,-68.1520135,65
10263540,-16.4988317,-68.1519377,66
10263540,-16.498614,-68.151576,67
10263540,-16.4966631,-68.1568495,68
10263540,-16.4969771,-68.1562681,69
10263540,-16.497036,-68.1561548,70
10263540,-16.4973195,-68.1555936,71
10263540,-16.4973613,-68.1555178,72
10263540,-16.4978139,-68.1544159,73
10263540,-16.4980022,-68.1539453,74
10263540,-16.4982948,-68.1532657,75
10263540,-16.4985198,-68.1527855,76
10263540,-16.4985573,-68.1527009,77
10263540,-16.4985883,-68.152634,78
10263540,-16.4986787,-68.1524524,79
10263540,-16.4987745,-68.1522561,80
10263540,-16.498866,-68.1520612,81
10263540,-16.4966631,-68.1568495,82
10263540,-16.4963109,-68.1576151,83
10263540,-16.4961949,-68.1578228,84
10263540,-16.4960668,-68.1580268,85
10263540,-16.4959879,-68.1581309,86
10263540,-16.4958907,-68.1582429,87
10263540,-16.4957381,-68.1583906,88
10263540,-16.4955932,-68.158506,89
10263540,-16.4955932,-68.158506,90
10263540,-16.4953964,-68.1586319,91
10263540,-16.495244,-68.1587091,92
10263540,-16.4950612,-68.1587813,93
10263540,-16.4948159,-68.1588773,94
10263540,-16.4944291,-68.1590388,95
10263540,-16.4944291,-68.1590388,96
10263540,-16.4941821,-68.1592035,97
10263540,-16.4940866,-68.1592764,98
10263540,-16.4939151,-68.1594509,99
10263540,-16.4937839,-68.1596119,100
10263540,-16.4936757,-68.1597809,101
10263540,-16.4935545,-68.1600432,102
10263540,-16.4934643,-68.1603874,103
10263540,-16.4933856,-68.1607292,104
10263540,-16.493358,-68.1608429,105
10263540,-16.4932817,-68.1610747,106
10263540,-16.4931947,-68.1612542,107
10263540,-16.4931013,-68.1613942,108
10263540,-16.4930359,-68.1614733,109
10263540,-16.4929756,-68.1615364,110
10263540,-16.492825,-68.1616628,111
10263540,-16.4925996,-68.161878,112
10263540,-16.4924845,-68.1620235,113
10263540,-16.4923977,-68.1621509,114
10263540,-16.4923186,-68.1622884,115
10263540,-16.4922498,-68.1624486,116
10263540,-16.4921924,-68.162612,117
10263540,-16.4921386,-68.1627698,118
10263540,-16.4921386,-68.1627698,119
10263540,-16.4920852,-68.1634516,120
10263540,-16.4920626,-68.1635396,121
10263540,-16.4920322,-68.163622,122
10263540,-16.4919737,-68.163735,123
10263540,-16.4919258,-68.1638049,124
10263540,-16.4918692,-68.1638717,125
10263540,-16.4918692,-68.1638717,126
10263540,-16.4913792,-68.1644607,127
10263540,-16.4913593,-68.1644901,128
10263540,-16.4913416,-68.1645166,129
10263540,-16.4913201,-68.1645488,130
10263540,-16.4912925,-68.1645964,131
10263540,-16.4912732,-68.1646413,132
10263540,-16.4912614,-68.1646695,133
10263540,-16.4912513,-68.1647003,134
10263540,-16.4912417,-68.1647783,135
10263540,-16.4912456,-68.1648314,136
10263540,-16.4912595,-68.1648923,137
10263540,-16.4912896,-68.1649629,138
10263540,-16.4913388,-68.1650236,139
10263540,-16.4914112,-68.1650711,140
10263540,-16.4914717,-68.1650892,141
10263540,-16.4915477,-68.1650905,142
10263540,-16.491651,-68.1650629,143
10263540,-16.4916752,-68.1650514,144
10263540,-16.4917302,-68.1650188,145
10263540,-16.4921976,-68.1647337,146
10263540,-16.492284,-68.1646844,147
10263540,-16.4924005,-68.164631,148
10263540,-16.4924784,-68.1646039,149
10263540,-16.4925744,-68.1645745,150
10263540,-16.4926686,-68.1645492,151
10263540,-16.4927228,-68.1645429,152
10263540,-16.4927741,-68.1645501,153
10263540,-16.4927741,-68.1645501,154
10263540,-16.4928291,-68.1645759,155
10263540,-16.4928291,-68.1645759,156
10263540,-16.4928877,-68.1646219,157
10263540,-16.4928877,-68.1646219,158
10263540,-16.4929134,-68.164678,159
10263540,-16.4929293,-68.1647318,160
10263540,-16.4929298,-68.1647719,161
10263540,-16.4929047,-68.1648721,162
10263540,-16.492855,-68.1649497,163
10263540,-16.4927224,-68.1650815,164
10263540,-16.492575,-68.1652306,165
10263540,-16.4925283,-68.1652715,166
10263540,-16.4924609,-68.1653095,167
10263540,-16.4923886,-68.1653293,168
10263540,-16.4922449,-68.1653635,169
10263540,-16.4920332,-68.1654242,170
10263540,-16.4918754,-68.1655016,171
10263540,-16.4918085,-68.1655416,172
10263540,-16.4917089,-68.1656011,173
10263540,-16.4914239,-68.1657998,174
10263540,-16.4913386,-68.1658881,175
10263540,-16.4913043,-68.1659403,176
10263540,-16.4912949,-68.1659588,177
10263540,-16.4912828,-68.1659935,178
10263540,-16.491276,-68.1660324,179
10263540,-16.4912697,-68.1661338,180
10263540,-16.4912544,-68.166236,181
10263540,-16.49124,-68.1662849,182
10263540,-16.4912059,-68.1663579,183
10263540,-16.4911817,-68.1663946,184
10263540,-16.4911088,-68.1664711,185
10263540,-16.4911088,-68.1664711,186
10263540,-16.4906506,-68.1668984,187
10263540,-16.4906506,-68.1668984,188
10263540,-16.4897885,-68.1675062,189
10263540,-16.4897885,-68.1675062,190
10263540,-16.4896768,-68.1675921,191
10263540,-16.4895539,-68.1676692,192
10263540,-16.4894574,-68.1677117,193
10263540,-16.4893722,-68.1677248,194
10263540,-16.489223,-68.1677056,195
10263540,-16.4891016,-68.167662,196
10263540,-16.4890054,-68.1676213,197
10263540,-16.4888412,-68.1675223,198
10263540,-16.4883691,-68.1672285,199
10263540,-16.4882598,-68.1671641,200
10263540,-16.4881161,-68.1670844,201
10263540,-16.4880313,-68.1670481,202
10263540,-16.4878946,-68.1670111,203
10263540,-16.503961,-68.161127,204
10263540,-16.5038953,-68.1611115,205
10263540,-16.5038002,-68.1610922,206
10263540,-16.5037188,-68.1610948,207
10263540,-16.5036579,-68.1611027,208
10263540,-16.5035527,-68.161146,209
10263540,-16.5032,-68.161335,210
10263540,-16.5029724,-68.161475,211
10263540,-16.5027401,-68.161634,212
10263540,-16.502462,-68.1618301,213
10263540,-16.5024264,-68.1618454,214
10263540,-16.5019675,-68.1620415,215
10263540,-16.5016697,-68.1621608,216
10263540,-16.5006622,-68.1624761,217
10263540,-16.4999307,-68.1626859,218
10263540,-16.4997077,-68.1627342,219
10263540,-16.4995526,-68.1627607,220
10263540,-16.4992377,-68.1627944,221
10263540,-16.4991013,-68.1627928,222
10263540,-16.4984683,-68.1628036,223
10263540,-16.4980512,-68.1627668,224
10263540,-16.4979019,-68.1627534,225
10263540,-16.4977437,-68.162759,226
10263540,-16.497632,-68.1627756,227
10263540,-16.4975226,-68.1628192,228
10263540,-16.4974362,-68.1628686,229
10263540,-16.4973617,-68.1629373,230
10263540,-16.4973256,-68.1629882,231
10263540,-16.4972096,-68.1631822,232
10263540,-16.4971569,-68.1632703,233
10263540,-16.4970458,-68.1634426,234
10263540,-16.496946,-68.1635976,235
10263540,-16.4968483,-68.1636915,236
10263540,-16.4966837,-68.1638154,237
10263540,-16.4964635,-68.163949,238
10263540,-16.4958196,-68.1643186,239
10263540,-16.4955804,-68.1644725,240
10263540,-16.4955074,-68.1645259,241
10263540,-16.4954746,-68.1645499,242
10263540,-16.4953402,-68.1646958,243
10263540,-16.4952763,-68.1647949,244
10263540,-16.4950531,-68.165141,245
10263540,-16.4946721,-68.1657911,246
10263540,-16.4945315,-68.1660504,247
10263540,-16.4944071,-68.1662455,248
10263540,-16.4942955,-68.1663823,249
10263540,-16.4941191,-68.166548,250
10263540,-16.493797,-68.1668136,251
10263540,-16.4933904,-68.1671458,252
10263540,-16.4932574,-68.1672533,253
10263540,-16.4931739,-68.1673139,254
10263540,-16.493064,-68.1673961,255
10263540,-16.4928486,-68.1675458,256
10263540,-16.4925112,-68.1677518,257
10263540,-16.4918445,-68.1681466,258
10263540,-16.491647,-68.1682496,259
10263540,-16.4915221,-68.1683032,260
10263540,-16.4914086,-68.168338,261
10263540,-16.4912457,-68.1683749,262
10263540,-16.4911178,-68.1684039,263
10263540,-16.4910353,-68.1684226,264
10263540,-16.4900833,-68.1686702,265
10263540,-16.4898193,-68.1687099,266
10263540,-16.4895845,-68.1687173,267
10263540,-16.4893406,-68.168692,268
10263540,-16.4891508,-68.1686434,269
10263540,-16.488964,-68.1685672,270
10263540,-16.4888488,-68.1685071,271
10263540,-16.48875,-68.1684213,272
10263540,-16.488676,-68.1683269,273
10263540,-16.4886184,-68.1682325,274
10263540,-16.4880406,-68.1672605,275
10263540,-16.4878946,-68.1670111,276
10263540,-16.5040619,-68.1611709,277
10263540,-16.503961,-68.161127,278
10263580,-16.5034574,-68.1625508,0
10263580,-16.503045,-68.1625183,1
10263580,-16.501908,-68.1624792,2
10263580,-16.501908,-68.1624792,3
10263580,-16.5016873,-68.162469,4
10263580,-16.5016873,-68.162469,5
10263580,-16.5014733,-68.1624921,6
10263580,-16.5012081,-68.1625649,7
10263580,-16.5006791,-68.1627185,8
10263580,-16.4999886,-68.1629284,9
10263580,-16.4995753,-68.1629896,10
10263580,-16.4995753,-68.1629896,11
10263580,-16.4989383,-68.1630507,12
10263580,-16.4989383,-68.1630507,13
10263580,-16.4983013,-68.1631118,14
10263580,-16.4981509,-68.1631453,15
10263580,-16.4981509,-68.1631453,16
10263580,-16.4979657,-68.1632138,17
10263580,-16.4978269,-68.1632728,18
10263580,-16.4976275,-68.1633867,19
10263580,-16.4974346,-68.1635369,20
10263580,-16.496617,-68.1642176,21
10263580,-16.4960021,-68.164815,22
10263580,-16.495835,-68.1650028,23
10263580,-16.4956601,-68.165212,24
10263580,-16.4955444,-68.1653836,25
10263580,-16.4953772,-68.1656612,26
10263580,-16.4947428,-68.1666602,27
10263580,-16.4946067,-68.166852,28
10263580,-16.4943478,-68.1671403,29
10263580,-16.4940635,-68.1674,30
10263580,-16.4924093,-68.1686827,31
10263580,-16.492075,-68.1689188,32
10263580,-16.4917549,-68.1690961,33
10263580,-16.4914988,-68.1692138,34
10263580,-16.4911336,-68.1693426,35
10263580,-16.4907916,-68.1694257,36
10263580,-16.4906532,-68.1694395,37
10263580,-16.4904954,-68.1694552,38
10263580,-16.4902332,-68.169469,39
10263580,-16.489982,-68.1694628,40
10263580,-16.48976,-68.1694469,41
10263580,-16.4893163,-68.1693748,42
10263580,-16.4890612,-68.1693091,43
10263580,-16.4887839,-68.1692186,44
10263580,-16.4884843,-68.1690808,45
10263580,-16.4882631,-68.1689632,46
10263580,-16.4880525,-68.1688222,47
10263580,-16.4878622,-68.1686833,48
10263580,-16.487604,-68.1684592,49
10263580,-16.4874021,-68.1682586,50
10263580,-16.4872778,-68.1681164,51
10263580,-16.4871774,-68.1679795,52
10263580,-16.4870512,-68.1677926,53
10263580,-16.4864655,-68.16685,54
10263580,-16.4864344,-68.1667934,55
10263580,-16.4862142,-68.1663902,56
10263580,-16.4861289,-68.166173,57
10263580,-16.4860684,-68.1659608,58
10263580,-16.486023,-68.1656944,59
10263580,-16.486023,-68.1656944,60
10263580,-16.4860062,-68.1654955,61
10263580,-16.4780792,-68.1597387,62
10263580,-16.4775665,-68.1596755,63
10263580,-16.4771834,-68.159615,64
10263580,-16.4765968,-68.1594754,65
10263580,-16.4762473,-68.1593915,66
10263580,-16.4757157,-68.1592639,67
10263580,-16.4755374,-68.1592453,68
10263580,-16.4753725,-68.1592408,69
10263580,-16.4752057,-68.1592522,70
10263580,-16.4750298,-68.159287,71
10263580,-16.4746012,-68.1594218,72
10263580,-16.4743382,-68.159552,73
10263580,-16.4742292,-68.1596028,74
10263580,-16.4734457,-68.1599677,75
10263580,-16.4732875,-68.1600254,76
10263580,-16.4731293,-68.160067,77
10263580,-16.4729441,-68.1601045,78
10263580,-16.4727615,-68.1601286,79
10263580,-16.4724914,-68.160126,80
10263580,-16.4723063,-68.1601032,81
10263580,-16.4720566,-68.1600282,82
10263580,-16.4718738,-68.1599451,83
10263580,-16.4716684,-68.1598,84
10263580,-16.4714549,-68.1596123,85
10263580,-16.4712594,-68.1593602,86
10263580,-16.4711179,-68.1591188,87
10263580,-16.4701663,-68.1571259,88
10263580,-16.4700093,-68.1568684,89
10263580,-16.4698755,-68.1566914,90
10263580,-16.4696647,-68.1564955,91
10263580,-16.4694486,-68.1563132,92
10263580,-16.4692248,-68.1561683,93
10263580,-16.4690344,-68.1560799,94
10263580,-16.468821,-68.1560262,95
10263580,-16.4672761,-68.1556947,96
10263580,-16.4669779,-68.1556075,97
10263580,-16.4667579,-68.1555228,98
10263580,-16.4665776,-68.1554274,99
10263580,-16.4663884,-68.1553041,100
10263580,-16.4661202,-68.1550835,101
10263580,-16.4656245,-68.1546624,102
10263580,-16.4654016,-68.1545,103
10263580,-16.4651596,-68.1543345,104
10263580,-16.464953,-68.1542121,105
10263580,-16.4647616,-68.1541134,106
10263580,-16.4640975,-68.15382,107
10263580,-16.4637108,-68.153603,108
10263580,-16.463423,-68.1533775,109
10263580,-16.4632455,-68.1532005,110
10263580,-16.4631092,-68.1530047,111
10263580,-16.4630063,-68.1528062,112
10263580,-16.4625209,-68.1517052,113
10263580,-16.4808889,-68.1601098,114
10263580,-16.4780792,-68.1597387,115
10263580,-16.4860062,-68.1654955,116
10263580,-16.486012,-68.1651073,117
10263580,-16.4860422,-68.164773,118
10263580,-16.4863828,-68.1618502,119
10263580,-16.4863992,-68.1616181,120
10263580,-16.4864014,-68.1613854,121
10263580,-16.4863796,-68.1611498,122
10263580,-16.4863376,-68.1609122,123
10263580,-16.4862758,-68.1606983,124
10263580,-16.4861976,-68.1605029,125
10263580,-16.4860982,-68.1603118,126
10263580,-16.4859899,-68.1601452,127
10263580,-16.485862,-68.1599846,128
10263580,-16.4857233,-68.1598415,129
10263580,-16.4855884,-68.1597256,130
10263580,-16.4854175,-68.159605,131
10263580,-16.4852527,-68.1595116,132
10263580,-16.4850677,-68.159426,133
10263580,-16.4848842,-68.1593573,134
10263580,-16.4846977,-68.159308,135
10263580,-16.4845152,-68.159274,136
10263580,-16.4843601,-68.1592615,137
10263580,-16.4842191,-68.159261,138
10263580,-16.4840724,-68.1592711,139
10263580,-16.4839211,-68.1592976,140
10263580,-16.4837532,-68.159345,141
10263580,-16.4837232,-68.1593535,142
10263580,-16.4835032,-68.1594359,143
10263580,-16.4832954,-68.1595386,144
10263580,-16.482421,-68.1600015,145
10263580,-16.4822734,-68.1600657,146
10263580,-16.4821613,-68.1601022,147
10263580,-16.4819402,-68.1601623,148
10263580,-16.4817729,-68.1601885,149
10263580,-16.4815403,-68.1601914,150
10263580,-16.4812106,-68.1601503,151
10263580,-16.4808889,-68.1601098,152
10263580,-16.4625209,-68.1517052,153
10263580,-16.4624666,-68.1515574,154
10263580,-16.4624666,-68.1515574,155
10263580,-16.4623519,-68.1512934,156
10263580,-16.4622529,-68.1510898,157
10263580,-16.4621108,-68.150876,158
10263580,-16.4619158,-68.1506467,159
10263580,-16.4617293,-68.1504674,160
10263580,-16.4616155,-68.1503699,161
10263580,-16.4605156,-68.1494473,162
10263580,-16.46036,-68.1493011,163
10263580,-16.4602314,-68.149175,164
10263580,-16.4601195,-68.1490436,165
10263580,-16.4600308,-68.1489001,166
10263580,-16.4599665,-68.1487446,167
10263580,-16.4599202,-68.1486078,168
10263580,-16.4598829,-68.1484602,169
10263580,-16.459862,-68.1482389,170
10263580,-16.4598649,-68.1481075,171
10263580,-16.4598809,-68.1479815,172
10263580,-16.4599099,-68.1478601,173
10263580,-16.4599472,-68.1477441,174
10263580,-16.4599954,-68.1476328,175
10263580,-16.4600539,-68.1475369,176
10263580,-16.460132,-68.1474289,177
10263580,-16.4602056,-68.1473524,178
10263580,-16.4602263,-68.147331,179
10263580,-16.4603613,-68.147213,180
10263580,-16.4604481,-68.1471527,181
10263580,-16.4605523,-68.1470943,182
10263580,-16.4606803,-68.1470373,183
10263580,-16.4607671,-68.1470085,184
10263580,-16.4608623,-68.1469837,185
10263580,-16.4609523,-68.146973,186
10263580,-16.4610584,-68.1469676,187
10263580,-16.4611934,-68.1469783,188
10263580,-16.4613285,-68.1470025,189
10263580,-16.4614944,-68.1470588,190
10263580,-16.4615986,-68.1471138,191
10263580,-16.4617838,-68.1472385,192
10263580,-16.4619381,-68.1473833,193
10263580,-16.4620912,-68.1475778,194
10263580,-16.4622378,-68.1477991,195
10263580,-16.4623535,-68.1480418,196
10263580,-16.4625327,-68.1484968,197
10263580,-16.4627611,-68.1492389,198
10263580,-16.4627611,-68.1492389,199
10263580,-16.462889,-68.1497437,200
10263580,-16.462889,-68.1497437,201
10263580,-16.4630298,-68.1502997,202
10263580,-16.46313,-68.1506959,203
10263580,-16.46313,-68.1506959,204
10263580,-16.4632266,-68.1509575,205
10263580,-16.4633554,-68.1511988,206
10263580,-16.4633554,-68.1511988,207
10263580,-16.4635549,-68.1514855,208
10263580,-16.4637216,-68.1516905,209
10263580,-16.4639291,-68.1518726,210
10263580,-16.4642463,-68.1520713,211
10263580,-16.4646217,-68.1522643,212
10263580,-16.4654032,-68.1525956,213
10263580,-16.4654032,-68.1525956,214
10263580,-16.4655729,-68.1526727,215
10263580,-16.4655729,-68.1526727,216
10263580,-16.4659801,-68.1528575,217
10263580,-16.4661469,-68.1529045,218
10263580,-16.4663176,-68.1529393,219
10263580,-16.4664702,-68.1529561,220
10263580,-16.4666344,-68.1529607,221
10263580,-16.4670225,-68.15292,222
10263580,-16.4699179,-68.1525337,223
10263580,-16.4703906,-68.1525045,224
10263580,-16.4707735,-68.1524768,225
10263580,-16.471635,-68.152479,226
10263580,-16.472134,-68.1524816,227
10263580,-16.4723813,-68.1524894,228
10263580,-16.4726226,-68.1525219,229
10263580,-16.4729081,-68.152597,230
10263580,-16.4743653,-68.1530007,231
10263580,-16.4749062,-68.1531595,232
10263580,-16.4751787,-68.1532078,233
10263580,-16.4753756,-68.1532334,234
10263580,-16.4756765,-68.1532387,235
10263580,-16.4758783,-68.1532155,236
10263580,-16.4761649,-68.153147,237
10263580,-16.4764691,-68.153043,238
10263580,-16.4766215,-68.1529782,239
10263580,-16.4768753,-68.1528189,240
10263580,-16.4771023,-68.1526673,241
10263580,-16.4771936,-68.1525975,242
10263580,-16.4773698,-68.1524366,243
10263580,-16.477984,-68.1518561,244
10263580,-16.4787067,-68.1512266,245
10263580,-16.4794383,-68.1504797,246
10263580,-16.479618,-68.1503046,247
10263580,-16.4797278,-68.1501391,248
10263580,-16.4803374,-68.14905,249
10263580,-16.4804635,-68.1488758,250
10263580,-16.4805612,-68.1487658,251
10263580,-16.4807541,-68.1485914,252
10263580,-16.4809822,-68.1483892,253
10263580,-16.4811905,-68.1482792,254
10263580,-16.4821576,-68.1478956,255
10263580,-16.4830549,-68.1475518,256
10263580,-16.4837304,-68.147276,257
10263580,-16.4841521,-68.1470896,258
10263580,-16.4843374,-68.1469823,259
10263580,-16.4845495,-68.1468295,260
10263580,-16.4847141,-68.1466699,261
10263580,-16.4848646,-68.1464888,262
10263580,-16.4851346,-68.1461803,263
10263580,-16.4853431,-68.145938,264
10263580,-16.4855924,-68.1457078,265
10263580,-16.4857545,-68.1455849,266
10263580,-16.4858844,-68.1455031,267
10263580,-16.4861102,-68.1453813,268
10263580,-16.486872,-68.1450538,269
10263580,-16.486872,-68.1450538,270
10263580,-16.4874396,-68.1448145,271
10263580,-16.4876976,-68.1446984,272
10263580,-16.4878943,-68.1445657,273
10263580,-16.4881387,-68.1443713,274
10263580,-16.4881387,-68.1443713,275
10263580,-16.4885762,-68.1439944,276
10263580,-16.4885762,-68.1439944,277
10263580,-16.4893109,-68.1432639,278
10263580,-16.4894623,-68.1431056,279
10263580,-16.4896664,-68.1428331,280
10263580,-16.4897849,-68.1426394,281
10263580,-16.4899398,-68.1423305,282
10263580,-16.4901016,-68.1419109,283
10263580,-16.4904711,-68.1409424,284
10263580,-16.4905148,-68.1408485,285
10263580,-16.4908291,-68.1401382,286
10263580,-16.4908291,-68.1401382,287
10263580,-16.4908489,-68.1400894,288
10263580,-16.490886,-68.14,289
10263580,-16.4910586,-68.1396044,290
10263580,-16.4911839,-68.1393098,291
10263580,-16.4912133,-68.1392385,292
10263580,-16.4912133,-68.1392385,293
10263580,-16.4912416,-68.1391667,294
10263580,-16.4912416,-68.1391667,295
10263580,-16.4912901,-68.1390937,296
10263580,-16.4913981,-68.1389172,297
10263580,-16.4915614,-68.1386667,298
10263580,-16.4916996,-68.1384745,299
10263580,-16.4919899,-68.1381169,300
10263580,-16.4920617,-68.1380324,301
10263580,-16.4921187,-68.1379684,302
10263580,-16.4921187,-68.1379684,303
10263580,-16.4922436,-68.1378407,304
10263580,-16.492363,-68.137732,305
10263580,-16.4925377,-68.1375886,306
10263580,-16.4926995,-68.1374902,307
10263580,-16.4929478,-68.1373884,308
10263580,-16.4930461,-68.1373525,309
10263580,-16.4932862,-68.1372729,310
10263580,-16.4936373,-68.1371775,311
10263580,-16.4938771,-68.1370783,312
10263580,-16.4942902,-68.1369246,313
10263580,-16.4942902,-68.1369246,314
10263580,-16.4945081,-68.1369601,315
10263580,-16.4946386,-68.1369701,316
10263580,-16.4946386,-68.1369701,317
10263580,-16.4948487,-68.1369589,318
10263580,-16.4950056,-68.1369482,319
10263580,-16.495066,-68.1369334,320
10263580,-16.4950904,-68.1369214,321
10263580,-16.4950904,-68.1369214,322
10263580,-16.4952915,-68.1366208,323
10263580,-16.4952915,-68.1366208,324
10263580,-16.495345,-68.1365466,325
10263580,-16.495345,-68.1365466,326
10263580,-16.4956557,-68.1360938,327
10263580,-16.4960832,-68.1353047,328
10263580,-16.4960832,-68.1353047,329
10263580,-16.4965289,-68.1346025,330
10263580,-16.4965289,-68.1346025,331
10263580,-16.4969219,-68.1338728,332
10263580,-16.4969219,-68.1338728,333
10263580,-16.4973784,-68.1331382,334
10263580,-16.4973784,-68.1331382,335
10263580,-16.4978339,-68.1324068,336
10263580,-16.4978339,-68.1324068,337
10263580,-16.4984779,-68.1313097,338
10263580,-16.4984779,-68.1313097,339
10263580,-16.4977484,-68.1308961,340
10263580,-16.4977484,-68.1308961,341
10263580,-16.4977846,-68.130837,342
10263580,-16.4979368,-68.1305835,343
10263580,-16.4987239,-68.1292488,344
10263580,-16.4987864,-68.1291352,345
10263580,-16.4989581,-68.1287159,346
10263580,-16.4991938,-68.1281079,347
10263580,-16.4993326,-68.1277683,348
10263580,-16.4993933,-68.1273944,349
10263580,-16.499355,-68.127586,350
10263580,-16.4993326,-68.1277683,351
10263580,-16.4995188,-68.1263119,352
10263580,-16.4994996,-68.1265809,353
10263580,-16.4994617,-68.1267908,354
10263580,-16.4994238,-68.1269682,355
10263580,-16.4994101,-68.1271529,356
10263580,-16.499413,-68.1272512,357
10263580,-16.4993933,-68.1273944,358
10263580,-16.4995188,-68.1263119,359
10263580,-16.499497,-68.1254906,360
10263580,-16.5007631,-68.1233893,361
10263580,-16.5005284,-68.1235347,362
10263580,-16.5004359,-68.1235947,363
10263580,-16.5015511,-68.1229073,364
10263580,-16.5007631,-68.1233893,365
10263580,-16.5027582,-68.1221515,366
10263580,-16.5026938,-68.1221918,367
10263580,-16.5021204,-68.1225349,368
10263580,-16.5015511,-68.1229073,369
10263580,-16.503817,-68.1215058,370
10263580,-16.5037068,-68.1215754,371
10263580,-16.5028159,-68.1221143,372
10263580,-16.5027582,-68.1221515,373
10263580,-16.5039576,-68.1214107,374
10263580,-16.503817,-68.1215058,375
10263580,-16.5039576,-68.1214107,376
10263580,-16.5041124,-68.1213329,377
10263580,-16.5041124,-68.1213329,378
10263580,-16.5046359,-68.1210185,379
10263580,-16.5046359,-68.1210185,380
10263580,-16.5047333,-68.120959,381
10263580,-16.5047333,-68.120959,382
10263580,-16.5048792,-68.1208717,383
10263580,-16.5048792,-68.1208717,384
10263580,-16.5049554,-68.1208223,385
10263580,-16.5052074,-68.120668,386
10263580,-16.505553,-68.1204636,387
10263580,-16.505553,-68.1204636,388
10263580,-16.5058328,-68.1202959,389
10263580,-16.5057662,-68.1189488,390
10263580,-16.5058055,-68.1198014,391
10263580,-16.5058328,-68.1202959,392
10263580,-16.5057662,-68.1189488,393
10263580,-16.5057489,-68.1184898,394
10263580,-16.5057363,-68.1179784,395
10263580,-16.5057168,-68.1173163,396
15958868,-16.5238382,-68.1513655,0
15958868,-16.5238781,-68.151325,1
15958868,-16.5238879,-68.1513014,2
15958868,-16.5239247,-68.1512108,3
15958868,-16.5239453,-68.1511588,4
15958868,-16.5239555,-68.1511332,5
15958868,-16.5239764,-68.1510885,6
15958868,-16.5240083,-68.1510532,7
15958868,-16.523962,-68.1510413,8
15958868,-16.5240083,-68.1510532,9
15958868,-16.5240465,-68.151058,10
15958868,-16.524085,-68.1510584,11
15958868,-16.5241233,-68.1510544,12
15958868,-16.524161,-68.151046,13
15958868,-16.5241976,-68.1510334,14
15958868,-16.5242326,-68.1510167,15
15958868,-16.5242657,-68.1509961,16
15958868,-16.5242657,-68.1509961,17
15958868,-16.5242879,-68.1509791,18
15958868,-16.5242879,-68.1509791,19
15958868,-16.5243189,-68.1509502,20
15958868,-16.5243463,-68.1509177,21
15958868,-16.5243699,-68.1508821,22
15958868,-16.5243892,-68.1508437,23
15958868,-16.5243997,-68.1508033,24
15958868,-16.5244045,-68.1507571,25
15958868,-16.524404,-68.1506996,26
15958868,-16.5243923,-68.1506289,27
15958868,-16.524376,-68.1505647,28
15958868,-16.5243542,-68.1505105,29
15958868,-16.5243224,-68.1504527,30
15958868,-16.5243224,-68.1504527,31
15958868,-16.5242932,-68.1504096,32
15958868,-16.5242724,-68.1503807,33
15958868,-16.5242477,-68.1503388,34
15958868,-16.5242477,-68.1503388,35
15958868,-16.5242755,-68.1502685,36
15958868,-16.5243253,-68.1501467,37
15958868,-16.5243346,-68.1501239,38
15958868,-16.5243787,-68.1500227,39
15958868,-16.5243787,-68.1500227,40
15958868,-16.5244004,-68.149969,41
15958868,-16.5245896,-68.149495,42
15958868,-16.524642,-68.149365,43
15958868,-16.5246664,-68.1493043,44
15958868,-16.5246986,-68.1492245,45
15958868,-16.5247966,-68.1489812,46
15958868,-16.5248188,-68.1489262,47
15958868,-16.5248502,-68.1488487,48
15958868,-16.5248502,-68.1488487,49
15958868,-16.5248777,-68.1487791,50
15958868,-16.5249788,-68.1485249,51
15958868,-16.5251083,-68.1481991,52
15958868,-16.5251297,-68.1481451,53
15958868,-16.5251501,-68.1480939,54
15958868,-16.525166,-68.1480529,55
15958868,-16.5251846,-68.1480048,56
15958868,-16.5251846,-68.1480048,57
15958868,-16.5252557,-68.147819,58
15958868,-16.5252557,-68.147819,59
15958868,-16.5252907,-68.1477416,60
15958868,-16.5252907,-68.1477416,61
15958868,-16.5252992,-68.1477034,62
15958868,-16.5253121,-68.147668,63
15958868,-16.5253924,-68.1474664,64
15958868,-16.5253924,-68.1474664,65
15958868,-16.5254026,-68.1474009,66
15958868,-16.5253928,-68.1473424,67
15958868,-16.5253724,-68.1473059,68
15958868,-16.525361,-68.1472914,69
15958868,-16.5253179,-68.1472574,70
15958868,-16.5252706,-68.1472438,71
15958868,-16.5252122,-68.1472426,72
15958868,-16.5251424,-68.147251,73
15958868,-16.5251424,-68.147251,74
15958868,-16.5250582,-68.1472743,75
15958868,-16.5249538,-68.1473497,76
15958868,-16.5249262,-68.1473545,77
15958868,-16.5248722,-68.1473451,78
15958868,-16.5244864,-68.1472981,79
15958868,-16.524709,-68.1472867,80
15958868,-16.5247819,-68.1472968,81
15958868,-16.5248722,-68.1473451,82
15958868,-16.5238158,-68.1474131,83
15958868,-16.5239615,-68.147397,84
15958868,-16.5244864,-68.1472981,85
15958868,-16.5229653,-68.1474805,86
15958868,-16.5234877,-68.1474474,87
15958868,-16.5237099,-68.147427,88
15958868,-16.5238158,-68.1474131,89
15958868,-16.5228067,-68.1474864,90
15958868,-16.5229653,-68.1474805,91
15958868,-16.5220772,-68.1474436,92
15958868,-16.5224691,-68.1474798,93
15958868,-16.5228067,-68.1474864,94
15958868,-16.5212016,-68.1472513,95
15958868,-16.5215532,-68.1473326,96
15958868,-16.5218795,-68.1474138,97
15958868,-16.5220772,-68.1474436,98
15958868,-16.5208194,-68.1472041,99
15958868,-16.5209468,-68.1472039,100
15958868,-16.5210855,-68.1472285,101
15958868,-16.5212016,-68.1472513,102
15958868,-16.5205211,-68.1471621,103
15958868,-16.520604,-68.1472001,104
15958868,-16.5206763,-68.1472088,105
15958868,-16.5208194,-68.1472041,106
15958868,-16.5204752,-68.1471124,107
15958868,-16.5205211,-68.1471621,108
15958868,-16.5204946,-68.1467082,109
15958868,-16.5204446,-68.1467551,110
15958868,-16.5204124,-68.146818,111
15958868,-16.5203909,-68.1468914,112
15958868,-16.5204012,-68.1469661,113
15958868,-16.5204238,-68.1470287,114
15958868,-16.5204752,-68.1471124,115
15958868,-16.5212458,-68.1465591,116
15958868,-16.5205987,-68.1466742,117
15958868,-16.5205185,-68.1466962,118
15958868,-16.5204946,-68.1467082,119
15958868,-16.5224119,-68.146328,120
15958868,-16.5223128,-68.1463658,121
15958868,-16.5212458,-68.1465591,122
15958868,-16.5217617,-68.1459704,123
15958868,-16.5217995,-68.1459792,124
15958868,-16.5218541,-68.1459754,125
15958868,-16.5223016,-68.1458983,126
15958868,-16.522328,-68.1458925,127
15958868,-16.5224726,-68.1458653,128
15958868,-16.5225344,-68.1458557,129
15958868,-16.5225832,-68.1458477,130
15958868,-16.5226847,-68.145837,131
15958868,-16.5227725,-68.145828,132
15958868,-16.5227969,-68.145832,133
15958868,-16.5228184,-68.1458411,134
15958868,-16.5228288,-68.1458499,135
15958868,-16.5228362,-68.1458592,136
15958868,-16.5228415,-68.1458717,137
15958868,-16.5228451,-68.1458832,138
15958868,-16.5228456,-68.1458943,139
15958868,-16.5228451,-68.1459098,140
15958868,-16.5228426,-68.1459239,141
15958868,-16.5228361,-68.145944,142
15958868,-16.5228217,-68.1459654,143
15958868,-16.5227529,-68.1460382,144
15958868,-16.5225149,-68.1462515,145
15958868,-16.5224119,-68.146328,146
15958868,-16.521495,-68.1457564,147
15958868,-16.5215164,-68.1458104,148
15958868,-16.5215402,-68.1458402,149
15958868,-16.5215936,-68.1458885,150
15958868,-16.5216819,-68.1459435,151
15958868,-16.5217617,-68.1459704,152
15958868,-16.5211725,-68.1423193,153
15958868,-16.5215053,-68.1423523,154
15958868,-16.521698,-68.1423682,155
15958868,-16.5217524,-68.142409,156
15958868,-16.5218127,-68.1424617,157
15958868,-16.5219154,-68.142545,158
15958868,-16.5220292,-68.1425902,159
15958868,-16.5220876,-68.1426103,160
15958868,-16.5223256,-68.1426368,161
15958868,-16.5224804,-68.1426711,162
15958868,-16.5225806,-68.1427227,163
15958868,-16.5226447,-68.1427823,164
15958868,-16.5227015,-68.1428655,165
15958868,-16.5227352,-68.1429446,166
15958868,-16.5227615,-68.1430255,167
15958868,-16.5227788,-68.1431234,168
15958868,-16.5227934,-68.1431934,169
15958868,-16.5228762,-68.1434972,170
15958868,-16.5228941,-68.1435811,171
15958868,-16.5228652,-68.1436396,172
15958868,-16.5228217,-68.1436897,173
15958868,-16.5225258,-68.1439256,174
15958868,-16.5223512,-68.1440785,175
15958868,-16.5222188,-68.1442196,176
15958868,-16.5221292,-68.1443157,177
15958868,-16.5219188,-68.1445807,178
15958868,-16.5218467,-68.1447195,179
15958868,-16.5218366,-68.1447777,180
15958868,-16.5218281,-68.1448411,181
15958868,-16.5218313,-68.1449041,182
15958868,-16.5218517,-68.1449846,183
15958868,-16.5218977,-68.1450853,184
15958868,-16.5220277,-68.1453132,185
15958868,-16.5220537,-68.1453862,186
15958868,-16.5220599,-68.1454463,187
15958868,-16.522053,-68.1454895,188
15958868,-16.5220354,-68.1455212,189
15958868,-16.5220207,-68.1455474,190
15958868,-16.5220015,-68.1455646,191
15958868,-16.5219599,-68.1455883,192
15958868,-16.5219104,-68.1455989,193
15958868,-16.5218619,-68.1455999,194
15958868,-16.5217565,-68.1455867,195
15958868,-16.5216858,-68.1455833,196
15958868,-16.5216266,-68.1455997,197
15958868,-16.5215851,-68.1456188,198
15958868,-16.5215556,-68.1456463,199
15958868,-16.5215154,-68.145696,200
15958868,-16.521495,-68.1457564,201
15958868,-16.5186743,-68.142747,202
15958868,-16.5187769,-68.142657,203
15958868,-16.5188933,-68.1425504,204
15958868,-16.5189941,-68.1424397,205
15958868,-16.5191162,-68.142324,206
15958868,-16.5191637,-68.1422959,207
15958868,-16.5191965,-68.1422794,208
15958868,-16.5192328,-68.1422684,209
15958868,-16.5192692,-68.142266,210
15958868,-16.5193026,-68.1422731,211
15958868,-16.5193373,-68.1422918,212
15958868,-16.5193572,-68.1423143,213
15958868,-16.5193756,-68.1423408,214
15958868,-16.5193875,-68.1423736,215
15958868,-16.5193932,-68.1424008,216
15958868,-16.5193907,-68.1424467,217
15958868,-16.5193859,-68.1425322,218
15958868,-16.5192408,-68.1428707,219
15958868,-16.5191415,-68.1430534,220
15958868,-16.5190917,-68.1431709,221
15958868,-16.5190289,-68.1433085,222
15958868,-16.5189769,-68.143421,223
15958868,-16.5189737,-68.1434488,224
15958868,-16.5189776,-68.1434783,225
15958868,-16.5189905,-68.1435018,226
15958868,-16.5190139,-68.1435199,227
15958868,-16.5190464,-68.1435165,228
15958868,-16.5190836,-68.1434986,229
15958868,-16.5191359,-68.1434582,230
15958868,-16.5193785,-68.1431971,231
15958868,-16.5195688,-68.1430087,232
15958868,-16.5196372,-68.1429434,233
15958868,-16.5196874,-68.1429089,234
15958868,-16.5197312,-68.1428957,235
15958868,-16.5197814,-68.1428963,236
15958868,-16.5198316,-68.1429123,237
15958868,-16.5199068,-68.1429492,238
15958868,-16.5200094,-68.1430141,239
15958868,-16.5201269,-68.143109,240
15958868,-16.5201816,-68.1431528,241
15958868,-16.5202504,-68.1431772,242
15958868,-16.5203681,-68.1432133,243
15958868,-16.5204791,-68.1432451,244
15958868,-16.5205318,-68.1432451,245
15958868,-16.5205794,-68.1432332,246
15958868,-16.5206322,-68.1432,247
15958868,-16.5206902,-68.1431374,248
15958868,-16.5207718,-68.1430072,249
15958868,-16.5208157,-68.1429087,250
15958868,-16.52085,-68.1427984,251
15958868,-16.520905,-68.142569,252
15958868,-16.5209424,-68.1424832,253
15958868,-16.520977,-68.1424147,254
15958868,-16.521025,-68.142364,255
15958868,-16.5210768,-68.1423299,256
15958868,-16.5211278,-68.1423224,257
15958868,-16.5211725,-68.1423193,258
15958868,-16.5180443,-68.1433483,259
15958868,-16.5182278,-68.1432685,260
15958868,-16.5182596,-68.1432508,261
15958868,-16.5182851,-68.1432295,262
15958868,-16.5185214,-68.1429291,263
15958868,-16.5186743,-68.142747,264
15958868,-16.5156094,-68.1438311,265
15958868,-16.5161845,-68.1434594,266
15958868,-16.516231,-68.1434479,267
15958868,-16.5162749,-68.1434484,268
15958868,-16.5163213,-68.1434619,269
15958868,-16.5163623,-68.143486,270
15958868,-16.5165007,-68.1435976,271
15958868,-16.5165409,-68.1436274,272
15958868,-16.516747,-68.1437895,273
15958868,-16.5167742,-68.1438198,274
15958868,-16.5167864,-68.1438562,275
15958868,-16.5167796,-68.1438946,276
15958868,-16.5167666,-68.1439307,277
15958868,-16.5166383,-68.1441152,278
15958868,-16.5166238,-68.144144,279
15958868,-16.516615,-68.1441763,280
15958868,-16.5165158,-68.1445517,281
15958868,-16.5165174,-68.1445951,282
15958868,-16.5165268,-68.1446179,283
15958868,-16.5165442,-68.1446342,284
15958868,-16.5165651,-68.1446498,285
15958868,-16.5165928,-68.1446536,286
15958868,-16.5166428,-68.1446217,287
15958868,-16.5166639,-68.1446001,288
15958868,-16.5168528,-68.1444229,289
15958868,-16.5171134,-68.1441886,290
15958868,-16.517236,-68.1441042,291
15958868,-16.5174081,-68.1439772,292
15958868,-16.5175046,-68.1438983,293
15958868,-16.5175775,-68.1438199,294
15958868,-16.5176204,-68.1437618,295
15958868,-16.5176767,-68.1436884,296
15958868,-16.517716,-68.143637,297
15958868,-16.5177481,-68.1435842,298
15958868,-16.5178195,-68.1435056,299
15958868,-16.5178708,-68.1434604,300
15958868,-16.5179222,-68.1434248,301
15958868,-16.5179892,-68.1433808,302
15958868,-16.5180443,-68.1433483,303
15958868,-16.5154187,-68.1434805,304
15958868,-16.5155623,-68.1437662,305
15958868,-16.5156094,-68.1438311,306
15958868,-16.5153799,-68.1434057,307
15958868,-16.5154187,-68.1434805,308
15958868,-16.5153799,-68.1434057,309
15958868,-16.5151284,-68.1435519,310
15958868,-16.5151284,-68.1435519,311
15958868,-16.5149576,-68.1436597,312
15958868,-16.5148097,-68.1437452,313
15958868,-16.5146273,-68.1438113,314
15958868,-16.5144289,-68.1438767,315
15958868,-16.5142706,-68.1439299,316
15958868,-16.5140624,-68.143984,317
15958868,-16.5138934,-68.1440011,318
15958868,-16.5137327,-68.1440038,319
15958868,-16.5133637,-68.1439826,320
15958868,-16.5124752,-68.1439045,321
15958868,-16.5124752,-68.1439045,322
15958868,-16.5117282,-68.143821,323
15958868,-16.5116561,-68.14381,324
15958868,-16.5116561,-68.14381,325
15958868,-16.5111405,-68.1436685,326
15958868,-16.5110254,-68.1436349,327
15958868,-16.5109527,-68.1436242,328
15958868,-16.5108917,-68.1436229,329
15958868,-16.5107931,-68.1436321,330
15958868,-16.5105736,-68.1436766,331
15958868,-16.5105736,-68.1436766,332
15958868,-16.5106352,-68.1434308,333
15958868,-16.5107467,-68.1430501,334
15958868,-16.5107467,-68.1430501,335
15958868,-16.5108451,-68.1428231,336
15958868,-16.5111504,-68.1422523,337
15958868,-16.5113749,-68.1418267,338
15958868,-16.5115271,-68.141459,339
15958868,-16.5115788,-68.1413147,340
15958868,-16.5116707,-68.1411276,341
15958868,-16.5116703,-68.1409605,342
15958868,-16.5116705,-68.1410336,343
15958868,-16.5116707,-68.1411276,344
15958868,-16.5116561,-68.1402977,345
15958868,-16.5116663,-68.140625,346
15958868,-16.5116693,-68.1408782,347
15958868,-16.5116703,-68.1409605,348
15958868,-16.5116715,-68.1398289,349
15958868,-16.5116542,-68.1400401,350
15958868,-16.5116561,-68.1402977,351
15958868,-16.5116355,-68.1393625,352
15958868,-16.5116561,-68.1394266,353
15958868,-16.5116702,-68.1394983,354
15958868,-16.5116812,-68.1396016,355
15958868,-16.5116715,-68.1398289,356
15958868,-16.5091243,-68.1357804,357
15958868,-16.5092787,-68.1359351,358
15958868,-16.5095184,-68.1361402,359
15958868,-16.5096072,-68.1362233,360
15958868,-16.5098624,-68.1364319,361
15958868,-16.5101106,-68.1366766,362
15958868,-16.5101826,-68.1367578,363
15958868,-16.5102485,-68.1368597,364
15958868,-16.5103054,-68.1369589,365
15958868,-16.5103992,-68.1371574,366
15958868,-16.5105555,-68.1374632,367
15958868,-16.5109586,-68.1382065,368
15958868,-16.5113964,-68.1389428,369
15958868,-16.5115127,-68.1391379,370
15958868,-16.5115867,-68.1392603,371
15958868,-16.5116355,-68.1393625,372
15958868,-16.5091243,-68.1357804,373
15958868,-16.5091024,-68.1357339,374
15958868,-16.5090848,-68.135686,375
15958868,-16.5090723,-68.1356363,376
15958868,-16.5090683,-68.1355866,377
15958868,-16.5090683,-68.1355866,378
15958868,-16.5090726,-68.1355357,379
15958868,-16.5090564,-68.1354876,380
15958868,-16.5090227,-68.1354505,381
15958868,-16.5089775,-68.1354311,382
15958868,-16.5089286,-68.1354328,383
15958868,-16.5089286,-68.1354328,384
15958868,-16.5088907,-68.1354505,385
15958868,-16.5088611,-68.135481,386
15958868,-16.5088437,-68.1355203,387
15958868,-16.5088437,-68.1355203,388
15958868,-16.5087946,-68.1355132,389
15958868,-16.5086467,-68.1354998,390
15958868,-16.5083741,-68.1354978,391
15958868,-16.5081255,-68.1355112,392
15958868,-16.5080402,-68.1355125,393
15958868,-16.5078431,-68.1355199,394
15958868,-16.5077305,-68.1355239,395
15958868,-16.5073406,-68.1355822,396
15958868,-16.5071095,-68.1356393,397
15958868,-16.5069441,-68.135704,398
15958868,-16.5069441,-68.135704,399
15958868,-16.5069388,-68.1356787,400
15958868,-16.5069273,-68.1356557,401
15958868,-16.5069105,-68.1356366,402
15958868,-16.5068895,-68.1356227,403
15958868,-16.5068658,-68.1356151,404
15958868,-16.506841,-68.1356142,405
15958868,-16.5068168,-68.13562,406
15958868,-16.5068168,-68.13562,407
15958868,-16.5067949,-68.1356323,408
15958868,-16.5067949,-68.1356323,409
15958868,-16.5066838,-68.1355501,410
15958868,-16.5061888,-68.1352396,411
15958868,-16.5061567,-68.1352235,412
15958868,-16.5058828,-68.1350653,413
15958868,-16.5053613,-68.1348564,414
15958868,-16.5052301,-68.134811,415
15958868,-16.5050819,-68.1347536,416
15958868,-16.5050139,-68.1347324,417
15958868,-16.504983,-68.1347213,418
15958868,-16.504983,-68.1347213,419
15958868,-16.5049576,-68.1346911,420
15958868,-16.5049576,-68.1346911,421
15958868,-16.5051249,-68.1343085,422
15958868,-16.5052759,-68.1339984,423
15958868,-16.5052759,-68.1339984,424
15958868,-16.5043997,-68.1331187,425
15958868,-16.5040956,-68.1329345,426
15958868,-16.5037241,-68.1327961,427
15958868,-16.5037241,-68.1327961,428
15958868,-16.5037084,-68.1331495,429
15958868,-16.503693,-68.1332649,430
15958868,-16.503693,-68.1332649,431
15958868,-16.5036563,-68.1333956,432
15958868,-16.5036062,-68.1335156,433
15958868,-16.5034115,-68.1337157,434
15958868,-16.503224,-68.1338995,435
15958868,-16.503224,-68.1338995,436
15958868,-16.5031746,-68.1339477,437
15958868,-16.5024474,-68.1346749,438
15958868,-16.5017119,-68.1338388,439
15958868,-16.5019188,-68.1340679,440
15958868,-16.5024474,-68.1346749,441
15958868,-16.5017119,-68.1338388,442
15958868,-16.5024659,-68.1330346,443
16805300,-16.5001953,-68.1314501,0
16805300,-16.5004295,-68.1309588,1
16805300,-16.500599,-68.1306831,2
16805300,-16.5006687,-68.1305698,3
16805300,-16.5007182,-68.1304683,4
16805300,-16.5007267,-68.1303858,5
16805300,-16.5007324,-68.1303302,6
16805300,-16.5007256,-68.1302131,7
16805300,-16.5007256,-68.1302131,8
16805300,-16.5007134,-68.1301465,9
16805300,-16.5006889,-68.1300721,10
16805300,-16.5006109,-68.1298937,11
16805300,-16.5004863,-68.1296769,12
16805300,-16.500366,-68.1294551,13
16805300,-16.500366,-68.1294551,14
16805300,-16.5003736,-68.1293935,15
16805300,-16.5003815,-68.1293175,16
16805300,-16.5003874,-68.1292661,17
16805300,-16.5004115,-68.1291389,18
16805300,-16.5004332,-68.1289329,19
16805300,-16.5004492,-68.1288155,20
16805300,-16.5004562,-68.1287852,21
16805300,-16.5004797,-68.1286837,22
16805300,-16.5005336,-68.1285098,23
16805300,-16.5006227,-68.1282688,24
16805300,-16.5006472,-68.1282127,25
16805300,-16.5007291,-68.1280251,26
16805300,-16.5007795,-68.1279543,27
16805300,-16.5008204,-68.1279255,28
16805300,-16.5008549,-68.12791,29
16805300,-16.5008873,-68.1279028,30
16805300,-16.5009191,-68.1279039,31
16805300,-16.5009676,-68.1279098,32
16805300,-16.5009676,-68.1279098,33
16805300,-16.5010137,-68.1279192,34
16805300,-16.5011517,-68.1279283,35
16805300,-16.5011841,-68.1279238,36
16805300,-16.5012181,-68.1279072,37
16805300,-16.5012541,-68.1278738,38
16805300,-16.501336,-68.1277228,39
16805300,-16.5013686,-68.1276976,40
16805300,-16.5013954,-68.1276924,41
16805300,-16.5014262,-68.1276929,42
16805300,-16.5014515,-68.1277018,43
16805300,-16.501474,-68.1277145,44
16805300,-16.5014969,-68.1277367,45
16805300,-16.5015059,-68.1277632,46
16805300,-16.501508,-68.1278028,47
16805300,-16.5015035,-68.1278341,48
16805300,-16.5014868,-68.1278829,49
16805300,-16.5014778,-68.1279388,50
16805300,-16.5014841,-68.1279903,51
16805300,-16.5015054,-68.1280573,52
16805300,-16.5015335,-68.1281448,53
16805300,-16.5015898,-68.1283093,54
16805300,-16.5016445,-68.1284289,55
16805300,-16.5016932,-68.1285162,56
16805300,-16.5017215,-68.1285668,57
16805300,-16.5017388,-68.1285873,58
16805300,-16.5017916,-68.1286499,59
16805300,-16.5017916,-68.1286499,60
16805300,-16.5019001,-68.1287349,61
16805300,-16.5019302,-68.1287585,62
16805300,-16.5020066,-68.1288039,63
16805300,-16.5020066,-68.1288039,64
16805300,-16.5021431,-68.1288554,65
16805300,-16.5021431,-68.1288554,66
16805300,-16.5021611,-68.1288496,67
16805300,-16.5022282,-68.128828,68
16805300,-16.5022282,-68.128828,69
16805300,-16.5022401,-68.1288487,70
16805300,-16.5022575,-68.1288646,71
16805300,-16.5022787,-68.1288742,72
16805300,-16.5023017,-68.1288766,73
16805300,-16.5023243,-68.1288715,74
16805300,-16.5023243,-68.1288715,75
16805300,-16.502346,-68.1288581,76
16805300,-16.5023622,-68.1288378,77
16805300,-16.502371,-68.1288131,78
16805300,-16.5023713,-68.1287867,79
16805300,-16.5023632,-68.1287617,80
16805300,-16.5023476,-68.128741,81
16805300,-16.5023476,-68.128741,82
16805300,-16.5023263,-68.1287269,83
16805300,-16.5023017,-68.128721,84
16805300,-16.5022766,-68.128724,85
16805300,-16.5022766,-68.128724,86
16805300,-16.5021665,-68.1286787,87
16805300,-16.5021107,-68.1286623,88
16805300,-16.5020252,-68.1286449,89
16805300,-16.5022023,-68.1246782,90
16805300,-16.5022724,-68.1248508,91
16805300,-16.5023347,-68.1250456,92
16805300,-16.5023621,-68.1251312,93
16805300,-16.5023955,-68.1252357,94
16805300,-16.5024141,-68.1253838,95
16805300,-16.5023865,-68.1256759,96
16805300,-16.5023842,-68.1259079,97
16805300,-16.5023449,-68.1261439,98
16805300,-16.5022652,-68.1264429,99
16805300,-16.5022111,-68.1266672,100
16805300,-16.5021675,-68.1268029,101
16805300,-16.5021309,-68.1269137,102
16805300,-16.5018043,-68.1277943,103
16805300,-16.5017847,-68.1279161,104
16805300,-16.5017709,-68.1280114,105
16805300,-16.5017741,-68.128116,106
16805300,-16.5017884,-68.1282545,107
16805300,-16.5018022,-68.1283232,108
16805300,-16.5018293,-68.1283957,109
16805300,-16.5018633,-68.1284721,110
16805300,-16.5019148,-68.1285397,111
16805300,-16.5020252,-68.1286449,112
16805300,-16.5018154,-68.1242209,113
16805300,-16.5019158,-68.1243034,114
16805300,-16.5020461,-68.1244276,115
16805300,-16.5021181,-68.1245183,116
16805300,-16.5021532,-68.1245785,117
16805300,-16.5022023,-68.1246782,118
16805300,-16.5018154,-68.1242209,119
16805300,-16.5020013,-68.1241521,120
16805300,-16.50272,-68.1238748,121
16805300,-16.5028829,-68.1238145,122
16805300,-16.5028829,-68.1238145,123
16805300,-16.5028641,-68.123741,124
16805300,-16.5028456,-68.1234738,125
16805300,-16.5028346,-68.1233412,126
16805300,-16.5028174,-68.1230269,127
16805300,-16.5028127,-68.1229594,128
16805300,-16.5027245,-68.1229581,129
16805300,-16.5027829,-68.122959,130
16805300,-16.5028127,-68.1229594,131
16805300,-16.5027245,-68.1229581,132
16805300,-16.5027531,-68.1222653,133
16805300,-16.5027582,-68.1221515,134
16805300,-16.5027582,-68.1221515,135
16805300,-16.5027593,-68.1220363,136
16805300,-16.5026896,-68.1210587,137
16805300,-16.5026846,-68.1209899,138
16805300,-16.5026846,-68.1209899,139
16805300,-16.5026759,-68.1208583,140
16805300,-16.5026759,-68.1208583,141
16805300,-16.5025847,-68.1208622,142
16805300,-16.501545,-68.1209126,143
16805300,-16.5014636,-68.1209126,144
16805300,-16.5014636,-68.1209126,145
16805300,-16.501348,-68.1209145,146
16805300,-16.4995317,-68.1210071,147
16805300,-16.4994139,-68.1210149,148
16805300,-16.4992912,-68.1210221,149
16805300,-16.4989929,-68.1210373,150
16805300,-16.4987828,-68.1210458,151
16805300,-16.4986199,-68.1210524,152
16805300,-16.4982497,-68.121076,153
16805300,-16.4981151,-68.121081,154
16805300,-16.497996,-68.121086,155
16805300,-16.4970706,-68.1211307,156
16805300,-16.4969598,-68.1211352,157
16805300,-16.4969598,-68.1211352,158
16805300,-16.4968747,-68.1211404,159
16805300,-16.494712,-68.1212477,160
16805300,-16.4946312,-68.1212496,161
16805300,-16.4946002,-68.1212425,162
16805300,-16.4946002,-68.1212425,163
16805300,-16.494582,-68.1212172,164
16805300,-16.494582,-68.1212172,165
16805300,-16.4945589,-68.1211324,166
16805300,-16.4945589,-68.1211324,167
16805300,-16.4945456,-68.1210435,168
16805300,-16.4945456,-68.1210435,169
16805300,-16.494538,-68.1209445,170
16805300,-16.4944955,-68.120394,171
16805300,-16.4944737,-68.1197336,172
16805300,-16.4944737,-68.1197336,173
16805300,-16.4942468,-68.1197412,174
16805300,-16.4935922,-68.1197631,175
16805300,-16.4933887,-68.1197535,176
16805300,-16.4930676,-68.1196465,177
16805300,-16.4929285,-68.1196164,178
16805300,-16.4928065,-68.1196045,179
16805300,-16.4923301,-68.1195722,180
16805300,-16.4921892,-68.1195837,181
16805300,-16.4921892,-68.1195837,182
16805300,-16.4918713,-68.1195706,183
16805300,-16.4913677,-68.1195687,184
16805300,-16.4913677,-68.1195687,185
16805300,-16.4913462,-68.1194825,186
16805300,-16.4913462,-68.1194825,187
16805300,-16.4913441,-68.1193257,188
16805300,-16.4913441,-68.1193257,189
16805300,-16.491358,-68.119225,190
16805300,-16.491358,-68.119225,191
16805300,-16.4914769,-68.1192195,192
16805300,-16.4922201,-68.1192061,193
16805300,-16.4924427,-68.1191987,194
16805300,-16.4926388,-68.1191767,195
16805300,-16.4926388,-68.1191767,196
16805300,-16.4927488,-68.1191584,197
16805300,-16.4928697,-68.1191316,198
16805300,-16.4933449,-68.118924,199
16805300,-16.493555,-68.1188312,200
16805300,-16.4938431,-68.1187118,201
16805300,-16.4939524,-68.118685,202
16805300,-16.4941196,-68.1186569,203
16805300,-16.4944706,-68.1185912,204
16805300,-16.4945439,-68.1185718,205
16805300,-16.4946487,-68.1185131,206
16805300,-16.4946487,-68.1185131,207
16805300,-16.4946713,-68.1185342,208
16805300,-16.4946991,-68.1185467,209
16805300,-16.4947293,-68.1185493,210
16805300,-16.4947588,-68.1185418,211
16805300,-16.4947588,-68.1185418,212
16805300,-16.4947817,-68.1185274,213
16805300,-16.4947998,-68.1185068,214
16805300,-16.4948116,-68.1184817,215
16805300,-16.4948162,-68.1184542,216
16805300,-16.4948162,-68.1184542,217
16805300,-16.4948135,-68.1184281,218
16805300,-16.4948043,-68.1184036,219
16805300,-16.4947893,-68.1183826,220
16805300,-16.4947893,-68.1183826,221
16805300,-16.4947719,-68.1183681,222
16805300,-16.4947519,-68.1183582,223
16805300,-16.4947301,-68.1183535,224
16805300,-16.4947301,-68.1183535,225
16805300,-16.4946992,-68.1183561,226
16805300,-16.4946707,-68.118369,227
16805300,-16.4946479,-68.1183909,228
16805300,-16.494633,-68.1184193,229
16805300,-16.494633,-68.1184193,230
16805300,-16.4945962,-68.1183855,231
16805300,-16.4943123,-68.1180942,232
16805300,-16.4941844,-68.1179077,233
16805300,-16.4940536,-68.1176874,234
16805300,-16.4937999,-68.1171753,235
16805300,-16.4937197,-68.117037,236
16805300,-16.4934951,-68.1167218,237
16805300,-16.4932929,-68.1164307,238
16805300,-16.4932929,-68.1164307,239
16805300,-16.4932773,-68.1164053,240
16805300,-16.4932547,-68.1163863,241
16805300,-16.4932547,-68.1163863,242
16805300,-16.4932144,-68.1162767,243
16805300,-16.4930904,-68.1161111,244
16805300,-16.4928466,-68.1157663,245
16805300,-16.4928466,-68.1157663,246
16805300,-16.4924163,-68.1151929,247
16805300,-16.4924163,-68.1151929,248
16805300,-16.492743,-68.1149944,249
16805300,-16.4930165,-68.1148242,250
16805300,-16.4934968,-68.1145617,251
16805300,-16.4934968,-68.1145617,252
16805300,-16.4934947,-68.1145146,253
16805300,-16.4934947,-68.114452,254
16805300,-16.4935005,-68.1143962,255
16805300,-16.4935122,-68.1143288,256
16805300,-16.4935322,-68.1142696,257
16805300,-16.4935707,-68.1142055,258
16805300,-16.4936078,-68.1141755,259
16805300,-16.4942509,-68.1137777,260
16805300,-16.4943227,-68.1137458,261
16805300,-16.4944598,-68.1137158,262
16805300,-16.4944598,-68.1137158,263
16805300,-16.4947721,-68.1137354,264
16805300,-16.4949053,-68.1137323,265
16805300,-16.4950185,-68.1137153,266
16805300,-16.4951226,-68.1136783,267
16805300,-16.4952203,-68.1135983,268
16805300,-16.4957157,-68.113019,269
16805300,-16.495772,-68.112933,270
16805300,-16.4958041,-68.1128392,271
16805300,-16.4958183,-68.1127976,272
16805300,-16.4959005,-68.1125589,273
16805300,-16.4959813,-68.1123722,274
16805300,-16.4961924,-68.1121404,275
16805300,-16.4962413,-68.1120855,276
16805300,-16.4965555,-68.1117665,277
16805300,-16.4966605,-68.111651,278
16805300,-16.4967184,-68.1115678,279
16805300,-16.4967558,-68.1114881,280
16805300,-16.4967647,-68.1114364,281
16805300,-16.4967546,-68.1113966,282
16805300,-16.4967546,-68.1113966,283
16805300,-16.4967268,-68.1113678,284
16805300,-16.4966926,-68.1113562,285
16805300,-16.4966579,-68.1113586,286
16805300,-16.4965107,-68.1114051,287
16805300,-16.4964252,-68.1114231,288
16805300,-16.4963654,-68.1114317,289
16805300,-16.4962947,-68.1114337,290
16805300,-16.4962291,-68.1114279,291
16805300,-16.4960308,-68.1113719,292
16805300,-16.4958438,-68.1113025,293
16805300,-16.4958015,-68.1113016,294
16805300,-16.4957464,-68.1113154,295
16805300,-16.4957464,-68.1113154,296
16805300,-16.4956356,-68.1113274,297
16805300,-16.4955816,-68.1113197,298
16805300,-16.4955276,-68.1112888,299
16805300,-16.4954891,-68.1112595,300
16805300,-16.4954306,-68.1112023,301
16805300,-16.4953701,-68.1111245,302
16805300,-16.4953378,-68.1110577,303
16805300,-16.4952319,-68.1106598,304
16805300,-16.4952049,-68.1105653,305
16805300,-16.4952068,-68.110517,306
16805300,-16.4952384,-68.1104506,307
16805300,-16.4953078,-68.1104077,308
16805300,-16.4956273,-68.1102636,309
16805300,-16.4958002,-68.1101851,310
16805300,-16.4960992,-68.1100939,311
16805300,-16.4963815,-68.1100027,312
16805300,-16.4964789,-68.1099732,313
16805300,-16.4966367,-68.1099585,314
16805300,-16.4968936,-68.1095907,315
16805300,-16.4966367,-68.1099585,316
16805300,-16.4975259,-68.1089191,317
16805300,-16.4973896,-68.1090116,318
16805300,-16.497193,-68.1092271,319
16805300,-16.4970744,-68.1093499,320
16805300,-16.4968936,-68.1095907,321
16805300,-16.4976576,-68.1081634,322
16805300,-16.4976265,-68.1083805,323
16805300,-16.4975259,-68.1089191,324
16805300,-16.4985745,-68.107529,325
16805300,-16.4984978,-68.1075688,326
16805300,-16.4980747,-68.107784,327
16805300,-16.4978928,-68.1079054,328
16805300,-16.4977361,-68.1080742,329
16805300,-16.4976576,-68.1081634,330
16805300,-16.5018902,-68.1051082,331
16805300,-16.5020139,-68.1051693,332
16805300,-16.5021072,-68.1052541,333
16805300,-16.5022331,-68.1054288,334
16805300,-16.5022659,-68.1054777,335
16805300,-16.5022877,-68.1055376,336
16805300,-16.5022784,-68.1055793,337
16805300,-16.5022573,-68.1056265,338
16805300,-16.5022052,-68.1056688,339
16805300,-16.5020983,-68.1057174,340
16805300,-16.5019469,-68.1057828,341
16805300,-16.5016778,-68.105963,342
16805300,-16.5014056,-68.1061991,343
16805300,-16.5011028,-68.1063953,344
16805300,-16.5007053,-68.1065931,345
16805300,-16.5003142,-68.1067914,346
16805300,-16.5001501,-68.1068598,347
16805300,-16.4993227,-68.107208,348
16805300,-16.4991884,-68.1072737,349
16805300,-16.4985745,-68.107529,350
16805300,-16.5018902,-68.1051082,351
16805300,-16.5019297,-68.1045611,352
16805300,-16.5019379,-68.1041713,353
16805300,-16.4994292,-68.1047221,354
16805300,-16.5001301,-68.1046494,355
16805300,-16.5009387,-68.104444,356
16805300,-16.5019379,-68.1041713,357
16805300,-16.4994292,-68.1047221,358
16805300,-16.4994318,-68.1046067,359
16805300,-16.4994376,-68.1044498,360
16805300,-16.4994376,-68.1044498,361
16805300,-16.4994369,-68.1042017,362
16805300,-16.4994363,-68.1040193,363
16805300,-16.4994267,-68.1036979,364
16805300,-16.4994115,-68.1031869,365
16805300,-16.4994106,-68.1031587,366
16805300,-16.4993529,-68.102314,367
16805300,-16.4991863,-68.1011265,368
16805300,-16.4991863,-68.1011265,369
16805300,-16.4987985,-68.1011902,370
16805300,-16.4987985,-68.1011902,371
16805300,-16.4977758,-68.1013366,372
16805300,-16.4976797,-68.1013591,373
16805300,-16.4975924,-68.1013995,374
16805300,-16.4975924,-68.1013995,375
16805300,-16.4975514,-68.1014576,376
16805300,-16.4974812,-68.1015989,377
16805300,-16.4974325,-68.1016497,378
16805300,-16.4973708,-68.101693,379
16805300,-16.4972522,-68.1017465,380
16805300,-16.4970144,-68.1017957,381
16805300,-16.4970144,-68.1017957,382
16805300,-16.496566,-68.1018764,383
16805300,-16.4963379,-68.1019065,384
16805300,-16.496173,-68.1019283,385
16805300,-16.4959534,-68.1019605,386
16805300,-16.4957881,-68.101985,387
16805300,-16.4956092,-68.1020108,388
16805300,-16.4955757,-68.1020221,389
16805300,-16.4955303,-68.1020609,390
16805300,-16.4955303,-68.1020609,391
16805300,-16.4953553,-68.1018475,392
16805300,-16.4952486,-68.1016289,393
16805300,-16.4951555,-68.1014112,394
16805300,-16.4951226,-68.1013262,395
16805300,-16.4949374,-68.1009009,396
16805300,-16.4948965,-68.1008068,397
16805300,-16.4948763,-68.1007682,398
16805300,-16.4948466,-68.1007416,399
16805300,-16.4948113,-68.1007259,400
16805300,-16.494772,-68.1007144,401
16805300,-16.4946446,-68.1006941,402
16805300,-16.4945056,-68.1006879,403
16805300,-16.4943709,-68.1007019,404
16805300,-16.4942716,-68.1007319,405
16805300,-16.4936454,-68.1009921,406
16805300,-16.4929605,-68.1012715,407
16805300,-16.4929206,-68.1012894,408
16805300,-16.4924941,-68.101453,409
16805300,-16.4923651,-68.1014973,410
16805300,-16.4920094,-68.1016155,411
16805300,-16.4918435,-68.1016597,412
16805300,-16.4917072,-68.1016812,413
16805300,-16.4915811,-68.1016785,414
16805300,-16.4914718,-68.1016691,415
16805300,-16.4913593,-68.1016485,416
16805300,-16.4912558,-68.1016235,417
16805300,-16.4911156,-68.1015766,418
16805300,-16.4909562,-68.1015068,419
16805300,-16.4907933,-68.1014174,420
16805300,-16.4907933,-68.1014174,421
16805300,-16.4907586,-68.1013805,422
16805300,-16.4907213,-68.1013402,423
16805300,-16.4906628,-68.1012511,424
16805300,-16.49065,-68.101186,425
16805300,-16.4906435,-68.101121,426
16805300,-16.4906455,-68.1010412,427
16805300,-16.4906564,-68.1008883,428
16805300,-16.4906602,-68.1004603,429
16805300,-16.4906215,-68.1003437,430
16805300,-16.4906215,-68.1003437,431
16805300,-16.4905917,-68.1001767,432
16805300,-16.4905917,-68.1001767,433
16805300,-16.490556,-68.1000357,434
16805300,-16.4905445,-68.099998,435
16805300,-16.4904994,-68.0999217,436
16805300,-16.4891615,-68.098203,437
16805300,-16.4890416,-68.098039,438
16805300,-16.4890416,-68.098039,439
16805300,-16.4885924,-68.0974809,440
16805300,-16.4885649,-68.0974461,441
16805300,-16.4885309,-68.0974024,442
16805300,-16.4884589,-68.0973099,443
16805300,-16.4880256,-68.0967534,444
16805300,-16.4879706,-68.0966842,445
16805300,-16.4875166,-68.0960782,446
16805300,-16.4868781,-68.0952534,447
16805300,-16.4866061,-68.0949092,448
16805300,-16.4864511,-68.0947378,449
16805300,-16.4862071,-68.0944309,450
16805300,-16.4862071,-68.0944309,451
16805300,-16.4860191,-68.0941973,452
17383390,-16.4966631,-68.1568495,0
17383390,-16.4963109,-68.1576151,1
17383390,-16.4961949,-68.1578228,2
17383390,-16.4960668,-68.1580268,3
17383390,-16.4959879,-68.1581309,4
17383390,-16.4958907,-68.1582429,5
17383390,-16.4957381,-68.1583906,6
17383390,-16.4955932,-68.158506,7
17383390,-16.495418,-68.1538399,8
17383390,-16.4955968,-68.1542796,9
17383390,-16.495959,-68.1551674,10
17383390,-16.4959864,-68.1552357,11
17383390,-16.4960336,-68.1553857,12
17383390,-16.4962506,-68.1559296,13
17383390,-16.4962713,-68.1559789,14
17383390,-16.4964169,-68.1563258,15
17383390,-16.4965885,-68.1567711,16
17383390,-16.4966055,-68.1568029,17
17383390,-16.4966297,-68.1568267,18
17383390,-16.4966631,-68.1568495,19
17383390,-16.49552,-68.1523445,20
17383390,-16.4954756,-68.1529482,21
17383390,-16.4954666,-68.1530795,22
17383390,-16.4954534,-68.1532612,23
17383390,-16.4954377,-68.1534776,24
17383390,-16.495418,-68.1538399,25
17383390,-16.4955746,-68.1514414,26
17383390,-16.4955429,-68.1516843,27
17383390,-16.4955388,-68.1518367,28
17383390,-16.49552,-68.1523445,29
17383390,-16.4958304,-68.1487893,30
17383390,-16.4958697,-68.1489895,31
17383390,-16.4959105,-68.1493432,32
17383390,-16.495878,-68.1494865,33
17383390,-16.4957337,-68.1499916,34
17383390,-16.4956839,-68.1502526,35
17383390,-16.4956231,-68.1506229,36
17383390,-16.4955996,-68.1509355,37
17383390,-16.4955793,-68.1512054,38
17383390,-16.4955746,-68.1514414,39
17383390,-16.4955913,-68.1476959,40
17383390,-16.4956634,-68.1481323,41
17383390,-16.4958304,-68.1487893,42
17383390,-16.4943497,-68.1482537,43
17383390,-16.4950256,-68.147952,44
17383390,-16.4951297,-68.1479058,45
17383390,-16.4952314,-68.1478624,46
17383390,-16.4955913,-68.1476959,47
17383390,-16.4935535,-68.1485754,48
17383390,-16.4936295,-68.1485224,49
17383390,-16.4940848,-68.148357,50
17383390,-16.4943497,-68.1482537,51
17383390,-16.4935535,-68.1485754,52
17383390,-16.4935436,-68.1485431,53
17383390,-16.4935238,-68.1485161,54
17383390,-16.4935238,-68.1485161,55
17383390,-16.4934896,-68.1483542,56
17383390,-16.4934549,-68.1481796,57
17383390,-16.4933751,-68.1477643,58
17383390,-16.4933751,-68.1477643,59
17383390,-16.4933365,-68.1475374,60
17383390,-16.4932494,-68.1471947,61
17383390,-16.4931285,-68.1468272,62
17383390,-16.4930862,-68.1466986,63
17383390,-16.4930862,-68.1466986,64
17383390,-16.4930743,-68.1465246,65
17383390,-16.4929098,-68.1459764,66
17383390,-16.4928772,-68.1458027,67
17383390,-16.4928702,-68.1456557,68
17383390,-16.492893,-68.1455224,69
17383390,-16.4929369,-68.1453866,70
17383390,-16.4930207,-68.1452047,71
17383390,-16.4932757,-68.1447676,72
17383390,-16.4932757,-68.1447676,73
17383390,-16.4933235,-68.1446703,74
17383390,-16.4933485,-68.1445806,75
17383390,-16.4933502,-68.1444686,76
17383390,-16.4933616,-68.142506,77
17383390,-16.4933348,-68.1426141,78
17383390,-16.4933081,-68.1427356,79
17383390,-16.4932792,-68.1429308,80
17383390,-16.4932642,-68.1430703,81
17383390,-16.4932694,-68.1432508,82
17383390,-16.4933432,-68.1438266,83
17383390,-16.4933503,-68.1441322,84
17383390,-16.4933502,-68.1444686,85
17383390,-16.4938656,-68.140955,86
17383390,-16.4936151,-68.1417181,87
17383390,-16.4935395,-68.1419258,88
17383390,-16.4933616,-68.142506,89
17383390,-16.4938656,-68.140955,90
17383390,-16.4939044,-68.1409525,91
17383390,-16.4939415,-68.1409404,92
17383390,-16.4939747,-68.1409194,93
17383390,-16.4939747,-68.1409194,94
17383390,-16.4940113,-68.1408774,95
17383390,-16.4940326,-68.1408252,96
17383390,-16.494036,-68.1407685,97
17383390,-16.4940213,-68.1407139,98
17383390,-16.4940213,-68.1407139,99
17383390,-16.4939925,-68.1406701,100
17383390,-16.493952,-68.1406378,101
17383390,-16.493904,-68.1406202,102
17383390,-16.493853,-68.140619,103
17383390,-16.4938043,-68.1406343,104
17383390,-16.4938043,-68.1406343,105
17383390,-16.4937916,-68.1405472,106
17383390,-16.4937898,-68.1405055,107
17383390,-16.4937904,-68.1404766,108
17383390,-16.4937968,-68.140368,109
17383390,-16.4938302,-68.1396938,110
17383390,-16.4938302,-68.1396938,111
17383390,-16.4946185,-68.1390242,112
17383390,-16.4950217,-68.1387443,113
17383390,-16.495059,-68.1387231,114
17383390,-16.4956955,-68.1383617,115
17383390,-16.4956955,-68.1383617,116
17383390,-16.4961123,-68.1381744,117
17383390,-16.4961997,-68.1381351,118
17383390,-16.4969467,-68.1377733,119
17383390,-16.4969467,-68.1377733,120
17383390,-16.4975133,-68.137338,121
17383390,-16.4977918,-68.1371863,122
17383390,-16.4980876,-68.1370346,123
17383390,-16.4980876,-68.1370346,124
17383390,-16.4982981,-68.1369287,125
17383390,-16.498944,-68.1365999,126
17383390,-16.4992671,-68.1364075,127
17383390,-16.4995959,-68.1361946,128
17383390,-16.4995959,-68.1361946,129
17383390,-16.4989191,-68.1351898,130
17383390,-16.4989191,-68.1351898,131
17383390,-16.4987961,-68.1351005,132
17383390,-16.4987961,-68.1351005,133
17383390,-16.4985261,-68.1348856,134
17383390,-16.498905,-68.1341239,135
17383390,-16.4987067,-68.1345338,136
17383390,-16.4985261,-68.1348856,137
17383390,-16.4992934,-68.1333441,138
17383390,-16.4991844,-68.1335629,139
17383390,-16.498905,-68.1341239,140
17383390,-16.4999544,-68.131956,141
17383390,-16.4992934,-68.1333441,142
17383390,-16.4999544,-68.131956,143
17383390,-16.4999932,-68.1318753,144
17383390,-16.4999932,-68.1318753,145
17383390,-16.5001953,-68.1314501,146
17383390,-16.5001953,-68.1314501,147
17383390,-16.5004295,-68.1309588,148
17383390,-16.500599,-68.1306831,149
17383390,-16.5006687,-68.1305698,150
17383390,-16.5007182,-68.1304683,151
17383390,-16.5007267,-68.1303858,152
17383390,-16.5007324,-68.1303302,153
17383390,-16.5007256,-68.1302131,154
17383390,-16.5007256,-68.1302131,155
17383390,-16.5007134,-68.1301465,156
17383390,-16.5006889,-68.1300721,157
17383390,-16.5006109,-68.1298937,158
17383390,-16.5004863,-68.1296769,159
17383390,-16.500366,-68.1294551,160
17383390,-16.5002281,-68.1288345,161
17383390,-16.5002485,-68.1290071,162
17383390,-16.5002714,-68.1291489,163
17383390,-16.5003161,-68.1293164,164
17383390,-16.500366,-68.1294551,165
17383390,-16.5002488,-68.1283128,166
17383390,-16.5002213,-68.1284127,167
17383390,-16.5002114,-68.1284671,168
17383390,-16.5002028,-68.1285724,169
17383390,-16.5002281,-68.1288345,170
17383390,-16.5002488,-68.1283128,171
17383390,-16.5003655,-68.1280338,172
17383390,-16.5004869,-68.1277449,173
17383390,-16.5005547,-68.1275817,174
17383390,-16.4998451,-68.1249445,175
17383390,-16.4999365,-68.125187,176
17383390,-16.5001339,-68.1255903,177
17383390,-16.5003293,-68.1259615,178
17383390,-16.5004453,-68.1261754,179
17383390,-16.5006044,-68.1265208,180
17383390,-16.5006883,-68.126758,181
17383390,-16.5007056,-68.1268754,182
17383390,-16.5007174,-68.1269895,183
17383390,-16.5006781,-68.1271333,184
17383390,-16.5006141,-68.1273746,185
17383390,-16.5005547,-68.1275817,186
17383390,-16.4998451,-68.1249445,187
17383390,-16.4997446,-68.1246746,188
17383390,-16.4997307,-68.1245892,189
17383390,-16.4997253,-68.1245428,190
17383390,-16.4997253,-68.1245428,191
17383390,-16.4997344,-68.1244276,192
17383390,-16.4997344,-68.1244276,193
17383390,-16.4997953,-68.1241297,194
17383390,-16.4998398,-68.1239809,195
17383390,-16.4998439,-68.1239567,196
17383390,-16.4998439,-68.1239567,197
17383390,-16.4998849,-68.1237892,198
17383390,-16.4998849,-68.1237892,199
17383390,-16.4999108,-68.1236742,200
17383390,-16.4999355,-68.1235854,201
17383390,-16.4999576,-68.1234972,202
17383390,-16.5000036,-68.1234163,203
17383390,-16.5000606,-68.1233366,204
17383390,-16.5002614,-68.1232346,205
17383390,-16.5004093,-68.1231039,206
17383390,-16.5004093,-68.1231039,207
17383390,-16.5004904,-68.1229349,208
17383390,-16.5005299,-68.1227505,209
17383390,-16.5005324,-68.1226329,210
17383390,-16.5005179,-68.1225162,211
17383390,-16.5004866,-68.1224031,212
17383390,-16.5004393,-68.1222963,213
17383390,-16.5003771,-68.1221981,214
17383390,-16.5003014,-68.1221109,215
17383390,-16.5001973,-68.1220204,216
17383390,-16.5000325,-68.1219566,217
17383390,-16.4995374,-68.1219455,218
17383390,-16.4995374,-68.1219455,219
17383390,-16.499508,-68.1219351,220
17383390,-16.4994822,-68.1219169,221
17383390,-16.499462,-68.1218923,222
17383390,-16.4994486,-68.121863,223
17383390,-16.4994139,-68.1210149,224
17383390,-16.4994199,-68.1211495,225
17383390,-16.4994227,-68.1212097,226
17383390,-16.4994294,-68.1213756,227
17383390,-16.4994486,-68.121863,228
17383390,-16.4993705,-68.1201392,229
17383390,-16.4994139,-68.1210149,230
17383390,-16.4993705,-68.1201392,231
17383390,-16.4993443,-68.1196623,232
17383390,-16.4993405,-68.1195523,233
17383390,-16.4993405,-68.1195523,234
17383390,-16.4993772,-68.1195394,235
17383390,-16.4994129,-68.1195247,236
17383390,-16.4997035,-68.1193556,237
17383390,-16.4998225,-68.1192854,238
17383390,-16.4998929,-68.119229,239
17383390,-16.4998929,-68.119229,240
17383390,-16.4998616,-68.1183769,241
17383390,-16.4998616,-68.1183769,242
17383390,-16.499863,-68.118307,243
17383390,-16.499863,-68.118307,244
17383390,-16.4998727,-68.1182427,245
17383390,-16.4998259,-68.1175268,246
17383390,-16.4998259,-68.1175268,247
17383390,-16.4998134,-68.1171149,248
17383390,-16.4997962,-68.1170631,249
17383390,-16.4997962,-68.1170631,250
17383390,-16.4995741,-68.1164459,251
17383390,-16.4995741,-68.1164459,252
17383390,-16.4995671,-68.1164259,253
17383390,-16.4995671,-68.1164259,254
17383390,-16.4995125,-68.1163785,255
17383390,-16.4994646,-68.1163635,256
17383390,-16.4993746,-68.1163986,257
17383390,-16.4993746,-68.1163986,258
17383390,-16.4992007,-68.1165203,259
17383390,-16.498983,-68.1166725,260
17383390,-16.4988521,-68.1167989,261
17383390,-16.498443,-68.1171312,262
17383390,-16.4983606,-68.1172021,263
17383390,-16.4982272,-68.117317,264
17383390,-16.4980318,-68.1174586,265
17383390,-16.4976678,-68.1175613,266
17383390,-16.4971528,-68.1176509,267
17383390,-16.4968308,-68.117744,268
17383390,-16.4965195,-68.1178554,269
17383390,-16.4962699,-68.1179547,270
17383390,-16.4962699,-68.1179547,271
17383390,-16.4962063,-68.1179816,272
17383390,-16.496173,-68.1179945,273
17383390,-16.4960212,-68.1180532,274
17383390,-16.495916,-68.1180781,275
17383390,-16.4950416,-68.1184568,276
17383390,-16.4956189,-68.1181312,277
17383390,-16.4956997,-68.1181086,278
17383390,-16.4958057,-68.1180989,279
17383390,-16.495916,-68.1180781,280
17383390,-16.4950416,-68.1184568,281
17383390,-16.494909,-68.1184642,282
17383390,-16.4948162,-68.1184542,283
17383390,-16.4948162,-68.1184542,284
17383390,-16.4948135,-68.1184281,285
17383390,-16.4948043,-68.1184036,286
17383390,-16.4947893,-68.1183826,287
17383390,-16.4947893,-68.1183826,288
17383390,-16.4948635,-68.118286,289
17383390,-16.4958446,-68.1170582,290
17383390,-16.4955328,-68.1177554,291
17383390,-16.4954543,-68.1178737,292
17383390,-16.4953861,-68.117945,293
17383390,-16.4953283,-68.1179896,294
17383390,-16.4950365,-68.1181405,295
17383390,-16.4949618,-68.1181875,296
17383390,-16.4948635,-68.118286,297
17383390,-16.4958446,-68.1170582,298
17383390,-16.4958884,-68.1169266,299
17383390,-16.4958884,-68.1169266,300
17383390,-16.4958451,-68.1167655,301
17383390,-16.4958451,-68.1167655,302
17383390,-16.4957647,-68.1164688,303
17383390,-16.4955348,-68.1154934,304
17383390,-16.4955637,-68.1156236,305
17383390,-16.4956055,-68.1158372,306
17383390,-16.4957647,-68.1164688,307
17383390,-16.4955348,-68.1154934,308
17383390,-16.4955502,-68.1154825,309
17383390,-16.4955614,-68.115467,310
17383390,-16.4955672,-68.1154485,311
17383390,-16.495567,-68.1154291,312
17383390,-16.4955606,-68.1154106,313
17383390,-16.4955489,-68.1153952,314
17383390,-16.495533,-68.1153847,315
17383390,-16.4955147,-68.1153802,316
17383390,-16.495496,-68.1153822,317
17383390,-16.4954789,-68.1153904,318
17383390,-16.4954695,-68.1153997,319
17383390,-16.4954695,-68.1153997,320
17383390,-16.4954059,-68.1153502,321
17383390,-16.495363,-68.1153407,322
17383390,-16.4952146,-68.1153216,323
17383390,-16.4949407,-68.1152935,324
17383390,-16.4945318,-68.1152421,325
17383390,-16.4942418,-68.1152211,326
17383390,-16.4941701,-68.1152043,327
17383390,-16.4940606,-68.1151754,328
17383390,-16.494007,-68.1151451,329
17383390,-16.4937951,-68.115005,330
17383390,-16.4937951,-68.115005,331
17383390,-16.4936808,-68.1148732,332
17383390,-16.4935708,-68.1147209,333
17383390,-16.4934968,-68.1145617,334
17383390,-16.4934968,-68.1145617,335
17383390,-16.4934947,-68.1145146,336
17383390,-16.4934947,-68.114452,337
17383390,-16.4935005,-68.1143962,338
17383390,-16.4935122,-68.1143288,339
17383390,-16.4935322,-68.1142696,340
17383390,-16.4935707,-68.1142055,341
17383390,-16.4936078,-68.1141755,342
17383390,-16.4942509,-68.1137777,343
17383390,-16.4943227,-68.1137458,344
17383390,-16.4944598,-68.1137158,345
17383390,-16.4944598,-68.1137158,346
17383390,-16.4947721,-68.1137354,347
17383390,-16.4949053,-68.1137323,348
17383390,-16.4950185,-68.1137153,349
17383390,-16.4951226,-68.1136783,350
17383390,-16.4952203,-68.1135983,351
17383390,-16.4957157,-68.113019,352
17383390,-16.495772,-68.112933,353
17383390,-16.4958041,-68.1128392,354
17383390,-16.4958183,-68.1127976,355
17383390,-16.4959005,-68.1125589,356
17383390,-16.4959813,-68.1123722,357
17383390,-16.4961924,-68.1121404,358
17383390,-16.4962413,-68.1120855,359
17383390,-16.4965555,-68.1117665,360
17383390,-16.4966605,-68.111651,361
17383390,-16.4967184,-68.1115678,362
17383390,-16.4967558,-68.1114881,363
17383390,-16.4967647,-68.1114364,364
17383390,-16.4967546,-68.1113966,365
17383390,-16.4967546,-68.1113966,366
17383390,-16.4967268,-68.1113678,367
17383390,-16.4966926,-68.1113562,368
17383390,-16.4966579,-68.1113586,369
17383390,-16.4965107,-68.1114051,370
17383390,-16.4964252,-68.1114231,371
17383390,-16.4963654,-68.1114317,372
17383390,-16.4962947,-68.1114337,373
17383390,-16.4962291,-68.1114279,374
17383390,-16.4960308,-68.1113719,375
17383390,-16.4958438,-68.1113025,376
17383390,-16.4958015,-68.1113016,377
17383390,-16.4957464,-68.1113154,378
17383390,-16.4957464,-68.1113154,379
17383390,-16.4956356,-68.1113274,380
17383390,-16.4955816,-68.1113197,381
17383390,-16.4955276,-68.1112888,382
17383390,-16.4954891,-68.1112595,383
17383390,-16.4954306,-68.1112023,384
17383390,-16.4953701,-68.1111245,385
17383390,-16.4953378,-68.1110577,386
17383390,-16.4952319,-68.1106598,387
17383390,-16.4952049,-68.1105653,388
17383390,-16.4952068,-68.110517,389
17383390,-16.4952384,-68.1104506,390
17383390,-16.4953078,-68.1104077,391
17383390,-16.4956273,-68.1102636,392
17383390,-16.4958002,-68.1101851,393
17383390,-16.4960992,-68.1100939,394
17383390,-16.4963815,-68.1100027,395
17383390,-16.4964789,-68.1099732,396
17383390,-16.4966367,-68.1099585,397
17383390,-16.4968936,-68.1095907,398
17383390,-16.4966367,-68.1099585,399
17383390,-16.4975259,-68.1089191,400
17383390,-16.4973896,-68.1090116,401
17383390,-16.497193,-68.1092271,402
17383390,-16.4970744,-68.1093499,403
17383390,-16.4968936,-68.1095907,404
17383390,-16.4975259,-68.1089191,405
17383390,-16.4980506,-68.1086482,406
17383390,-16.498962,-68.1081853,407
17383390,-16.4990796,-68.1081445,408
17383390,-16.4992336,-68.1081319,409
17383390,-16.4999532,-68.1081155,410
17383390,-16.5000531,-68.1081138,411
17383390,-16.500177,-68.1081101,412
17383390,-16.5009687,-68.1080754,413
17383390,-16.5010425,-68.1080751,414
17383390,-16.5013759,-68.1080531,415
17383390,-16.5015302,-68.1080252,416
17383390,-16.5016974,-68.1079861,417
17383390,-16.5017571,-68.1079676,418
17383390,-16.5018625,-68.1079354,419
17383390,-16.5022219,-68.1078556,420
17383390,-16.5024711,-68.1077819,421
17383390,-16.5026006,-68.1077409,422
17383390,-16.502681,-68.1077094,423
17383390,-16.5028118,-68.1075887,424
17383390,-16.5028846,-68.1074654,425
17383390,-16.5029828,-68.1072719,426
17383390,-16.5031355,-68.1071012,427
17383390,-16.5032424,-68.1070049,428
17383390,-16.503326,-68.1069626,429
17383390,-16.5034179,-68.1069459,430
17383390,-16.5035741,-68.1069727,431
17383390,-16.5039515,-68.1070471,432
17383390,-16.5043405,-68.10709,433
17383390,-16.504408,-68.1070894,434
17383390,-16.5044753,-68.1070717,435
17383390,-16.5045113,-68.1070509,436
17383390,-16.5045293,-68.1070315,437
17383390,-16.5045409,-68.1069321,438
17383390,-16.5045577,-68.106873,439
17383390,-16.5045808,-68.1067916,440
17383390,-16.5045917,-68.1067721,441
17383390,-16.5046052,-68.1067614,442
17383390,-16.5046734,-68.1067326,443
17383390,-16.5047756,-68.1067091,444
17383390,-16.5049254,-68.1066943,445
17383390,-16.5051813,-68.1067239,446
17383390,-16.5052504,-68.106741,447
17383390,-16.5052995,-68.1067714,448
17383390,-16.5053959,-68.1069022,449
17383390,-16.505454,-68.1069689,450
17383390,-16.5055283,-68.1070265,451
17383390,-16.5056353,-68.1070602,452
17383390,-16.505836,-68.1070917,453
17383390,-16.5058956,-68.107131,454
17383390,-16.505955,-68.1072069,455
17383390,-16.5060295,-68.1073954,456
17383390,-16.5061143,-68.1075626,457
17383390,-16.5061458,-68.1076001,458
17383390,-16.5061857,-68.1076243,459
17383390,-16.5062249,-68.1076397,460
17383390,-16.5062544,-68.1076397,461
17675641,-16.5153899,-68.1658249,0
17675641,-16.5165001,-68.166186,1
17675641,-16.5153899,-68.1658249,2
17675641,-16.5155854,-68.1651754,3
17675641,-16.5157903,-68.1645118,4
17675641,-16.5168957,-68.1648834,5
17675641,-16.5157903,-68.1645118,6
17675641,-16.5168957,-68.1648834,7
17675641,-16.5171027,-68.1642075,8
17675641,-16.5172377,-68.1638246,9
17675641,-16.5172531,-68.1637985,10
17675641,-16.5172943,-68.1637755,11
17675641,-16.5210915,-68.1575838,12
17675641,-16.5210497,-68.1576529,13
17675641,-16.5208056,-68.1580129,14
17675641,-16.5201932,-68.1589085,15
17675641,-16.5201437,-68.1589654,16
17675641,-16.5201126,-68.1589986,17
17675641,-16.5200263,-68.1591233,18
17675641,-16.5198698,-68.1593481,19
17675641,-16.5196118,-68.1597061,20
17675641,-16.519327,-68.1601185,21
17675641,-16.5192377,-68.1602432,22
17675641,-16.5190011,-68.1605992,23
17675641,-16.5188493,-68.1608327,24
17675641,-16.5187743,-68.1609411,25
17675641,-16.5187109,-68.1610404,26
17675641,-16.5184299,-68.1614522,27
17675641,-16.5182316,-68.1617425,28
17675641,-16.5180914,-68.161937,29
17675641,-16.5179968,-68.1621205,30
17675641,-16.5179346,-68.1622951,31
17675641,-16.5178515,-68.1625579,32
17675641,-16.517721,-68.1629752,33
17675641,-16.5176455,-68.1632328,34
17675641,-16.5175251,-68.1636243,35
17675641,-16.5174968,-68.1636731,36
17675641,-16.5174691,-68.1636938,37
17675641,-16.5174369,-68.163716,38
17675641,-16.5172943,-68.1637755,39
17675641,-16.5210915,-68.1575838,40
17675641,-16.5211775,-68.1576114,41
17675641,-16.5211775,-68.1576114,42
17675641,-16.5212791,-68.1576527,43
17675641,-16.5212791,-68.1576527,44
17675641,-16.5213449,-68.1576317,45
17675641,-16.5213808,-68.1576014,46
17675641,-16.5214054,-68.1575606,47
17675641,-16.5214231,-68.1575006,48
17675641,-16.5214231,-68.1575006,49
17675641,-16.5214307,-68.1574311,50
17675641,-16.5214495,-68.1573849,51
17675641,-16.5214495,-68.1573849,52
17675641,-16.5214739,-68.1573229,53
17675641,-16.5216314,-68.1569015,54
17675641,-16.5216458,-68.1568624,55
17675641,-16.5217666,-68.1565574,56
17675641,-16.5217666,-68.1565574,57
17675641,-16.5217951,-68.1564782,58
17675641,-16.5218133,-68.1564325,59
17675641,-16.5218342,-68.1563801,60
17675641,-16.5218342,-68.1563801,61
17675641,-16.521869,-68.1562925,62
17675641,-16.521869,-68.1562925,63
17675641,-16.5219298,-68.1561399,64
17675641,-16.5220016,-68.1559594,65
17675641,-16.5220509,-68.1558354,66
17675641,-16.5220711,-68.155783,67
17675641,-16.5220782,-68.1557648,68
17675641,-16.5220782,-68.1557648,69
17675641,-16.5220973,-68.1557151,70
17675641,-16.5221586,-68.1555621,71
17675641,-16.5221813,-68.1555045,72
17675641,-16.5221813,-68.1555045,73
17675641,-16.5222027,-68.1554511,74
17675641,-16.5222847,-68.1552478,75
17675641,-16.5223758,-68.1550219,76
17675641,-16.5223861,-68.1549962,77
17675641,-16.5224102,-68.1549363,78
17675641,-16.5224346,-68.1548758,79
17675641,-16.5224931,-68.1547308,80
17675641,-16.5225675,-68.1545474,81
17675641,-16.5225738,-68.1545312,82
17675641,-16.5225937,-68.1544799,83
17675641,-16.5225937,-68.1544799,84
17675641,-16.5226095,-68.1544406,85
17675641,-16.5229302,-68.1536513,86
17675641,-16.52294,-68.1536264,87
17675641,-16.5229527,-68.1535944,88
17675641,-16.5229651,-68.1535624,89
17675641,-16.5229651,-68.1535624,90
17675641,-16.5229888,-68.1534997,91
17675641,-16.5230454,-68.1533424,92
17675641,-16.5230454,-68.1533424,93
17675641,-16.5230928,-68.1532203,94
17675641,-16.5231455,-68.1530898,95
17675641,-16.523171,-68.1530275,96
17675641,-16.523171,-68.1530275,97
17675641,-16.5231961,-68.152965,98
17675641,-16.5232704,-68.1527795,99
17675641,-16.5233271,-68.1526388,100
17675641,-16.5233799,-68.152506,101
17675641,-16.5234303,-68.1523802,102
17675641,-16.5234745,-68.1522676,103
17675641,-16.5234903,-68.1522282,104
17675641,-16.5235028,-68.1521968,105
17675641,-16.5235028,-68.1521968,106
17675641,-16.5235246,-68.1521433,107
17675641,-16.5235864,-68.1519919,108
17675641,-16.5236551,-68.1518215,109
17675641,-16.523773,-68.151529,110
17675641,-16.5238034,-68.1514535,111
17675641,-16.5238112,-68.1514342,112
17675641,-16.5238382,-68.1513655,113
17675641,-16.5238382,-68.1513655,114
17675641,-16.5238673,-68.1512924,115
17675641,-16.5239021,-68.1512009,116
17675641,-16.5239319,-68.1511237,117
17675641,-16.5239319,-68.1511237,118
17675641,-16.523962,-68.1510413,119
17675641,-16.523962,-68.1510413,120
17675641,-16.5240083,-68.1510532,121
17675641,-16.5240465,-68.151058,122
17675641,-16.524085,-68.1510584,123
17675641,-16.5241233,-68.1510544,124
17675641,-16.524161,-68.151046,125
17675641,-16.5241976,-68.1510334,126
17675641,-16.5242326,-68.1510167,127
17675641,-16.5242657,-68.1509961,128
17675641,-16.5242657,-68.1509961,129
17675641,-16.5242879,-68.1509791,130
17675641,-16.5242879,-68.1509791,131
17675641,-16.5243189,-68.1509502,132
17675641,-16.5243463,-68.1509177,133
17675641,-16.5243699,-68.1508821,134
17675641,-16.5243892,-68.1508437,135
17675641,-16.5243997,-68.1508033,136
17675641,-16.5244045,-68.1507571,137
17675641,-16.524404,-68.1506996,138
17675641,-16.5243923,-68.1506289,139
17675641,-16.524376,-68.1505647,140
17675641,-16.5243542,-68.1505105,141
17675641,-16.5243224,-68.1504527,142
17675641,-16.5243224,-68.1504527,143
17675641,-16.5242932,-68.1504096,144
17675641,-16.5242724,-68.1503807,145
17675641,-16.5242477,-68.1503388,146
17675641,-16.5242477,-68.1503388,147
17675641,-16.5242755,-68.1502685,148
17675641,-16.5243253,-68.1501467,149
17675641,-16.5243346,-68.1501239,150
17675641,-16.5243787,-68.1500227,151
17675641,-16.5243787,-68.1500227,152
17675641,-16.5244004,-68.149969,153
17675641,-16.5245896,-68.149495,154
17675641,-16.524642,-68.149365,155
17675641,-16.5246664,-68.1493043,156
17675641,-16.5246986,-68.1492245,157
17675641,-16.5247966,-68.1489812,158
17675641,-16.5248188,-68.1489262,159
17675641,-16.5248502,-68.1488487,160
17675641,-16.5248502,-68.1488487,161
17675641,-16.5248777,-68.1487791,162
17675641,-16.5249788,-68.1485249,163
17675641,-16.5251083,-68.1481991,164
17675641,-16.5251297,-68.1481451,165
17675641,-16.5251501,-68.1480939,166
17675641,-16.525166,-68.1480529,167
17675641,-16.5251846,-68.1480048,168
17675641,-16.5251846,-68.1480048,169
17675641,-16.5252557,-68.147819,170
17675641,-16.5252557,-68.147819,171
17675641,-16.5252907,-68.1477416,172
17675641,-16.5252907,-68.1477416,173
17675641,-16.5252992,-68.1477034,174
17675641,-16.5253121,-68.147668,175
17675641,-16.5253924,-68.1474664,176
17675641,-16.5253924,-68.1474664,177
17675641,-16.5254026,-68.1474009,178
17675641,-16.5253928,-68.1473424,179
17675641,-16.5253724,-68.1473059,180
17675641,-16.525361,-68.1472914,181
17675641,-16.5253179,-68.1472574,182
17675641,-16.5252706,-68.1472438,183
17675641,-16.5252122,-68.1472426,184
17675641,-16.5251424,-68.147251,185
17675641,-16.5251424,-68.147251,186
17675641,-16.5250582,-68.1472743,187
17675641,-16.5249538,-68.1473497,188
17675641,-16.5249262,-68.1473545,189
17675641,-16.5248722,-68.1473451,190
17675641,-16.5244864,-68.1472981,191
17675641,-16.524709,-68.1472867,192
17675641,-16.5247819,-68.1472968,193
17675641,-16.5248722,-68.1473451,194
17675641,-16.5238158,-68.1474131,195
17675641,-16.5239615,-68.147397,196
17675641,-16.5244864,-68.1472981,197
17675641,-16.5229653,-68.1474805,198
17675641,-16.5234877,-68.1474474,199
17675641,-16.5237099,-68.147427,200
17675641,-16.5238158,-68.1474131,201
17675641,-16.5228067,-68.1474864,202
17675641,-16.5229653,-68.1474805,203
17675641,-16.5220772,-68.1474436,204
17675641,-16.5224691,-68.1474798,205
17675641,-16.5228067,-68.1474864,206
17675641,-16.5212016,-68.1472513,207
17675641,-16.5215532,-68.1473326,208
17675641,-16.5218795,-68.1474138,209
17675641,-16.5220772,-68.1474436,210
17675641,-16.5208194,-68.1472041,211
17675641,-16.5209468,-68.1472039,212
17675641,-16.5210855,-68.1472285,213
17675641,-16.5212016,-68.1472513,214
17675641,-16.5205211,-68.1471621,215
17675641,-16.520604,-68.1472001,216
17675641,-16.5206763,-68.1472088,217
17675641,-16.5208194,-68.1472041,218
17675641,-16.5204752,-68.1471124,219
17675641,-16.5205211,-68.1471621,220
17675641,-16.5204946,-68.1467082,221
17675641,-16.5204446,-68.1467551,222
17675641,-16.5204124,-68.146818,223
17675641,-16.5203909,-68.1468914,224
17675641,-16.5204012,-68.1469661,225
17675641,-16.5204238,-68.1470287,226
17675641,-16.5204752,-68.1471124,227
17675641,-16.5212458,-68.1465591,228
17675641,-16.5205987,-68.1466742,229
17675641,-16.5205185,-68.1466962,230
17675641,-16.5204946,-68.1467082,231
17675641,-16.5224119,-68.146328,232
17675641,-16.5223128,-68.1463658,233
17675641,-16.5212458,-68.1465591,234
17675641,-16.5217617,-68.1459704,235
17675641,-16.5217995,-68.1459792,236
17675641,-16.5218541,-68.1459754,237
17675641,-16.5223016,-68.1458983,238
17675641,-16.522328,-68.1458925,239
17675641,-16.5224726,-68.1458653,240
17675641,-16.5225344,-68.1458557,241
17675641,-16.5225832,-68.1458477,242
17675641,-16.5226847,-68.145837,243
17675641,-16.5227725,-68.145828,244
17675641,-16.5227969,-68.145832,245
17675641,-16.5228184,-68.1458411,246
17675641,-16.5228288,-68.1458499,247
17675641,-16.5228362,-68.1458592,248
17675641,-16.5228415,-68.1458717,249
17675641,-16.5228451,-68.1458832,250
17675641,-16.5228456,-68.1458943,251
17675641,-16.5228451,-68.1459098,252
17675641,-16.5228426,-68.1459239,253
17675641,-16.5228361,-68.145944,254
17675641,-16.5228217,-68.1459654,255
17675641,-16.5227529,-68.1460382,256
17675641,-16.5225149,-68.1462515,257
17675641,-16.5224119,-68.146328,258
17675641,-16.521495,-68.1457564,259
17675641,-16.5215164,-68.1458104,260
17675641,-16.5215402,-68.1458402,261
17675641,-16.5215936,-68.1458885,262
17675641,-16.5216819,-68.1459435,263
17675641,-16.5217617,-68.1459704,264
17675641,-16.5211725,-68.1423193,265
17675641,-16.5215053,-68.1423523,266
17675641,-16.521698,-68.1423682,267
17675641,-16.5217524,-68.142409,268
17675641,-16.5218127,-68.1424617,269
17675641,-16.5219154,-68.142545,270
17675641,-16.5220292,-68.1425902,271
17675641,-16.5220876,-68.1426103,272
17675641,-16.5223256,-68.1426368,273
17675641,-16.5224804,-68.1426711,274
17675641,-16.5225806,-68.1427227,275
17675641,-16.5226447,-68.1427823,276
17675641,-16.5227015,-68.1428655,277
17675641,-16.5227352,-68.1429446,278
17675641,-16.5227615,-68.1430255,279
17675641,-16.5227788,-68.1431234,280
17675641,-16.5227934,-68.1431934,281
17675641,-16.5228762,-68.1434972,282
17675641,-16.5228941,-68.1435811,283
17675641,-16.5228652,-68.1436396,284
17675641,-16.5228217,-68.1436897,285
17675641,-16.5225258,-68.1439256,286
17675641,-16.5223512,-68.1440785,287
17675641,-16.5222188,-68.1442196,288
17675641,-16.5221292,-68.1443157,289
17675641,-16.5219188,-68.1445807,290
17675641,-16.5218467,-68.1447195,291
17675641,-16.5218366,-68.1447777,292
17675641,-16.5218281,-68.1448411,293
17675641,-16.5218313,-68.1449041,294
17675641,-16.5218517,-68.1449846,295
17675641,-16.5218977,-68.1450853,296
17675641,-16.5220277,-68.1453132,297
17675641,-16.5220537,-68.1453862,298
17675641,-16.5220599,-68.1454463,299
17675641,-16.522053,-68.1454895,300
17675641,-16.5220354,-68.1455212,301
17675641,-16.5220207,-68.1455474,302
17675641,-16.5220015,-68.1455646,303
17675641,-16.5219599,-68.1455883,304
17675641,-16.5219104,-68.1455989,305
17675641,-16.5218619,-68.1455999,306
17675641,-16.5217565,-68.1455867,307
17675641,-16.5216858,-68.1455833,308
17675641,-16.5216266,-68.1455997,309
17675641,-16.5215851,-68.1456188,310
17675641,-16.5215556,-68.1456463,311
17675641,-16.5215154,-68.145696,312
17675641,-16.521495,-68.1457564,313
17675641,-16.5186743,-68.142747,314
17675641,-16.5187769,-68.142657,315
17675641,-16.5188933,-68.1425504,316
17675641,-16.5189941,-68.1424397,317
17675641,-16.5191162,-68.142324,318
17675641,-16.5191637,-68.1422959,319
17675641,-16.5191965,-68.1422794,320
17675641,-16.5192328,-68.1422684,321
17675641,-16.5192692,-68.142266,322
17675641,-16.5193026,-68.1422731,323
17675641,-16.5193373,-68.1422918,324
17675641,-16.5193572,-68.1423143,325
17675641,-16.5193756,-68.1423408,326
17675641,-16.5193875,-68.1423736,327
17675641,-16.5193932,-68.1424008,328
17675641,-16.5193907,-68.1424467,329
17675641,-16.5193859,-68.1425322,330
17675641,-16.5192408,-68.1428707,331
17675641,-16.5191415,-68.1430534,332
17675641,-16.5190917,-68.1431709,333
17675641,-16.5190289,-68.1433085,334
17675641,-16.5189769,-68.143421,335
17675641,-16.5189737,-68.1434488,336
17675641,-16.5189776,-68.1434783,337
17675641,-16.5189905,-68.1435018,338
17675641,-16.5190139,-68.1435199,339
17675641,-16.5190464,-68.1435165,340
17675641,-16.5190836,-68.1434986,341
17675641,-16.5191359,-68.1434582,342
17675641,-16.5193785,-68.1431971,343
17675641,-16.5195688,-68.1430087,344
17675641,-16.5196372,-68.1429434,345
17675641,-16.5196874,-68.1429089,346
17675641,-16.5197312,-68.1428957,347
17675641,-16.5197814,-68.1428963,348
17675641,-16.5198316,-68.1429123,349
17675641,-16.5199068,-68.1429492,350
17675641,-16.5200094,-68.1430141,351
17675641,-16.5201269,-68.143109,352
17675641,-16.5201816,-68.1431528,353
17675641,-16.5202504,-68.1431772,354
17675641,-16.5203681,-68.1432133,355
17675641,-16.5204791,-68.1432451,356
17675641,-16.5205318,-68.1432451,357
17675641,-16.5205794,-68.1432332,358
17675641,-16.5206322,-68.1432,359
17675641,-16.5206902,-68.1431374,360
17675641,-16.5207718,-68.1430072,361
17675641,-16.5208157,-68.1429087,362
17675641,-16.52085,-68.1427984,363
17675641,-16.520905,-68.142569,364
17675641,-16.5209424,-68.1424832,365
17675641,-16.520977,-68.1424147,366
17675641,-16.521025,-68.142364,367
17675641,-16.5210768,-68.1423299,368
17675641,-16.5211278,-68.1423224,369
17675641,-16.5211725,-68.1423193,370
17675641,-16.5180443,-68.1433483,371
17675641,-16.5182278,-68.1432685,372
17675641,-16.5182596,-68.1432508,373
17675641,-16.5182851,-68.1432295,374
17675641,-16.5185214,-68.1429291,375
17675641,-16.5186743,-68.142747,376
17675641,-16.5156094,-68.1438311,377
17675641,-16.5161845,-68.1434594,378
17675641,-16.516231,-68.1434479,379
17675641,-16.5162749,-68.1434484,380
17675641,-16.5163213,-68.1434619,381
17675641,-16.5163623,-68.143486,382
17675641,-16.5165007,-68.1435976,383
17675641,-16.5165409,-68.1436274,384
17675641,-16.516747,-68.1437895,385
17675641,-16.5167742,-68.1438198,386
17675641,-16.5167864,-68.1438562,387
17675641,-16.5167796,-68.1438946,388
17675641,-16.5167666,-68.1439307,389
17675641,-16.5166383,-68.1441152,390
17675641,-16.5166238,-68.144144,391
17675641,-16.516615,-68.1441763,392
17675641,-16.5165158,-68.1445517,393
17675641,-16.5165174,-68.1445951,394
17675641,-16.5165268,-68.1446179,395
17675641,-16.5165442,-68.1446342,396
17675641,-16.5165651,-68.1446498,397
17675641,-16.5165928,-68.1446536,398
17675641,-16.5166428,-68.1446217,399
17675641,-16.5166639,-68.1446001,400
17675641,-16.5168528,-68.1444229,401
17675641,-16.5171134,-68.1441886,402
17675641,-16.517236,-68.1441042,403
17675641,-16.5174081,-68.1439772,404
17675641,-16.5175046,-68.1438983,405
17675641,-16.5175775,-68.1438199,406
17675641,-16.5176204,-68.1437618,407
17675641,-16.5176767,-68.1436884,408
17675641,-16.517716,-68.143637,409
17675641,-16.5177481,-68.1435842,410
17675641,-16.5178195,-68.1435056,411
17675641,-16.5178708,-68.1434604,412
17675641,-16.5179222,-68.1434248,413
17675641,-16.5179892,-68.1433808,414
17675641,-16.5180443,-68.1433483,415
17675641,-16.5154187,-68.1434805,416
17675641,-16.5155623,-68.1437662,417
17675641,-16.5156094,-68.1438311,418
17675641,-16.5153799,-68.1434057,419
17675641,-16.5154187,-68.1434805,420
17675641,-16.5153799,-68.1434057,421
17675641,-16.5151284,-68.1435519,422
17675641,-16.5151284,-68.1435519,423
17675641,-16.5149576,-68.1436597,424
17675641,-16.5148097,-68.1437452,425
17675641,-16.5146273,-68.1438113,426
17675641,-16.5144289,-68.1438767,427
17675641,-16.5142706,-68.1439299,428
17675641,-16.5140624,-68.143984,429
17675641,-16.5138934,-68.1440011,430
17675641,-16.5137327,-68.1440038,431
17675641,-16.5133637,-68.1439826,432
17675641,-16.5124752,-68.1439045,433
17675641,-16.5124752,-68.1439045,434
17675641,-16.5117282,-68.143821,435
17675641,-16.5116561,-68.14381,436
17675641,-16.5116561,-68.14381,437
17675641,-16.5111405,-68.1436685,438
17675641,-16.5110254,-68.1436349,439
17675641,-16.5109527,-68.1436242,440
17675641,-16.5108917,-68.1436229,441
17675641,-16.5107931,-68.1436321,442
17675641,-16.5105736,-68.1436766,443
17675641,-16.5105736,-68.1436766,444
17675641,-16.5106352,-68.1434308,445
17675641,-16.5107467,-68.1430501,446
17675641,-16.5107467,-68.1430501,447
17675641,-16.5108451,-68.1428231,448
17675641,-16.5111504,-68.1422523,449
17675641,-16.5113749,-68.1418267,450
17675641,-16.5115271,-68.141459,451
17675641,-16.5115788,-68.1413147,452
17675641,-16.5116707,-68.1411276,453
17675641,-16.5116703,-68.1409605,454
17675641,-16.5116705,-68.1410336,455
17675641,-16.5116707,-68.1411276,456
17675641,-16.5116561,-68.1402977,457
17675641,-16.5116663,-68.140625,458
17675641,-16.5116693,-68.1408782,459
17675641,-16.5116703,-68.1409605,460
17675641,-16.5116715,-68.1398289,461
17675641,-16.5116542,-68.1400401,462
17675641,-16.5116561,-68.1402977,463
17675641,-16.5116355,-68.1393625,464
17675641,-16.5116561,-68.1394266,465
17675641,-16.5116702,-68.1394983,466
17675641,-16.5116812,-68.1396016,467
17675641,-16.5116715,-68.1398289,468
17675641,-16.5091243,-68.1357804,469
17675641,-16.5092787,-68.1359351,470
17675641,-16.5095184,-68.1361402,471
17675641,-16.5096072,-68.1362233,472
17675641,-16.5098624,-68.1364319,473
17675641,-16.5101106,-68.1366766,474
17675641,-16.5101826,-68.1367578,475
17675641,-16.5102485,-68.1368597,476
17675641,-16.5103054,-68.1369589,477
17675641,-16.5103992,-68.1371574,478
17675641,-16.5105555,-68.1374632,479
17675641,-16.5109586,-68.1382065,480
17675641,-16.5113964,-68.1389428,481
17675641,-16.5115127,-68.1391379,482
17675641,-16.5115867,-68.1392603,483
17675641,-16.5116355,-68.1393625,484
17675641,-16.5091243,-68.1357804,485
17675641,-16.5091024,-68.1357339,486
17675641,-16.5090848,-68.135686,487
17675641,-16.5090723,-68.1356363,488
17675641,-16.5090683,-68.1355866,489
17675641,-16.5090683,-68.1355866,490
17675641,-16.5090726,-68.1355357,491
17675641,-16.5090564,-68.1354876,492
17675641,-16.5090227,-68.1354505,493
17675641,-16.5089775,-68.1354311,494
17675641,-16.5089286,-68.1354328,495
17675641,-16.5089286,-68.1354328,496
17675641,-16.5088907,-68.1354505,497
17675641,-16.5088611,-68.135481,498
17675641,-16.5088437,-68.1355203,499
17675641,-16.5088437,-68.1355203,500
17675641,-16.5087946,-68.1355132,501
17675641,-16.5086467,-68.1354998,502
17675641,-16.5083741,-68.1354978,503
17675641,-16.5081255,-68.1355112,504
17675641,-16.5080402,-68.1355125,505
17675641,-16.5078431,-68.1355199,506
17675641,-16.5077305,-68.1355239,507
17675641,-16.5073406,-68.1355822,508
17675641,-16.5071095,-68.1356393,509
17675641,-16.5069441,-68.135704,510
17675641,-16.5069441,-68.135704,511
17675641,-16.5069388,-68.1356787,512
17675641,-16.5069273,-68.1356557,513
17675641,-16.5069105,-68.1356366,514
17675641,-16.5068895,-68.1356227,515
17675641,-16.5068658,-68.1356151,516
17675641,-16.506841,-68.1356142,517
17675641,-16.5068168,-68.13562,518
17675641,-16.5068168,-68.13562,519
17675641,-16.5067949,-68.1356323,520
17675641,-16.5067949,-68.1356323,521
17675641,-16.5066838,-68.1355501,522
17675641,-16.5061888,-68.1352396,523
17675641,-16.5061567,-68.1352235,524
17675641,-16.5058828,-68.1350653,525
17675641,-16.5053613,-68.1348564,526
17675641,-16.5052301,-68.134811,527
17675641,-16.5050819,-68.1347536,528
17675641,-16.5050139,-68.1347324,529
17675641,-16.504983,-68.1347213,530
17675641,-16.504983,-68.1347213,531
17675641,-16.5049576,-68.1346911,532
17675641,-16.5049576,-68.1346911,533
17675641,-16.5051249,-68.1343085,534
17675641,-16.5052759,-68.1339984,535
17675641,-16.5052759,-68.1339984,536
17675641,-16.5043997,-68.1331187,537
17675641,-16.5040956,-68.1329345,538
17675641,-16.5037241,-68.1327961,539
17675641,-16.5037241,-68.1327961,540
17675641,-16.5037084,-68.1331495,541
17675641,-16.503693,-68.1332649,542
17675641,-16.503693,-68.1332649,543
17675641,-16.5036563,-68.1333956,544
17675641,-16.5036062,-68.1335156,545
17675641,-16.5034115,-68.1337157,546
17675641,-16.503224,-68.1338995,547
17675641,-16.503224,-68.1338995,548
17675641,-16.5031746,-68.1339477,549
17675641,-16.5024474,-68.1346749,550
17675641,-16.5017119,-68.1338388,551
17675641,-16.5019188,-68.1340679,552
17675641,-16.5024474,-68.1346749,553
17675641,-16.5017119,-68.1338388,554
17675641,-16.5024659,-68.1330346,555
17767401,-16.5024659,-68.1330346,0
17767401,-16.5027697,-68.1333856,1
17767401,-16.503224,-68.1338995,2
17767401,-16.503276,-68.1339567,3
17767401,-16.5037361,-68.1345349,4
17767401,-16.5044008,-68.1352846,5
17767401,-16.5041636,-68.1349982,6
17767401,-16.503828,-68.1346241,7
17767401,-16.5037361,-68.1345349,8
17767401,-16.5055298,-68.1365761,9
17767401,-16.5051588,-68.1361476,10
17767401,-16.5049158,-68.1358632,11
17767401,-16.5046291,-68.13554,12
17767401,-16.5044008,-68.1352846,13
17767401,-16.5055298,-68.1365761,14
17767401,-16.5055193,-68.1366144,15
17767401,-16.5055197,-68.1366544,16
17767401,-16.5055312,-68.1366926,17
17767401,-16.5055312,-68.1366926,18
17767401,-16.5055532,-68.1367262,19
17767401,-16.5055923,-68.1367566,20
17767401,-16.5055923,-68.1367566,21
17767401,-16.5056311,-68.1367691,22
17767401,-16.5056716,-68.1367687,23
17767401,-16.5057102,-68.1367555,24
17767401,-16.5057431,-68.1367308,25
17767401,-16.5057672,-68.1366968,26
17767401,-16.5057804,-68.1366568,27
17767401,-16.5057804,-68.1366568,28
17767401,-16.5057794,-68.1366034,29
17767401,-16.505759,-68.1365545,30
17767401,-16.5067686,-68.1357615,31
17767401,-16.5064473,-68.1359954,32
17767401,-16.5061888,-68.1361999,33
17767401,-16.505759,-68.1365545,34
17767401,-16.5067686,-68.1357615,35
17767401,-16.5067843,-68.1357825,36
17767401,-16.5068048,-68.1357983,37
17767401,-16.5068286,-68.1358078,38
17767401,-16.506854,-68.1358103,39
17767401,-16.5068791,-68.1358056,40
17767401,-16.5069021,-68.1357941,41
17767401,-16.5069021,-68.1357941,42
17767401,-16.506921,-68.1357769,43
17767401,-16.5069349,-68.135755,44
17767401,-16.5069428,-68.1357302,45
17767401,-16.5069441,-68.135704,46
17767401,-16.5088437,-68.1355203,47
17767401,-16.5087946,-68.1355132,48
17767401,-16.5086467,-68.1354998,49
17767401,-16.5083741,-68.1354978,50
17767401,-16.5081255,-68.1355112,51
17767401,-16.5080402,-68.1355125,52
17767401,-16.5078431,-68.1355199,53
17767401,-16.5077305,-68.1355239,54
17767401,-16.5073406,-68.1355822,55
17767401,-16.5071095,-68.1356393,56
17767401,-16.5069441,-68.135704,57
17767401,-16.5088437,-68.1355203,58
17767401,-16.5088403,-68.1355599,59
17767401,-16.5088493,-68.1355986,60
17767401,-16.5088698,-68.1356322,61
17767401,-16.5088698,-68.1356322,62
17767401,-16.508901,-68.135658,63
17767401,-16.5089497,-68.1356725,64
17767401,-16.5089497,-68.1356725,65
17767401,-16.5089953,-68.1356983,66
17767401,-16.5090398,-68.1357231,67
17767401,-16.5090828,-68.1357504,68
17767401,-16.5091243,-68.1357804,69
17767401,-16.5091243,-68.1357804,70
17767401,-16.5092787,-68.1359351,71
17767401,-16.5095184,-68.1361402,72
17767401,-16.5096072,-68.1362233,73
17767401,-16.5098624,-68.1364319,74
17767401,-16.5101106,-68.1366766,75
17767401,-16.5101826,-68.1367578,76
17767401,-16.5102485,-68.1368597,77
17767401,-16.5103054,-68.1369589,78
17767401,-16.5103992,-68.1371574,79
17767401,-16.5105555,-68.1374632,80
17767401,-16.5109586,-68.1382065,81
17767401,-16.5113964,-68.1389428,82
17767401,-16.5115127,-68.1391379,83
17767401,-16.5115867,-68.1392603,84
17767401,-16.5116355,-68.1393625,85
17767401,-16.5116355,-68.1393625,86
17767401,-16.5116561,-68.1394266,87
17767401,-16.5116702,-68.1394983,88
17767401,-16.5116812,-68.1396016,89
17767401,-16.5116715,-68.1398289,90
17767401,-16.5116715,-68.1398289,91
17767401,-16.5116542,-68.1400401,92
17767401,-16.5116561,-68.1402977,93
17767401,-16.5116561,-68.1402977,94
17767401,-16.5116663,-68.140625,95
17767401,-16.5116693,-68.1408782,96
17767401,-16.5116703,-68.1409605,97
17767401,-16.5116703,-68.1409605,98
17767401,-16.5116705,-68.1410336,99
17767401,-16.5116707,-68.1411276,100
17767401,-16.5116707,-68.1411276,101
17767401,-16.5118827,-68.1424229,102
17767401,-16.5117843,-68.1424806,103
17767401,-16.5118827,-68.1424229,104
17767401,-16.5117843,-68.1424806,105
17767401,-16.5118027,-68.1425813,106
17767401,-16.5117708,-68.1429212,107
17767401,-16.5117448,-68.1430931,108
17767401,-16.5117204,-68.1433325,109
17767401,-16.5117204,-68.1433325,110
17767401,-16.5119872,-68.1433513,111
17767401,-16.512024,-68.143356,112
17767401,-16.512024,-68.143356,113
17767401,-16.5120611,-68.1433761,114
17767401,-16.5121289,-68.1434199,115
17767401,-16.512249,-68.14353,116
17767401,-16.5123133,-68.1436018,117
17767401,-16.5123133,-68.1436018,118
17767401,-16.5123789,-68.1436849,119
17767401,-16.5124271,-68.1437659,120
17767401,-16.5124606,-68.14385,121
17767401,-16.5124752,-68.1439045,122
17767401,-16.5124752,-68.1439045,123
17767401,-16.5125002,-68.1439565,124
17767401,-16.5125002,-68.1439565,125
17767401,-16.5132434,-68.1440319,126
17767401,-16.5136324,-68.1440789,127
17767401,-16.5139306,-68.14408,128
17767401,-16.5140617,-68.1440649,129
17767401,-16.5141812,-68.1440407,130
17767401,-16.5143187,-68.1440054,131
17767401,-16.5144594,-68.1439613,132
17767401,-16.5148494,-68.1438099,133
17767401,-16.5151851,-68.1436134,134
17767401,-16.5153196,-68.1435368,135
17767401,-16.5154187,-68.1434805,136
17767401,-16.5154187,-68.1434805,137
17767401,-16.5155623,-68.1437662,138
17767401,-16.5156094,-68.1438311,139
17767401,-16.5156094,-68.1438311,140
17767401,-16.5161845,-68.1434594,141
17767401,-16.516231,-68.1434479,142
17767401,-16.5162749,-68.1434484,143
17767401,-16.5163213,-68.1434619,144
17767401,-16.5163623,-68.143486,145
17767401,-16.5165007,-68.1435976,146
17767401,-16.5165409,-68.1436274,147
17767401,-16.516747,-68.1437895,148
17767401,-16.5167742,-68.1438198,149
17767401,-16.5167864,-68.1438562,150
17767401,-16.5167796,-68.1438946,151
17767401,-16.5167666,-68.1439307,152
17767401,-16.5166383,-68.1441152,153
17767401,-16.5166238,-68.144144,154
17767401,-16.516615,-68.1441763,155
17767401,-16.5165158,-68.1445517,156
17767401,-16.5165174,-68.1445951,157
17767401,-16.5165268,-68.1446179,158
17767401,-16.5165442,-68.1446342,159
17767401,-16.5165651,-68.1446498,160
17767401,-16.5165928,-68.1446536,161
17767401,-16.5166428,-68.1446217,162
17767401,-16.5166639,-68.1446001,163
17767401,-16.5168528,-68.1444229,164
17767401,-16.5171134,-68.1441886,165
17767401,-16.517236,-68.1441042,166
17767401,-16.5174081,-68.1439772,167
17767401,-16.5175046,-68.1438983,168
17767401,-16.5175775,-68.1438199,169
17767401,-16.5176204,-68.1437618,170
17767401,-16.5176767,-68.1436884,171
17767401,-16.517716,-68.143637,172
17767401,-16.5177481,-68.1435842,173
17767401,-16.5178195,-68.1435056,174
17767401,-16.5178708,-68.1434604,175
17767401,-16.5179222,-68.1434248,176
17767401,-16.5179892,-68.1433808,177
17767401,-16.5180443,-68.1433483,178
17767401,-16.5180443,-68.1433483,179
17767401,-16.5182278,-68.1432685,180
17767401,-16.5182596,-68.1432508,181
17767401,-16.5182851,-68.1432295,182
17767401,-16.5185214,-68.1429291,183
17767401,-16.5186743,-68.142747,184
17767401,-16.5186743,-68.142747,185
17767401,-16.5187769,-68.142657,186
17767401,-16.5188933,-68.1425504,187
17767401,-16.5189941,-68.1424397,188
17767401,-16.5191162,-68.142324,189
17767401,-16.5191637,-68.1422959,190
17767401,-16.5191965,-68.1422794,191
17767401,-16.5192328,-68.1422684,192
17767401,-16.5192692,-68.142266,193
17767401,-16.5193026,-68.1422731,194
17767401,-16.5193373,-68.1422918,195
17767401,-16.5193572,-68.1423143,196
17767401,-16.5193756,-68.1423408,197
17767401,-16.5193875,-68.1423736,198
17767401,-16.5193932,-68.1424008,199
17767401,-16.5193907,-68.1424467,200
17767401,-16.5193859,-68.1425322,201
17767401,-16.5192408,-68.1428707,202
17767401,-16.5191415,-68.1430534,203
17767401,-16.5190917,-68.1431709,204
17767401,-16.5190289,-68.1433085,205
17767401,-16.5189769,-68.143421,206
17767401,-16.5189737,-68.1434488,207
17767401,-16.5189776,-68.1434783,208
17767401,-16.5189905,-68.1435018,209
17767401,-16.5190139,-68.1435199,210
17767401,-16.5190464,-68.1435165,211
17767401,-16.5190836,-68.1434986,212
17767401,-16.5191359,-68.1434582,213
17767401,-16.5193785,-68.1431971,214
17767401,-16.5195688,-68.1430087,215
17767401,-16.5196372,-68.1429434,216
17767401,-16.5196874,-68.1429089,217
17767401,-16.5197312,-68.1428957,218
17767401,-16.5197814,-68.1428963,219
17767401,-16.5198316,-68.1429123,220
17767401,-16.5199068,-68.1429492,221
17767401,-16.5200094,-68.1430141,222
17767401,-16.5201269,-68.143109,223
17767401,-16.5201816,-68.1431528,224
17767401,-16.5202504,-68.1431772,225
17767401,-16.5203681,-68.1432133,226
17767401,-16.5204791,-68.1432451,227
17767401,-16.5205318,-68.1432451,228
17767401,-16.5205794,-68.1432332,229
17767401,-16.5206322,-68.1432,230
17767401,-16.5206902,-68.1431374,231
17767401,-16.5207718,-68.1430072,232
17767401,-16.5208157,-68.1429087,233
17767401,-16.52085,-68.1427984,234
17767401,-16.520905,-68.142569,235
17767401,-16.5209424,-68.1424832,236
17767401,-16.520977,-68.1424147,237
17767401,-16.521025,-68.142364,238
17767401,-16.5210768,-68.1423299,239
17767401,-16.5211278,-68.1423224,240
17767401,-16.5211725,-68.1423193,241
17767401,-16.5211725,-68.1423193,242
17767401,-16.5215053,-68.1423523,243
17767401,-16.521698,-68.1423682,244
17767401,-16.5217524,-68.142409,245
17767401,-16.5218127,-68.1424617,246
17767401,-16.5219154,-68.142545,247
17767401,-16.5220292,-68.1425902,248
17767401,-16.5220876,-68.1426103,249
17767401,-16.5223256,-68.1426368,250
17767401,-16.5224804,-68.1426711,251
17767401,-16.5225806,-68.1427227,252
17767401,-16.5226447,-68.1427823,253
17767401,-16.5227015,-68.1428655,254
17767401,-16.5227352,-68.1429446,255
17767401,-16.5227615,-68.1430255,256
17767401,-16.5227788,-68.1431234,257
17767401,-16.5227934,-68.1431934,258
17767401,-16.5228762,-68.1434972,259
17767401,-16.5228941,-68.1435811,260
17767401,-16.5228652,-68.1436396,261
17767401,-16.5228217,-68.1436897,262
17767401,-16.5225258,-68.1439256,263
17767401,-16.5223512,-68.1440785,264
17767401,-16.5222188,-68.1442196,265
17767401,-16.5221292,-68.1443157,266
17767401,-16.5219188,-68.1445807,267
17767401,-16.5218467,-68.1447195,268
17767401,-16.5218366,-68.1447777,269
17767401,-16.5218281,-68.1448411,270
17767401,-16.5218313,-68.1449041,271
17767401,-16.5218517,-68.1449846,272
17767401,-16.5218977,-68.1450853,273
17767401,-16.5220277,-68.1453132,274
17767401,-16.5220537,-68.1453862,275
17767401,-16.5220599,-68.1454463,276
17767401,-16.522053,-68.1454895,277
17767401,-16.5220354,-68.1455212,278
17767401,-16.5220207,-68.1455474,279
17767401,-16.5220015,-68.1455646,280
17767401,-16.5219599,-68.1455883,281
17767401,-16.5219104,-68.1455989,282
17767401,-16.5218619,-68.1455999,283
17767401,-16.5217565,-68.1455867,284
17767401,-16.5216858,-68.1455833,285
17767401,-16.5216266,-68.1455997,286
17767401,-16.5215851,-68.1456188,287
17767401,-16.5215556,-68.1456463,288
17767401,-16.5215154,-68.145696,289
17767401,-16.521495,-68.1457564,290
17767401,-16.521495,-68.1457564,291
17767401,-16.5215164,-68.1458104,292
17767401,-16.5215402,-68.1458402,293
17767401,-16.5215936,-68.1458885,294
17767401,-16.5216819,-68.1459435,295
17767401,-16.5217617,-68.1459704,296
17767401,-16.5217617,-68.1459704,297
17767401,-16.5217995,-68.1459792,298
17767401,-16.5218541,-68.1459754,299
17767401,-16.5223016,-68.1458983,300
17767401,-16.522328,-68.1458925,301
17767401,-16.5224726,-68.1458653,302
17767401,-16.5225344,-68.1458557,303
17767401,-16.5225832,-68.1458477,304
17767401,-16.5226847,-68.145837,305
17767401,-16.5227725,-68.145828,306
17767401,-16.5227969,-68.145832,307
17767401,-16.5228184,-68.1458411,308
17767401,-16.5228288,-68.1458499,309
17767401,-16.5228362,-68.1458592,310
17767401,-16.5228415,-68.1458717,311
17767401,-16.5228451,-68.1458832,312
17767401,-16.5228456,-68.1458943,313
17767401,-16.5228451,-68.1459098,314
17767401,-16.5228426,-68.1459239,315
17767401,-16.5228361,-68.145944,316
17767401,-16.5228217,-68.1459654,317
17767401,-16.5227529,-68.1460382,318
17767401,-16.5225149,-68.1462515,319
17767401,-16.5224119,-68.146328,320
17767401,-16.5224119,-68.146328,321
17767401,-16.5223128,-68.1463658,322
17767401,-16.5212458,-68.1465591,323
17767401,-16.5212458,-68.1465591,324
17767401,-16.5205987,-68.1466742,325
17767401,-16.5205185,-68.1466962,326
17767401,-16.5204946,-68.1467082,327
17767401,-16.5204946,-68.1467082,328
17767401,-16.5204446,-68.1467551,329
17767401,-16.5204124,-68.146818,330
17767401,-16.5203909,-68.1468914,331
17767401,-16.5204012,-68.1469661,332
17767401,-16.5204238,-68.1470287,333
17767401,-16.5204752,-68.1471124,334
17767401,-16.5204752,-68.1471124,335
17767401,-16.5205211,-68.1471621,336
17767401,-16.5205211,-68.1471621,337
17767401,-16.520604,-68.1472001,338
17767401,-16.5206763,-68.1472088,339
17767401,-16.5208194,-68.1472041,340
17767401,-16.5208194,-68.1472041,341
17767401,-16.5209468,-68.1472039,342
17767401,-16.5210855,-68.1472285,343
17767401,-16.5212016,-68.1472513,344
17767401,-16.5212016,-68.1472513,345
17767401,-16.5215532,-68.1473326,346
17767401,-16.5218795,-68.1474138,347
17767401,-16.5220772,-68.1474436,348
17767401,-16.5220772,-68.1474436,349
17767401,-16.5224691,-68.1474798,350
17767401,-16.5228067,-68.1474864,351
17767401,-16.5228067,-68.1474864,352
17767401,-16.5229653,-68.1474805,353
17767401,-16.5229653,-68.1474805,354
17767401,-16.5234877,-68.1474474,355
17767401,-16.5237099,-68.147427,356
17767401,-16.5238158,-68.1474131,357
17767401,-16.5238158,-68.1474131,358
17767401,-16.5239615,-68.147397,359
17767401,-16.5244864,-68.1472981,360
17767401,-16.5244864,-68.1472981,361
17767401,-16.524709,-68.1472867,362
17767401,-16.5247819,-68.1472968,363
17767401,-16.5248722,-68.1473451,364
17767401,-16.5248722,-68.1473451,365
17767401,-16.5249224,-68.1474309,366
17767401,-16.5249584,-68.1475208,367
17767401,-16.5250133,-68.1476494,368
17767401,-16.5250133,-68.1476494,369
17767401,-16.5250362,-68.147828,370
17767401,-16.5250715,-68.1479584,371
17767401,-16.5250715,-68.1479584,372
17767401,-16.5250641,-68.1480137,373
17767401,-16.5250489,-68.1480519,374
17767401,-16.524924,-68.1483647,375
17767401,-16.5248772,-68.148482,376
17767401,-16.5247763,-68.1487347,377
17767401,-16.5247486,-68.1488026,378
17767401,-16.5247486,-68.1488026,379
17767401,-16.5247223,-68.1488694,380
17767401,-16.5247174,-68.1488818,381
17767401,-16.5247111,-68.1488976,382
17767401,-16.5246539,-68.1490403,383
17767401,-16.5245657,-68.1492606,384
17767401,-16.5245413,-68.1493215,385
17767401,-16.5245096,-68.1494006,386
17767401,-16.5244064,-68.1496583,387
17767401,-16.524329,-68.1498514,388
17767401,-16.5243139,-68.1498891,389
17767401,-16.5242989,-68.1499264,390
17767401,-16.524278,-68.1499777,391
17767401,-16.524278,-68.1499777,392
17767401,-16.5242398,-68.1500794,393
17767401,-16.5241828,-68.15023,394
17767401,-16.5241531,-68.1503132,395
17767401,-16.5241531,-68.1503132,396
17767401,-16.5241036,-68.1503204,397
17767401,-16.5240506,-68.1503204,398
17767401,-16.5239975,-68.1503274,399
17767401,-16.5239474,-68.1503436,400
17767401,-16.5239013,-68.1503679,401
17767401,-16.5238587,-68.1503985,402
17767401,-16.5238197,-68.150434,403
17767401,-16.523786,-68.150475,404
17767401,-16.5237585,-68.1505207,405
17767401,-16.5237383,-68.1505684,406
17767401,-16.5237249,-68.1506186,407
17767401,-16.5237229,-68.1506704,408
17767401,-16.5237248,-68.1507218,409
17767401,-16.5237333,-68.1507722,410
17767401,-16.5237511,-68.1508272,411
17767401,-16.5237757,-68.150877,412
17767401,-16.5238068,-68.1509232,413
17767401,-16.523844,-68.1509616,414
17767401,-16.52387,-68.1509944,415
17767401,-16.52387,-68.1509944,416
17767401,-16.5238352,-68.1510837,417
17767401,-16.5237794,-68.1512273,418
17767401,-16.523769,-68.1512542,419
17767401,-16.5237401,-68.1513231,420
17767401,-16.5237401,-68.1513231,421
17767401,-16.5237141,-68.1513884,422
17767401,-16.5236542,-68.151538,423
17767401,-16.5235329,-68.151841,424
17767401,-16.5234339,-68.1520885,425
17767401,-16.5234291,-68.1521004,426
17767401,-16.5234075,-68.1521543,427
17767401,-16.5234075,-68.1521543,428
17767401,-16.5233788,-68.1522261,429
17767401,-16.523304,-68.152413,430
17767401,-16.5231464,-68.1528071,431
17767401,-16.5230999,-68.1529231,432
17767401,-16.5230749,-68.1529857,433
17767401,-16.5230749,-68.1529857,434
17767401,-16.5230498,-68.1530488,435
17767401,-16.5230134,-68.1531404,436
17767401,-16.5230036,-68.1531651,437
17767401,-16.5229713,-68.1532463,438
17767401,-16.5229713,-68.1532463,439
17767401,-16.5229645,-68.1532996,440
17767401,-16.5229585,-68.1533524,441
17767401,-16.5229585,-68.1533524,442
17767401,-16.5229197,-68.1534704,443
17767401,-16.5229041,-68.1535085,444
17767401,-16.5229041,-68.1535085,445
17767401,-16.522894,-68.1535331,446
17767401,-16.5228818,-68.1535651,447
17767401,-16.5227964,-68.1537766,448
17767401,-16.5226338,-68.1541782,449
17767401,-16.5225398,-68.1544104,450
17767401,-16.5225238,-68.15445,451
17767401,-16.5225238,-68.15445,452
17767401,-16.5225017,-68.154505,453
17767401,-16.5223159,-68.1549654,454
17767401,-16.5221373,-68.1554094,455
17767401,-16.5221373,-68.1554094,456
17767401,-16.5221239,-68.1554429,457
17767401,-16.5221116,-68.1554745,458
17767401,-16.5221116,-68.1554745,459
17767401,-16.5220918,-68.1555236,460
17767401,-16.5220816,-68.1555495,461
17767401,-16.5220273,-68.1556855,462
17767401,-16.5220078,-68.1557344,463
17767401,-16.5220078,-68.1557344,464
17767401,-16.5220009,-68.1557517,465
17767401,-16.5219796,-68.155805,466
17767401,-16.5218591,-68.1561093,467
17767401,-16.5217248,-68.1564483,468
17767401,-16.5216938,-68.1565258,469
17767401,-16.5216938,-68.1565258,470
17767401,-16.5215613,-68.1568721,471
17767401,-16.5213811,-68.1573575,472
17767401,-16.5213811,-68.1573575,473
17767401,-16.5213362,-68.157343,474
17767401,-16.5213362,-68.157343,475
17767401,-16.5212539,-68.1573798,476
17767401,-16.521215,-68.1574007,477
17767401,-16.5211778,-68.1574361,478
17767401,-16.5211778,-68.1574361,479
17767401,-16.5211329,-68.1575056,480
17767401,-16.5210915,-68.1575838,481
17767401,-16.5210915,-68.1575838,482
17767401,-16.5210497,-68.1576529,483
17767401,-16.5208056,-68.1580129,484
17767401,-16.5201932,-68.1589085,485
17767401,-16.5201437,-68.1589654,486
17767401,-16.5201126,-68.1589986,487
17767401,-16.5200263,-68.1591233,488
17767401,-16.5198698,-68.1593481,489
17767401,-16.5196118,-68.1597061,490
17767401,-16.519327,-68.1601185,491
17767401,-16.5192377,-68.1602432,492
17767401,-16.5190011,-68.1605992,493
17767401,-16.5188493,-68.1608327,494
17767401,-16.5187743,-68.1609411,495
17767401,-16.5187109,-68.1610404,496
17767401,-16.5184299,-68.1614522,497
17767401,-16.5182316,-68.1617425,498
17767401,-16.5180914,-68.161937,499
17767401,-16.5179968,-68.1621205,500
17767401,-16.5179346,-68.1622951,501
17767401,-16.5178515,-68.1625579,502
17767401,-16.517721,-68.1629752,503
17767401,-16.5176455,-68.1632328,504
17767401,-16.5175251,-68.1636243,505
17767401,-16.5174968,-68.1636731,506
17767401,-16.5174691,-68.1636938,507
17767401,-16.5174369,-68.163716,508
17767401,-16.5172943,-68.1637755,509
17767401,-16.5168957,-68.1648834,510
17767401,-16.5171027,-68.1642075,511
17767401,-16.5172377,-68.1638246,512
17767401,-16.5172531,-68.1637985,513
17767401,-16.5172943,-68.1637755,514
17767401,-16.5165001,-68.166186,515
17767401,-16.5166858,-68.1655628,516
17767401,-16.5168957,-68.1648834,517
17767401,-16.5153899,-68.1658249,518
17767401,-16.5165001,-68.166186,519
18750470,-16.534256,-68.1912662,0
18750470,-16.5341695,-68.1911687,1
18750470,-16.5340195,-68.1913277,2
18750470,-16.5341446,-68.1911951,3
18750470,-16.5341695,-68.1911687,4
18750470,-16.5340195,-68.1913277,5
18750470,-16.5344122,-68.1917646,6
18750470,-16.5347531,-68.1921231,7
18750470,-16.5353049,-68.1926188,8
18750470,-16.5363406,-68.1935732,9
18750470,-16.5375586,-68.1946799,10
18750470,-16.5384666,-68.1955418,11
18750470,-16.5392287,-68.1962224,12
18750470,-16.5393588,-68.1963386,13
18750470,-16.5402335,-68.197192,14
18750470,-16.5411321,-68.1979993,15
18750470,-16.5411321,-68.1979993,16
18750470,-16.5414535,-68.1982796,17
18750470,-16.5418952,-68.1986682,18
18750470,-16.5418952,-68.1986682,19
18750470,-16.5417962,-68.1987823,20
18750470,-16.5414358,-68.1991975,21
18750470,-16.5409956,-68.1997011,22
18750470,-16.5412795,-68.1999867,23
18750470,-16.5409956,-68.1997011,24
18750470,-16.5412795,-68.1999867,25
18750470,-16.542427,-68.2010471,26
18750470,-16.5427265,-68.2013238,27
18750470,-16.5427265,-68.2013238,28
18750470,-16.5422437,-68.2017232,29
18750470,-16.542937,-68.2023606,30
18750470,-16.5425695,-68.202017,31
18750470,-16.5422437,-68.2017232,32
18750470,-16.5449464,-68.2041751,33
18750470,-16.5445163,-68.2037867,34
18750470,-16.5442301,-68.2035283,35
18750470,-16.5439375,-68.203264,36
18750470,-16.543218,-68.2026143,37
18750470,-16.542937,-68.2023606,38
18750470,-16.5480975,-68.2070625,39
18750470,-16.5480313,-68.207002,40
18750470,-16.547778,-68.2067698,41
18750470,-16.5477344,-68.2067298,42
18750470,-16.5474812,-68.2064979,43
18750470,-16.5473853,-68.20641,44
18750470,-16.546694,-68.2057765,45
18750470,-16.5464203,-68.2055257,46
18750470,-16.5459339,-68.2050801,47
18750470,-16.5456823,-68.2048495,48
18750470,-16.5455302,-68.2047101,49
18750470,-16.5449464,-68.2041751,50
18750470,-16.5480975,-68.2070625,51
18750470,-16.5480965,-68.2070633,52
18750470,-16.5471622,-68.2078361,53
18750470,-16.5462485,-68.2086247,54
18750470,-16.5489813,-68.2111544,55
18750470,-16.5488662,-68.2110182,56
18750470,-16.5487744,-68.2109296,57
18750470,-16.5486422,-68.210824,58
18750470,-16.5483039,-68.2105245,59
18750470,-16.5479496,-68.2102196,60
18750470,-16.5476186,-68.2099219,61
18750470,-16.5472665,-68.2096228,62
18750470,-16.5469918,-68.209388,63
18750470,-16.5469375,-68.2093058,64
18750470,-16.5469044,-68.2092431,65
18750470,-16.5468375,-68.2091519,66
18750470,-16.5463223,-68.2087012,67
18750470,-16.5462485,-68.2086247,68
18750470,-16.5503314,-68.2124494,69
18750470,-16.5499677,-68.2121247,70
18750470,-16.5496503,-68.2118414,71
18750470,-16.5492876,-68.2115176,72
18750470,-16.5490532,-68.2112822,73
18750470,-16.5490146,-68.2112387,74
18750470,-16.5489813,-68.2111544,75
18750470,-16.5504157,-68.2123747,76
18750470,-16.5503314,-68.2124494,77
18750470,-16.5521263,-68.2138753,78
18750470,-16.5517528,-68.21355,79
18750470,-16.5513103,-68.2131722,80
18750470,-16.5508517,-68.2127672,81
18750470,-16.5504157,-68.2123747,82
18750470,-16.5521263,-68.2138753,83
18750470,-16.5520119,-68.214,84
18750470,-16.5527756,-68.2148004,85
18750470,-16.5526178,-68.2146328,86
18750470,-16.5523285,-68.2143207,87
18750470,-16.5520119,-68.214,88
18750470,-16.5529382,-68.2149782,89
18750470,-16.5527756,-68.2148004,90
18750470,-16.5549619,-68.217062,91
18750470,-16.5546692,-68.2168566,92
18750470,-16.5545698,-68.2167762,93
18750470,-16.5545239,-68.2166859,94
18750470,-16.5544258,-68.2165512,95
18750470,-16.5543418,-68.2164543,96
18750470,-16.5529382,-68.2149782,97
18750470,-16.5549619,-68.217062,98
18750470,-16.5547815,-68.2174802,99
18750470,-16.5545534,-68.2179702,100
18750470,-16.5543421,-68.2184814,101
18750470,-16.5556745,-68.2195135,102
18750470,-16.5556376,-68.2194334,103
18750470,-16.555258,-68.2191578,104
18750470,-16.5548855,-68.2188892,105
18750470,-16.5545068,-68.2186027,106
18750470,-16.5543421,-68.2184814,107
19198167,-16.5001983,-68.1319662,0
19198167,-16.5000829,-68.1319187,1
19198167,-16.4999932,-68.1318753,2
19198167,-16.4999932,-68.1318753,3
19198167,-16.5001953,-68.1314501,4
19198167,-16.5001953,-68.1314501,5
19198167,-16.5004295,-68.1309588,6
19198167,-16.500599,-68.1306831,7
19198167,-16.5006687,-68.1305698,8
19198167,-16.5007182,-68.1304683,9
19198167,-16.5007267,-68.1303858,10
19198167,-16.5007324,-68.1303302,11
19198167,-16.5007256,-68.1302131,12
19198167,-16.5007256,-68.1302131,13
19198167,-16.5007134,-68.1301465,14
19198167,-16.5006889,-68.1300721,15
19198167,-16.5006109,-68.1298937,16
19198167,-16.5004863,-68.1296769,17
19198167,-16.500366,-68.1294551,18
19198167,-16.500366,-68.1294551,19
19198167,-16.5003736,-68.1293935,20
19198167,-16.5003815,-68.1293175,21
19198167,-16.5003874,-68.1292661,22
19198167,-16.5004115,-68.1291389,23
19198167,-16.5004332,-68.1289329,24
19198167,-16.5004492,-68.1288155,25
19198167,-16.5004562,-68.1287852,26
19198167,-16.5004797,-68.1286837,27
19198167,-16.5005336,-68.1285098,28
19198167,-16.5006227,-68.1282688,29
19198167,-16.5006472,-68.1282127,30
19198167,-16.5007291,-68.1280251,31
19198167,-16.5007795,-68.1279543,32
19198167,-16.5008204,-68.1279255,33
19198167,-16.5008549,-68.12791,34
19198167,-16.5008873,-68.1279028,35
19198167,-16.5009191,-68.1279039,36
19198167,-16.5009676,-68.1279098,37
19198167,-16.5009676,-68.1279098,38
19198167,-16.5010137,-68.1279192,39
19198167,-16.5011517,-68.1279283,40
19198167,-16.5011841,-68.1279238,41
19198167,-16.5012181,-68.1279072,42
19198167,-16.5012541,-68.1278738,43
19198167,-16.501336,-68.1277228,44
19198167,-16.5013686,-68.1276976,45
19198167,-16.5013954,-68.1276924,46
19198167,-16.5014262,-68.1276929,47
19198167,-16.5014515,-68.1277018,48
19198167,-16.501474,-68.1277145,49
19198167,-16.5014969,-68.1277367,50
19198167,-16.5015059,-68.1277632,51
19198167,-16.501508,-68.1278028,52
19198167,-16.5015035,-68.1278341,53
19198167,-16.5014868,-68.1278829,54
19198167,-16.5014778,-68.1279388,55
19198167,-16.5014841,-68.1279903,56
19198167,-16.5015054,-68.1280573,57
19198167,-16.5015335,-68.1281448,58
19198167,-16.5015898,-68.1283093,59
19198167,-16.5016445,-68.1284289,60
19198167,-16.5016932,-68.1285162,61
19198167,-16.5017215,-68.1285668,62
19198167,-16.5017388,-68.1285873,63
19198167,-16.5017916,-68.1286499,64
19198167,-16.5017916,-68.1286499,65
19198167,-16.5019001,-68.1287349,66
19198167,-16.5019302,-68.1287585,67
19198167,-16.5020066,-68.1288039,68
19198167,-16.5020066,-68.1288039,69
19198167,-16.5021431,-68.1288554,70
19198167,-16.5021431,-68.1288554,71
19198167,-16.5021611,-68.1288496,72
19198167,-16.5022282,-68.128828,73
19198167,-16.5022282,-68.128828,74
19198167,-16.5022401,-68.1288487,75
19198167,-16.5022575,-68.1288646,76
19198167,-16.5022787,-68.1288742,77
19198167,-16.5023017,-68.1288766,78
19198167,-16.5023243,-68.1288715,79
19198167,-16.5023243,-68.1288715,80
19198167,-16.5024559,-68.1288282,81
19198167,-16.5025697,-68.1287962,82
19198167,-16.5025697,-68.1287962,83
19198167,-16.5029593,-68.1286922,84
19198167,-16.5029593,-68.1286922,85
19198167,-16.5032875,-68.1285644,86
19198167,-16.5032875,-68.1285644,87
19198167,-16.5035234,-68.1284968,88
19198167,-16.5036891,-68.1284451,89
19198167,-16.5038012,-68.1284248,90
19198167,-16.5038012,-68.1284248,91
19198167,-16.5039133,-68.128406,92
19198167,-16.5040247,-68.1283995,93
19198167,-16.5041167,-68.1284054,94
19198167,-16.5041961,-68.1284275,95
19198167,-16.5041961,-68.1284275,96
19198167,-16.5043056,-68.128433,97
19198167,-16.5043296,-68.1284262,98
19198167,-16.5043654,-68.1284052,99
19198167,-16.5043917,-68.1283791,100
19198167,-16.5044102,-68.128346,101
19198167,-16.5044487,-68.1281876,102
19198167,-16.5044487,-68.1281876,103
19198167,-16.5044809,-68.1279443,104
19198167,-16.5045001,-68.1276347,105
19198167,-16.5045193,-68.1270655,106
19198167,-16.504505,-68.1269852,107
19198167,-16.504505,-68.1269852,108
19198167,-16.5044938,-68.126934,109
19198167,-16.5044723,-68.1268809,110
19198167,-16.5043498,-68.1266598,111
19198167,-16.5043021,-68.1265753,112
19198167,-16.5042835,-68.1265148,113
19198167,-16.5042835,-68.1265148,114
19198167,-16.5042709,-68.1264609,115
19198167,-16.5042702,-68.1263984,116
19198167,-16.5043527,-68.1261669,117
19198167,-16.5043527,-68.1261669,118
19198167,-16.5044065,-68.1260528,119
19198167,-16.5044065,-68.1260528,120
19198167,-16.5045503,-68.1257518,121
19198167,-16.5045796,-68.1256928,122
19198167,-16.5046189,-68.1256308,123
19198167,-16.5048112,-68.125492,124
19198167,-16.5081937,-68.122842,125
19198167,-16.5081202,-68.122886,126
19198167,-16.5079496,-68.1229767,127
19198167,-16.5075781,-68.1231436,128
19198167,-16.5074257,-68.1232182,129
19198167,-16.5072855,-68.123297,130
19198167,-16.507172,-68.1233781,131
19198167,-16.5070146,-68.1235057,132
19198167,-16.5068488,-68.1236554,133
19198167,-16.5066286,-68.1238563,134
19198167,-16.5064796,-68.1240024,135
19198167,-16.5063695,-68.1241521,136
19198167,-16.5061409,-68.1244519,137
19198167,-16.5060662,-68.1245542,138
19198167,-16.5059599,-68.1247006,139
19198167,-16.5057947,-68.1249272,140
19198167,-16.5057176,-68.1250228,141
19198167,-16.5056205,-68.1251197,142
19198167,-16.5055073,-68.1252041,143
19198167,-16.5053485,-68.1253034,144
19198167,-16.505182,-68.1253778,145
19198167,-16.5049566,-68.1254488,146
19198167,-16.5048112,-68.125492,147
19198167,-16.5111894,-68.1205436,148
19198167,-16.5109908,-68.1206932,149
19198167,-16.5109025,-68.1207585,150
19198167,-16.5107423,-68.1208764,151
19198167,-16.5105674,-68.1210058,152
19198167,-16.5103538,-68.1211699,153
19198167,-16.5100231,-68.1214384,154
19198167,-16.5098296,-68.1215959,155
19198167,-16.5096715,-68.1217247,156
19198167,-16.5096369,-68.1217529,157
19198167,-16.509201,-68.1221185,158
19198167,-16.5090081,-68.122282,159
19198167,-16.5087275,-68.1225008,160
19198167,-16.5083316,-68.122765,161
19198167,-16.5081937,-68.122842,162
19198167,-16.5114928,-68.1203073,163
19198167,-16.5111894,-68.1205436,164
19198167,-16.5114928,-68.1203073,165
19198167,-16.5116539,-68.1201882,166
19198167,-16.5116982,-68.1201477,167
19198167,-16.5117494,-68.1200841,168
19198167,-16.5118702,-68.1199153,169
19198167,-16.5119127,-68.1198316,170
19198167,-16.5119252,-68.119796,171
19198167,-16.5119295,-68.1197583,172
19198167,-16.5119301,-68.1197179,173
19198167,-16.5119229,-68.1196754,174
19198167,-16.5118714,-68.1195968,175
19198167,-16.5118773,-68.11961,176
19198167,-16.511887,-68.1196318,177
19198167,-16.5119229,-68.1196754,178
19198167,-16.5118714,-68.1195968,179
19198167,-16.511865,-68.1195594,180
19198167,-16.5118591,-68.1194712,181
19198167,-16.5118664,-68.1193837,182
19198167,-16.5118664,-68.1193837,183
19198167,-16.5118824,-68.1193171,184
19198167,-16.5119119,-68.1192536,185
19198167,-16.5119449,-68.1192032,186
19198167,-16.5119779,-68.1191638,187
19198167,-16.5120489,-68.1191001,188
19198167,-16.5121267,-68.1190485,189
19198167,-16.5123877,-68.1189157,190
19198167,-16.5127416,-68.1187345,191
19198167,-16.5129707,-68.1186111,192
19198167,-16.5131763,-68.1184609,193
19198167,-16.5134245,-68.1182336,194
19198167,-16.5135557,-68.1180861,195
19198167,-16.5137494,-68.1179112,196
19198167,-16.5139715,-68.1178121,197
19198167,-16.514283,-68.117693,198
19198167,-16.514418,-68.1176618,199
19198167,-16.514778,-68.1176215,200
19198167,-16.5151503,-68.1175816,201
19198167,-16.5152717,-68.1175572,202
19198167,-16.515426,-68.1174848,203
19198167,-16.5159015,-68.1172445,204
19198167,-16.5159015,-68.1172445,205
19198167,-16.5160777,-68.1171423,206
19198167,-16.5160777,-68.1171423,207
19198167,-16.5161714,-68.1170919,208
19198167,-16.5165136,-68.116901,209
19198167,-16.5167189,-68.1168091,210
19198167,-16.5168944,-68.116744,211
19198167,-16.5171573,-68.1167073,212
19198167,-16.5177751,-68.1166533,213
19198167,-16.5181788,-68.1165653,214
19198167,-16.5184891,-68.1164866,215
19198167,-16.5187877,-68.1164449,216
19198167,-16.5190437,-68.1164229,217
19198167,-16.5191376,-68.1164174,218
19198167,-16.5191376,-68.1164174,219
19198167,-16.51977,-68.1163711,220
19198167,-16.5198101,-68.1163679,221
19198167,-16.520358,-68.1163245,222
19198167,-16.520452,-68.116312,223
19198167,-16.520452,-68.116312,224
19198167,-16.5205287,-68.1162834,225
19198167,-16.5205945,-68.116249,226
19198167,-16.5206371,-68.1162148,227
19198167,-16.520688,-68.1161534,228
19198167,-16.5207378,-68.1160535,229
19198167,-16.5207594,-68.1159418,230
19198167,-16.52076,-68.1158488,231
19198167,-16.5207366,-68.1157552,232
19198167,-16.5207068,-68.1156944,233
19198167,-16.5206657,-68.1156351,234
19198167,-16.5206051,-68.1155814,235
19198167,-16.5205455,-68.1155399,236
19198167,-16.5204257,-68.1154715,237
19198167,-16.5199954,-68.1151445,238
19198167,-16.5203973,-68.1154502,239
19198167,-16.520414,-68.1154629,240
19198167,-16.5204257,-68.1154715,241
19198167,-16.5198519,-68.1148648,242
19198167,-16.5198526,-68.1149253,243
19198167,-16.5198703,-68.1149992,244
19198167,-16.5199134,-68.1150709,245
19198167,-16.5199954,-68.1151445,246
19198167,-16.5198519,-68.1148648,247
19198167,-16.5198672,-68.1148128,248
19198167,-16.5198932,-68.1147638,249
19198167,-16.5199273,-68.1147345,250
19198167,-16.5199693,-68.1147134,251
19198167,-16.5200208,-68.1147005,252
19198167,-16.5201038,-68.1146887,253
19198167,-16.5219986,-68.114973,254
19198167,-16.5216029,-68.1149492,255
19198167,-16.5208195,-68.1149162,256
19198167,-16.5206589,-68.1148833,257
19198167,-16.5204162,-68.1147922,258
19198167,-16.5201038,-68.1146887,259
19198167,-16.5224201,-68.1147653,260
19198167,-16.5222607,-68.114869,261
19198167,-16.5221887,-68.1149222,262
19198167,-16.5221188,-68.1149494,263
19198167,-16.5219986,-68.114973,264
19198167,-16.5228833,-68.1141759,265
19198167,-16.5226358,-68.1145312,266
19198167,-16.5225129,-68.1146893,267
19198167,-16.5224201,-68.1147653,268
19198167,-16.5232836,-68.1134548,269
19198167,-16.5228833,-68.1141759,270
19198167,-16.5237016,-68.1126759,271
19198167,-16.5236149,-68.1128398,272
19198167,-16.5235561,-68.112951,273
19198167,-16.5232836,-68.1134548,274
19198167,-16.5241115,-68.1119148,275
19198167,-16.5238586,-68.1123685,276
19198167,-16.5237016,-68.1126759,277
19198167,-16.5245163,-68.1111892,278
19198167,-16.5241115,-68.1119148,279
19198167,-16.5249395,-68.1104365,280
19198167,-16.5245776,-68.111078,281
19198167,-16.5245163,-68.1111892,282
19198167,-16.5253552,-68.1096879,283
19198167,-16.5252294,-68.1099145,284
19198167,-16.5249395,-68.1104365,285
19198167,-16.5253552,-68.1096879,286
19198167,-16.5259383,-68.1100255,287
19198167,-16.5259383,-68.1100255,288
19198167,-16.5263419,-68.1092921,289
19198167,-16.5267704,-68.1085232,290
19198167,-16.5267704,-68.1085232,291
19198167,-16.5268623,-68.1083573,292
19198167,-16.5269314,-68.1082324,293
19198167,-16.5270759,-68.1079646,294
19198167,-16.5270759,-68.1079646,295
19198167,-16.5274465,-68.1072649,296
19198167,-16.5274465,-68.1072649,297
19198167,-16.5274506,-68.1072592,298
19198167,-16.5277703,-68.1067031,299
19198167,-16.5278768,-68.1064999,300
19198167,-16.5278768,-68.1064999,301
19198167,-16.5279977,-68.1062868,302
19198167,-16.5282094,-68.1059043,303
19198167,-16.5282916,-68.1057531,304
19198167,-16.5282916,-68.1057531,305
19198167,-16.5286997,-68.10502,306
19198167,-16.5291111,-68.1042475,307
19198167,-16.5291111,-68.1042475,308
19198167,-16.5294086,-68.1034501,309
19198167,-16.529839,-68.1022307,310
19198167,-16.5294086,-68.1034501,311
19422164,-16.4665025,-68.1096628,0
19422164,-16.4664871,-68.109699,1
19422164,-16.4664585,-68.1099599,2
19422164,-16.4664627,-68.1100282,3
19422164,-16.4664832,-68.110102,4
19422164,-16.466545,-68.1102562,5
19422164,-16.4665668,-68.1103635,6
19422164,-16.4665656,-68.11046,7
19422164,-16.466517,-68.1106424,8
19422164,-16.4664556,-68.1108222,9
19422164,-16.4664279,-68.1109321,10
19422164,-16.4664087,-68.11125,11
19422164,-16.4671745,-68.1121961,12
19422164,-16.4671017,-68.1120831,13
19422164,-16.4669515,-68.1118389,14
19422164,-16.4668199,-68.1116469,15
19422164,-16.466712,-68.1115372,16
19422164,-16.4665366,-68.1113757,17
19422164,-16.4664688,-68.1113122,18
19422164,-16.4664087,-68.11125,19
19422164,-16.468608,-68.1144831,20
19422164,-16.4685044,-68.1143809,21
19422164,-16.4681204,-68.1140877,22
19422164,-16.4680304,-68.1140019,23
19422164,-16.4679764,-68.1139174,24
19422164,-16.4679378,-68.1138664,25
19422164,-16.4678851,-68.1137793,26
19422164,-16.4678324,-68.1136854,27
19422164,-16.4677385,-68.1135084,28
19422164,-16.4677205,-68.1134668,29
19422164,-16.4677012,-68.1134051,30
19422164,-16.4676682,-68.1133003,31
19422164,-16.4676443,-68.11321,32
19422164,-16.46762,-68.1131377,33
19422164,-16.4676016,-68.1130705,34
19422164,-16.4675791,-68.1130071,35
19422164,-16.4675132,-68.1128256,36
19422164,-16.46744,-68.1126469,37
19422164,-16.4673229,-68.1124118,38
19422164,-16.4671745,-68.1121961,39
19422164,-16.4688104,-68.1147737,40
19422164,-16.4687577,-68.1146657,41
19422164,-16.4686956,-68.1145785,42
19422164,-16.468608,-68.1144831,43
19422164,-16.4688104,-68.1147737,44
19422164,-16.4687866,-68.1148307,45
19422164,-16.4687892,-68.1148526,46
19422164,-16.4687905,-68.115005,47
19422164,-16.4687693,-68.1151063,48
19422164,-16.4687339,-68.1151962,49
19422164,-16.4686413,-68.1152994,50
19422164,-16.4685037,-68.1154282,51
19422164,-16.4684175,-68.1155201,52
19422164,-16.4683629,-68.1155891,53
19422164,-16.468332,-68.1156541,54
19422164,-16.4683114,-68.1157447,55
19422164,-16.4683024,-68.1158486,56
19422164,-16.4683114,-68.1159411,57
19422164,-16.4683383,-68.1160254,58
19422164,-16.4683383,-68.1160254,59
19422164,-16.468382,-68.1161124,60
19422164,-16.4684011,-68.1161486,61
19422164,-16.4684391,-68.1161988,62
19422164,-16.4684921,-68.1162529,63
19422164,-16.4685608,-68.1163081,64
19422164,-16.4687007,-68.1163885,65
19422164,-16.4687628,-68.1164112,66
19422164,-16.4688352,-68.1164241,67
19422164,-16.468939,-68.1164246,68
19422164,-16.4690599,-68.1164078,69
19422164,-16.4691358,-68.116383,70
19422164,-16.4692168,-68.1163482,71
19422164,-16.4693505,-68.1162811,72
19422164,-16.4695027,-68.1161896,73
19422164,-16.4695635,-68.1161452,74
19422164,-16.4695635,-68.1161452,75
19422164,-16.4696662,-68.1160948,76
19422164,-16.4697402,-68.1160721,77
19422164,-16.469833,-68.1160709,78
19422164,-16.4699361,-68.1160916,79
19422164,-16.4702029,-68.1161483,80
19422164,-16.4704492,-68.116157,81
19422164,-16.4708353,-68.1161574,82
19422164,-16.471042,-68.1161631,83
19422164,-16.4713271,-68.1162105,84
19422164,-16.4717075,-68.1162693,85
19422164,-16.4718944,-68.1163112,86
19422164,-16.47198,-68.1163328,87
19422164,-16.4720731,-68.1163605,88
19422164,-16.4721834,-68.1164095,89
19422164,-16.4724016,-68.1165469,90
19422164,-16.4731613,-68.1170707,91
19422164,-16.4735994,-68.1173787,92
19422164,-16.4738966,-68.1175796,93
19422164,-16.474063,-68.1176889,94
19422164,-16.4741905,-68.1177756,95
19422164,-16.4745569,-68.1179946,96
19422164,-16.4746767,-68.1180512,97
19422164,-16.4746767,-68.1180512,98
19422164,-16.4746677,-68.1180952,99
19422164,-16.4746667,-68.11814,100
19422164,-16.4746738,-68.1181843,101
19422164,-16.4746886,-68.1182265,102
19422164,-16.4747107,-68.118265,103
19422164,-16.4747393,-68.1182986,104
19422164,-16.4747734,-68.118326,105
19422164,-16.4748118,-68.1183463,106
19422164,-16.4748531,-68.1183588,107
19422164,-16.4748953,-68.1183631,108
19422164,-16.4749374,-68.1183592,109
19422164,-16.4749782,-68.1183474,110
19422164,-16.4750162,-68.118328,111
19422164,-16.4750502,-68.1183016,112
19422164,-16.475066,-68.1182877,113
19422164,-16.475066,-68.1182877,114
19422164,-16.4753744,-68.1184828,115
19422164,-16.4755697,-68.1185943,116
19422164,-16.4763341,-68.1190233,117
19422164,-16.4772547,-68.119579,118
19422164,-16.4784108,-68.1203059,119
19422164,-16.4784417,-68.1203253,120
19422164,-16.4784417,-68.1203253,121
19422164,-16.4784446,-68.1203479,122
19422164,-16.4784541,-68.1203683,123
19422164,-16.4784694,-68.1203846,124
19422164,-16.4784887,-68.1203951,125
19422164,-16.4785102,-68.1203987,126
19422164,-16.4785318,-68.1203951,127
19422164,-16.4785511,-68.1203847,128
19422164,-16.4785511,-68.1203847,129
19422164,-16.47859,-68.1204072,130
19422164,-16.4795546,-68.1209653,131
19422164,-16.4796805,-68.1210392,132
19422164,-16.4796805,-68.1210392,133
19422164,-16.4799101,-68.1211608,134
19422164,-16.4799101,-68.1211608,135
19422164,-16.4802407,-68.1212835,136
19422164,-16.4802407,-68.1212835,137
19422164,-16.4808883,-68.1215181,138
19422164,-16.4813321,-68.1217008,139
19422164,-16.481857,-68.1218692,140
19422164,-16.4819133,-68.1218519,141
19422164,-16.4820872,-68.1218867,142
19422164,-16.4819422,-68.121858,143
19422164,-16.4819133,-68.1218519,144
19422164,-16.4820872,-68.1218867,145
19422164,-16.4822497,-68.1219801,146
19422164,-16.4822497,-68.1219801,147
19422164,-16.4823473,-68.1220706,148
19422164,-16.4823857,-68.1221087,149
19422164,-16.4823857,-68.1221087,150
19422164,-16.4826312,-68.1223246,151
19422164,-16.4829685,-68.122591,152
19422164,-16.4834978,-68.1229542,153
19422164,-16.4837334,-68.1230699,154
19422164,-16.4841953,-68.1232696,155
19422164,-16.4851941,-68.1236385,156
19422164,-16.4853296,-68.1236947,157
19422164,-16.485467,-68.1237893,158
19422164,-16.4857382,-68.1239789,159
19422164,-16.4858585,-68.1240484,160
19422164,-16.4861012,-68.1241561,161
19422164,-16.486329,-68.1242185,162
19422164,-16.4866648,-68.1243158,163
19422164,-16.4869087,-68.1244,164
19422164,-16.4870677,-68.1244647,165
19422164,-16.4871757,-68.1245137,166
19422164,-16.4874661,-68.124659,167
19422164,-16.4876867,-68.1247509,168
19422164,-16.4877187,-68.1247633,169
19422164,-16.4879097,-68.1248375,170
19422164,-16.4881481,-68.1249318,171
19422164,-16.488278,-68.124981,172
19422164,-16.4884123,-68.1250412,173
19422164,-16.4886833,-68.1251632,174
19422164,-16.4887142,-68.1251623,175
19422164,-16.4887759,-68.1251606,176
19422164,-16.4887759,-68.1251606,177
19422164,-16.4889591,-68.1253396,178
19422164,-16.4889591,-68.1253396,179
19422164,-16.4891896,-68.1255627,180
19422164,-16.4891896,-68.1255627,181
19422164,-16.4892455,-68.125578,182
19422164,-16.4893005,-68.1255852,183
19422164,-16.4893699,-68.1255795,184
19422164,-16.4898504,-68.1253967,185
19422164,-16.4900316,-68.1253436,186
19422164,-16.4901173,-68.125329,187
19422164,-16.490701,-68.1252716,188
19422164,-16.490701,-68.1252716,189
19422164,-16.4907832,-68.1252831,190
19422164,-16.4912731,-68.1252267,191
19422164,-16.4915896,-68.1251807,192
19422164,-16.4917772,-68.1251727,193
19422164,-16.4919095,-68.1251741,194
19422164,-16.4920689,-68.1251748,195
19422164,-16.4920689,-68.1251748,196
19422164,-16.4922273,-68.1251592,197
19422164,-16.4926862,-68.1251878,198
19422164,-16.4925621,-68.1251825,199
19422164,-16.4924027,-68.1251785,200
19422164,-16.492254,-68.125161,201
19422164,-16.4922273,-68.1251592,202
19422164,-16.4926862,-68.1251878,203
19422164,-16.4927478,-68.1251776,204
19422164,-16.4927951,-68.1251632,205
19422164,-16.4929066,-68.1251059,206
19422164,-16.4929886,-68.1250407,207
19422164,-16.4930919,-68.1249649,208
19422164,-16.4931726,-68.1249293,209
19422164,-16.4932657,-68.1249258,210
19422164,-16.4933361,-68.1249412,211
19422164,-16.4934099,-68.1249755,212
19422164,-16.4935828,-68.1251109,213
19422164,-16.4943162,-68.1257347,214
19422164,-16.4944093,-68.1257963,215
19422164,-16.4945002,-68.1258153,216
19422164,-16.4945887,-68.1258212,217
19422164,-16.4947625,-68.1258036,218
19422164,-16.494993,-68.1257821,219
19422164,-16.4951179,-68.1257868,220
19422164,-16.4952315,-68.125807,221
19422164,-16.495833,-68.1260181,222
19422164,-16.4961084,-68.1261132,223
19422164,-16.496346,-68.1261954,224
19422164,-16.496346,-68.1261954,225
19422164,-16.4964185,-68.126289,226
19422164,-16.4964561,-68.1264639,227
19422164,-16.4964551,-68.1267063,228
19422164,-16.4964472,-68.1270058,229
19422164,-16.496457,-68.1272731,230
19422164,-16.4964821,-68.1274418,231
19422164,-16.4965562,-68.1276401,232
19422164,-16.4966125,-68.1277388,233
19422164,-16.4966276,-68.1277853,234
19422164,-16.4966276,-68.1277853,235
19422164,-16.4966873,-68.1278338,236
19422164,-16.4969447,-68.1279843,237
19422164,-16.4973485,-68.1282592,238
19422164,-16.4974624,-68.1283012,239
19422164,-16.4974624,-68.1283012,240
19422164,-16.4973756,-68.128545,241
19422164,-16.4973756,-68.128545,242
19422164,-16.4973138,-68.128687,243
19422164,-16.4973138,-68.128687,244
19422164,-16.497261,-68.128923,245
19422164,-16.4972405,-68.1292301,246
19422164,-16.4972302,-68.1295118,247
19422164,-16.4972276,-68.129721,248
19422164,-16.4972276,-68.129721,249
19422164,-16.4973258,-68.130104,250
19422164,-16.4973258,-68.130104,251
19422164,-16.4972379,-68.1301649,252
19422164,-16.4970033,-68.1305116,253
19422164,-16.4964466,-68.1314402,254
19422164,-16.4960164,-68.1321901,255
19422164,-16.4956257,-68.1328615,256
19422164,-16.4956008,-68.1329046,257
19422164,-16.4955857,-68.1329575,258
19422164,-16.4955857,-68.1329575,259
19422164,-16.4955354,-68.1330589,260
19422164,-16.4954986,-68.1331264,261
19422164,-16.4953671,-68.1333486,262
19422164,-16.4952556,-68.133542,263
19422164,-16.495194,-68.1336478,264
19422164,-16.4951632,-68.133689,265
19422164,-16.4951632,-68.133689,266
19422164,-16.4951385,-68.1337222,267
19422164,-16.4950709,-68.1338131,268
19422164,-16.4946904,-68.1344135,269
19422164,-16.4942507,-68.135176,270
19422164,-16.4942507,-68.135176,271
19422164,-16.4945128,-68.1353357,272
19422164,-16.4949252,-68.1355856,273
19422164,-16.4949624,-68.1356081,274
19422164,-16.4949937,-68.13563,275
19422164,-16.4956557,-68.1360938,276
19422164,-16.4958872,-68.1362832,277
19422164,-16.4959835,-68.1364042,278
19422164,-16.4959835,-68.1364042,279
19422164,-16.4959748,-68.1364255,280
19422164,-16.4959748,-68.1364255,281
19422164,-16.4959385,-68.1365139,282
19422164,-16.4959055,-68.1366352,283
19422164,-16.4958236,-68.13708,284
19422164,-16.4957812,-68.13731,285
19422164,-16.4957812,-68.13731,286
19422164,-16.4957794,-68.1373197,287
19422164,-16.4957794,-68.1373197,288
19422164,-16.4957682,-68.1373791,289
19422164,-16.4957511,-68.1374169,290
19422164,-16.4957026,-68.1374655,291
19422164,-16.4956541,-68.1375049,292
19422164,-16.4953601,-68.1376843,293
19422164,-16.4953601,-68.1376843,294
19422164,-16.4953926,-68.1377559,295
19422164,-16.4956955,-68.1383617,296
19422164,-16.4956955,-68.1383617,297
19422164,-16.4958471,-68.1386616,298
19422164,-16.4960377,-68.1389837,299
19422164,-16.4960377,-68.1389837,300
19422164,-16.4961401,-68.1391598,301
19422164,-16.4965072,-68.1397431,302
19422164,-16.4965072,-68.1397431,303
19422164,-16.4970415,-68.1406032,304
19422164,-16.4973029,-68.1410546,305
19422164,-16.4975237,-68.1414605,306
19422164,-16.4975563,-68.1415226,307
19422164,-16.4975791,-68.1415776,308
19422164,-16.4975966,-68.1416355,309
19422164,-16.4975966,-68.1416355,310
19422164,-16.497569,-68.1416341,311
19422164,-16.4975417,-68.1416385,312
19422164,-16.4975158,-68.1416486,313
19422164,-16.4974925,-68.1416639,314
19422164,-16.4974725,-68.1416839,315
19422164,-16.4974569,-68.1417076,316
19422164,-16.4974462,-68.1417341,317
19422164,-16.4974408,-68.1417624,318
19422164,-16.4974432,-68.1418051,319
19422164,-16.4974577,-68.141845,320
19422164,-16.497483,-68.1418787,321
19422164,-16.497483,-68.1418787,322
19422164,-16.4971608,-68.1423837,323
19422164,-16.4969974,-68.1427082,324
19422164,-16.4968485,-68.1430448,325
19422164,-16.4967613,-68.143371,326
19422164,-16.4966718,-68.1438054,327
19422164,-16.4964306,-68.1444331,328
19422164,-16.4964306,-68.1444331,329
19422164,-16.4959892,-68.1454268,330
19422164,-16.4959892,-68.1454268,331
19422164,-16.4959323,-68.1455582,332
19422164,-16.4959323,-68.1455582,333
19422164,-16.4958737,-68.1455984,334
19422164,-16.4958103,-68.1456297,335
19422164,-16.4957433,-68.1456515,336
19422164,-16.4957433,-68.1456515,337
19422164,-16.4957287,-68.1456455,338
19422164,-16.495679,-68.145635,339
19422164,-16.495638,-68.1456365,340
19422164,-16.4956026,-68.1456455,341
19422164,-16.4955705,-68.1456634,342
19422164,-16.4955437,-68.1456893,343
19422164,-16.495524,-68.1457213,344
19422164,-16.495524,-68.1457213,345
19422164,-16.4955139,-68.1457572,346
19422164,-16.4955116,-68.1457954,347
19422164,-16.4955637,-68.1460653,348
19422164,-16.4955637,-68.1460653,349
19422164,-16.495607,-68.146187,350
19422164,-16.4956421,-68.146312,351
19422164,-16.4956707,-68.146439,352
19422164,-16.4956707,-68.146439,353
19422164,-16.4956208,-68.1468596,354
19422164,-16.4955918,-68.1475081,355
19422164,-16.4955913,-68.1476959,356
19422164,-16.4955913,-68.1476959,357
19422164,-16.4956634,-68.1481323,358
19422164,-16.4958304,-68.1487893,359
19422164,-16.4958304,-68.1487893,360
19422164,-16.4958697,-68.1489895,361
19422164,-16.4959105,-68.1493432,362
19422164,-16.495878,-68.1494865,363
19422164,-16.4957337,-68.1499916,364
19422164,-16.4956839,-68.1502526,365
19422164,-16.4956231,-68.1506229,366
19422164,-16.4955996,-68.1509355,367
19422164,-16.4955793,-68.1512054,368
19422164,-16.4955746,-68.1514414,369
19422164,-16.4955746,-68.1514414,370
19422164,-16.4954626,-68.1515725,371
19422164,-16.4954308,-68.1516113,372
19422164,-16.495209,-68.1518749,373
19422164,-16.49503,-68.1521278,374
19422164,-16.49503,-68.1521278,375
19422164,-16.494658,-68.1526824,376
19422164,-16.4945998,-68.1527868,377
19422164,-16.4943529,-68.1533631,378
19422164,-16.4941004,-68.1538528,379
19422164,-16.4938912,-68.1543975,380
19422164,-16.49386,-68.1544787,381
19422164,-16.4937986,-68.1546384,382
19422164,-16.4937471,-68.1547726,383
19422164,-16.4937163,-68.1548396,384
19422164,-16.4936832,-68.1549009,385
19422164,-16.4936563,-68.1549508,386
19422164,-16.493381,-68.1554376,387
19422164,-16.4931931,-68.1557502,388
19422164,-16.4931161,-68.1559997,389
19422164,-16.4930744,-68.1563357,390
19422164,-16.4930784,-68.1566153,391
19422164,-16.493099,-68.1568271,392
19422164,-16.4931093,-68.156972,393
19422164,-16.4931736,-68.1573663,394
19422164,-16.4932686,-68.1577979,395
19422164,-16.4933125,-68.1581039,396
19422164,-16.4932996,-68.1582675,397
19422164,-16.4932617,-68.1584907,398
19422164,-16.4932617,-68.1584907,399
19422164,-16.4932055,-68.1587723,400
19422164,-16.4931816,-68.1588762,401
19422164,-16.4931577,-68.1589802,402
19422164,-16.4930929,-68.159382,403
19422164,-16.4930131,-68.1598239,404
19422164,-16.4929973,-68.1599113,405
19422164,-16.4929768,-68.1600251,406
19422164,-16.4929129,-68.1603166,407
19422164,-16.4928663,-68.1604755,408
19422164,-16.4928017,-68.1606514,409
19422164,-16.4927122,-68.1608838,410
19422164,-16.492672,-68.1609683,411
19422164,-16.4923899,-68.1616484,412
19422164,-16.4923685,-68.1617102,413
19422164,-16.4923397,-68.1617935,414
19422164,-16.4922529,-68.162036,415
19422164,-16.4922232,-68.1621486,416
19422164,-16.4921737,-68.1623547,417
19422164,-16.4921564,-68.1625302,418
19422164,-16.4921386,-68.1627698,419
19422164,-16.4921386,-68.1627698,420
19422164,-16.4920852,-68.1634516,421
19422164,-16.4920626,-68.1635396,422
19422164,-16.4920322,-68.163622,423
19422164,-16.4919737,-68.163735,424
19422164,-16.4919258,-68.1638049,425
19422164,-16.4918692,-68.1638717,426
19422164,-16.4918692,-68.1638717,427
19422164,-16.4913792,-68.1644607,428
19422164,-16.4913593,-68.1644901,429
19422164,-16.4913416,-68.1645166,430
19422164,-16.4913201,-68.1645488,431
19422164,-16.4912925,-68.1645964,432
19422164,-16.4912732,-68.1646413,433
19422164,-16.4912614,-68.1646695,434
19422164,-16.4912513,-68.1647003,435
19422164,-16.4912417,-68.1647783,436
19422164,-16.4912456,-68.1648314,437
19422164,-16.4912595,-68.1648923,438
19422164,-16.4912896,-68.1649629,439
19422164,-16.4913388,-68.1650236,440
19422164,-16.4914112,-68.1650711,441
19422164,-16.4914717,-68.1650892,442
19422164,-16.4915477,-68.1650905,443
19422164,-16.491651,-68.1650629,444
19422164,-16.4916752,-68.1650514,445
19422164,-16.4917302,-68.1650188,446
19422164,-16.4921976,-68.1647337,447
19422164,-16.492284,-68.1646844,448
19422164,-16.4924005,-68.164631,449
19422164,-16.4924784,-68.1646039,450
19422164,-16.4925744,-68.1645745,451
19422164,-16.4926686,-68.1645492,452
19422164,-16.4927228,-68.1645429,453
19422164,-16.4927741,-68.1645501,454
19422164,-16.4927741,-68.1645501,455
19422164,-16.4928291,-68.1645759,456
19422164,-16.4928291,-68.1645759,457
19422164,-16.4928877,-68.1646219,458
19422164,-16.4928877,-68.1646219,459
19422164,-16.4929134,-68.164678,460
19422164,-16.4929293,-68.1647318,461
19422164,-16.4929298,-68.1647719,462
19422164,-16.4929047,-68.1648721,463
19422164,-16.492855,-68.1649497,464
19422164,-16.4927224,-68.1650815,465
19422164,-16.492575,-68.1652306,466
19422164,-16.4925283,-68.1652715,467
19422164,-16.4924609,-68.1653095,468
19422164,-16.4923886,-68.1653293,469
19422164,-16.4922449,-68.1653635,470
19422164,-16.4920332,-68.1654242,471
19422164,-16.4918754,-68.1655016,472
19422164,-16.4918085,-68.1655416,473
19422164,-16.4917089,-68.1656011,474
19422164,-16.4914239,-68.1657998,475
19422164,-16.4913386,-68.1658881,476
19422164,-16.4913043,-68.1659403,477
19422164,-16.4912949,-68.1659588,478
19422164,-16.4912828,-68.1659935,479
19422164,-16.491276,-68.1660324,480
19422164,-16.4912697,-68.1661338,481
19422164,-16.4912544,-68.166236,482
19422164,-16.49124,-68.1662849,483
19422164,-16.4912059,-68.1663579,484
19422164,-16.4911817,-68.1663946,485
19422164,-16.4911088,-68.1664711,486
19422164,-16.4911088,-68.1664711,487
19422164,-16.4906506,-68.1668984,488
19422164,-16.4906506,-68.1668984,489
19422164,-16.4897885,-68.1675062,490
19422164,-16.4897885,-68.1675062,491
19422164,-16.4896768,-68.1675921,492
19422164,-16.4895539,-68.1676692,493
19422164,-16.4894574,-68.1677117,494
19422164,-16.4893722,-68.1677248,495
19422164,-16.489223,-68.1677056,496
19422164,-16.4891016,-68.167662,497
19422164,-16.4890054,-68.1676213,498
19422164,-16.4888412,-68.1675223,499
19422164,-16.4883691,-68.1672285,500
19422164,-16.4882598,-68.1671641,501
19422164,-16.4881161,-68.1670844,502
19422164,-16.4880313,-68.1670481,503
19422164,-16.4878946,-68.1670111,504
19422164,-16.503961,-68.161127,505
19422164,-16.5038953,-68.1611115,506
19422164,-16.5038002,-68.1610922,507
19422164,-16.5037188,-68.1610948,508
19422164,-16.5036579,-68.1611027,509
19422164,-16.5035527,-68.161146,510
19422164,-16.5032,-68.161335,511
19422164,-16.5029724,-68.161475,512
19422164,-16.5027401,-68.161634,513
19422164,-16.502462,-68.1618301,514
19422164,-16.5024264,-68.1618454,515
19422164,-16.5019675,-68.1620415,516
19422164,-16.5016697,-68.1621608,517
19422164,-16.5006622,-68.1624761,518
19422164,-16.4999307,-68.1626859,519
19422164,-16.4997077,-68.1627342,520
19422164,-16.4995526,-68.1627607,521
19422164,-16.4992377,-68.1627944,522
19422164,-16.4991013,-68.1627928,523
19422164,-16.4984683,-68.1628036,524
19422164,-16.4980512,-68.1627668,525
19422164,-16.4979019,-68.1627534,526
19422164,-16.4977437,-68.162759,527
19422164,-16.497632,-68.1627756,528
19422164,-16.4975226,-68.1628192,529
19422164,-16.4974362,-68.1628686,530
19422164,-16.4973617,-68.1629373,531
19422164,-16.4973256,-68.1629882,532
19422164,-16.4972096,-68.1631822,533
19422164,-16.4971569,-68.1632703,534
19422164,-16.4970458,-68.1634426,535
19422164,-16.496946,-68.1635976,536
19422164,-16.4968483,-68.1636915,537
19422164,-16.4966837,-68.1638154,538
19422164,-16.4964635,-68.163949,539
19422164,-16.4958196,-68.1643186,540
19422164,-16.4955804,-68.1644725,541
19422164,-16.4955074,-68.1645259,542
19422164,-16.4954746,-68.1645499,543
19422164,-16.4953402,-68.1646958,544
19422164,-16.4952763,-68.1647949,545
19422164,-16.4950531,-68.165141,546
19422164,-16.4946721,-68.1657911,547
19422164,-16.4945315,-68.1660504,548
19422164,-16.4944071,-68.1662455,549
19422164,-16.4942955,-68.1663823,550
19422164,-16.4941191,-68.166548,551
19422164,-16.493797,-68.1668136,552
19422164,-16.4933904,-68.1671458,553
19422164,-16.4932574,-68.1672533,554
19422164,-16.4931739,-68.1673139,555
19422164,-16.493064,-68.1673961,556
19422164,-16.4928486,-68.1675458,557
19422164,-16.4925112,-68.1677518,558
19422164,-16.4918445,-68.1681466,559
19422164,-16.491647,-68.1682496,560
19422164,-16.4915221,-68.1683032,561
19422164,-16.4914086,-68.168338,562
19422164,-16.4912457,-68.1683749,563
19422164,-16.4911178,-68.1684039,564
19422164,-16.4910353,-68.1684226,565
19422164,-16.4900833,-68.1686702,566
19422164,-16.4898193,-68.1687099,567
19422164,-16.4895845,-68.1687173,568
19422164,-16.4893406,-68.168692,569
19422164,-16.4891508,-68.1686434,570
19422164,-16.488964,-68.1685672,571
19422164,-16.4888488,-68.1685071,572
19422164,-16.48875,-68.1684213,573
19422164,-16.488676,-68.1683269,574
19422164,-16.4886184,-68.1682325,575
19422164,-16.4880406,-68.1672605,576
19422164,-16.4878946,-68.1670111,577
