stop_id,stop_name,stop_lat,stop_lon
1433298078,unnamed,-16.4526006,-68.1493149
12444949641,unnamed,-16.4530137,-68.1493471
2861598698,unnamed,-16.4530391,-68.1493476
7590939744,unnamed,-16.4531849,-68.1493168
7590939749,unnamed,-16.4531667,-68.1493203
7590939739,unnamed,-16.4532906,-68.1492979
9351965399,unnamed,-16.4532792,-68.1492903
7590939740,unnamed,-16.4532667,-68.1492851
7590939741,unnamed,-16.4532535,-68.1492824
9351965401,unnamed,-16.45324,-68.1492823
7590939742,unnamed,-16.4532267,-68.1492848
9351965400,unnamed,-16.4532143,-68.1492897
7590939743,unnamed,-16.453203,-68.1492968
9351965396,unnamed,-16.4531931,-68.1493059
7590939746,unnamed,-16.4534566,-68.1493066
8231655381,unnamed,-16.4535144,-68.1492846
1361337118,unnamed,-16.4535938,-68.1492846
1361337144,unnamed,-16.4536878,-68.1493049
1361337134,unnamed,-16.4537785,-68.1493657
1437218652,unnamed,-16.4538417,-68.1494231
4376848019,unnamed,-16.4599593,-68.1495806
6806539033,unnamed,-16.4598438,-68.1494643
1361333457,unnamed,-16.4596802,-68.1493508
4376848018,unnamed,-16.4593861,-68.1491785
1361333673,unnamed,-16.4592088,-68.1490947
1361333461,unnamed,-16.4582519,-68.1489177
4376848017,unnamed,-16.4581569,-68.1489031
1437218665,unnamed,-16.4576374,-68.1488667
1437218669,unnamed,-16.4571049,-68.1488452
4376848012,unnamed,-16.4569454,-68.1488519
6806539031,unnamed,-16.4568201,-68.1488561
4376848013,unnamed,-16.4566548,-68.1489383
1437218623,unnamed,-16.4556699,-68.1493489
7581039361,unnamed,-16.4551737,-68.1493792
7581039369,unnamed,-16.454223,-68.1494126
7967872047,unnamed,-16.4888019,-68.1445504
7967872048,unnamed,-16.4887913,-68.1446332
2586278759,unnamed,-16.4887711,-68.1446869
413764444,unnamed,-16.4887389,-68.1447426
2586278758,unnamed,-16.4886823,-68.1445234
6919566848,unnamed,-16.4887534,-68.1445435
4835046332,unnamed,-16.4885549,-68.144421
2586278753,unnamed,-16.4886216,-68.1444888
324100153,unnamed,-16.4884932,-68.1442883
11331790782,unnamed,-16.4885187,-68.1443638
324100158,unnamed,-16.4884353,-68.1437742
564763468,unnamed,-16.4883929,-68.1433943
7967872043,unnamed,-16.4884175,-68.1436161
3474408073,unnamed,-16.4883451,-68.1429686
324100254,unnamed,-16.4884208,-68.1429543
570998172,unnamed,-16.489824,-68.1421793
324100256,unnamed,-16.4896813,-68.1424485
11126367986,unnamed,-16.4896081,-68.1425536
413763545,unnamed,-16.4895291,-68.1426521
413763546,unnamed,-16.4894399,-68.1427416
413763547,unnamed,-16.4893593,-68.1428043
6919566869,unnamed,-16.4892517,-68.1428544
413763548,unnamed,-16.4891675,-68.1428724
570961694,unnamed,-16.4890595,-68.14288
6662348643,unnamed,-16.4889107,-68.1428954
10950803753,unnamed,-16.4885747,-68.1429302
565955270,unnamed,-16.4899952,-68.1418621
413524899,unnamed,-16.4907373,-68.1400931
563629163,unnamed,-16.4904129,-68.1408078
7050269712,unnamed,-16.4903582,-68.1409404
7590939747,unnamed,-16.4539066,-68.14956
1361337117,unnamed,-16.4539714,-68.1496529
1361337099,unnamed,-16.4540492,-68.1497678
1361337158,unnamed,-16.4541489,-68.1498591
7590939704,unnamed,-16.4542321,-68.1498632
5503675405,unnamed,-16.4557865,-68.1498015
1361337140,unnamed,-16.4558139,-68.149796
1361337131,unnamed,-16.4569101,-68.14933
5282330721,unnamed,-16.4579378,-68.1494078
4376848021,unnamed,-16.4580577,-68.1494205
5280420829,unnamed,-16.4598192,-68.1495813
1361333444,unnamed,-16.4605076,-68.1500786
1361333538,unnamed,-16.4723497,-68.1537032
5282311430,unnamed,-16.4723641,-68.1537057
8982472123,unnamed,-16.4723671,-68.1537058
8982465553,unnamed,-16.4723758,-68.1537062
8982465552,unnamed,-16.4723865,-68.1537049
8982465551,unnamed,-16.4723938,-68.1537036
8982465550,unnamed,-16.4724007,-68.1537005
8982472122,unnamed,-16.4724063,-68.1536926
5282311428,unnamed,-16.4725859,-68.1532445
4209869083,unnamed,-16.4920843,-68.1437959
4361827507,unnamed,-16.4917486,-68.1438857
563629139,unnamed,-16.4915842,-68.1439275
6067482106,unnamed,-16.491227,-68.1440253
563629140,unnamed,-16.4909496,-68.1440994
4361827494,unnamed,-16.490704,-68.1441651
6767747688,unnamed,-16.4905284,-68.1442121
3778804790,unnamed,-16.489951,-68.1443482
5724206765,unnamed,-16.489748,-68.1443902
563629187,unnamed,-16.4894006,-68.1444339
6946438854,unnamed,-16.4892254,-68.1444619
2586278762,unnamed,-16.4891105,-68.1444808
4412520887,unnamed,-16.4922109,-68.1437633
4209870000,unnamed,-16.4923388,-68.143737
6919566882,unnamed,-16.4924677,-68.1437171
6919566883,unnamed,-16.4925052,-68.1437143
6919566884,unnamed,-16.4925296,-68.143698
11059749103,unnamed,-16.4925512,-68.1436755
6919566885,unnamed,-16.4925687,-68.1436494
11059749104,unnamed,-16.4925816,-68.1436206
10251547667,unnamed,-16.4925895,-68.1435899
11059749102,unnamed,-16.4925922,-68.1435582
6919566886,unnamed,-16.4925896,-68.1435265
6919566887,unnamed,-16.4925818,-68.1434958
4209870005,unnamed,-16.4925721,-68.1434622
6919566888,unnamed,-16.4925479,-68.1434362
4209869067,unnamed,-16.4925089,-68.143355
563597672,unnamed,-16.492497,-68.1433011
563597663,unnamed,-16.4924998,-68.1432155
563597690,unnamed,-16.4926859,-68.1425266
4321037092,unnamed,-16.49273,-68.14237
563629149,unnamed,-16.4928956,-68.1418059
334632344,unnamed,-16.4932571,-68.1406031
563597676,unnamed,-16.4933743,-68.1399742
563629143,unnamed,-16.4934638,-68.1396039
4209870035,unnamed,-16.493601,-68.1390663
9436270032,unnamed,-16.4936185,-68.1389781
563597679,unnamed,-16.4936285,-68.1389275
4209870038,unnamed,-16.4935699,-68.1389082
5760641680,unnamed,-16.4932086,-68.1386573
4209870116,unnamed,-16.4929904,-68.138503
5760641681,unnamed,-16.4929533,-68.1384793
6444245317,unnamed,-16.5194621,-68.1233028
561523094,unnamed,-16.5193248,-68.1232847
561523096,unnamed,-16.5192087,-68.1232942
561523098,unnamed,-16.5190781,-68.1233266
561523103,unnamed,-16.5189442,-68.1233852
2866752197,unnamed,-16.5188569,-68.1234341
561579201,unnamed,-16.5187736,-68.1234733
3780128590,unnamed,-16.5186956,-68.1234959
6828137189,unnamed,-16.5186216,-68.1235073
561579202,unnamed,-16.5185553,-68.1235093
561579203,unnamed,-16.5184624,-68.1235056
561579204,unnamed,-16.5183738,-68.1234792
6789263317,unnamed,-16.51828,-68.1234306
561579206,unnamed,-16.5182219,-68.1233835
561579207,unnamed,-16.5181212,-68.1232658
561579208,unnamed,-16.5180398,-68.123153
2866752534,unnamed,-16.5179641,-68.1230224
6835286132,unnamed,-16.5179581,-68.1230127
561579209,unnamed,-16.5178527,-68.1228419
561579210,unnamed,-16.5177294,-68.1226387
6835286137,unnamed,-16.5176932,-68.122567
6446182809,unnamed,-16.5176806,-68.122542
561579211,unnamed,-16.5176382,-68.1224378
561579212,unnamed,-16.5175683,-68.122214
6842489836,unnamed,-16.517513,-68.1220491
561579213,unnamed,-16.5174964,-68.1219996
6446182808,unnamed,-16.5174609,-68.1219221
6842489829,unnamed,-16.5174487,-68.1219041
561579214,unnamed,-16.5174201,-68.1218618
561579215,unnamed,-16.5173811,-68.1218207
6446182806,unnamed,-16.5173389,-68.1217753
6446182807,unnamed,-16.5172806,-68.12173
561579218,unnamed,-16.5172261,-68.1216992
561579216,unnamed,-16.5171634,-68.1216726
561579217,unnamed,-16.5170912,-68.1216349
6446182804,unnamed,-16.5170394,-68.1216053
6446182805,unnamed,-16.5169857,-68.1215676
561579219,unnamed,-16.5169358,-68.1215232
561579221,unnamed,-16.5168736,-68.1214619
561579223,unnamed,-16.5167741,-68.1213538
6446182803,unnamed,-16.5167473,-68.1212957
561579224,unnamed,-16.5167183,-68.1212
3300578243,unnamed,-16.5167457,-68.1211306
3300578253,unnamed,-16.5165855,-68.1189492
3300578247,unnamed,-16.5165778,-68.1188409
11067767052,unnamed,-16.5165671,-68.1187441
8983286903,unnamed,-16.5165533,-68.1186558
8983286910,unnamed,-16.5165206,-68.1185479
3300578254,unnamed,-16.5164726,-68.1184242
3226014675,unnamed,-16.5164717,-68.1185682
3226014673,unnamed,-16.5164131,-68.1189118
3226014677,unnamed,-16.5164556,-68.1188597
8983286901,unnamed,-16.5164703,-68.118828
3300588645,unnamed,-16.5164818,-68.1187826
3226014680,unnamed,-16.516484,-68.1187249
3226014674,unnamed,-16.5164816,-68.1186829
1213978928,unnamed,-16.5163499,-68.1189334
11210959802,unnamed,-16.5163424,-68.1189389
8838399204,unnamed,-16.516199,-68.1190447
7152484706,unnamed,-16.5160115,-68.1191874
1213980265,unnamed,-16.5157638,-68.1193573
1213978854,unnamed,-16.5155133,-68.1194953
321806690,unnamed,-16.5154291,-68.1195415
1213978743,unnamed,-16.5145215,-68.1209495
301731966,unnamed,-16.51485,-68.120635
301731967,unnamed,-16.5150467,-68.1204432
301731969,unnamed,-16.5151432,-68.1202783
1213980366,unnamed,-16.5152055,-68.1200778
8023191631,unnamed,-16.5152229,-68.1200054
3300577762,unnamed,-16.5152796,-68.1198237
8005569972,unnamed,-16.5153097,-68.1197091
11057569858,unnamed,-16.5153527,-68.1196245
1213979018,unnamed,-16.5141312,-68.1201696
11057569854,unnamed,-16.5151863,-68.1196168
3300577763,unnamed,-16.5151058,-68.1196416
1213979542,unnamed,-16.5150057,-68.1196682
321806691,unnamed,-16.5148547,-68.1197322
3771928249,unnamed,-16.5164227,-68.1182946
7039702940,unnamed,-16.5158525,-68.1165797
12437680330,unnamed,-16.5158469,-68.1165651
3300578252,unnamed,-16.5158412,-68.1165503
8005693612,unnamed,-16.5157973,-68.1164411
5582996624,unnamed,-16.515784,-68.1164079
8005693603,unnamed,-16.5157476,-68.1163155
8005693602,unnamed,-16.5157112,-68.1162608
3300598671,unnamed,-16.5156937,-68.1162344
3300603402,unnamed,-16.5143123,-68.1145868
1213979625,unnamed,-16.5142271,-68.1144994
1213980025,unnamed,-16.5142249,-68.1144833
1213979970,unnamed,-16.5142185,-68.1144686
3300605903,unnamed,-16.5142084,-68.1144563
1213980023,unnamed,-16.5141954,-68.1144475
1213979562,unnamed,-16.5141787,-68.1144426
561579327,unnamed,-16.5141614,-68.1144433
1213978899,unnamed,-16.5141452,-68.1144497
1213979719,unnamed,-16.5141317,-68.114461
1213979469,unnamed,-16.5141223,-68.1144762
3300605904,unnamed,-16.5141179,-68.1144936
1213980417,unnamed,-16.514119,-68.1145117
1213979025,unnamed,-16.5141257,-68.114529
1213980424,unnamed,-16.5141375,-68.1145431
1213979154,unnamed,-16.514153,-68.1145526
1213980086,unnamed,-16.5141705,-68.1145562
8005693618,unnamed,-16.5142198,-68.1145819
561523193,unnamed,-16.5142727,-68.1146267
561523123,unnamed,-16.5156334,-68.1162573
8005693604,unnamed,-16.5156844,-68.116331
7110363088,unnamed,-16.5157228,-68.1164105
8005693610,unnamed,-16.5157612,-68.1165158
561523124,unnamed,-16.5157811,-68.1165706
12437680329,unnamed,-16.5157865,-68.1165856
7039702939,unnamed,-16.5157921,-68.1166009
3771928248,unnamed,-16.5163605,-68.1183168
561523111,unnamed,-16.5164152,-68.1184444
5582996629,unnamed,-16.5163807,-68.1184832
3226014670,unnamed,-16.5163306,-68.1185254
4125034499,unnamed,-16.5162836,-68.1185503
1213978969,unnamed,-16.5161134,-68.1186248
3300631182,unnamed,-16.5121239,-68.1197419
3300623041,unnamed,-16.512199,-68.1197349
5116104232,unnamed,-16.5123626,-68.1196706
8983286905,unnamed,-16.5126376,-68.1195699
13031897113,unnamed,-16.5127887,-68.1195168
301731944,unnamed,-16.5133737,-68.1193116
3300623040,unnamed,-16.5143627,-68.1188956
301731946,unnamed,-16.5145157,-68.1188453
3226014544,unnamed,-16.5146681,-68.1188118
8983286907,unnamed,-16.5153347,-68.118791
301731947,unnamed,-16.515525,-68.1187829
3226014549,unnamed,-16.5156498,-68.1187642
8983286908,unnamed,-16.5158053,-68.1187186
1213978930,unnamed,-16.5159712,-68.1186622
3300625056,unnamed,-16.5117494,-68.1200841
8005569893,unnamed,-16.511928,-68.1199224
8983026902,unnamed,-16.5120327,-68.1198082
11057608501,unnamed,-16.5120723,-68.1197786
301731941,unnamed,-16.5114928,-68.1203073
3300625051,unnamed,-16.5111894,-68.1205436
4367215788,unnamed,-16.5109908,-68.1206932
5131031252,unnamed,-16.5109025,-68.1207585
6760957730,unnamed,-16.5107423,-68.1208764
3300642683,unnamed,-16.5105674,-68.1210058
6760957727,unnamed,-16.5103538,-68.1211699
6760957724,unnamed,-16.5100231,-68.1214384
12878155792,unnamed,-16.5098296,-68.1215959
11139375733,unnamed,-16.5096715,-68.1217247
5585571777,unnamed,-16.5096369,-68.1217529
8982694730,unnamed,-16.509201,-68.1221185
8982694728,unnamed,-16.5090081,-68.122282
412861244,unnamed,-16.5087275,-68.1225008
8982694729,unnamed,-16.5083316,-68.122765
11057625677,unnamed,-16.5081937,-68.122842
6413177858,unnamed,-16.5081202,-68.122886
412861246,unnamed,-16.5079496,-68.1229767
301731936,unnamed,-16.5075781,-68.1231436
11112888532,unnamed,-16.5074257,-68.1232182
3300642687,unnamed,-16.5072855,-68.123297
412861251,unnamed,-16.507172,-68.1233781
8122748342,unnamed,-16.5070146,-68.1235057
301731934,unnamed,-16.5068488,-68.1236554
412861252,unnamed,-16.5066286,-68.1238563
8982694731,unnamed,-16.5064796,-68.1240024
301731933,unnamed,-16.5063695,-68.1241521
8123120532,unnamed,-16.5061409,-68.1244519
412861253,unnamed,-16.5060662,-68.1245542
301731932,unnamed,-16.5059599,-68.1247006
412861257,unnamed,-16.5057947,-68.1249272
8982694732,unnamed,-16.5057176,-68.1250228
8122748343,unnamed,-16.5056205,-68.1251197
412861259,unnamed,-16.5055073,-68.1252041
301731931,unnamed,-16.5053485,-68.1253034
412861263,unnamed,-16.505182,-68.1253778
301731930,unnamed,-16.5049566,-68.1254488
412861268,unnamed,-16.5048112,-68.125492
5760422778,unnamed,-16.5044065,-68.1260528
2680886054,unnamed,-16.5045503,-68.1257518
11117003320,unnamed,-16.5045796,-68.1256928
2680886051,unnamed,-16.5046189,-68.1256308
12094401693,unnamed,-16.5043223,-68.1287939
563638001,unnamed,-16.5040209,-68.1290168
11846680174,unnamed,-16.503961,-68.1290554
2680886324,unnamed,-16.5030173,-68.1296627
11059724009,unnamed,-16.5029845,-68.1296928
4377404627,unnamed,-16.5025749,-68.1300638
2010516053,unnamed,-16.5024387,-68.1302023
12134911230,unnamed,-16.502389,-68.1302513
11670467555,unnamed,-16.5020063,-68.1306374
1710679288,unnamed,-16.5019608,-68.1306965
11670467552,unnamed,-16.5019075,-68.1307637
9991118776,unnamed,-16.5012506,-68.1316213
563638052,unnamed,-16.5012066,-68.1316774
10224549025,unnamed,-16.5011597,-68.1317363
12877950054,unnamed,-16.5007841,-68.1321926
348025868,unnamed,-16.5007489,-68.1322353
11260254521,unnamed,-16.5007343,-68.1322357
5725267834,unnamed,-16.5006766,-68.1322124
12877952067,unnamed,-16.5006018,-68.1321834
5159663319,unnamed,-16.500496,-68.1321423
12877958518,unnamed,-16.5000686,-68.1319711
11260285223,unnamed,-16.5000612,-68.1319682
6760957716,unnamed,-16.5000199,-68.1319524
12877952066,unnamed,-16.4999975,-68.1319162
12877952064,unnamed,-16.4999932,-68.1318753
348025867,unnamed,-16.4999544,-68.131956
11405412588,unnamed,-16.5001953,-68.1314501
3987318761,unnamed,-16.5004295,-68.1309588
12025646806,unnamed,-16.500599,-68.1306831
4365923859,unnamed,-16.5006687,-68.1305698
4365923862,unnamed,-16.5007182,-68.1304683
12025646807,unnamed,-16.5007267,-68.1303858
7056096030,unnamed,-16.5007324,-68.1303302
4365923860,unnamed,-16.5007256,-68.1302131
321806613,unnamed,-16.5007134,-68.1301465
11150775062,unnamed,-16.5006889,-68.1300721
8611729959,unnamed,-16.5006109,-68.1298937
11150775061,unnamed,-16.5004863,-68.1296769
4836864729,unnamed,-16.500366,-68.1294551
2680888160,unnamed,-16.5003736,-68.1293935
8983026908,unnamed,-16.5003815,-68.1293175
7056096054,unnamed,-16.5003874,-68.1292661
4365923842,unnamed,-16.5004115,-68.1291389
2680888159,unnamed,-16.5004332,-68.1289329
3671106916,unnamed,-16.5004492,-68.1288155
12025646808,unnamed,-16.5004562,-68.1287852
5800137791,unnamed,-16.5004797,-68.1286837
8611729975,unnamed,-16.5005336,-68.1285098
8611729976,unnamed,-16.5006227,-68.1282688
12025646809,unnamed,-16.5006472,-68.1282127
2680888158,unnamed,-16.5007291,-68.1280251
5800137794,unnamed,-16.5007795,-68.1279543
8983032726,unnamed,-16.5008204,-68.1279255
2680888157,unnamed,-16.5008549,-68.12791
8611729980,unnamed,-16.5008873,-68.1279028
8983032717,unnamed,-16.5009191,-68.1279039
4365923897,unnamed,-16.5009676,-68.1279098
8983032721,unnamed,-16.5010137,-68.1279192
2680888153,unnamed,-16.5011517,-68.1279283
8611729981,unnamed,-16.5011841,-68.1279238
8127217209,unnamed,-16.5012181,-68.1279072
3695774858,unnamed,-16.5012541,-68.1278738
3728538542,unnamed,-16.501336,-68.1277228
2680888149,unnamed,-16.5013686,-68.1276976
8983026912,unnamed,-16.5013954,-68.1276924
2680888148,unnamed,-16.5014262,-68.1276929
8983026910,unnamed,-16.5014515,-68.1277018
3695774860,unnamed,-16.501474,-68.1277145
8983026913,unnamed,-16.5014969,-68.1277367
2680888147,unnamed,-16.5015059,-68.1277632
8983026911,unnamed,-16.501508,-68.1278028
8983026914,unnamed,-16.5015035,-68.1278341
2680888146,unnamed,-16.5014868,-68.1278829
8983026915,unnamed,-16.5014778,-68.1279388
2680888145,unnamed,-16.5014841,-68.1279903
2680888144,unnamed,-16.5015054,-68.1280573
8983026916,unnamed,-16.5015335,-68.1281448
3987318770,unnamed,-16.5015898,-68.1283093
2680888143,unnamed,-16.5016445,-68.1284289
12025646810,unnamed,-16.5016932,-68.1285162
8983032727,unnamed,-16.5017215,-68.1285668
11053886026,unnamed,-16.5017388,-68.1285873
2680888142,unnamed,-16.5017916,-68.1286499
12025646811,unnamed,-16.5019001,-68.1287349
4309006707,unnamed,-16.5019302,-68.1287585
3987318769,unnamed,-16.5020066,-68.1288039
4170940195,unnamed,-16.5021431,-68.1288554
12025646812,unnamed,-16.5021611,-68.1288496
4367182139,unnamed,-16.5022282,-68.128828
6611334160,unnamed,-16.502223,-68.1288045
4367182138,unnamed,-16.5022766,-68.128724
6611334171,unnamed,-16.5022538,-68.1287355
6611334172,unnamed,-16.5022361,-68.1287543
6611334173,unnamed,-16.5022254,-68.1287782
4367182133,unnamed,-16.5023476,-68.128741
6611334169,unnamed,-16.5023263,-68.1287269
6611334170,unnamed,-16.5023017,-68.128721
4367182129,unnamed,-16.5023243,-68.1288715
6611334161,unnamed,-16.502346,-68.1288581
6611334165,unnamed,-16.5023622,-68.1288378
6611334166,unnamed,-16.502371,-68.1288131
6611334167,unnamed,-16.5023713,-68.1287867
6611334168,unnamed,-16.5023632,-68.1287617
6611334162,unnamed,-16.5022401,-68.1288487
6611334163,unnamed,-16.5022575,-68.1288646
3987318773,unnamed,-16.5022787,-68.1288742
6611334164,unnamed,-16.5023017,-68.1288766
6611334159,unnamed,-16.5024559,-68.1288282
4367182140,unnamed,-16.5025697,-68.1287962
5585571727,unnamed,-16.5029593,-68.1286922
5724561530,unnamed,-16.5032875,-68.1285644
5764739604,unnamed,-16.5035234,-68.1284968
6333945398,unnamed,-16.5036891,-68.1284451
412861358,unnamed,-16.5038012,-68.1284248
412861355,unnamed,-16.5039133,-68.128406
412861353,unnamed,-16.5040247,-68.1283995
12094421993,unnamed,-16.5041167,-68.1284054
412861350,unnamed,-16.5041961,-68.1284275
8982694739,unnamed,-16.5043056,-68.128433
6333945400,unnamed,-16.5043296,-68.1284262
4324696894,unnamed,-16.5043654,-68.1284052
12094421924,unnamed,-16.5043917,-68.1283791
8591388297,unnamed,-16.5044102,-68.128346
6333945399,unnamed,-16.5044487,-68.1281876
5764739606,unnamed,-16.5044809,-68.1279443
12877957132,unnamed,-16.5045001,-68.1276347
5764739609,unnamed,-16.5045193,-68.1270655
412861327,unnamed,-16.504505,-68.1269852
412861324,unnamed,-16.5044938,-68.126934
6119403114,unnamed,-16.5044723,-68.1268809
8573395113,unnamed,-16.5043498,-68.1266598
3297742457,unnamed,-16.5043021,-68.1265753
2865705979,unnamed,-16.5042835,-68.1265148
2866752506,unnamed,-16.51976,-68.1241868
561523067,unnamed,-16.5198007,-68.124111
561523070,unnamed,-16.5198547,-68.1240058
561523071,unnamed,-16.5198893,-68.123928
561523073,unnamed,-16.519904,-68.1238427
561523076,unnamed,-16.5198994,-68.1237688
561523077,unnamed,-16.5198692,-68.1236931
561523081,unnamed,-16.5198258,-68.1236046
561523084,unnamed,-16.5197639,-68.1235125
561523087,unnamed,-16.5196806,-68.1234147
561523090,unnamed,-16.5195913,-68.1233486
6858413920,unnamed,-16.5196426,-68.1246066
561523056,unnamed,-16.519645,-68.1245361
561523058,unnamed,-16.5196668,-68.1244124
6456207757,unnamed,-16.5197048,-68.1242975
3924742852,unnamed,-16.519774,-68.1251151
561523042,unnamed,-16.5197351,-68.1250119
561523052,unnamed,-16.5196792,-68.1248585
561523055,unnamed,-16.5196571,-68.1247723
3924742858,unnamed,-16.5196427,-68.1246637
4389545062,unnamed,-16.52,-68.1255242
6449730794,unnamed,-16.5198979,-68.1253903
561523047,unnamed,-16.519838,-68.1252798
418105325,unnamed,-16.5201354,-68.1256075
8995688546,unnamed,-16.5201353,-68.1255932
8995688536,unnamed,-16.5201332,-68.1255791
8995688545,unnamed,-16.520129,-68.1255655
8995688544,unnamed,-16.5201209,-68.1255498
4389545053,unnamed,-16.5201101,-68.125536
8995688537,unnamed,-16.5200969,-68.1255247
4389545054,unnamed,-16.5200819,-68.1255162
8995688538,unnamed,-16.5200655,-68.125511
4389545055,unnamed,-16.5200485,-68.1255092
4389545067,unnamed,-16.5200315,-68.1255108
8995688539,unnamed,-16.5200151,-68.1255159
6775001618,unnamed,-16.520156,-68.1256196
418105320,unnamed,-16.5202805,-68.1257661
418105321,unnamed,-16.5202554,-68.1257254
418105322,unnamed,-16.5202051,-68.125668
6449730793,unnamed,-16.5203113,-68.1257801
6449730792,unnamed,-16.520364,-68.1257836
418105319,unnamed,-16.520432,-68.1257664
418105318,unnamed,-16.5204922,-68.1257434
418105317,unnamed,-16.5207439,-68.1256554
418105316,unnamed,-16.5208758,-68.1255784
9503595618,unnamed,-16.5208987,-68.125567
418105314,unnamed,-16.5209217,-68.1255556
6444244161,unnamed,-16.5209515,-68.1255163
6449730791,unnamed,-16.5209757,-68.125466
418105313,unnamed,-16.5209901,-68.1253982
6449730786,unnamed,-16.5209959,-68.1253408
6449730785,unnamed,-16.5210189,-68.125116
418105312,unnamed,-16.5210718,-68.1248094
418105311,unnamed,-16.5211327,-68.1245604
6858776289,unnamed,-16.5211429,-68.1245304
6867279908,unnamed,-16.5211457,-68.1245221
2867749475,unnamed,-16.5212242,-68.1242923
418105309,unnamed,-16.5212899,-68.124132
418105308,unnamed,-16.5213794,-68.1238996
6446182905,unnamed,-16.5216169,-68.1232641
4398251129,unnamed,-16.5216868,-68.1230878
6444244182,unnamed,-16.5217481,-68.1229464
6858776342,unnamed,-16.5217232,-68.1230019
418105291,unnamed,-16.523235,-68.1219178
418105409,unnamed,-16.523164,-68.1219753
418105412,unnamed,-16.5231203,-68.1220088
12734565013,unnamed,-16.5230666,-68.1220207
418105302,unnamed,-16.5230089,-68.1220249
418105448,unnamed,-16.5227013,-68.1220225
418105301,unnamed,-16.5225497,-68.1220273
418105300,unnamed,-16.522437,-68.1220423
418105299,unnamed,-16.5223233,-68.1220777
4398251128,unnamed,-16.5222136,-68.1221324
418105296,unnamed,-16.5221243,-68.1221902
418105303,unnamed,-16.5220376,-68.122269
418105304,unnamed,-16.5219359,-68.1224015
10005222967,unnamed,-16.5218918,-68.1224647
418105305,unnamed,-16.5218449,-68.1225559
9000578956,unnamed,-16.5217743,-68.1227196
418105306,unnamed,-16.5217601,-68.1227716
9000578957,unnamed,-16.5217453,-68.1228698
8524965493,unnamed,-16.5232405,-68.1219483
418105293,unnamed,-16.5232562,-68.1219932
8524965494,unnamed,-16.5232836,-68.122035
418105294,unnamed,-16.5233151,-68.1220683
8524965492,unnamed,-16.5233533,-68.1220941
418105295,unnamed,-16.5233964,-68.1221065
9000566796,unnamed,-16.523525,-68.122127
418105276,unnamed,-16.5235937,-68.1221357
3791378148,unnamed,-16.5236638,-68.122125
9000578974,unnamed,-16.5236927,-68.1221753
3791378149,unnamed,-16.5237731,-68.1223235
3791378878,unnamed,-16.5239287,-68.1225843
3791378150,unnamed,-16.5240386,-68.1226963
3791378152,unnamed,-16.5242771,-68.1229672
9000566764,unnamed,-16.5245069,-68.1232303
3791378153,unnamed,-16.5246062,-68.123344
3791378154,unnamed,-16.524767,-68.1235164
3791378155,unnamed,-16.5250299,-68.1238201
9000578975,unnamed,-16.52508,-68.1238704
3791378156,unnamed,-16.5251225,-68.1238885
9000578976,unnamed,-16.5251855,-68.1239019
3791378857,unnamed,-16.5252414,-68.1239006
3791378858,unnamed,-16.5253481,-68.1238738
9000566765,unnamed,-16.5254447,-68.1238367
9000578977,unnamed,-16.525523,-68.1238067
3791378859,unnamed,-16.5256515,-68.1237745
3791378860,unnamed,-16.5257949,-68.1237659
3791378876,unnamed,-16.525881,-68.1237631
3791378861,unnamed,-16.5259891,-68.1237619
9000566769,unnamed,-16.5260937,-68.1237671
4349043995,unnamed,-16.5264185,-68.1237833
3791378875,unnamed,-16.5266362,-68.1237958
3791378863,unnamed,-16.5268158,-68.1238061
9000566770,unnamed,-16.5269216,-68.1238144
3791378874,unnamed,-16.5271494,-68.1238322
9000566771,unnamed,-16.5274438,-68.1238455
3791378873,unnamed,-16.5278311,-68.1238651
3791378864,unnamed,-16.5279922,-68.1238745
9000579063,unnamed,-16.5281848,-68.123889
3791378865,unnamed,-16.5282471,-68.1239099
11055522404,unnamed,-16.5282773,-68.1239298
3791378866,unnamed,-16.5283206,-68.1239583
3791378867,unnamed,-16.5283915,-68.1240505
9000579059,unnamed,-16.5284034,-68.1240816
9000579062,unnamed,-16.5284161,-68.1241152
3791378868,unnamed,-16.5284269,-68.1241908
9000579061,unnamed,-16.5284229,-68.1242508
3791378869,unnamed,-16.5284096,-68.1243043
5523143836,unnamed,-16.5283848,-68.1243599
3791378870,unnamed,-16.5283337,-68.1244272
9000579060,unnamed,-16.5282702,-68.124476
3791378871,unnamed,-16.5280387,-68.1245908
3791378885,unnamed,-16.5277733,-68.1247491
3791378886,unnamed,-16.5274116,-68.1249674
3791378883,unnamed,-16.5272323,-68.1250694
3791378887,unnamed,-16.5269546,-68.1252464
3791378884,unnamed,-16.5266017,-68.1254523
3791378888,unnamed,-16.5264236,-68.1255662
3791378889,unnamed,-16.526174,-68.1257252
3791378890,unnamed,-16.5260617,-68.125801
8983496794,unnamed,-16.5260291,-68.1258407
1786081102,unnamed,-16.5260147,-68.1258727
8983496795,unnamed,-16.5259979,-68.1259124
3791378891,unnamed,-16.5259915,-68.1259526
8983496785,unnamed,-16.525993,-68.1260109
8983496796,unnamed,-16.5260053,-68.1260805
3791378892,unnamed,-16.5260484,-68.1262162
3791378893,unnamed,-16.5261735,-68.1266133
8983496784,unnamed,-16.526214,-68.126669
3791378894,unnamed,-16.5262457,-68.1266953
3791378895,unnamed,-16.5262931,-68.126718
3791378896,unnamed,-16.5263465,-68.1267222
8983496783,unnamed,-16.5263762,-68.1267175
8983496789,unnamed,-16.5263989,-68.1267077
3791378897,unnamed,-16.5264439,-68.1266742
3791378898,unnamed,-16.5265043,-68.1266138
3791378899,unnamed,-16.5265646,-68.1265468
3791378900,unnamed,-16.5268929,-68.1261798
3791378901,unnamed,-16.5270883,-68.1259578
3791378881,unnamed,-16.527177,-68.1258606
3791378902,unnamed,-16.5275319,-68.1254985
3791378903,unnamed,-16.5276688,-68.1253765
3791378880,unnamed,-16.5277659,-68.1253134
3791378904,unnamed,-16.5278751,-68.1252477
3791378905,unnamed,-16.5280596,-68.1251337
9000566772,unnamed,-16.5281844,-68.1250593
3791378906,unnamed,-16.5282473,-68.1250298
9000579030,unnamed,-16.5283624,-68.1249943
3791378907,unnamed,-16.5284717,-68.1249795
3791378908,unnamed,-16.5286022,-68.1249799
3791378909,unnamed,-16.5287354,-68.1249869
9000579031,unnamed,-16.5287912,-68.1250077
3791378910,unnamed,-16.5289198,-68.1250472
9000566773,unnamed,-16.5289969,-68.1250767
3791378911,unnamed,-16.5291216,-68.1251438
3791378912,unnamed,-16.5295227,-68.1253839
4114629994,unnamed,-16.5296172,-68.1254435
9000566774,unnamed,-16.5297562,-68.1255315
3791378913,unnamed,-16.5298789,-68.1256092
3791378914,unnamed,-16.5301283,-68.1257674
3791378919,unnamed,-16.530577,-68.1260343
11055439084,unnamed,-16.5307174,-68.1261169
4349057894,unnamed,-16.5309546,-68.1262564
3791378916,unnamed,-16.5310398,-68.1263065
11055445925,unnamed,-16.531168,-68.1263844
3791378920,unnamed,-16.5315753,-68.1266318
3791378936,unnamed,-16.5318833,-68.126809
3791378921,unnamed,-16.5320658,-68.1269322
5476049922,unnamed,-16.5321275,-68.1269838
3791378922,unnamed,-16.5321744,-68.1270468
3791378923,unnamed,-16.5322008,-68.1271373
8995269886,unnamed,-16.5322072,-68.1272366
3791378924,unnamed,-16.5321809,-68.1273392
3791378925,unnamed,-16.5321192,-68.1274371
8995269887,unnamed,-16.5320407,-68.1275343
3791378926,unnamed,-16.5319784,-68.127594
3791378927,unnamed,-16.5318787,-68.1276631
8995269888,unnamed,-16.531801,-68.1276879
5476049921,unnamed,-16.5317405,-68.1276912
3791378928,unnamed,-16.5316505,-68.1276838
11055445927,unnamed,-16.5316197,-68.1276772
3791378929,unnamed,-16.5315721,-68.1276671
3791378917,unnamed,-16.5312449,-68.1274901
11055445928,unnamed,-16.5311733,-68.1274503
11055445929,unnamed,-16.5305638,-68.1271117
8995269889,unnamed,-16.5301984,-68.1269087
3791378918,unnamed,-16.5300839,-68.1268557
5523325372,unnamed,-16.5299817,-68.1268571
3791378932,unnamed,-16.5298725,-68.1268939
3791378933,unnamed,-16.529589,-68.1270944
3791378934,unnamed,-16.5294925,-68.1271823
4381384462,unnamed,-16.5294083,-68.1272808
7309621725,unnamed,-16.5293852,-68.1273459
8995269849,unnamed,-16.5293749,-68.1274116
2867863207,unnamed,-16.5293707,-68.1275247
3791378941,unnamed,-16.5293749,-68.1275712
3791378942,unnamed,-16.5294135,-68.1277107
3791378938,unnamed,-16.5297759,-68.1288005
3791378937,unnamed,-16.5298339,-68.128982
3791378945,unnamed,-16.5298899,-68.1290937
7309621726,unnamed,-16.5299422,-68.1291924
3791378946,unnamed,-16.5299962,-68.1292686
3791378947,unnamed,-16.5300706,-68.1293395
3791378948,unnamed,-16.5301714,-68.1293996
3791378949,unnamed,-16.5303005,-68.1294363
3791428700,unnamed,-16.5304228,-68.129437
11053917921,unnamed,-16.5308219,-68.1293912
7309621724,unnamed,-16.5311504,-68.1293535
3791428702,unnamed,-16.5312546,-68.1293511
3791428703,unnamed,-16.5313518,-68.1293824
3791428704,unnamed,-16.5314242,-68.1294424
1786081440,unnamed,-16.5316243,-68.1297274
3791428706,unnamed,-16.5317573,-68.1299092
3791428707,unnamed,-16.5318576,-68.1300459
1786081473,unnamed,-16.5319553,-68.1301696
3791428708,unnamed,-16.5320761,-68.1303021
3791428709,unnamed,-16.5321648,-68.1303875
3791428714,unnamed,-16.5323442,-68.1305354
3791428715,unnamed,-16.5324651,-68.1305918
3791428716,unnamed,-16.5327261,-68.1306535
3791428717,unnamed,-16.5328814,-68.1306897
8983259710,unnamed,-16.5329665,-68.1307116
3791428718,unnamed,-16.5330205,-68.1307348
8983259708,unnamed,-16.5330536,-68.130763
3791428719,unnamed,-16.5330874,-68.130806
8983259709,unnamed,-16.5331083,-68.1308518
3791428720,unnamed,-16.5331211,-68.1309117
3791428721,unnamed,-16.5331198,-68.1309842
3791428722,unnamed,-16.5330948,-68.1310963
8983378869,unnamed,-16.5330543,-68.1312063
3791428723,unnamed,-16.53303,-68.1312724
3791428724,unnamed,-16.5329615,-68.1314831
3791428726,unnamed,-16.5328078,-68.1318988
3791428727,unnamed,-16.5327776,-68.1319866
3791428728,unnamed,-16.5327645,-68.1320654
3791428711,unnamed,-16.5327595,-68.1321794
8983259711,unnamed,-16.5327715,-68.1322504
3791428729,unnamed,-16.5327862,-68.1323119
8983259704,unnamed,-16.5327958,-68.1323463
8983259712,unnamed,-16.5328104,-68.1323887
8983259703,unnamed,-16.5328327,-68.1324366
3791428730,unnamed,-16.5328642,-68.1324963
8983259713,unnamed,-16.5329222,-68.1325867
3791428731,unnamed,-16.5329862,-68.132664
3791428732,unnamed,-16.5330708,-68.1327465
3791428733,unnamed,-16.5332159,-68.1328589
3791428734,unnamed,-16.5334446,-68.1330282
3791428735,unnamed,-16.5335939,-68.1331365
3791428736,unnamed,-16.5338834,-68.133343
3791428737,unnamed,-16.5340603,-68.1334754
8983270425,unnamed,-16.5342461,-68.1336094
3791428738,unnamed,-16.5343016,-68.1336493
3791428739,unnamed,-16.5344144,-68.1337329
3791428740,unnamed,-16.5344683,-68.1338096
8983270430,unnamed,-16.534493,-68.133869
3791428741,unnamed,-16.5345056,-68.13394
8983270429,unnamed,-16.5345001,-68.1339962
3791428742,unnamed,-16.5344845,-68.1340556
8983270428,unnamed,-16.5344598,-68.1341076
3791428743,unnamed,-16.5344159,-68.1341612
3791428744,unnamed,-16.5342703,-68.1343225
3791428745,unnamed,-16.5341746,-68.1344308
11053858412,unnamed,-16.5340207,-68.1345708
3791428746,unnamed,-16.5338907,-68.134689
8983259701,unnamed,-16.5337317,-68.1348549
3791428751,unnamed,-16.5336007,-68.13495
3791428752,unnamed,-16.5334771,-68.1350352
5523142800,unnamed,-16.5333899,-68.1350782
3791428753,unnamed,-16.5332896,-68.1351089
10005119130,unnamed,-16.5331966,-68.1351146
3791428747,unnamed,-16.5331914,-68.1351149
3791428754,unnamed,-16.5331664,-68.135115
3791428755,unnamed,-16.5330738,-68.1351046
3791428756,unnamed,-16.5328929,-68.135062
5523142799,unnamed,-16.5328061,-68.1350439
3791432657,unnamed,-16.53274,-68.135043
8983259660,unnamed,-16.5326792,-68.1350543
3791432658,unnamed,-16.5325933,-68.1350987
8983259661,unnamed,-16.5325496,-68.1351403
10005119109,unnamed,-16.5325413,-68.1351529
3791432659,unnamed,-16.5325114,-68.1351982
8983259662,unnamed,-16.5324922,-68.1352465
8983259663,unnamed,-16.5324803,-68.1353133
3791432660,unnamed,-16.5324842,-68.1353853
8983259664,unnamed,-16.5325008,-68.1354439
8983259665,unnamed,-16.5325212,-68.1354856
3791432661,unnamed,-16.5325608,-68.1355379
3791432662,unnamed,-16.5326329,-68.1355941
3791432663,unnamed,-16.5328154,-68.1357296
3791432664,unnamed,-16.5332335,-68.136059
3791432665,unnamed,-16.5334246,-68.1362067
3791432666,unnamed,-16.5336537,-68.1363572
4381381333,unnamed,-16.5338262,-68.1364835
3791432667,unnamed,-16.5339995,-68.1366026
3791432668,unnamed,-16.5340853,-68.1366457
8983313726,unnamed,-16.5341708,-68.1366732
3791432669,unnamed,-16.5342695,-68.1366938
8983378867,unnamed,-16.5343112,-68.1366955
8983313727,unnamed,-16.5343906,-68.1366987
3791432670,unnamed,-16.5344388,-68.1367074
8983313728,unnamed,-16.5344812,-68.1367249
3791432671,unnamed,-16.5345134,-68.1367517
3791432672,unnamed,-16.5345417,-68.1368073
8983313729,unnamed,-16.5345577,-68.136857
8983313730,unnamed,-16.5345552,-68.1369307
3791432673,unnamed,-16.5345404,-68.1370038
8983313731,unnamed,-16.5345127,-68.1370903
3791432674,unnamed,-16.5344652,-68.1371714
3791432675,unnamed,-16.534417,-68.1372278
3791432676,unnamed,-16.5343591,-68.137272
8983313724,unnamed,-16.5343189,-68.137296
8983313732,unnamed,-16.5342595,-68.1373236
3791432677,unnamed,-16.5341817,-68.1373364
3791432678,unnamed,-16.5339934,-68.1373357
3791432679,unnamed,-16.5336598,-68.1373015
3791432680,unnamed,-16.5332702,-68.1372459
3791432681,unnamed,-16.5331436,-68.1372298
5523142798,unnamed,-16.5330588,-68.1372311
3791432682,unnamed,-16.53297,-68.1372519
5523142797,unnamed,-16.5329205,-68.137268
8983273211,unnamed,-16.5328762,-68.1373075
3791432683,unnamed,-16.5328466,-68.1373384
8983273212,unnamed,-16.5328126,-68.13739
5523142796,unnamed,-16.5327965,-68.1374423
8983273213,unnamed,-16.5327823,-68.1375054
4381381332,unnamed,-16.5327817,-68.1375597
8983273209,unnamed,-16.5327946,-68.1376066
3791432685,unnamed,-16.5328145,-68.1376602
3791432686,unnamed,-16.5328576,-68.1377273
3791432687,unnamed,-16.5328948,-68.1377715
8983273210,unnamed,-16.5329578,-68.1378078
3791432688,unnamed,-16.5330173,-68.1378378
3791432689,unnamed,-16.5331012,-68.1378694
4381381320,unnamed,-16.5331828,-68.1378969
3791432690,unnamed,-16.5334965,-68.1379827
3791432691,unnamed,-16.5335919,-68.1380109
8983273203,unnamed,-16.5336338,-68.1380366
8983378866,unnamed,-16.5336515,-68.1380536
3791432692,unnamed,-16.5336893,-68.1380898
3791432693,unnamed,-16.5337332,-68.138164
8983273204,unnamed,-16.5337466,-68.1382032
3791432700,unnamed,-16.5337573,-68.1382824
8983273205,unnamed,-16.5337517,-68.1383446
3791432701,unnamed,-16.5337255,-68.138423
8983273206,unnamed,-16.5336985,-68.1384681
3791432702,unnamed,-16.5336556,-68.1385157
3791432703,unnamed,-16.5335801,-68.138548
3791432704,unnamed,-16.5333789,-68.1386238
4381381319,unnamed,-16.5332227,-68.1386727
3791432705,unnamed,-16.5330935,-68.1387116
3791432706,unnamed,-16.5329919,-68.1387371
11053839606,unnamed,-16.5328604,-68.1387844
3791432707,unnamed,-16.5327554,-68.1388222
3791432708,unnamed,-16.5324924,-68.1389081
8983273195,unnamed,-16.5324002,-68.1389351
3791432709,unnamed,-16.5323482,-68.1389743
8983273196,unnamed,-16.5323117,-68.1390187
3791432710,unnamed,-16.5322922,-68.1390544
8983273197,unnamed,-16.5322785,-68.1390919
8983273198,unnamed,-16.5322689,-68.1391452
3791432695,unnamed,-16.5322704,-68.1391883
8983273194,unnamed,-16.5322796,-68.1392461
8983273193,unnamed,-16.5322964,-68.1392886
3791432711,unnamed,-16.5323197,-68.139327
8983273192,unnamed,-16.5323446,-68.1393563
8983273191,unnamed,-16.532384,-68.139389
3791432712,unnamed,-16.5324137,-68.1394061
3791432713,unnamed,-16.5324577,-68.1394226
3791432714,unnamed,-16.5325002,-68.1394302
3791432715,unnamed,-16.5326133,-68.1394418
8983273184,unnamed,-16.5327753,-68.139468
3791432716,unnamed,-16.5328656,-68.1394934
3791432717,unnamed,-16.5329684,-68.1395269
3791432718,unnamed,-16.5331185,-68.1396168
3791432719,unnamed,-16.5332509,-68.1396986
3791443006,unnamed,-16.5335576,-68.1398931
3791443007,unnamed,-16.5338397,-68.1400828
3791443008,unnamed,-16.5339309,-68.1401473
8983353433,unnamed,-16.5339723,-68.1401857
3791443009,unnamed,-16.5340046,-68.1402403
8983353436,unnamed,-16.5340204,-68.1403138
3791443010,unnamed,-16.5340106,-68.140388
8983353434,unnamed,-16.5339897,-68.1404344
8983353435,unnamed,-16.5339512,-68.1404814
3791443011,unnamed,-16.5339218,-68.1405036
8983353432,unnamed,-16.5338809,-68.1405228
3791443012,unnamed,-16.5338182,-68.1405331
3791443013,unnamed,-16.5336537,-68.1404938
3791443014,unnamed,-16.5332474,-68.1404321
3791443015,unnamed,-16.5329298,-68.1403919
3791443016,unnamed,-16.5328041,-68.1403928
8983378870,unnamed,-16.5327734,-68.140395
566507439,unnamed,-16.5327544,-68.1404055
2867872697,unnamed,-16.5327314,-68.140394
2867872698,unnamed,-16.5327065,-68.1403883
2867872699,unnamed,-16.532681,-68.140389
324099861,unnamed,-16.5326563,-68.1403959
566507440,unnamed,-16.5326276,-68.1404137
324099835,unnamed,-16.5326055,-68.1404398
566507437,unnamed,-16.5325922,-68.1404718
2867872700,unnamed,-16.5325888,-68.1405064
2867872701,unnamed,-16.5325958,-68.1405405
2867872702,unnamed,-16.5326128,-68.1405712
3791443003,unnamed,-16.5326386,-68.1405951
8979140415,unnamed,-16.5326573,-68.1406212
8979140414,unnamed,-16.532689,-68.1406521
3791484260,unnamed,-16.5327221,-68.1406869
8979140413,unnamed,-16.5327575,-68.1407204
1786081628,unnamed,-16.5327867,-68.1407522
11053795125,unnamed,-16.5328312,-68.1407779
3791484263,unnamed,-16.5328902,-68.1408149
3791484264,unnamed,-16.5329446,-68.1408401
3791484265,unnamed,-16.5330307,-68.1408807
3791484266,unnamed,-16.5331258,-68.1409205
3791484267,unnamed,-16.5333033,-68.1409829
3791484268,unnamed,-16.5334386,-68.1410469
3791484276,unnamed,-16.5336047,-68.1411687
3791484277,unnamed,-16.5337809,-68.1413101
3791484278,unnamed,-16.5338715,-68.1413849
8979176626,unnamed,-16.5339504,-68.1414619
3791484279,unnamed,-16.5339711,-68.1415117
3791484280,unnamed,-16.533974,-68.1415764
8979176627,unnamed,-16.5339576,-68.1416291
3791484281,unnamed,-16.5339364,-68.1416629
8979176619,unnamed,-16.5339115,-68.1416838
3791484282,unnamed,-16.5338781,-68.1417054
8979176628,unnamed,-16.5337937,-68.1417366
8979176620,unnamed,-16.5336729,-68.1417643
4381377566,unnamed,-16.5333843,-68.1418305
8979176622,unnamed,-16.533234,-68.1418775
6572704397,unnamed,-16.5328636,-68.1419934
8979176629,unnamed,-16.5327401,-68.1420417
566507406,unnamed,-16.532631,-68.1420744
566507407,unnamed,-16.5325253,-68.1421049
566507411,unnamed,-16.5324724,-68.1421125
566507412,unnamed,-16.53243,-68.1421178
566507413,unnamed,-16.5323827,-68.1421291
8979146635,unnamed,-16.5323577,-68.142141
566507424,unnamed,-16.5323403,-68.1421507
10004748985,unnamed,-16.5323136,-68.1421805
11065509734,unnamed,-16.5323086,-68.1421929
8979146637,unnamed,-16.5322993,-68.1422162
566507426,unnamed,-16.5322971,-68.1422385
566507427,unnamed,-16.5322992,-68.142264
566507428,unnamed,-16.532307,-68.142297
566507429,unnamed,-16.5323258,-68.1423334
566507414,unnamed,-16.5323487,-68.1423753
8979146640,unnamed,-16.5323904,-68.1424212
3791484291,unnamed,-16.5325283,-68.1425906
3791484288,unnamed,-16.5325762,-68.1426466
3791484306,unnamed,-16.5326881,-68.1427854
8979146639,unnamed,-16.5327628,-68.1428817
3791484307,unnamed,-16.5328115,-68.1429446
8979146655,unnamed,-16.5329169,-68.1431066
3791484308,unnamed,-16.5329799,-68.1432205
3791484309,unnamed,-16.5330468,-68.1433687
3791484310,unnamed,-16.5330654,-68.1434398
1786081667,unnamed,-16.5330841,-68.1435196
3791484311,unnamed,-16.5330969,-68.1436182
3791484312,unnamed,-16.5331085,-68.1437335
3791484313,unnamed,-16.5331297,-68.1440024
3791484314,unnamed,-16.5331483,-68.1442177
3791484295,unnamed,-16.5331805,-68.1444356
3791484316,unnamed,-16.5331911,-68.1444835
3791484317,unnamed,-16.5332046,-68.1445234
8979146668,unnamed,-16.5332242,-68.1445627
3791484318,unnamed,-16.5332496,-68.1445972
3791484319,unnamed,-16.5332994,-68.1446475
3791484320,unnamed,-16.5333727,-68.1447045
3791484321,unnamed,-16.533498,-68.1447843
3791484322,unnamed,-16.5336803,-68.1449201
3791484323,unnamed,-16.5338593,-68.1450458
3791484304,unnamed,-16.533993,-68.1451423
3791484324,unnamed,-16.5340978,-68.1452087
3791484325,unnamed,-16.5341968,-68.1452744
3791484326,unnamed,-16.5343022,-68.1453348
3791484327,unnamed,-16.534514,-68.1454387
3791484334,unnamed,-16.5347008,-68.1455018
5476049955,unnamed,-16.5348133,-68.14554
3791484335,unnamed,-16.5348493,-68.1455631
8979146682,unnamed,-16.5348753,-68.145593
3791484336,unnamed,-16.5348904,-68.1456211
8979146685,unnamed,-16.5348981,-68.1456493
3791484337,unnamed,-16.534902,-68.1456882
3791484338,unnamed,-16.5348981,-68.1457244
8979146681,unnamed,-16.5348862,-68.1457536
3791484339,unnamed,-16.5348724,-68.145776
8979146683,unnamed,-16.5348438,-68.1457968
3791484340,unnamed,-16.5347837,-68.1458183
3791484341,unnamed,-16.5345677,-68.1458853
8979146659,unnamed,-16.5344813,-68.1459028
3791484342,unnamed,-16.5343725,-68.1459248
3791484343,unnamed,-16.5341184,-68.1459456
3791484344,unnamed,-16.5336425,-68.1459369
3791484346,unnamed,-16.5329638,-68.1459437
3791484347,unnamed,-16.532591,-68.145943
8979086786,unnamed,-16.5325094,-68.1459316
7574257242,unnamed,-16.5324374,-68.1459054
3791484348,unnamed,-16.5323583,-68.1458612
3791484349,unnamed,-16.5322259,-68.1457586
3791484350,unnamed,-16.532033,-68.1456057
3791484353,unnamed,-16.5319321,-68.1455333
4381368850,unnamed,-16.531801,-68.1454524
3791484354,unnamed,-16.5315188,-68.1452979
3791484331,unnamed,-16.5313593,-68.1452016
8979086787,unnamed,-16.5312637,-68.1451246
3791484355,unnamed,-16.5311757,-68.1450361
3791484356,unnamed,-16.5311048,-68.1449349
11055110094,unnamed,-16.531009,-68.1447508
5476049969,unnamed,-16.5306792,-68.1441171
5476049970,unnamed,-16.5306149,-68.1440098
5476049971,unnamed,-16.530568,-68.1439729
8979086793,unnamed,-16.530532,-68.1439548
8979086792,unnamed,-16.5304754,-68.1439474
3791495560,unnamed,-16.5304132,-68.1439528
3791495564,unnamed,-16.5303588,-68.1439716
8979086791,unnamed,-16.5303392,-68.143983
3791495565,unnamed,-16.5303012,-68.1440084
8979086790,unnamed,-16.5302684,-68.14405
5520554237,unnamed,-16.5302479,-68.1440896
8979086789,unnamed,-16.5302324,-68.1441365
3791495566,unnamed,-16.5302234,-68.1442036
8979086788,unnamed,-16.5302215,-68.1442512
3791495567,unnamed,-16.5302299,-68.1443182
3791495568,unnamed,-16.5302742,-68.1444711
11055110096,unnamed,-16.5304242,-68.1449629
4381368844,unnamed,-16.5304761,-68.145133
2435753257,unnamed,-16.5304243,-68.1451534
8979086804,unnamed,-16.5303993,-68.1451544
7574257240,unnamed,-16.5303787,-68.1451504
8979086803,unnamed,-16.5303469,-68.145136
4381368845,unnamed,-16.5303314,-68.1451222
2435753252,unnamed,-16.5285607,-68.1431048
5520554239,unnamed,-16.5286834,-68.1430147
2435753268,unnamed,-16.528765,-68.1429834
8979477204,unnamed,-16.5288048,-68.1429732
5520554238,unnamed,-16.5288614,-68.1429783
8979477207,unnamed,-16.5289311,-68.1430012
2435753258,unnamed,-16.5290024,-68.1430359
2559852192,unnamed,-16.52907,-68.1431076
2435753239,unnamed,-16.5292833,-68.1433238
10004651963,unnamed,-16.5292919,-68.1433348
12754676094,unnamed,-16.5293014,-68.1433469
2435753261,unnamed,-16.5295342,-68.1436457
9963225193,unnamed,-16.5298017,-68.144062
2435753269,unnamed,-16.5300554,-68.1445614
3791484333,unnamed,-16.5301251,-68.1446899
2435753271,unnamed,-16.5302408,-68.1448795
321807187,unnamed,-16.5014636,-68.1209126
412861193,unnamed,-16.5014684,-68.1210483
1344122063,unnamed,-16.4850425,-68.0932318
1334748845,unnamed,-16.4854301,-68.094112
1334748839,unnamed,-16.485485,-68.0942047
1334748890,unnamed,-16.4858262,-68.0947247
11688533994,unnamed,-16.4859021,-68.0948045
11688533999,unnamed,-16.4861077,-68.095007
5734412661,unnamed,-16.4861616,-68.09506
1334748813,unnamed,-16.4862939,-68.0951817
2865526378,unnamed,-16.4867523,-68.0955895
5723557182,unnamed,-16.4873395,-68.096125
5723557180,unnamed,-16.4875118,-68.0963295
2865526415,unnamed,-16.4877985,-68.0967072
5103543729,unnamed,-16.4879124,-68.0968533
5734412752,unnamed,-16.4881396,-68.0971523
5734412751,unnamed,-16.4882809,-68.0973383
5734412750,unnamed,-16.488379,-68.0974673
5103543731,unnamed,-16.4884061,-68.097503
1334748810,unnamed,-16.4886219,-68.0977709
1344129617,unnamed,-16.4895895,-68.0990271
8950500462,unnamed,-16.4904785,-68.1001288
8950500463,unnamed,-16.490527,-68.1001578
1344129781,unnamed,-16.4905917,-68.1001767
5434293631,unnamed,-16.4906215,-68.1003437
9254095026,unnamed,-16.4905971,-68.1004283
8950500444,unnamed,-16.4905462,-68.1008965
5147729937,unnamed,-16.490532,-68.1010087
5119647020,unnamed,-16.4905259,-68.1010801
8950500445,unnamed,-16.4905286,-68.101139
5119648121,unnamed,-16.4905498,-68.1012291
8950500446,unnamed,-16.4905658,-68.1012627
1333581725,unnamed,-16.4905909,-68.1013008
8950500447,unnamed,-16.4906145,-68.1013276
8950500449,unnamed,-16.4907355,-68.1014093
8950500448,unnamed,-16.4907789,-68.1014197
1237362246,unnamed,-16.4907933,-68.1014174
8941747925,unnamed,-16.4955303,-68.1020609
1344188961,unnamed,-16.4953553,-68.1018475
1237362271,unnamed,-16.4952486,-68.1016289
1333581732,unnamed,-16.4951555,-68.1014112
6818687390,unnamed,-16.4951226,-68.1013262
11339347515,unnamed,-16.4949374,-68.1009009
1344188966,unnamed,-16.4948965,-68.1008068
11339347533,unnamed,-16.4948763,-68.1007682
9254135872,unnamed,-16.4948466,-68.1007416
11339347532,unnamed,-16.4948113,-68.1007259
9254135873,unnamed,-16.494772,-68.1007144
11339347531,unnamed,-16.4946446,-68.1006941
1237362274,unnamed,-16.4945056,-68.1006879
4242399691,unnamed,-16.4943709,-68.1007019
1333582958,unnamed,-16.4942716,-68.1007319
1333582945,unnamed,-16.4936454,-68.1009921
1333581693,unnamed,-16.4929605,-68.1012715
1237362241,unnamed,-16.4929206,-68.1012894
1333581717,unnamed,-16.4924941,-68.101453
8950436508,unnamed,-16.4923651,-68.1014973
5734376634,unnamed,-16.4920094,-68.1016155
9254095021,unnamed,-16.4918435,-68.1016597
9254095020,unnamed,-16.4917072,-68.1016812
9254095019,unnamed,-16.4915811,-68.1016785
9254095017,unnamed,-16.4914718,-68.1016691
1333581715,unnamed,-16.4913593,-68.1016485
9254095018,unnamed,-16.4912558,-68.1016235
9254095025,unnamed,-16.4911156,-68.1015766
9254095024,unnamed,-16.4909562,-68.1015068
1332074724,unnamed,-16.4970144,-68.1017957
8950439236,unnamed,-16.496566,-68.1018764
11486962927,unnamed,-16.4963379,-68.1019065
1344188980,unnamed,-16.496173,-68.1019283
11339482492,unnamed,-16.4959534,-68.1019605
1332074716,unnamed,-16.4957881,-68.101985
8950439250,unnamed,-16.4956092,-68.1020108
8950439251,unnamed,-16.4955757,-68.1020221
1332074725,unnamed,-16.4975924,-68.1013995
1332074715,unnamed,-16.4975514,-68.1014576
1332074713,unnamed,-16.4974812,-68.1015989
11395030854,unnamed,-16.4974325,-68.1016497
8950439255,unnamed,-16.4973708,-68.101693
8950439256,unnamed,-16.4972522,-68.1017465
1344188946,unnamed,-16.4987985,-68.1011902
1332074727,unnamed,-16.4977758,-68.1013366
11395030850,unnamed,-16.4976797,-68.1013591
1332068775,unnamed,-16.4991863,-68.1011265
1344182514,unnamed,-16.4994376,-68.1044498
1344189874,unnamed,-16.4994369,-68.1042017
1332073297,unnamed,-16.4994363,-68.1040193
1344189872,unnamed,-16.4994267,-68.1036979
1344182541,unnamed,-16.4994115,-68.1031869
1344188984,unnamed,-16.4994106,-68.1031587
1332068884,unnamed,-16.4993529,-68.102314
1344182537,unnamed,-16.4994292,-68.1047221
1344189851,unnamed,-16.4994318,-68.1046067
1344182536,unnamed,-16.5001301,-68.1046494
1332073316,unnamed,-16.5009387,-68.104444
1740989246,unnamed,-16.5019379,-68.1041713
1237352522,unnamed,-16.5018902,-68.1051082
2865607704,unnamed,-16.5019297,-68.1045611
1344190440,unnamed,-16.5020139,-68.1051693
1237352529,unnamed,-16.5021072,-68.1052541
7404185629,unnamed,-16.5022331,-68.1054288
4538466485,unnamed,-16.5022659,-68.1054777
8951525158,unnamed,-16.5022877,-68.1055376
1344190456,unnamed,-16.5022784,-68.1055793
8951525159,unnamed,-16.5022573,-68.1056265
1237352525,unnamed,-16.5022052,-68.1056688
1237352513,unnamed,-16.5020983,-68.1057174
2865607716,unnamed,-16.5019469,-68.1057828
2865607712,unnamed,-16.5016778,-68.105963
1237352516,unnamed,-16.5014056,-68.1061991
1237352520,unnamed,-16.5011028,-68.1063953
2865607667,unnamed,-16.5007053,-68.1065931
8951525157,unnamed,-16.5003142,-68.1067914
8953283322,unnamed,-16.5001501,-68.1068598
4677324443,unnamed,-16.4993227,-68.107208
5147768739,unnamed,-16.4991884,-68.1072737
2865607656,unnamed,-16.4985745,-68.107529
6626927915,unnamed,-16.4984978,-68.1075688
9254284989,unnamed,-16.4980747,-68.107784
8951525149,unnamed,-16.4978928,-68.1079054
6532587553,unnamed,-16.4977361,-68.1080742
1237352514,unnamed,-16.4976576,-68.1081634
8982367234,unnamed,-16.4976265,-68.1083805
1237352515,unnamed,-16.4975259,-68.1089191
6532587552,unnamed,-16.4973896,-68.1090116
1237352527,unnamed,-16.497193,-68.1092271
3414310961,unnamed,-16.4970744,-68.1093499
4507118702,unnamed,-16.4968936,-68.1095907
1237352530,unnamed,-16.4966367,-68.1099585
4676764530,unnamed,-16.4957464,-68.1113154
4676764529,unnamed,-16.4956356,-68.1113274
4913058643,unnamed,-16.4955816,-68.1113197
8979992593,unnamed,-16.4955276,-68.1112888
322599684,unnamed,-16.4954891,-68.1112595
8979992581,unnamed,-16.4954306,-68.1112023
1784902751,unnamed,-16.4953701,-68.1111245
322599673,unnamed,-16.4953378,-68.1110577
1361227592,unnamed,-16.4952319,-68.1106598
1237352524,unnamed,-16.4952049,-68.1105653
4489024300,unnamed,-16.4952068,-68.110517
8941748016,unnamed,-16.4952384,-68.1104506
4495588097,unnamed,-16.4953078,-68.1104077
8941748027,unnamed,-16.4956273,-68.1102636
8982367246,unnamed,-16.4958002,-68.1101851
1237352521,unnamed,-16.4960992,-68.1100939
11310959124,unnamed,-16.4963815,-68.1100027
11310959122,unnamed,-16.4964789,-68.1099732
1132461944,unnamed,-16.4967546,-68.1113966
5435961807,unnamed,-16.4967268,-68.1113678
322599713,unnamed,-16.4966926,-68.1113562
8979992578,unnamed,-16.4966579,-68.1113586
322599705,unnamed,-16.4965107,-68.1114051
3177780611,unnamed,-16.4964252,-68.1114231
8979992579,unnamed,-16.4963654,-68.1114317
8979992580,unnamed,-16.4962947,-68.1114337
322599698,unnamed,-16.4962291,-68.1114279
4676764516,unnamed,-16.4960308,-68.1113719
322599691,unnamed,-16.4958438,-68.1113025
8979992594,unnamed,-16.4958015,-68.1113016
322599781,unnamed,-16.4944598,-68.1137158
1784902685,unnamed,-16.4947721,-68.1137354
8979998455,unnamed,-16.4949053,-68.1137323
322599772,unnamed,-16.4950185,-68.1137153
4662685253,unnamed,-16.4951226,-68.1136783
322599763,unnamed,-16.4952203,-68.1135983
322599754,unnamed,-16.4957157,-68.113019
8979992599,unnamed,-16.495772,-68.112933
9037771031,unnamed,-16.4958041,-68.1128392
8979992598,unnamed,-16.4958183,-68.1127976
8979992597,unnamed,-16.4959005,-68.1125589
322599744,unnamed,-16.4959813,-68.1123722
1132462055,unnamed,-16.4961924,-68.1121404
4675677801,unnamed,-16.4962413,-68.1120855
322599737,unnamed,-16.4965555,-68.1117665
322599729,unnamed,-16.4966605,-68.111651
8979992596,unnamed,-16.4967184,-68.1115678
322599720,unnamed,-16.4967558,-68.1114881
8979992595,unnamed,-16.4967647,-68.1114364
1784902628,unnamed,-16.4934968,-68.1145617
5499576991,unnamed,-16.4934947,-68.1145146
4662685249,unnamed,-16.4934947,-68.114452
5499576990,unnamed,-16.4935005,-68.1143962
2865696103,unnamed,-16.4935122,-68.1143288
4662685265,unnamed,-16.4935322,-68.1142696
4662685250,unnamed,-16.4935707,-68.1142055
322599790,unnamed,-16.4936078,-68.1141755
4662685251,unnamed,-16.4942509,-68.1137777
8979998456,unnamed,-16.4943227,-68.1137458
322599631,unnamed,-16.4924163,-68.1151929
1784902618,unnamed,-16.492743,-68.1149944
4662685271,unnamed,-16.4930165,-68.1148242
1132462505,unnamed,-16.4928466,-68.1157663
4368611440,unnamed,-16.4932547,-68.1163863
5506326355,unnamed,-16.4932144,-68.1162767
4339280657,unnamed,-16.4930904,-68.1161111
4368611426,unnamed,-16.4932929,-68.1164307
4368611427,unnamed,-16.4932773,-68.1164053
4339280648,unnamed,-16.494633,-68.1184193
4339280653,unnamed,-16.4945962,-68.1183855
4339280654,unnamed,-16.4943123,-68.1180942
1784996023,unnamed,-16.4941844,-68.1179077
4370356833,unnamed,-16.4940536,-68.1176874
4339280655,unnamed,-16.4937999,-68.1171753
4339280656,unnamed,-16.4937197,-68.117037
4338728089,unnamed,-16.4934951,-68.1167218
4339280649,unnamed,-16.4946279,-68.1184518
4339280650,unnamed,-16.4946333,-68.1184843
322599658,unnamed,-16.4946487,-68.1185131
4957378439,unnamed,-16.4926388,-68.1191767
1784995994,unnamed,-16.4927488,-68.1191584
1784996007,unnamed,-16.4928697,-68.1191316
5809293820,unnamed,-16.4933449,-68.118924
1784996012,unnamed,-16.493555,-68.1188312
1784996019,unnamed,-16.4938431,-68.1187118
8980056085,unnamed,-16.4939524,-68.118685
1784996021,unnamed,-16.4941196,-68.1186569
8980056084,unnamed,-16.4944706,-68.1185912
1784996051,unnamed,-16.4945439,-68.1185718
1784995952,unnamed,-16.491358,-68.119225
1784995969,unnamed,-16.4914769,-68.1192195
1784995989,unnamed,-16.4922201,-68.1192061
8980056086,unnamed,-16.4924427,-68.1191987
4349255592,unnamed,-16.4913441,-68.1193257
4349255594,unnamed,-16.4913462,-68.1194825
1784995956,unnamed,-16.4913677,-68.1195687
1784995976,unnamed,-16.4921892,-68.1195837
11122134475,unnamed,-16.4918713,-68.1195706
4085833436,unnamed,-16.4923325,-68.1196247
4085833437,unnamed,-16.4928047,-68.119663
4085833438,unnamed,-16.4930098,-68.1196903
4085833439,unnamed,-16.4932388,-68.1197604
8979998476,unnamed,-16.4932832,-68.1197858
4750242874,unnamed,-16.4933063,-68.119812
8979998477,unnamed,-16.4933217,-68.1198489
4377894747,unnamed,-16.4933282,-68.1198837
8979998478,unnamed,-16.4933249,-68.1199213
4085833440,unnamed,-16.4932884,-68.1199897
4085833441,unnamed,-16.4931781,-68.1201213
322599429,unnamed,-16.4931218,-68.1200959
561057098,unnamed,-16.4930874,-68.1200917
322599432,unnamed,-16.4930531,-68.1200969
561057097,unnamed,-16.4930213,-68.1201111
4311703988,unnamed,-16.492994,-68.1201334
4311704789,unnamed,-16.4929732,-68.1201623
322599436,unnamed,-16.4929603,-68.1201959
4538450541,unnamed,-16.492956,-68.1202317
561057096,unnamed,-16.4929614,-68.1202697
322599420,unnamed,-16.4929765,-68.1203046
561057101,unnamed,-16.4930002,-68.120334
4311704790,unnamed,-16.4930307,-68.1203554
4311704791,unnamed,-16.4930657,-68.1203673
563638162,unnamed,-16.4931024,-68.1203689
563638160,unnamed,-16.4931179,-68.120787
4385380457,unnamed,-16.4931389,-68.121112
11137493975,unnamed,-16.4931451,-68.1212288
4385380453,unnamed,-16.4931469,-68.1213237
561057092,unnamed,-16.4931515,-68.1214593
10295069851,unnamed,-16.4932705,-68.1214537
6959203384,unnamed,-16.4935935,-68.1214369
6959242785,unnamed,-16.4937654,-68.121428
10291443505,unnamed,-16.4941891,-68.1214071
11065783935,unnamed,-16.4942582,-68.1214071
3280667550,unnamed,-16.4943283,-68.1214114
4750242902,unnamed,-16.4943571,-68.1214493
4385380455,unnamed,-16.4943953,-68.1214768
4750242901,unnamed,-16.4944394,-68.1214916
4750242900,unnamed,-16.4944942,-68.121491
10291443496,unnamed,-16.4945097,-68.121485
11122134477,unnamed,-16.4945454,-68.1214711
4750242899,unnamed,-16.4945733,-68.1214493
4750242897,unnamed,-16.494596,-68.1214217
3280668662,unnamed,-16.494614,-68.1213852
10291443486,unnamed,-16.4947151,-68.1213826
2865705911,unnamed,-16.4965867,-68.1212947
10291443465,unnamed,-16.4968789,-68.1212731
321807218,unnamed,-16.4969646,-68.121269
10291443444,unnamed,-16.4970728,-68.1212646
10291443429,unnamed,-16.4980014,-68.1212179
321807224,unnamed,-16.4981079,-68.1212086
10291443412,unnamed,-16.4982531,-68.1212066
10291441502,unnamed,-16.4992971,-68.1211544
321807219,unnamed,-16.4994199,-68.1211495
10291441486,unnamed,-16.4995349,-68.1211433
10291441479,unnamed,-16.501352,-68.1210577
8982846585,unnamed,-16.5014694,-68.1211004
10291441477,unnamed,-16.5014773,-68.1212878
3705813133,unnamed,-16.501506,-68.1219462
3298539281,unnamed,-16.5015351,-68.1225313
412861184,unnamed,-16.5015511,-68.1229073
8982846583,unnamed,-16.5015517,-68.1229245
563638036,unnamed,-16.501556,-68.1230433
563638037,unnamed,-16.5015707,-68.1233563
6606737259,unnamed,-16.5015746,-68.1235691
412861414,unnamed,-16.5015903,-68.1238094
563638028,unnamed,-16.501608,-68.1239148
412861412,unnamed,-16.501657,-68.1240478
412861411,unnamed,-16.5017188,-68.1241449
563638027,unnamed,-16.5018154,-68.1242209
5166336004,unnamed,-16.5019158,-68.1243034
412861408,unnamed,-16.5020461,-68.1244276
412861407,unnamed,-16.5021181,-68.1245183
6093172537,unnamed,-16.5021532,-68.1245785
2493093120,unnamed,-16.5022023,-68.1246782
6611325113,unnamed,-16.5022724,-68.1248508
5166335971,unnamed,-16.5023347,-68.1250456
8127217302,unnamed,-16.5023621,-68.1251312
412861406,unnamed,-16.5023955,-68.1252357
412861405,unnamed,-16.5024141,-68.1253838
412861404,unnamed,-16.5023865,-68.1256759
8983032728,unnamed,-16.5023842,-68.1259079
3987318778,unnamed,-16.5023449,-68.1261439
412861402,unnamed,-16.5022652,-68.1264429
412861395,unnamed,-16.5022111,-68.1266672
8983032729,unnamed,-16.5021675,-68.1268029
412861390,unnamed,-16.5021309,-68.1269137
412861387,unnamed,-16.5018043,-68.1277943
4309006718,unnamed,-16.5017847,-68.1279161
8983032730,unnamed,-16.5017709,-68.1280114
412861384,unnamed,-16.5017741,-68.128116
412861378,unnamed,-16.5017884,-68.1282545
8983032731,unnamed,-16.5018022,-68.1283232
412861376,unnamed,-16.5018293,-68.1283957
8983032732,unnamed,-16.5018633,-68.1284721
412861373,unnamed,-16.5019148,-68.1285397
412861371,unnamed,-16.5020252,-68.1286449
3987318771,unnamed,-16.5020936,-68.1287045
3987318772,unnamed,-16.5021324,-68.1287352
6611334175,unnamed,-16.502185,-68.1287719
5394862434,unnamed,-16.5042525,-68.1284489
4324696911,unnamed,-16.5043753,-68.1285051
12094401695,unnamed,-16.5044124,-68.1285288
4110926899,unnamed,-16.5044433,-68.1285566
12094401696,unnamed,-16.5044578,-68.1285912
412861338,unnamed,-16.5044635,-68.1286292
12094401697,unnamed,-16.5044588,-68.1286566
8982694740,unnamed,-16.5044469,-68.1286818
4324696913,unnamed,-16.5044217,-68.1287167
1208361927,unnamed,-16.5259197,-68.1007938
8954282010,unnamed,-16.5258562,-68.1008307
1208361926,unnamed,-16.5257651,-68.1008598
2533956475,unnamed,-16.5243237,-68.0995766
4620051671,unnamed,-16.5242408,-68.0995363
2533956485,unnamed,-16.524169,-68.0994814
2533956478,unnamed,-16.5241357,-68.0994524
1785386702,unnamed,-16.5240951,-68.0994363
2533956484,unnamed,-16.5240534,-68.0994347
2533956483,unnamed,-16.5240133,-68.0994469
2533956482,unnamed,-16.5239788,-68.0994715
2533956477,unnamed,-16.5239536,-68.0995061
2533956476,unnamed,-16.52394,-68.0995473
4620051647,unnamed,-16.5239395,-68.0995907
2533956491,unnamed,-16.523952,-68.0996322
1785386716,unnamed,-16.5239764,-68.0996675
2533956489,unnamed,-16.5240102,-68.099693
4620051644,unnamed,-16.5241565,-68.0998263
11294213989,unnamed,-16.5243298,-68.1000178
5124383744,unnamed,-16.5243944,-68.1000892
2533956473,unnamed,-16.524531,-68.1002401
11294213990,unnamed,-16.5246214,-68.1002897
4620051680,unnamed,-16.5247912,-68.1003557
1989821497,unnamed,-16.5249409,-68.1003947
4074660542,unnamed,-16.5257869,-68.1007255
1208361901,unnamed,-16.5227239,-68.1038879
1208361903,unnamed,-16.5231925,-68.1030837
1208361904,unnamed,-16.5233334,-68.1028774
1208361905,unnamed,-16.5234093,-68.1027903
1208361906,unnamed,-16.523489,-68.1026964
8954282003,unnamed,-16.5235764,-68.1026012
8954300027,unnamed,-16.5236285,-68.1025435
8954300026,unnamed,-16.5236812,-68.1025013
1785386684,unnamed,-16.5237412,-68.1024765
1208361907,unnamed,-16.5239197,-68.1024255
1208361908,unnamed,-16.5240643,-68.1023953
1208361909,unnamed,-16.5241801,-68.1023889
1208361910,unnamed,-16.5243375,-68.102394
1208361911,unnamed,-16.5244038,-68.1023896
8954281999,unnamed,-16.5244436,-68.1023806
8954300025,unnamed,-16.5245058,-68.1023569
1208361912,unnamed,-16.524571,-68.1022752
1208361913,unnamed,-16.5246034,-68.1022082
1208361914,unnamed,-16.5247026,-68.1020382
1208361915,unnamed,-16.5247508,-68.1019732
1208361916,unnamed,-16.5248717,-68.1018683
1208361917,unnamed,-16.5250378,-68.1017057
1208361919,unnamed,-16.5252595,-68.1013684
1208361921,unnamed,-16.5253387,-68.1012237
2398319186,unnamed,-16.5254805,-68.1010446
9257639086,unnamed,-16.5255774,-68.100952
1785386638,unnamed,-16.5225726,-68.103949
1785386618,unnamed,-16.5224733,-68.1040268
1785386649,unnamed,-16.5227088,-68.1041538
1785386640,unnamed,-16.5225797,-68.1040834
8953834503,unnamed,-16.5227053,-68.1042809
1785386644,unnamed,-16.5226636,-68.104356
5147879115,unnamed,-16.5224953,-68.1045299
1785386629,unnamed,-16.5224076,-68.1046021
8953834502,unnamed,-16.5223601,-68.1046497
2866752585,unnamed,-16.5223485,-68.1047395
1216137506,unnamed,-16.5200966,-68.1048562
6461507022,unnamed,-16.5205439,-68.1048345
1785386566,unnamed,-16.5201756,-68.1052928
1785386568,unnamed,-16.5201956,-68.1054973
1785386571,unnamed,-16.5202277,-68.1057079
1785386573,unnamed,-16.520243,-68.1058702
1785386574,unnamed,-16.5202663,-68.1061042
1785386575,unnamed,-16.5202766,-68.1062409
1785386579,unnamed,-16.5202972,-68.1064789
1785386581,unnamed,-16.520311,-68.1066671
1216186643,unnamed,-16.5203209,-68.1068882
1785386582,unnamed,-16.5203057,-68.1070745
1216137446,unnamed,-16.5203096,-68.1072618
1785386580,unnamed,-16.5203008,-68.1074501
1216186686,unnamed,-16.5203046,-68.1076395
1785386577,unnamed,-16.5202955,-68.1078639
1216186688,unnamed,-16.5202964,-68.1080156
1216186605,unnamed,-16.5202888,-68.1083786
1216186550,unnamed,-16.5202728,-68.1087197
2867738372,unnamed,-16.5202588,-68.1090897
1216137452,unnamed,-16.5202592,-68.1093672
4377702473,unnamed,-16.5202668,-68.1094728
1785386595,unnamed,-16.520694,-68.1101779
11060051663,unnamed,-16.5204974,-68.1099577
561579301,unnamed,-16.5204112,-68.1099013
561579289,unnamed,-16.5213019,-68.1109462
11060143260,unnamed,-16.5212834,-68.1109007
3239189777,unnamed,-16.5209844,-68.1105593
11060143262,unnamed,-16.5207576,-68.1102937
1785386597,unnamed,-16.5208995,-68.1116993
11060143259,unnamed,-16.5212983,-68.1110026
3239189776,unnamed,-16.5208378,-68.1117844
2867749525,unnamed,-16.5207439,-68.1119071
1785386594,unnamed,-16.5206173,-68.1120338
561579299,unnamed,-16.5204238,-68.1121961
8954055204,unnamed,-16.520346,-68.1122839
561579298,unnamed,-16.5203003,-68.1123517
561579297,unnamed,-16.5202425,-68.1124583
561579295,unnamed,-16.5200489,-68.1129397
8954055205,unnamed,-16.5199712,-68.1131074
561579294,unnamed,-16.5199372,-68.1131624
561579293,unnamed,-16.5198619,-68.1132368
561579292,unnamed,-16.5197816,-68.1133079
561579291,unnamed,-16.5197057,-68.1133535
561579290,unnamed,-16.519482,-68.1134131
2867738378,unnamed,-16.51919,-68.1134487
8954055206,unnamed,-16.5190597,-68.1134683
8954055209,unnamed,-16.518707,-68.1135176
561579316,unnamed,-16.5180301,-68.1135969
8954055210,unnamed,-16.5178386,-68.1136078
561579315,unnamed,-16.5177288,-68.1136058
8954055211,unnamed,-16.5173577,-68.113499
561579314,unnamed,-16.5169544,-68.1133889
1213979901,unnamed,-16.5159821,-68.1133527
1213980099,unnamed,-16.5158734,-68.113353
561579318,unnamed,-16.5155237,-68.1133641
561579317,unnamed,-16.5152409,-68.1133723
561579331,unnamed,-16.5147645,-68.1134843
561579330,unnamed,-16.5146321,-68.1134908
561579329,unnamed,-16.5144681,-68.1134733
561579335,unnamed,-16.5141493,-68.113389
1213979007,unnamed,-16.5141645,-68.1143348
561579328,unnamed,-16.514121,-68.1141803
561579336,unnamed,-16.514067,-68.1139563
1213979584,unnamed,-16.5140502,-68.1138437
561579337,unnamed,-16.5140502,-68.1137511
561579338,unnamed,-16.5140824,-68.1135969
1213980208,unnamed,-16.5163997,-68.1187472
1213978745,unnamed,-16.5164029,-68.1187935
11067767058,unnamed,-16.5163995,-68.1188363
8005569998,unnamed,-16.5163897,-68.1188741
3226014672,unnamed,-16.5164115,-68.1185204
3226014671,unnamed,-16.5164055,-68.1186369
3564278358,unnamed,-16.5118664,-68.1193837
11112888543,unnamed,-16.5118824,-68.1193171
3564278357,unnamed,-16.5119119,-68.1192536
11112888545,unnamed,-16.5119449,-68.1192032
322599345,unnamed,-16.5119779,-68.1191638
11112888544,unnamed,-16.5120489,-68.1191001
4839436365,unnamed,-16.5121267,-68.1190485
322599340,unnamed,-16.5123877,-68.1189157
322599335,unnamed,-16.5127416,-68.1187345
322599331,unnamed,-16.5129707,-68.1186111
8005569890,unnamed,-16.5131763,-68.1184609
322599219,unnamed,-16.5134245,-68.1182336
322599322,unnamed,-16.5135557,-68.1180861
322599314,unnamed,-16.5137494,-68.1179112
5146245329,unnamed,-16.5139715,-68.1178121
8983286916,unnamed,-16.514283,-68.117693
5723523501,unnamed,-16.514418,-68.1176618
8983316317,unnamed,-16.514778,-68.1176215
7152484707,unnamed,-16.5151503,-68.1175816
322599294,unnamed,-16.5152717,-68.1175572
322599287,unnamed,-16.515426,-68.1174848
6343365787,unnamed,-16.5159015,-68.1172445
301731942,unnamed,-16.5118714,-68.1195968
8983026904,unnamed,-16.511865,-68.1195594
322599349,unnamed,-16.5118591,-68.1194712
8005569904,unnamed,-16.5118432,-68.1197158
8983026903,unnamed,-16.5117967,-68.1198471
8005569891,unnamed,-16.5117574,-68.1199343
8005569892,unnamed,-16.5117151,-68.1200072
8982679915,unnamed,-16.5116141,-68.1201421
6626888558,unnamed,-16.5043527,-68.1261669
5760422757,unnamed,-16.5042709,-68.1264609
6577710457,unnamed,-16.5042702,-68.1263984
413764424,unnamed,-16.4912416,-68.1391667
3923794972,unnamed,-16.4912901,-68.1390937
3923794973,unnamed,-16.4913981,-68.1389172
301730187,unnamed,-16.4915614,-68.1386667
4340282612,unnamed,-16.4916996,-68.1384745
5764789501,unnamed,-16.4919899,-68.1381169
301730188,unnamed,-16.4920617,-68.1380324
560234599,unnamed,-16.4921187,-68.1379684
5800137776,unnamed,-16.4912133,-68.1392385
5800137770,unnamed,-16.4910918,-68.1392445
5800137774,unnamed,-16.4895486,-68.1397742
8993116400,unnamed,-16.4898603,-68.1396716
11055118359,unnamed,-16.4903803,-68.1394998
6505096772,unnamed,-16.4908179,-68.1393451
5800137777,unnamed,-16.490895,-68.1393178
570961795,unnamed,-16.4895233,-68.139717
3666601164,unnamed,-16.4889966,-68.1399208
3666601142,unnamed,-16.4887553,-68.1400522
3666600124,unnamed,-16.4885312,-68.1402507
11059875066,unnamed,-16.4884782,-68.1402647
324100251,unnamed,-16.4883711,-68.1402929
413310248,unnamed,-16.4882842,-68.1404785
413310250,unnamed,-16.4882412,-68.1405726
413310255,unnamed,-16.4882366,-68.1408355
11126367988,unnamed,-16.4882348,-68.1407149
564763501,unnamed,-16.4883025,-68.1416884
564763499,unnamed,-16.488382,-68.1425508
3474408071,unnamed,-16.4882999,-68.1425533
564763548,unnamed,-16.4872855,-68.1425951
564763553,unnamed,-16.4865003,-68.1426223
6022818152,unnamed,-16.4857849,-68.1426513
2678311822,unnamed,-16.4855291,-68.1435262
564763619,unnamed,-16.4849762,-68.144655
8992983061,unnamed,-16.4850863,-68.1445127
6022818149,unnamed,-16.4851867,-68.1443629
6022818147,unnamed,-16.485277,-68.1442062
5065141645,unnamed,-16.4853567,-68.1440434
564763487,unnamed,-16.4854256,-68.1438753
8992983060,unnamed,-16.4854831,-68.1437026
2933580559,unnamed,-16.4829671,-68.1458271
2933580558,unnamed,-16.4830774,-68.1457386
564763610,unnamed,-16.483313,-68.1455516
2933580552,unnamed,-16.4834175,-68.1455339
564763606,unnamed,-16.4837778,-68.1455645
564763604,unnamed,-16.4839598,-68.1455696
6022818144,unnamed,-16.4844668,-68.145143
5764433600,unnamed,-16.4848173,-68.144814
6100284401,unnamed,-16.4828602,-68.1457852
7967880205,unnamed,-16.4829055,-68.1458105
7967880204,unnamed,-16.4828027,-68.1457125
6359596058,unnamed,-16.4833409,-68.1452302
6359596060,unnamed,-16.4832428,-68.145298
6161095064,unnamed,-16.482976,-68.1455798
412971210,unnamed,-16.4834029,-68.1451453
412971211,unnamed,-16.4835524,-68.1449479
412971212,unnamed,-16.4836847,-68.144707
412971214,unnamed,-16.4837858,-68.1444765
11059752739,unnamed,-16.4838667,-68.1442635
412971215,unnamed,-16.4839238,-68.1440186
412971216,unnamed,-16.483951,-68.1437116
5760641684,unnamed,-16.4839761,-68.1434586
4363715048,unnamed,-16.4840072,-68.1432032
5764433599,unnamed,-16.4840212,-68.1430914
412971218,unnamed,-16.4840391,-68.1429869
412971219,unnamed,-16.4840658,-68.1428667
4363715041,unnamed,-16.4840954,-68.1427592
5112094621,unnamed,-16.4841642,-68.1425616
412971220,unnamed,-16.4842485,-68.1423783
412971221,unnamed,-16.4844208,-68.1420925
412971222,unnamed,-16.4846025,-68.1418588
412971223,unnamed,-16.4848149,-68.1416506
4449758838,unnamed,-16.4849412,-68.1415311
412971224,unnamed,-16.4851777,-68.1413317
412971225,unnamed,-16.4854079,-68.1410964
412971226,unnamed,-16.4854956,-68.1409925
5112094622,unnamed,-16.4855328,-68.1409148
412971227,unnamed,-16.4855661,-68.1408099
8982266990,unnamed,-16.4855783,-68.1407489
412971228,unnamed,-16.485586,-68.1406838
8982266989,unnamed,-16.4855854,-68.1405913
412971229,unnamed,-16.4855828,-68.1405269
8982266988,unnamed,-16.4855648,-68.1403506
412971230,unnamed,-16.4855288,-68.1401414
8982266987,unnamed,-16.4855024,-68.1399865
412971231,unnamed,-16.4854729,-68.1398792
8982266986,unnamed,-16.4854475,-68.1398055
8982266985,unnamed,-16.4854206,-68.1396972
8982266984,unnamed,-16.4853825,-68.1396189
412971232,unnamed,-16.4853394,-68.1395515
8982266983,unnamed,-16.485295,-68.139492
412971233,unnamed,-16.4852275,-68.139428
412971234,unnamed,-16.4851436,-68.1393647
412971235,unnamed,-16.4850607,-68.1393072
412971238,unnamed,-16.4848665,-68.1391664
8982266980,unnamed,-16.484772,-68.1390551
412971239,unnamed,-16.4846582,-68.1389035
8982266979,unnamed,-16.4845817,-68.1387889
8982266978,unnamed,-16.4845245,-68.1386977
412971240,unnamed,-16.4844756,-68.1386239
8982266977,unnamed,-16.4844389,-68.1385582
8982266976,unnamed,-16.4844209,-68.1384871
412971241,unnamed,-16.4844152,-68.1384207
412971242,unnamed,-16.4844203,-68.1383369
8982266975,unnamed,-16.484437,-68.1382618
412971243,unnamed,-16.484457,-68.1382122
6123615710,unnamed,-16.4844711,-68.138178
8982266974,unnamed,-16.4845283,-68.1380908
412971244,unnamed,-16.4845842,-68.1380144
412971245,unnamed,-16.4846691,-68.1379112
8982266973,unnamed,-16.4847411,-68.1378361
412971246,unnamed,-16.4848331,-68.1377314
412971247,unnamed,-16.4849295,-68.1376543
8982266972,unnamed,-16.4850208,-68.1375926
4533063250,unnamed,-16.4850922,-68.1375477
4533063251,unnamed,-16.4851668,-68.1375114
8982266971,unnamed,-16.4852382,-68.1374893
412971249,unnamed,-16.4853057,-68.1374773
412969298,unnamed,-16.4854889,-68.1374511
8982266970,unnamed,-16.4855217,-68.1374411
2591259353,unnamed,-16.4855594,-68.1374188
8982266969,unnamed,-16.4856079,-68.1373774
412969299,unnamed,-16.4856478,-68.1373237
412969300,unnamed,-16.4857114,-68.1372124
2591259355,unnamed,-16.4857704,-68.1370627
412969301,unnamed,-16.4858291,-68.1368456
6304830411,unnamed,-16.4858509,-68.1367826
5764433601,unnamed,-16.4858747,-68.1366894
1785087079,unnamed,-16.4858947,-68.136619
3768962661,unnamed,-16.4859114,-68.1365599
1375327257,unnamed,-16.4859275,-68.1364929
412969302,unnamed,-16.4859519,-68.1364211
8982266968,unnamed,-16.4859699,-68.1363715
412969303,unnamed,-16.4860081,-68.1363141
8982266967,unnamed,-16.4860503,-68.1362629
412969304,unnamed,-16.4861052,-68.1362238
3751515479,unnamed,-16.4862336,-68.1361431
412969306,unnamed,-16.4863572,-68.1360964
412969307,unnamed,-16.4865178,-68.1360864
412969308,unnamed,-16.4866553,-68.1360919
8980076153,unnamed,-16.4867248,-68.136102
2591259357,unnamed,-16.4868135,-68.1361113
3751499402,unnamed,-16.4868604,-68.136108
8980076155,unnamed,-16.4869099,-68.1360986
8980076154,unnamed,-16.4869447,-68.1360899
8980076156,unnamed,-16.4869845,-68.1360658
412969310,unnamed,-16.4870488,-68.1360248
8980076157,unnamed,-16.4870983,-68.1359866
412969311,unnamed,-16.4871646,-68.1359296
8980076158,unnamed,-16.4871903,-68.1358974
412969312,unnamed,-16.4872295,-68.135829
8980076159,unnamed,-16.487252,-68.1357788
8980076160,unnamed,-16.4872649,-68.1357419
412969313,unnamed,-16.4872893,-68.1356674
8980076161,unnamed,-16.4872951,-68.1356306
8980076162,unnamed,-16.4873002,-68.1355669
8980076163,unnamed,-16.4873034,-68.1354951
412969314,unnamed,-16.4872991,-68.1354406
412969315,unnamed,-16.4872852,-68.13536
412969316,unnamed,-16.4872287,-68.135249
412969317,unnamed,-16.4871362,-68.1351506
412969318,unnamed,-16.4870016,-68.1350444
2865679875,unnamed,-16.4869493,-68.1350234
412969319,unnamed,-16.4867292,-68.1349657
412969320,unnamed,-16.4865555,-68.1349503
412969321,unnamed,-16.4864086,-68.134946
412969322,unnamed,-16.4862422,-68.1349458
8980113726,unnamed,-16.486187,-68.1349337
412969323,unnamed,-16.4861358,-68.1349178
8980113725,unnamed,-16.4860819,-68.1348957
2591259356,unnamed,-16.4860391,-68.1348738
8980113730,unnamed,-16.4859726,-68.1348312
412969324,unnamed,-16.4859234,-68.1347915
8980113729,unnamed,-16.4858775,-68.1347526
412969325,unnamed,-16.4858379,-68.1347115
8980113728,unnamed,-16.4858038,-68.1346736
1370575361,unnamed,-16.4857729,-68.1346316
8980113727,unnamed,-16.4857384,-68.1345738
412969326,unnamed,-16.4857148,-68.1345202
1370575380,unnamed,-16.485691,-68.1344443
8980113723,unnamed,-16.4856736,-68.1343686
8980113724,unnamed,-16.4856679,-68.1343269
8980113721,unnamed,-16.4856649,-68.1343003
8980113722,unnamed,-16.485663,-68.1342778
412969328,unnamed,-16.48566,-68.1342311
8980113720,unnamed,-16.4856593,-68.1341915
8980113719,unnamed,-16.4856596,-68.13416
412969329,unnamed,-16.4856599,-68.1341171
8980113718,unnamed,-16.4856615,-68.1340942
8980113717,unnamed,-16.4856633,-68.1340603
412969330,unnamed,-16.4856659,-68.1340227
8980076216,unnamed,-16.4856717,-68.1339877
8980076215,unnamed,-16.4856778,-68.1339565
8980076214,unnamed,-16.4856846,-68.1339257
8980076213,unnamed,-16.4856952,-68.1338845
1370575288,unnamed,-16.485701,-68.1338555
8980076209,unnamed,-16.4857135,-68.1337994
8980076212,unnamed,-16.4857277,-68.1337606
8980076208,unnamed,-16.4857341,-68.1337431
8980076207,unnamed,-16.4857444,-68.1337169
412969331,unnamed,-16.4857577,-68.1336862
8980076206,unnamed,-16.485764,-68.1336726
8980076205,unnamed,-16.4857722,-68.1336557
8980076211,unnamed,-16.4857845,-68.1336318
8980076204,unnamed,-16.4857923,-68.1336175
8980076203,unnamed,-16.4858103,-68.1335865
412969332,unnamed,-16.4858315,-68.1335472
8980076202,unnamed,-16.4858411,-68.1335329
8980076201,unnamed,-16.4858609,-68.1335049
8980076210,unnamed,-16.4858856,-68.1334728
8980076200,unnamed,-16.4858945,-68.133462
8980076199,unnamed,-16.4859092,-68.1334448
1370575245,unnamed,-16.485927,-68.133425
1370575345,unnamed,-16.4860021,-68.133362
412969335,unnamed,-16.4860458,-68.1333346
8980076198,unnamed,-16.4861204,-68.1332944
412969336,unnamed,-16.4866794,-68.1331051
412969337,unnamed,-16.4867866,-68.1330625
1370575237,unnamed,-16.4868512,-68.1330222
412969338,unnamed,-16.4869725,-68.1329052
412969339,unnamed,-16.4870545,-68.1328082
412969340,unnamed,-16.4871243,-68.1326462
412969341,unnamed,-16.4871582,-68.1324797
11060445103,unnamed,-16.4871617,-68.1323935
1370556067,unnamed,-16.4871487,-68.1323148
412969343,unnamed,-16.4870779,-68.1319885
3782680910,unnamed,-16.4870564,-68.1317363
4363685624,unnamed,-16.4870514,-68.1316555
5764433603,unnamed,-16.4870563,-68.1314677
412969345,unnamed,-16.487048,-68.131389
412969346,unnamed,-16.4870392,-68.1312457
5764433602,unnamed,-16.4870263,-68.1311509
412969347,unnamed,-16.4870116,-68.131095
4411564257,unnamed,-16.4869766,-68.131013
4411564253,unnamed,-16.4867723,-68.1306668
412969349,unnamed,-16.4866486,-68.1304808
2865679867,unnamed,-16.4865478,-68.1303374
412969350,unnamed,-16.486424,-68.1301481
8979336063,unnamed,-16.4863397,-68.1300522
412969351,unnamed,-16.4862511,-68.130007
412969352,unnamed,-16.4860562,-68.1299256
412969353,unnamed,-16.4859072,-68.1298511
412969354,unnamed,-16.4857878,-68.129751
5201362737,unnamed,-16.4857184,-68.1296691
412969355,unnamed,-16.4856581,-68.1295871
412969356,unnamed,-16.4855949,-68.129453
412969357,unnamed,-16.4855255,-68.129238
412969358,unnamed,-16.4854887,-68.129083
1784847178,unnamed,-16.4854806,-68.1290417
412969359,unnamed,-16.4854067,-68.1288284
412969360,unnamed,-16.4853615,-68.128727
1784847155,unnamed,-16.4853038,-68.1286352
412969361,unnamed,-16.4852555,-68.1285948
412969362,unnamed,-16.4851642,-68.1285542
412969363,unnamed,-16.4850005,-68.1285064
412969364,unnamed,-16.4848097,-68.1284594
412969365,unnamed,-16.4846046,-68.1284326
5764433604,unnamed,-16.4845347,-68.1284287
412969366,unnamed,-16.4844327,-68.1284448
5764433605,unnamed,-16.4844105,-68.1284525
1784847035,unnamed,-16.4843378,-68.1284776
412969369,unnamed,-16.4842004,-68.1285442
412969370,unnamed,-16.4840454,-68.1286766
2864987821,unnamed,-16.4837734,-68.1289773
412969371,unnamed,-16.4837084,-68.1290492
412969372,unnamed,-16.4835598,-68.129173
412969373,unnamed,-16.4834193,-68.1292522
2591259345,unnamed,-16.4831534,-68.1293682
412969374,unnamed,-16.4829942,-68.1294229
412969375,unnamed,-16.4828642,-68.1294421
5764698843,unnamed,-16.4827612,-68.1294282
412969376,unnamed,-16.482631,-68.1293785
412969378,unnamed,-16.4825499,-68.1293175
412969379,unnamed,-16.4823222,-68.1290407
412969380,unnamed,-16.4821088,-68.1287959
412969381,unnamed,-16.4820237,-68.128722
412969382,unnamed,-16.4814615,-68.1284076
412969384,unnamed,-16.4811826,-68.1282913
412969385,unnamed,-16.4809421,-68.1281917
412969387,unnamed,-16.4806611,-68.128077
412969389,unnamed,-16.4805842,-68.1280579
412969394,unnamed,-16.4804808,-68.1280632
5764698844,unnamed,-16.4803338,-68.1281231
1785037327,unnamed,-16.4801944,-68.1281986
412969400,unnamed,-16.480106,-68.1282381
5764698845,unnamed,-16.4798798,-68.1283209
412969404,unnamed,-16.4797482,-68.1283382
412969409,unnamed,-16.479503,-68.1283272
412969412,unnamed,-16.479294,-68.1282918
1785037207,unnamed,-16.4791848,-68.1282691
412969417,unnamed,-16.479005,-68.1282357
1785037161,unnamed,-16.4788989,-68.1282163
412969419,unnamed,-16.4787137,-68.1281774
412969420,unnamed,-16.4786339,-68.1281512
1785037145,unnamed,-16.4785606,-68.1281184
9363189732,unnamed,-16.4784661,-68.1280694
1785037129,unnamed,-16.4783619,-68.1280077
2864834392,unnamed,-16.4782417,-68.1279185
412969423,unnamed,-16.4781523,-68.1278408
5764698846,unnamed,-16.4780983,-68.1277905
1785037090,unnamed,-16.4780475,-68.1277368
9363189731,unnamed,-16.4779787,-68.1276577
412969426,unnamed,-16.4779382,-68.12759
5764698847,unnamed,-16.4778739,-68.1274679
412969427,unnamed,-16.4778114,-68.127289
2864866391,unnamed,-16.4777239,-68.1269855
412969428,unnamed,-16.4776459,-68.1267153
412969429,unnamed,-16.4775991,-68.1265688
412969430,unnamed,-16.4775613,-68.1264815
10555139232,unnamed,-16.4775209,-68.1264284
8959787088,unnamed,-16.4774804,-68.1263937
412969431,unnamed,-16.477406,-68.1263505
1784870901,unnamed,-16.4773069,-68.1263242
412969433,unnamed,-16.4772016,-68.1263139
1785037059,unnamed,-16.47714,-68.1263064
412969434,unnamed,-16.4767595,-68.1263047
412969435,unnamed,-16.4766272,-68.1263139
412969437,unnamed,-16.4764971,-68.1263579
412969438,unnamed,-16.4763966,-68.1264007
5764698848,unnamed,-16.4762917,-68.1264771
412969439,unnamed,-16.4762259,-68.126525
1785036916,unnamed,-16.4760758,-68.1266561
412969440,unnamed,-16.47594,-68.1267454
4337456174,unnamed,-16.4758819,-68.1267736
412969442,unnamed,-16.4758472,-68.1267862
1785036896,unnamed,-16.4757365,-68.1268085
412969443,unnamed,-16.4756239,-68.1268185
412969444,unnamed,-16.4752401,-68.1268396
5764698849,unnamed,-16.4751269,-68.1268376
412969445,unnamed,-16.4750793,-68.1268282
412969446,unnamed,-16.4750369,-68.1268128
5764698850,unnamed,-16.4749385,-68.1267525
412969447,unnamed,-16.4748948,-68.1267176
412969448,unnamed,-16.4748344,-68.1266472
9363186887,unnamed,-16.4747932,-68.1265862
412969449,unnamed,-16.4747656,-68.1265379
2864867102,unnamed,-16.4747405,-68.1264936
9363186886,unnamed,-16.4747013,-68.1263816
412969450,unnamed,-16.4746865,-68.1262904
412969451,unnamed,-16.4746691,-68.1261456
412969452,unnamed,-16.4746511,-68.1260142
1785036848,unnamed,-16.4746389,-68.1259344
412969453,unnamed,-16.4745521,-68.1256776
8328444863,unnamed,-16.4744968,-68.1255153
412969454,unnamed,-16.4743064,-68.1249064
9363186885,unnamed,-16.474237,-68.1247509
412969455,unnamed,-16.4741611,-68.1246114
2865053469,unnamed,-16.4741,-68.1245249
412969456,unnamed,-16.4740344,-68.1244592
412969457,unnamed,-16.4738833,-68.1243324
412969458,unnamed,-16.4737264,-68.1242265
412969459,unnamed,-16.4735502,-68.124138
412969461,unnamed,-16.4733972,-68.1240843
8959548342,unnamed,-16.4732712,-68.1240481
412969462,unnamed,-16.4731953,-68.1240253
1785036727,unnamed,-16.4730937,-68.1239998
11057133429,unnamed,-16.4730301,-68.1239701
412969464,unnamed,-16.4729329,-68.1239247
5764698852,unnamed,-16.4727902,-68.1238322
2864867146,unnamed,-16.4726539,-68.1237417
5764698851,unnamed,-16.4726085,-68.123711
412969466,unnamed,-16.4723979,-68.1235868
412969467,unnamed,-16.4721832,-68.1234621
4192911465,unnamed,-16.4719465,-68.1233373
412969468,unnamed,-16.4718115,-68.1232676
4356728119,unnamed,-16.4716674,-68.1231791
412969470,unnamed,-16.4716089,-68.1231321
412969471,unnamed,-16.4715716,-68.1231013
7050534350,unnamed,-16.4715305,-68.1230658
412969472,unnamed,-16.4714488,-68.1229766
9363186884,unnamed,-16.4713832,-68.1228787
412969473,unnamed,-16.4713061,-68.1227526
412969474,unnamed,-16.4712225,-68.1226426
412969475,unnamed,-16.471135,-68.1225581
5764699653,unnamed,-16.4710283,-68.1224763
412969476,unnamed,-16.4709447,-68.1224334
5764699654,unnamed,-16.4708444,-68.1223865
412969477,unnamed,-16.4707633,-68.122365
412969478,unnamed,-16.4706322,-68.1223543
412969480,unnamed,-16.4704804,-68.1223677
412969481,unnamed,-16.4703222,-68.1223999
412969482,unnamed,-16.4701975,-68.1224442
412969484,unnamed,-16.4699216,-68.1225354
412969485,unnamed,-16.4698412,-68.1225555
412969486,unnamed,-16.4697647,-68.1225716
5764699655,unnamed,-16.4696496,-68.1225796
412969487,unnamed,-16.4695615,-68.1225729
412969488,unnamed,-16.4694975,-68.1225611
412969489,unnamed,-16.469411,-68.1225293
412969490,unnamed,-16.4693622,-68.1225058
2864934926,unnamed,-16.4693043,-68.1224683
412969491,unnamed,-16.4691988,-68.1223704
412969492,unnamed,-16.4691255,-68.1222712
9363186883,unnamed,-16.4690889,-68.1222007
412969493,unnamed,-16.4690574,-68.1221109
412969494,unnamed,-16.4690329,-68.1220232
412969495,unnamed,-16.4690161,-68.1218792
412969496,unnamed,-16.4690246,-68.1217776
8957258297,unnamed,-16.4690477,-68.1216596
1785036535,unnamed,-16.4690863,-68.1215443
2591259329,unnamed,-16.4692404,-68.121197
412969499,unnamed,-16.469287,-68.1210855
8956322504,unnamed,-16.4693384,-68.12091
5892044383,unnamed,-16.4693512,-68.1207859
412969500,unnamed,-16.4693384,-68.1207081
412969502,unnamed,-16.4693088,-68.1206182
412969503,unnamed,-16.4692471,-68.1205063
412969504,unnamed,-16.4691532,-68.1203896
412969505,unnamed,-16.469031,-68.1202917
412969506,unnamed,-16.4689242,-68.12023
412969507,unnamed,-16.4687661,-68.1201683
412969510,unnamed,-16.4685487,-68.1201039
8956322503,unnamed,-16.468442,-68.1200691
1784894442,unnamed,-16.4683674,-68.1200275
412969513,unnamed,-16.4682951,-68.1199692
5764699661,unnamed,-16.4682491,-68.1199048
2591259328,unnamed,-16.4681847,-68.1197626
412969514,unnamed,-16.4681417,-68.1196728
412969515,unnamed,-16.4680941,-68.119591
412969516,unnamed,-16.4680413,-68.1195185
5764699660,unnamed,-16.4679713,-68.1194481
412969517,unnamed,-16.4679025,-68.1193992
412969518,unnamed,-16.4678246,-68.1193636
412969519,unnamed,-16.4677353,-68.1193382
412969520,unnamed,-16.4676356,-68.1193281
412969522,unnamed,-16.4674793,-68.1193241
6886245326,unnamed,-16.46737,-68.1193221
412969523,unnamed,-16.467179,-68.119314
412969524,unnamed,-16.4669257,-68.1193033
5764699657,unnamed,-16.4666594,-68.1192859
412969525,unnamed,-16.4664665,-68.119259
6066708324,unnamed,-16.4663154,-68.1192362
412969526,unnamed,-16.4662325,-68.1192262
5764699659,unnamed,-16.466181,-68.1192161
412969528,unnamed,-16.4660717,-68.1191826
412969530,unnamed,-16.4659057,-68.1191279
5764699656,unnamed,-16.4658403,-68.1190952
561523191,unnamed,-16.4655963,-68.1189818
412969532,unnamed,-16.4655096,-68.1189481
6066708337,unnamed,-16.465397,-68.1189112
412969535,unnamed,-16.465283,-68.1188777
412969537,unnamed,-16.4649961,-68.1187919
412969538,unnamed,-16.4647943,-68.1187196
6066708352,unnamed,-16.4647135,-68.1186909
412969540,unnamed,-16.4644069,-68.1185896
412969542,unnamed,-16.4643114,-68.1185557
8956322502,unnamed,-16.4642529,-68.1185281
8956384574,unnamed,-16.4642242,-68.1185053
412969551,unnamed,-16.4641832,-68.1184484
2834845703,unnamed,-16.4641434,-68.1183187
8956384573,unnamed,-16.4641367,-68.1182807
7967445331,unnamed,-16.4641363,-68.1182467
8956322501,unnamed,-16.4641616,-68.1181912
6465074690,unnamed,-16.464192,-68.118149
5764699662,unnamed,-16.4643127,-68.1180658
412969558,unnamed,-16.4644309,-68.117956
4363223806,unnamed,-16.4645054,-68.1178742
412969560,unnamed,-16.46467,-68.1175894
412969563,unnamed,-16.4648552,-68.117382
412969565,unnamed,-16.4651687,-68.1171409
412969567,unnamed,-16.4653495,-68.1169846
412969569,unnamed,-16.4654622,-68.1168521
412969573,unnamed,-16.4655203,-68.1167587
7967445320,unnamed,-16.4655461,-68.1166733
412969576,unnamed,-16.4655783,-68.1165357
412969578,unnamed,-16.4655966,-68.1164087
2864958794,unnamed,-16.4643515,-68.1131921
7967445328,unnamed,-16.4643695,-68.113271
7967445327,unnamed,-16.4648753,-68.1139646
7967445326,unnamed,-16.4650079,-68.1141651
7967445325,unnamed,-16.4651174,-68.1143739
7967445324,unnamed,-16.4651925,-68.1146187
7967445323,unnamed,-16.4654372,-68.1156626
7967445322,unnamed,-16.4655399,-68.1161687
412969582,unnamed,-16.4656093,-68.1161505
1784893960,unnamed,-16.465515,-68.1156413
5764699664,unnamed,-16.4654714,-68.1154747
2865071065,unnamed,-16.465434,-68.1153234
412969583,unnamed,-16.4653675,-68.1150375
7967445321,unnamed,-16.4652837,-68.1147055
1784893944,unnamed,-16.46525,-68.1146019
6465074368,unnamed,-16.4651825,-68.1143943
412969585,unnamed,-16.4651646,-68.1143478
412969589,unnamed,-16.4650584,-68.1141061
412969593,unnamed,-16.4649369,-68.1139148
7967445329,unnamed,-16.4646935,-68.1135692
1784893840,unnamed,-16.4645466,-68.11338
7967445330,unnamed,-16.4644399,-68.1132487
8956384584,unnamed,-16.4642881,-68.1130925
412969601,unnamed,-16.4641477,-68.112872
412969606,unnamed,-16.4640898,-68.1127332
1784893783,unnamed,-16.4640467,-68.1126105
412969609,unnamed,-16.4640081,-68.1124335
412969612,unnamed,-16.4639792,-68.1122544
412969615,unnamed,-16.4639625,-68.1120003
412969619,unnamed,-16.4639837,-68.1115738
412969620,unnamed,-16.4639882,-68.1113733
412969621,unnamed,-16.4639715,-68.1112647
6114242750,unnamed,-16.4638487,-68.11092
412969623,unnamed,-16.4637445,-68.1106377
7967445318,unnamed,-16.4636511,-68.1104415
412969625,unnamed,-16.4635526,-68.1102413
412969628,unnamed,-16.463431,-68.1100366
412969630,unnamed,-16.4633124,-68.1098835
8941448550,unnamed,-16.4632356,-68.1097952
8941448549,unnamed,-16.4631713,-68.1097417
412969632,unnamed,-16.4631103,-68.1096896
412969635,unnamed,-16.4630656,-68.1096546
412969638,unnamed,-16.4629743,-68.109598
2865071089,unnamed,-16.4629337,-68.1095772
412969640,unnamed,-16.4625742,-68.1093869
8905988267,unnamed,-16.4624168,-68.1093049
412969643,unnamed,-16.4622586,-68.1091969
7967445317,unnamed,-16.4621226,-68.1090704
412969647,unnamed,-16.4620673,-68.1090137
412969650,unnamed,-16.4620092,-68.1089199
412969654,unnamed,-16.4619604,-68.1088345
412969662,unnamed,-16.4619117,-68.1087327
8941137358,unnamed,-16.4618958,-68.1086947
412969667,unnamed,-16.4618818,-68.1086319
7967445316,unnamed,-16.4618752,-68.1085233
412969669,unnamed,-16.4618791,-68.1084
8941152122,unnamed,-16.4619014,-68.1082787
412969672,unnamed,-16.4619274,-68.1081647
412969674,unnamed,-16.4619131,-68.1080422
412969678,unnamed,-16.4618886,-68.107975
412969682,unnamed,-16.4618619,-68.1078993
412969683,unnamed,-16.4618104,-68.1078116
8941152121,unnamed,-16.4617216,-68.1076828
6465140045,unnamed,-16.4615806,-68.1074867
7967445315,unnamed,-16.4614942,-68.1073796
8941152120,unnamed,-16.4612185,-68.1069718
412969688,unnamed,-16.4610153,-68.1067103
8941426053,unnamed,-16.4609641,-68.1066491
1784898503,unnamed,-16.4606719,-68.1062993
1784898498,unnamed,-16.4604734,-68.1060621
6465140034,unnamed,-16.4603838,-68.1059226
412969696,unnamed,-16.4603398,-68.1058587
8941152115,unnamed,-16.4603162,-68.1057839
412969699,unnamed,-16.4602845,-68.1056965
6465140033,unnamed,-16.4601897,-68.105197
7967445314,unnamed,-16.4601451,-68.1049782
412969703,unnamed,-16.4600784,-68.1047222
2864958801,unnamed,-16.4599844,-68.1044779
1784898473,unnamed,-16.4597451,-68.1041087
1784898466,unnamed,-16.4593149,-68.1035406
7967445313,unnamed,-16.4592731,-68.1034735
412969711,unnamed,-16.4592487,-68.1034279
8941152055,unnamed,-16.4592654,-68.1034145
8941152054,unnamed,-16.4592885,-68.1034005
8941152053,unnamed,-16.4593471,-68.1033911
3463510624,unnamed,-16.4596084,-68.1034364
8941152050,unnamed,-16.4601737,-68.103458
8941152051,unnamed,-16.4602714,-68.1034594
8941152052,unnamed,-16.4603016,-68.10345
412885570,unnamed,-16.4603177,-68.1034399
1784893883,unnamed,-16.4646654,-68.1099188
412885557,unnamed,-16.4646442,-68.1098732
412885558,unnamed,-16.4643893,-68.1094717
5764699678,unnamed,-16.4642787,-68.1093175
412885559,unnamed,-16.4642106,-68.1092161
5764699677,unnamed,-16.4641855,-68.1091794
8941448564,unnamed,-16.4641399,-68.1091127
412885560,unnamed,-16.4639537,-68.1088597
5148329768,unnamed,-16.4638508,-68.1087404
4362171735,unnamed,-16.4637378,-68.1086237
1784893719,unnamed,-16.4635372,-68.1084059
412885561,unnamed,-16.46302,-68.1078923
412885562,unnamed,-16.4626947,-68.1075426
4362171736,unnamed,-16.462633,-68.1074802
412885563,unnamed,-16.4624402,-68.1072263
1784898533,unnamed,-16.4621435,-68.1067877
8328444913,unnamed,-16.4620238,-68.1066039
5764699675,unnamed,-16.4619997,-68.1065661
5764699676,unnamed,-16.461981,-68.1065349
4362171741,unnamed,-16.4619064,-68.1064125
5764699674,unnamed,-16.4618826,-68.1063756
8941426055,unnamed,-16.4618426,-68.1063146
412885564,unnamed,-16.4613304,-68.1054571
1784898516,unnamed,-16.4612531,-68.1053461
412885565,unnamed,-16.46111,-68.1049995
1784898514,unnamed,-16.4610664,-68.1048934
412885567,unnamed,-16.4608526,-68.1043024
412885568,unnamed,-16.4607156,-68.1039892
8905941014,unnamed,-16.4606327,-68.103831
412885569,unnamed,-16.4605504,-68.1036955
1784898495,unnamed,-16.4604638,-68.1035843
1784894145,unnamed,-16.4664087,-68.11125
412885549,unnamed,-16.4660595,-68.1108368
412885550,unnamed,-16.4658235,-68.1106927
412885551,unnamed,-16.4657296,-68.1106438
412885552,unnamed,-16.4655675,-68.1105868
412885553,unnamed,-16.465302,-68.1105412
1784893938,unnamed,-16.4651907,-68.1105231
412885554,unnamed,-16.4651045,-68.1104942
8941448565,unnamed,-16.4650344,-68.1104587
412885555,unnamed,-16.4649611,-68.1104051
412885556,unnamed,-16.4648833,-68.1103279
4341971158,unnamed,-16.4647599,-68.1101033
4362171734,unnamed,-16.4647258,-68.1100275
1784894276,unnamed,-16.4671745,-68.1121961
1784894244,unnamed,-16.4671017,-68.1120831
412885546,unnamed,-16.4669515,-68.1118389
1784894208,unnamed,-16.4668199,-68.1116469
412885548,unnamed,-16.466712,-68.1115372
1784894168,unnamed,-16.4665366,-68.1113757
5764699679,unnamed,-16.4664688,-68.1113122
412885538,unnamed,-16.468608,-68.1144831
1784894446,unnamed,-16.4685044,-68.1143809
412885539,unnamed,-16.4681204,-68.1140877
4362162531,unnamed,-16.4680304,-68.1140019
412885540,unnamed,-16.4679764,-68.1139174
4411516846,unnamed,-16.4679378,-68.1138664
412885541,unnamed,-16.4678851,-68.1137793
4411516843,unnamed,-16.4678324,-68.1136854
412885542,unnamed,-16.4677385,-68.1135084
5764699681,unnamed,-16.4677205,-68.1134668
1784894348,unnamed,-16.4677012,-68.1134051
5764699680,unnamed,-16.4676682,-68.1133003
4362162542,unnamed,-16.4676443,-68.11321
412885543,unnamed,-16.46762,-68.1131377
1784894337,unnamed,-16.4676016,-68.1130705
4362162544,unnamed,-16.4675791,-68.1130071
4362162546,unnamed,-16.4675132,-68.1128256
4362162548,unnamed,-16.46744,-68.1126469
4362162550,unnamed,-16.4673229,-68.1124118
412885536,unnamed,-16.4688104,-68.1147737
412885537,unnamed,-16.4687577,-68.1146657
8956506413,unnamed,-16.4686956,-68.1145785
1784894460,unnamed,-16.4687909,-68.115204
412885534,unnamed,-16.4688198,-68.1151217
412885535,unnamed,-16.4688477,-68.1149923
2511623246,unnamed,-16.4688522,-68.1148984
4341971160,unnamed,-16.4688465,-68.1148213
1784894453,unnamed,-16.4684,-68.1159838
4341971159,unnamed,-16.4683776,-68.1158828
8956514143,unnamed,-16.4683764,-68.1158117
8956514134,unnamed,-16.4683847,-68.11575
8956514142,unnamed,-16.4684111,-68.1156608
8956514141,unnamed,-16.4684317,-68.1156132
8956514140,unnamed,-16.4684619,-68.1155603
8956514139,unnamed,-16.4685539,-68.115457
5148128176,unnamed,-16.4686847,-68.1153332
412885533,unnamed,-16.4687355,-68.1152678
11056989402,unnamed,-16.4694416,-68.11613
412885523,unnamed,-16.4692658,-68.1162427
5764699682,unnamed,-16.469149,-68.1162875
412885524,unnamed,-16.469035,-68.1163311
412885525,unnamed,-16.4689103,-68.1163318
412885526,unnamed,-16.4687782,-68.1163107
412885527,unnamed,-16.4686491,-68.1162613
1784894452,unnamed,-16.4685901,-68.1162257
412885528,unnamed,-16.468544,-68.11619
4362296615,unnamed,-16.4685088,-68.1161531
8956506411,unnamed,-16.4684658,-68.1161048
412885521,unnamed,-16.4697861,-68.1160024
412885522,unnamed,-16.4696711,-68.1160203
13021707260,unnamed,-16.4696162,-68.116032
13021707261,unnamed,-16.4695535,-68.1160623
13021707262,unnamed,-16.469493,-68.116095
2865053462,unnamed,-16.4732237,-68.1169718
11057009211,unnamed,-16.4730157,-68.1168253
1784894625,unnamed,-16.472466,-68.1164382
412885515,unnamed,-16.4721956,-68.1162821
11196658611,unnamed,-16.4721386,-68.1162603
11196658542,unnamed,-16.4720832,-68.116238
11196658605,unnamed,-16.4720064,-68.1162152
412885517,unnamed,-16.4719415,-68.1162
1784894621,unnamed,-16.4717221,-68.1161525
11196658568,unnamed,-16.4713409,-68.1160802
11196658543,unnamed,-16.4710347,-68.1160424
1784894605,unnamed,-16.4708364,-68.1160329
412885520,unnamed,-16.470274,-68.1160279
11057009206,unnamed,-16.4732936,-68.1168662
4712348203,unnamed,-16.4733088,-68.1167901
2865053463,unnamed,-16.4735092,-68.1164647
1784894640,unnamed,-16.47404,-68.116805
1784894643,unnamed,-16.4742461,-68.1168991
1784894645,unnamed,-16.4744711,-68.1170345
412885760,unnamed,-16.4748709,-68.1178844
8960087993,unnamed,-16.474658,-68.1172764
11196664044,unnamed,-16.4746276,-68.1172049
8960087994,unnamed,-16.4745679,-68.117131
2865053452,unnamed,-16.4750617,-68.1179564
9355473445,unnamed,-16.4750405,-68.1179358
412885758,unnamed,-16.4750167,-68.1179184
9355473444,unnamed,-16.4749828,-68.1179005
412885759,unnamed,-16.4749465,-68.1178887
9355473443,unnamed,-16.4749089,-68.1178833
5892784346,unnamed,-16.4752721,-68.1180255
5764699686,unnamed,-16.4756045,-68.1181024
1784894686,unnamed,-16.4758283,-68.1181597
5764699687,unnamed,-16.477186,-68.1184598
5764699688,unnamed,-16.4776079,-68.1185445
1784870915,unnamed,-16.477758,-68.1185724
1784871031,unnamed,-16.478952,-68.118826
1784871042,unnamed,-16.4790774,-68.1188608
2865053407,unnamed,-16.4794635,-68.1189466
5764699689,unnamed,-16.4804963,-68.1191553
1784871082,unnamed,-16.4807264,-68.1191989
5764699690,unnamed,-16.4808314,-68.1192231
3460388456,unnamed,-16.4808728,-68.1192315
1784871089,unnamed,-16.4812847,-68.1193208
1784871093,unnamed,-16.4818649,-68.1194338
4349253798,unnamed,-16.4819097,-68.1205726
1784871094,unnamed,-16.4818737,-68.1199226
8979440787,unnamed,-16.4819422,-68.121858
4747170421,unnamed,-16.4819234,-68.1208125
5222578497,unnamed,-16.4819099,-68.120647
1784871102,unnamed,-16.4827385,-68.1203849
4349253836,unnamed,-16.4826602,-68.1203614
5764699692,unnamed,-16.4824663,-68.1202497
1784871120,unnamed,-16.4838854,-68.1211062
1784871116,unnamed,-16.4834465,-68.120663
8105726567,unnamed,-16.4833339,-68.1205956
8105726568,unnamed,-16.4831994,-68.1205651
4349253854,unnamed,-16.4829272,-68.1204759
4349253846,unnamed,-16.4828006,-68.1204149
321807000,unnamed,-16.4850336,-68.121058
2551976442,unnamed,-16.484063,-68.121097
321807212,unnamed,-16.4850549,-68.1216442
11303448430,unnamed,-16.4850377,-68.1211719
565307332,unnamed,-16.4872855,-68.1216088
10295106520,unnamed,-16.4871953,-68.1216128
4487166468,unnamed,-16.4865199,-68.1216435
4349255130,unnamed,-16.4852175,-68.1217085
11186187444,unnamed,-16.4851403,-68.1217099
11186187447,unnamed,-16.4850944,-68.1216905
1905005125,unnamed,-16.4890957,-68.1215284
10295106452,unnamed,-16.4889945,-68.1215327
4411573092,unnamed,-16.4888795,-68.1215377
10295106475,unnamed,-16.4883818,-68.121561
321807208,unnamed,-16.4882873,-68.1215655
10295106491,unnamed,-16.4881882,-68.121568
10295106510,unnamed,-16.4873771,-68.1216051
565307316,unnamed,-16.4898858,-68.1214867
10295106418,unnamed,-16.4898289,-68.12149
4370344419,unnamed,-16.4894747,-68.1215107
5764699698,unnamed,-16.4892283,-68.1215232
10295106447,unnamed,-16.4891898,-68.1215247
322599563,unnamed,-16.4909765,-68.1214499
10295069904,unnamed,-16.490858,-68.1214539
5764739552,unnamed,-16.4904734,-68.1214669
10295106423,unnamed,-16.4899867,-68.1214833
6959242786,unnamed,-16.4935879,-68.1213024
10295069852,unnamed,-16.4932652,-68.1213214
10295069877,unnamed,-16.4930572,-68.1213282
2844048605,unnamed,-16.4927274,-68.1213724
10295069884,unnamed,-16.4910553,-68.1214468
6959242787,unnamed,-16.4937595,-68.1212934
3280667549,unnamed,-16.4943262,-68.1212499
11122134501,unnamed,-16.4942566,-68.1212687
10291443506,unnamed,-16.494184,-68.1212742
4750242904,unnamed,-16.4943513,-68.1212141
4750242908,unnamed,-16.494582,-68.1212172
4750242907,unnamed,-16.4945339,-68.12118
11137480874,unnamed,-16.4945013,-68.1211668
4750242906,unnamed,-16.4944659,-68.1211636
4750242905,unnamed,-16.4944238,-68.1211694
11137480875,unnamed,-16.4943882,-68.1211868
3280667559,unnamed,-16.4946002,-68.1212425
321807197,unnamed,-16.4969598,-68.1211352
10291443466,unnamed,-16.4968747,-68.1211404
8264727106,unnamed,-16.494712,-68.1212477
11055725775,unnamed,-16.4946312,-68.1212496
10291441480,unnamed,-16.501348,-68.1209145
10291441487,unnamed,-16.4995317,-68.1210071
321807190,unnamed,-16.4994139,-68.1210149
10291441503,unnamed,-16.4992912,-68.1210221
7130322774,unnamed,-16.4989929,-68.1210373
11200170499,unnamed,-16.4987828,-68.1210458
6391530941,unnamed,-16.4986199,-68.1210524
10291443413,unnamed,-16.4982497,-68.121076
7400328974,unnamed,-16.4981151,-68.121081
10291443430,unnamed,-16.497996,-68.121086
10291443445,unnamed,-16.4970706,-68.1211307
413770632,unnamed,-16.5026759,-68.1208583
11139878455,unnamed,-16.5025847,-68.1208622
11200090145,unnamed,-16.501545,-68.1209126
413770633,unnamed,-16.5026846,-68.1209899
335442231,unnamed,-16.5027582,-68.1221515
11398092181,unnamed,-16.5027593,-68.1220363
10291441460,unnamed,-16.5026896,-68.1210587
7326993667,unnamed,-16.5027245,-68.1229581
11398092184,unnamed,-16.5027531,-68.1222653
11398055757,unnamed,-16.5027829,-68.122959
4367112344,unnamed,-16.5028127,-68.1229594
563638023,unnamed,-16.5028829,-68.1238145
3987318832,unnamed,-16.5028641,-68.123741
563638033,unnamed,-16.5028456,-68.1234738
563638034,unnamed,-16.5028346,-68.1233412
4367112346,unnamed,-16.5028174,-68.1230269
2830395049,unnamed,-16.5020013,-68.1241521
5166336008,unnamed,-16.50272,-68.1238748
3987318775,unnamed,-16.5021665,-68.1286787
3987318774,unnamed,-16.5021107,-68.1286623
4750242909,unnamed,-16.4946223,-68.1213492
7309547882,unnamed,-16.4946228,-68.1213122
8694212365,unnamed,-16.4946153,-68.121276
11122134478,unnamed,-16.4943106,-68.1212892
7309547883,unnamed,-16.494307,-68.1213324
4750242903,unnamed,-16.4943129,-68.1213733
11670467534,unnamed,-16.5012356,-68.1328607
9991118779,unnamed,-16.5011919,-68.1327925
12877950057,unnamed,-16.5007751,-68.1322683
11670467549,unnamed,-16.5020048,-68.130765
11184749029,unnamed,-16.5023446,-68.1313193
2010516050,unnamed,-16.5023963,-68.1314033
322599565,unnamed,-16.490979,-68.1215922
10295069883,unnamed,-16.4910617,-68.1215887
10295069876,unnamed,-16.4930445,-68.1215072
565307314,unnamed,-16.4898964,-68.1216362
10295106422,unnamed,-16.4899957,-68.1216321
5764739551,unnamed,-16.4908204,-68.1215982
10295069903,unnamed,-16.4908594,-68.1215967
321807225,unnamed,-16.4850685,-68.1219152
11186187446,unnamed,-16.4851056,-68.1218664
11186187445,unnamed,-16.4851451,-68.1218496
4349255131,unnamed,-16.4852237,-68.121846
10295106537,unnamed,-16.4854123,-68.1218375
5764699697,unnamed,-16.4865092,-68.1217915
10295106519,unnamed,-16.4872005,-68.121748
565307333,unnamed,-16.4872924,-68.1217436
10295106509,unnamed,-16.4873811,-68.1217385
5138387661,unnamed,-16.4875589,-68.1217334
10295106490,unnamed,-16.4881927,-68.1217023
321807215,unnamed,-16.4882872,-68.1216989
10295106474,unnamed,-16.4883848,-68.121696
5764699699,unnamed,-16.4889332,-68.1216753
10295106451,unnamed,-16.4890007,-68.1216725
1905005126,unnamed,-16.4890965,-68.1216653
10295106446,unnamed,-16.4891937,-68.1216616
10295106419,unnamed,-16.4898394,-68.1216383
321806996,unnamed,-16.4850913,-68.1225149
10295111324,unnamed,-16.485073,-68.1219903
321807027,unnamed,-16.4841449,-68.1225767
11303448431,unnamed,-16.4850113,-68.1225201
7055639582,unnamed,-16.4832118,-68.121984
4349253881,unnamed,-16.4832684,-68.1221451
4349254805,unnamed,-16.4833761,-68.1223232
4349254826,unnamed,-16.4834906,-68.1224347
11186187450,unnamed,-16.4835683,-68.1224876
4349254855,unnamed,-16.4836872,-68.1225479
4349254911,unnamed,-16.4838025,-68.1225768
3369205337,unnamed,-16.4839262,-68.1225855
321807046,unnamed,-16.4832022,-68.1217572
11186187455,unnamed,-16.4832009,-68.121874
321807044,unnamed,-16.4832759,-68.121502
4349253878,unnamed,-16.4832263,-68.1216551
1784871100,unnamed,-16.48236,-68.1208976
1784871111,unnamed,-16.4829222,-68.1212686
11055741831,unnamed,-16.4831855,-68.1214094
11055741829,unnamed,-16.48322,-68.1214324
11055741830,unnamed,-16.48325,-68.1214617
4349253805,unnamed,-16.4823543,-68.1206875
4747167420,unnamed,-16.4823557,-68.1209493
8979275353,unnamed,-16.4823273,-68.1213351
4362293457,unnamed,-16.4823177,-68.121851
8105726575,unnamed,-16.4807226,-68.1209099
8105726574,unnamed,-16.4808446,-68.1209004
8105726572,unnamed,-16.4813311,-68.1206673
8105726571,unnamed,-16.4815561,-68.1206249
4349253824,unnamed,-16.482462,-68.1206746
4349253834,unnamed,-16.4825786,-68.1206176
4349253837,unnamed,-16.4826999,-68.1205363
7474733946,unnamed,-16.4817439,-68.1205621
5764699693,unnamed,-16.4815462,-68.1205646
1784871091,unnamed,-16.4813297,-68.1205875
1784871090,unnamed,-16.4813067,-68.1197807
412885756,unnamed,-16.475126,-68.11813
11564236592,unnamed,-16.475189,-68.1180567
4362296610,unnamed,-16.475066,-68.1182877
4362327424,unnamed,-16.4750984,-68.118238
412885768,unnamed,-16.475113,-68.1182041
9355473449,unnamed,-16.4751223,-68.118169
561523157,unnamed,-16.4746767,-68.1180512
412885761,unnamed,-16.4746677,-68.1180952
9355473455,unnamed,-16.4746667,-68.11814
412885762,unnamed,-16.4746738,-68.1181843
9355473454,unnamed,-16.4746886,-68.1182265
412885763,unnamed,-16.4747107,-68.118265
9355473453,unnamed,-16.4747393,-68.1182986
2865053455,unnamed,-16.4747734,-68.118326
5892784345,unnamed,-16.4748118,-68.1183463
412885765,unnamed,-16.4748531,-68.1183588
9355473452,unnamed,-16.4748953,-68.1183631
412885766,unnamed,-16.4749374,-68.1183592
9355473451,unnamed,-16.4749782,-68.1183474
412885767,unnamed,-16.4750162,-68.118328
9355473450,unnamed,-16.4750502,-68.1183016
11056989400,unnamed,-16.4695635,-68.1161452
13021707259,unnamed,-16.4696662,-68.1160948
13021707258,unnamed,-16.4697402,-68.1160721
13021707257,unnamed,-16.469833,-68.1160709
588691106,unnamed,-16.4699361,-68.1160916
13021707263,unnamed,-16.4702029,-68.1161483
11196658555,unnamed,-16.4704492,-68.116157
561523171,unnamed,-16.4708353,-68.1161574
561523173,unnamed,-16.471042,-68.1161631
11196658570,unnamed,-16.4713271,-68.1162105
561523164,unnamed,-16.4717075,-68.1162693
561523169,unnamed,-16.4718944,-68.1163112
11196658607,unnamed,-16.47198,-68.1163328
561523160,unnamed,-16.4720731,-68.1163605
2865053482,unnamed,-16.4721834,-68.1164095
561523162,unnamed,-16.4724016,-68.1165469
3984291879,unnamed,-16.4731613,-68.1170707
2865053472,unnamed,-16.4735994,-68.1173787
588689850,unnamed,-16.4738966,-68.1175796
11196664092,unnamed,-16.474063,-68.1176889
8328444878,unnamed,-16.4741905,-68.1177756
8328444876,unnamed,-16.4745569,-68.1179946
11056984302,unnamed,-16.4683383,-68.1160254
8956514145,unnamed,-16.468382,-68.1161124
4362296620,unnamed,-16.4684011,-68.1161486
4362296621,unnamed,-16.4684391,-68.1161988
8956514144,unnamed,-16.4684921,-68.1162529
4362296622,unnamed,-16.4685608,-68.1163081
4362296623,unnamed,-16.4687007,-68.1163885
8956514124,unnamed,-16.4687628,-68.1164112
4362296624,unnamed,-16.4688352,-68.1164241
4362296625,unnamed,-16.468939,-68.1164246
8956514123,unnamed,-16.4690599,-68.1164078
8956514122,unnamed,-16.4691358,-68.116383
4362296626,unnamed,-16.4692168,-68.1163482
4362296627,unnamed,-16.4693505,-68.1162811
11056989401,unnamed,-16.4695027,-68.1161896
11056984290,unnamed,-16.4687866,-68.1148307
13023104412,unnamed,-16.4687892,-68.1148526
11056984292,unnamed,-16.4687905,-68.115005
11056984293,unnamed,-16.4687693,-68.1151063
11056984294,unnamed,-16.4687339,-68.1151962
11056984295,unnamed,-16.4686413,-68.1152994
11056984296,unnamed,-16.4685037,-68.1154282
8956514136,unnamed,-16.4684175,-68.1155201
11056984297,unnamed,-16.4683629,-68.1155891
11056984298,unnamed,-16.468332,-68.1156541
11056984299,unnamed,-16.4683114,-68.1157447
11056984300,unnamed,-16.4683024,-68.1158486
11056984301,unnamed,-16.4683114,-68.1159411
2933588167,unnamed,-16.4842017,-68.1438956
412981755,unnamed,-16.4848697,-68.1433067
7647554496,unnamed,-16.484784,-68.1433039
412981752,unnamed,-16.4847274,-68.1433345
2933588165,unnamed,-16.4843422,-68.1438804
412981744,unnamed,-16.4842826,-68.1439043
1785087183,unnamed,-16.4872602,-68.1407839
564763576,unnamed,-16.4868684,-68.1410616
564763574,unnamed,-16.4866446,-68.1412589
5764433597,unnamed,-16.4865034,-68.1414076
564763550,unnamed,-16.4864381,-68.1414738
6022893884,unnamed,-16.4860268,-68.1418823
564763577,unnamed,-16.4859722,-68.1419532
564763579,unnamed,-16.485932,-68.1420288
564763580,unnamed,-16.4858945,-68.1421585
564763567,unnamed,-16.487604,-68.1408721
5076143777,unnamed,-16.4873889,-68.1408517
564763545,unnamed,-16.4872813,-68.1422643
5724206746,unnamed,-16.4872958,-68.1421687
564763541,unnamed,-16.4873946,-68.1417972
2586278752,unnamed,-16.4884693,-68.1434313
4835046329,unnamed,-16.4885002,-68.1437179
12001156797,unnamed,-16.4884932,-68.1436531
10837156227,unnamed,-16.4885513,-68.1441991
4835046328,unnamed,-16.4885578,-68.1442351
11059752733,unnamed,-16.4887548,-68.144458
2586278757,unnamed,-16.4887173,-68.144443
6919566849,unnamed,-16.4886795,-68.1444229
2586278755,unnamed,-16.488645,-68.1443981
6919566850,unnamed,-16.48861,-68.1443547
6919566852,unnamed,-16.488587,-68.1443144
413761340,unnamed,-16.4888784,-68.1444834
413761339,unnamed,-16.4888044,-68.1444729
6272357790,unnamed,-16.4889415,-68.1444855
11057545304,unnamed,-16.4923729,-68.1435243
11057545302,unnamed,-16.4923241,-68.1435936
6919566890,unnamed,-16.4922728,-68.1436544
11057545303,unnamed,-16.4922152,-68.1437087
6919566891,unnamed,-16.492152,-68.1437558
4361928494,unnamed,-16.4933941,-68.1395908
4209869062,unnamed,-16.4933107,-68.1399605
1888228242,unnamed,-16.4931951,-68.1405937
4209870016,unnamed,-16.4928173,-68.1417913
4309966459,unnamed,-16.4926563,-68.1423561
4209870015,unnamed,-16.4926125,-68.1425155
4209870012,unnamed,-16.4924565,-68.1431658
4209870013,unnamed,-16.4923764,-68.1435047
4209870040,unnamed,-16.493551,-68.1389722
4209870036,unnamed,-16.493533,-68.1390442
4209870056,unnamed,-16.4929167,-68.1385352
5764433594,unnamed,-16.4929653,-68.1385686
4209870071,unnamed,-16.4931739,-68.1387081
560234595,unnamed,-16.4933214,-68.138814
1497042084,unnamed,-16.5026971,-68.1551503
1497042064,unnamed,-16.5024534,-68.1549364
4487105901,unnamed,-16.5023223,-68.1548211
1497042053,unnamed,-16.502222,-68.1547239
5523144091,unnamed,-16.5021995,-68.1547011
4504305213,unnamed,-16.5020877,-68.1545775
8979838472,unnamed,-16.5020541,-68.1545187
8979838469,unnamed,-16.5020194,-68.1544449
1497042043,unnamed,-16.5019911,-68.1543812
1497042013,unnamed,-16.5014749,-68.1537201
1497042015,unnamed,-16.5016005,-68.1536116
4377572179,unnamed,-16.5016953,-68.1535138
1497042020,unnamed,-16.5017837,-68.1533644
1497042034,unnamed,-16.501842,-68.1532419
4487105897,unnamed,-16.5018703,-68.1531824
412854826,unnamed,-16.5019147,-68.153089
1497042036,unnamed,-16.5017625,-68.153123
418527272,unnamed,-16.5016345,-68.1531401
418527271,unnamed,-16.5015057,-68.1531483
5523144085,unnamed,-16.5013085,-68.1531435
418527270,unnamed,-16.5011127,-68.1531179
5523144086,unnamed,-16.5009205,-68.1530716
418527269,unnamed,-16.500782,-68.1530245
418527268,unnamed,-16.5006473,-68.1529667
418527267,unnamed,-16.5005171,-68.1528985
563631338,unnamed,-16.5004135,-68.1530465
3778840973,unnamed,-16.5004411,-68.1530373
8979838754,unnamed,-16.500466,-68.153022
3545996341,unnamed,-16.500487,-68.1530011
4377556349,unnamed,-16.5005029,-68.1529759
8979838755,unnamed,-16.5005118,-68.152952
4377556344,unnamed,-16.5005162,-68.1529267
4377556347,unnamed,-16.5002825,-68.1528427
8979838760,unnamed,-16.5002703,-68.1528673
4377556348,unnamed,-16.5002632,-68.152894
563631337,unnamed,-16.5002616,-68.1529218
8979838749,unnamed,-16.5002643,-68.1529439
4377556342,unnamed,-16.5002706,-68.1529652
8979838750,unnamed,-16.5002801,-68.1529851
563631344,unnamed,-16.5002927,-68.1530031
8979838752,unnamed,-16.5003088,-68.1530193
3545996339,unnamed,-16.5003272,-68.1530323
8979838753,unnamed,-16.5003476,-68.1530417
4377556343,unnamed,-16.5003692,-68.1530473
8979838751,unnamed,-16.5003914,-68.1530489
4377660328,unnamed,-16.5000958,-68.1524353
8980220316,unnamed,-16.5001189,-68.1525466
4377660327,unnamed,-16.5001543,-68.1526311
4377660326,unnamed,-16.5002192,-68.152739
563631360,unnamed,-16.5000231,-68.1522824
563631361,unnamed,-16.4999781,-68.152159
8980220315,unnamed,-16.4999563,-68.1520557
8980220314,unnamed,-16.499946,-68.1519096
563631368,unnamed,-16.4999408,-68.1513946
8992769494,unnamed,-16.4999126,-68.1505036
8992769495,unnamed,-16.4999037,-68.1503197
563631377,unnamed,-16.4999048,-68.1502339
8992769497,unnamed,-16.4999083,-68.1501608
8992769496,unnamed,-16.4999221,-68.1500181
5754323448,unnamed,-16.4999562,-68.1498193
5754323449,unnamed,-16.4999795,-68.149739
5754323456,unnamed,-16.4999679,-68.1497375
5754323455,unnamed,-16.4999565,-68.1497396
5754323447,unnamed,-16.499946,-68.1497449
5754323451,unnamed,-16.4999393,-68.149751
5754323450,unnamed,-16.499934,-68.1497585
5754323465,unnamed,-16.4999304,-68.149767
8992769516,unnamed,-16.4999287,-68.1497761
5754323464,unnamed,-16.499929,-68.1497854
8992769515,unnamed,-16.4999312,-68.1497944
5754323463,unnamed,-16.4999353,-68.1498027
8992788217,unnamed,-16.499941,-68.1498098
5754323462,unnamed,-16.4999481,-68.1498155
563631375,unnamed,-16.5000089,-68.1497838
8992788225,unnamed,-16.5000087,-68.149774
8992788224,unnamed,-16.5000064,-68.1497645
8992788223,unnamed,-16.500002,-68.1497558
5754323452,unnamed,-16.4999959,-68.1497484
5754323457,unnamed,-16.4999882,-68.1497427
8992246417,unnamed,-16.5000504,-68.1497799
8992769514,unnamed,-16.5000749,-68.1497749
8992769513,unnamed,-16.5001131,-68.1497571
2622656159,unnamed,-16.5001395,-68.1497383
2622656161,unnamed,-16.5001909,-68.1496773
1785193335,unnamed,-16.5002887,-68.1495318
1663352305,unnamed,-16.5004057,-68.149332
8992246416,unnamed,-16.5004513,-68.1492609
3778840975,unnamed,-16.5005169,-68.1491858
1785193341,unnamed,-16.50065,-68.1490242
1663352294,unnamed,-16.5007271,-68.1489236
1663352272,unnamed,-16.5008107,-68.1487788
7477304777,unnamed,-16.5008461,-68.1486648
1785193351,unnamed,-16.5008551,-68.1485994
8992246419,unnamed,-16.5008567,-68.1485585
8992246418,unnamed,-16.5008544,-68.1485203
8992246432,unnamed,-16.5008441,-68.1484797
3778840977,unnamed,-16.5007403,-68.148207
1785193344,unnamed,-16.5006146,-68.1479593
1785193339,unnamed,-16.5004871,-68.1477008
8991973512,unnamed,-16.5004642,-68.1476583
8991973511,unnamed,-16.5004243,-68.1475644
1663352313,unnamed,-16.5004009,-68.147418
2926897548,unnamed,-16.5003838,-68.1473097
1785193337,unnamed,-16.5003238,-68.1467559
8991973513,unnamed,-16.5001819,-68.1459772
8992769487,unnamed,-16.5001781,-68.1459556
8991973514,unnamed,-16.5001774,-68.145942
8992769486,unnamed,-16.5001781,-68.1459319
8991973515,unnamed,-16.5001822,-68.1459193
8992769485,unnamed,-16.5001873,-68.1459114
1663352280,unnamed,-16.5001975,-68.145902
8992769484,unnamed,-16.5002057,-68.1458978
8992769490,unnamed,-16.5002112,-68.1458962
8992769483,unnamed,-16.5002167,-68.1458953
8992769482,unnamed,-16.5002267,-68.1458956
8992769489,unnamed,-16.5002375,-68.1458964
8992769481,unnamed,-16.5002501,-68.1458991
8992769488,unnamed,-16.5002774,-68.1459071
8992769479,unnamed,-16.5003787,-68.1459376
8992769480,unnamed,-16.5006892,-68.146063
1785193353,unnamed,-16.5008614,-68.1461433
8992246325,unnamed,-16.5010634,-68.1462387
8992246326,unnamed,-16.5011348,-68.1462622
8992246327,unnamed,-16.5011843,-68.1462642
8992246328,unnamed,-16.5012299,-68.1462602
1498354724,unnamed,-16.5012717,-68.1462546
1498354716,unnamed,-16.5010254,-68.1454088
8992246334,unnamed,-16.5010664,-68.1456196
8992246335,unnamed,-16.5010822,-68.1457029
1498354721,unnamed,-16.5011142,-68.1458042
8992246336,unnamed,-16.5011476,-68.1459142
8992246337,unnamed,-16.501181,-68.1460302
1498354722,unnamed,-16.5012138,-68.1461086
561047747,unnamed,-16.4997121,-68.1448302
4376386863,unnamed,-16.4999603,-68.1449852
5305109032,unnamed,-16.5002032,-68.1451318
324100616,unnamed,-16.500476,-68.1452909
1735742122,unnamed,-16.500656,-68.1453585
561047742,unnamed,-16.4992925,-68.1434815
565884882,unnamed,-16.4995439,-68.1440227
5309641790,unnamed,-16.499692,-68.14437
561047744,unnamed,-16.4997263,-68.1444466
8992030708,unnamed,-16.4997428,-68.144502
561047745,unnamed,-16.4997531,-68.1445697
8992030709,unnamed,-16.499755,-68.1446381
4714223295,unnamed,-16.4997479,-68.1446964
561047746,unnamed,-16.4997353,-68.1447658
561047741,unnamed,-16.498916,-68.1427057
561047750,unnamed,-16.4981196,-68.1432699
565884891,unnamed,-16.4983731,-68.143087
3914772130,unnamed,-16.4979205,-68.1427615
3914772131,unnamed,-16.4978779,-68.1426602
324100523,unnamed,-16.4976148,-68.1419112
6638640142,unnamed,-16.497483,-68.1418787
2865705916,unnamed,-16.4975223,-68.1419056
3762059771,unnamed,-16.4975681,-68.1419169
563597621,unnamed,-16.4975966,-68.1416355
6638640141,unnamed,-16.497569,-68.1416341
560234576,unnamed,-16.4975417,-68.1416385
563597620,unnamed,-16.4975158,-68.1416486
324100544,unnamed,-16.4974925,-68.1416639
563597616,unnamed,-16.4974725,-68.1416839
560234572,unnamed,-16.4974569,-68.1417076
6869060817,unnamed,-16.4974462,-68.1417341
3914772110,unnamed,-16.4974408,-68.1417624
563597618,unnamed,-16.4974432,-68.1418051
560234573,unnamed,-16.4974577,-68.141845
413519391,unnamed,-16.4965072,-68.1397431
412046196,unnamed,-16.4970415,-68.1406032
301731245,unnamed,-16.4973029,-68.1410546
8998218653,unnamed,-16.4975237,-68.1414605
8998218654,unnamed,-16.4975563,-68.1415226
8998218655,unnamed,-16.4975791,-68.1415776
413519400,unnamed,-16.4960377,-68.1389837
4566445766,unnamed,-16.4961401,-68.1391598
412046207,unnamed,-16.4956955,-68.1383617
413519401,unnamed,-16.4958471,-68.1386616
8524965488,unnamed,-16.4953601,-68.1376843
5913938172,unnamed,-16.4953926,-68.1377559
560234606,unnamed,-16.4957794,-68.1373197
8526214480,unnamed,-16.4957682,-68.1373791
4867449703,unnamed,-16.4957511,-68.1374169
8526214481,unnamed,-16.4957026,-68.1374655
560234592,unnamed,-16.4956541,-68.1375049
11060005823,unnamed,-16.4957812,-68.13731
11055367674,unnamed,-16.4959748,-68.1364255
5306871604,unnamed,-16.4959385,-68.1365139
5913938159,unnamed,-16.4959055,-68.1366352
11060005827,unnamed,-16.4958236,-68.13708
537358695,unnamed,-16.4959835,-68.1364042
537358680,unnamed,-16.4942507,-68.135176
11260347998,unnamed,-16.4945128,-68.1353357
10250845437,unnamed,-16.4949252,-68.1355856
2022141483,unnamed,-16.4949624,-68.1356081
10250845438,unnamed,-16.4949937,-68.13563
560232422,unnamed,-16.4956557,-68.1360938
8993116384,unnamed,-16.4958872,-68.1362832
537358652,unnamed,-16.4951632,-68.133689
11060005830,unnamed,-16.4951385,-68.1337222
5272862590,unnamed,-16.4950709,-68.1338131
560232432,unnamed,-16.4946904,-68.1344135
537358682,unnamed,-16.4955857,-68.1329575
2382983689,unnamed,-16.4955354,-68.1330589
11055118366,unnamed,-16.4954986,-68.1331264
6923541734,unnamed,-16.4953671,-68.1333486
11055118365,unnamed,-16.4952556,-68.133542
4758349101,unnamed,-16.495194,-68.1336478
537358659,unnamed,-16.4973258,-68.130104
10837581822,unnamed,-16.4972379,-68.1301649
4633457844,unnamed,-16.4970033,-68.1305116
537358674,unnamed,-16.4964466,-68.1314402
348025172,unnamed,-16.4960164,-68.1321901
8993116379,unnamed,-16.4956257,-68.1328615
8993116383,unnamed,-16.4956008,-68.1329046
564539484,unnamed,-16.4972276,-68.129721
8979443213,unnamed,-16.4973138,-68.128687
2055469176,unnamed,-16.497261,-68.128923
2055469174,unnamed,-16.4972405,-68.1292301
7455446907,unnamed,-16.4972302,-68.1295118
564539492,unnamed,-16.4973756,-68.128545
321807161,unnamed,-16.4974624,-68.1283012
563638060,unnamed,-16.4974627,-68.1279535
4537025604,unnamed,-16.4974998,-68.1280467
4537025605,unnamed,-16.4975004,-68.1281944
2049641800,unnamed,-16.4970381,-68.1277535
7455446908,unnamed,-16.4969518,-68.1276933
2049641802,unnamed,-16.4969036,-68.1276261
2049641798,unnamed,-16.4968547,-68.1275082
2049640494,unnamed,-16.4968178,-68.1273911
7455446909,unnamed,-16.4968279,-68.127254
2049641791,unnamed,-16.4969027,-68.1269888
2049641793,unnamed,-16.4970111,-68.1265084
2049641794,unnamed,-16.4970182,-68.1264062
2049641796,unnamed,-16.4969995,-68.1262057
8011983887,unnamed,-16.4969758,-68.126101
7455446946,unnamed,-16.4969441,-68.1260255
2049641788,unnamed,-16.4968745,-68.1258518
2049641789,unnamed,-16.4967988,-68.1256471
4369362194,unnamed,-16.4967763,-68.1255186
2049641799,unnamed,-16.4967771,-68.1253825
5138359832,unnamed,-16.4968261,-68.1249661
7455446947,unnamed,-16.4968774,-68.124619
321806959,unnamed,-16.4968919,-68.1245208
321806971,unnamed,-16.4971303,-68.1243178
561057070,unnamed,-16.4971247,-68.1242683
321806973,unnamed,-16.4971079,-68.1242216
7455447008,unnamed,-16.497081,-68.1241804
2865705914,unnamed,-16.4970731,-68.1241715
561057084,unnamed,-16.4970648,-68.1241632
8156012976,unnamed,-16.4970335,-68.124139
8156012975,unnamed,-16.4969983,-68.1241216
561057083,unnamed,-16.4969606,-68.1241117
7455447006,unnamed,-16.4969217,-68.1241097
561057086,unnamed,-16.4968886,-68.1241142
2865705915,unnamed,-16.4968567,-68.1241245
321806981,unnamed,-16.4968269,-68.1241401
11055718557,unnamed,-16.4967993,-68.1241615
561057085,unnamed,-16.4967756,-68.1241874
7455447009,unnamed,-16.4967565,-68.1242172
561057082,unnamed,-16.4967367,-68.1242723
321806953,unnamed,-16.4967324,-68.124331
8011972083,unnamed,-16.4967383,-68.124369
561057081,unnamed,-16.4967507,-68.1244052
561057079,unnamed,-16.4967853,-68.1244587
2865705912,unnamed,-16.4968339,-68.1244985
561057074,unnamed,-16.4969384,-68.1245247
7455447010,unnamed,-16.4969845,-68.1245173
561057078,unnamed,-16.4970275,-68.1244989
321806965,unnamed,-16.4970653,-68.1244707
561057072,unnamed,-16.4970915,-68.1244403
7455447005,unnamed,-16.4971115,-68.1244052
2865705913,unnamed,-16.4971254,-68.1243626
563638114,unnamed,-16.4979934,-68.1243052
7455447015,unnamed,-16.4972278,-68.1243175
8940034049,unnamed,-16.4984462,-68.1231455
563638115,unnamed,-16.4982827,-68.1236683
9424278403,unnamed,-16.4980567,-68.1241456
8940034048,unnamed,-16.4985521,-68.1231113
322599568,unnamed,-16.4985402,-68.1222126
322599527,unnamed,-16.4985105,-68.1222613
563638121,unnamed,-16.4984581,-68.1223745
322599528,unnamed,-16.4984161,-68.1225407
322599532,unnamed,-16.4984101,-68.1227139
2615891418,unnamed,-16.4984389,-68.1228772
322599571,unnamed,-16.4981059,-68.1219002
10291443424,unnamed,-16.4981045,-68.1212906
322599395,unnamed,-16.4973171,-68.1193009
563638143,unnamed,-16.4973626,-68.1193756
7130322772,unnamed,-16.4975414,-68.1197887
322599573,unnamed,-16.4977527,-68.1202769
565307261,unnamed,-16.4979664,-68.1206944
11200170508,unnamed,-16.4980633,-68.1209101
10837931455,unnamed,-16.498092,-68.120974
4538450534,unnamed,-16.496118,-68.1183113
11053809916,unnamed,-16.4961268,-68.1183269
322599895,unnamed,-16.4961974,-68.118462
4750240706,unnamed,-16.4962622,-68.1185188
4538450526,unnamed,-16.4963257,-68.1185475
322599897,unnamed,-16.4964247,-68.1185656
322599900,unnamed,-16.4967192,-68.1185482
4412051859,unnamed,-16.4968014,-68.118547
4412051855,unnamed,-16.4969236,-68.118563
322599905,unnamed,-16.49698,-68.1185992
4412051856,unnamed,-16.4970144,-68.1186387
11053887488,unnamed,-16.4960723,-68.1182041
322599893,unnamed,-16.4960657,-68.1181887
4750240700,unnamed,-16.495916,-68.1180781
8979992564,unnamed,-16.4959762,-68.118098
8940259116,unnamed,-16.4960277,-68.118136
322599879,unnamed,-16.4950416,-68.1184568
8979992566,unnamed,-16.4956189,-68.1181312
322599885,unnamed,-16.4956997,-68.1181086
4750240710,unnamed,-16.4958057,-68.1180989
4339280642,unnamed,-16.4947588,-68.1185418
4339280651,unnamed,-16.4949184,-68.1185133
4339280640,unnamed,-16.4946713,-68.1185342
4339280641,unnamed,-16.4946991,-68.1185467
4339280635,unnamed,-16.4947293,-68.1185493
4339280637,unnamed,-16.4947301,-68.1183535
4339280638,unnamed,-16.4946992,-68.1183561
4339280639,unnamed,-16.4946707,-68.118369
4339280647,unnamed,-16.4946479,-68.1183909
322599874,unnamed,-16.4948635,-68.118286
5131131870,unnamed,-16.4958446,-68.1170582
1132462698,unnamed,-16.4955328,-68.1177554
8979992568,unnamed,-16.4954543,-68.1178737
4538450528,unnamed,-16.4953861,-68.117945
322599858,unnamed,-16.4953283,-68.1179896
322599868,unnamed,-16.4950365,-68.1181405
8979992567,unnamed,-16.4949618,-68.1181875
5131131880,unnamed,-16.4958063,-68.116897
8982332425,unnamed,-16.4958282,-68.1169674
5131131857,unnamed,-16.4958381,-68.1170093
5131131879,unnamed,-16.4957647,-68.1164688
5131131881,unnamed,-16.4957806,-68.1167711
5434439293,unnamed,-16.4955348,-68.1154934
322599840,unnamed,-16.4955637,-68.1156236
2038652727,unnamed,-16.4956055,-68.1158372
4368611449,unnamed,-16.4955502,-68.1154825
4368611450,unnamed,-16.4955614,-68.115467
4368611451,unnamed,-16.4955672,-68.1154485
1784902761,unnamed,-16.495567,-68.1154291
4368611445,unnamed,-16.4955606,-68.1154106
4368611446,unnamed,-16.4955489,-68.1153952
4368611458,unnamed,-16.495533,-68.1153847
4368611452,unnamed,-16.4955147,-68.1153802
4368611453,unnamed,-16.495496,-68.1153822
4368611454,unnamed,-16.4954789,-68.1153904
4368611460,unnamed,-16.4954695,-68.1153997
4368611456,unnamed,-16.4954567,-68.1154215
5434439294,unnamed,-16.495454,-68.1154409
4368611457,unnamed,-16.4954576,-68.1154602
4368611443,unnamed,-16.4954669,-68.1154772
4368611459,unnamed,-16.495481,-68.11549
4368611444,unnamed,-16.4954982,-68.1154973
4368611447,unnamed,-16.4955168,-68.1154985
1784902753,unnamed,-16.4954059,-68.1153502
322599827,unnamed,-16.495363,-68.1153407
1784902746,unnamed,-16.4952146,-68.1153216
1784902702,unnamed,-16.4949407,-68.1152935
1784902654,unnamed,-16.4945318,-68.1152421
1784902647,unnamed,-16.4942418,-68.1152211
322599821,unnamed,-16.4941701,-68.1152043
1132463058,unnamed,-16.4940606,-68.1151754
322599816,unnamed,-16.494007,-68.1151451
1132462253,unnamed,-16.4937951,-68.115005
322599807,unnamed,-16.4936808,-68.1148732
4662685248,unnamed,-16.4935708,-68.1147209
8979992577,unnamed,-16.4957456,-68.1112407
4446706302,unnamed,-16.4956266,-68.111047
11321509272,unnamed,-16.4956049,-68.1110724
4677293218,unnamed,-16.495596,-68.1111152
1784996053,unnamed,-16.4956088,-68.1111558
8979992591,unnamed,-16.4956549,-68.1111896
4677293219,unnamed,-16.4956936,-68.1112113
1784996088,unnamed,-16.4966882,-68.1107604
1784996066,unnamed,-16.496249,-68.1108617
4676764514,unnamed,-16.4960471,-68.1109314
4676764515,unnamed,-16.4958732,-68.1109911
1784996133,unnamed,-16.4979464,-68.110173
1784996125,unnamed,-16.4978088,-68.1101811
8941748002,unnamed,-16.4977432,-68.1102106
5497844243,unnamed,-16.4976507,-68.1102723
2864688984,unnamed,-16.4975324,-68.1103608
1784996118,unnamed,-16.4973548,-68.1104697
1784996116,unnamed,-16.4971714,-68.1105664
1784996113,unnamed,-16.4969132,-68.1107088
8941748018,unnamed,-16.496791,-68.1107377
1345723962,unnamed,-16.4999351,-68.109817
1345723999,unnamed,-16.4997673,-68.1098069
4913052948,unnamed,-16.4996605,-68.1097935
8982367244,unnamed,-16.4995885,-68.1098029
1345723980,unnamed,-16.4994702,-68.1098552
1345724019,unnamed,-16.4992503,-68.1099504
6149934580,unnamed,-16.4988504,-68.1100027
8982367245,unnamed,-16.4984454,-68.1101221
1345724023,unnamed,-16.4982242,-68.1101677
1345723957,unnamed,-16.500025,-68.1092121
1345723950,unnamed,-16.4999646,-68.1094321
8941748003,unnamed,-16.4999589,-68.109583
1345723961,unnamed,-16.4999544,-68.1097251
1345723905,unnamed,-16.502627,-68.108203
1345723942,unnamed,-16.5025299,-68.1084846
1345723994,unnamed,-16.5024148,-68.1089755
1345723907,unnamed,-16.5023454,-68.1092625
8951410554,unnamed,-16.5023139,-68.1093061
1345723944,unnamed,-16.5022811,-68.1093389
1345723991,unnamed,-16.5022039,-68.1093879
1345723936,unnamed,-16.5021281,-68.1094368
1345723903,unnamed,-16.5020811,-68.1094643
1345723956,unnamed,-16.5020149,-68.1095052
8951410563,unnamed,-16.5019853,-68.1095186
1345723897,unnamed,-16.5019474,-68.1095274
2864699514,unnamed,-16.5018143,-68.1095093
1345723954,unnamed,-16.5014421,-68.1094931
1345724028,unnamed,-16.5013623,-68.1094797
1345723995,unnamed,-16.5009798,-68.1092893
1345723923,unnamed,-16.5008936,-68.1092524
1345723934,unnamed,-16.5008293,-68.1092396
8951410578,unnamed,-16.5007727,-68.1092396
8951410579,unnamed,-16.5007303,-68.1092477
1345723883,unnamed,-16.5005985,-68.1093167
1345724000,unnamed,-16.5005439,-68.1093409
8951410581,unnamed,-16.5004789,-68.1093556
1345723972,unnamed,-16.5004088,-68.109353
8951410580,unnamed,-16.5003619,-68.1093409
1345724025,unnamed,-16.500304,-68.1093134
1345723892,unnamed,-16.5001883,-68.1092631
1345723876,unnamed,-16.5001137,-68.1092269
5523325109,unnamed,-16.4731278,-68.1533291
2864740061,unnamed,-16.4741013,-68.1534397
1361333600,unnamed,-16.4748564,-68.1536031
1361333702,unnamed,-16.4750394,-68.1536088
8982472126,unnamed,-16.4754279,-68.1535253
4196464272,unnamed,-16.4758559,-68.1534105
8982472128,unnamed,-16.4764802,-68.1532637
8982472129,unnamed,-16.4768203,-68.1531666
5297634458,unnamed,-16.4770933,-68.1530744
2379758686,unnamed,-16.4772617,-68.1530146
8239435983,unnamed,-16.4773723,-68.1529798
8982472130,unnamed,-16.4774675,-68.1529355
1361333556,unnamed,-16.4775871,-68.1528658
8982472131,unnamed,-16.4777029,-68.1528027
413764513,unnamed,-16.4778842,-68.152729
8239435982,unnamed,-16.4779842,-68.1526593
413764509,unnamed,-16.4780797,-68.1525559
8982472132,unnamed,-16.478135,-68.1524856
413764506,unnamed,-16.4781896,-68.1524353
8982472133,unnamed,-16.4782231,-68.1524098
8982472134,unnamed,-16.4782616,-68.1523924
413764505,unnamed,-16.4783105,-68.1523843
8982472135,unnamed,-16.4783639,-68.1523803
8982472136,unnamed,-16.4784417,-68.1523763
5297634436,unnamed,-16.4784991,-68.1523717
413764503,unnamed,-16.4785566,-68.1523576
413764501,unnamed,-16.478618,-68.1523261
5523325096,unnamed,-16.4788742,-68.1521075
2379758670,unnamed,-16.4789349,-68.1520531
10602991495,unnamed,-16.4796012,-68.1514997
413764496,unnamed,-16.4797308,-68.1513935
413764495,unnamed,-16.4798716,-68.1512971
8239435970,unnamed,-16.4799194,-68.1512741
1361359499,unnamed,-16.4802139,-68.1510928
6910731047,unnamed,-16.4802364,-68.1510614
2864795186,unnamed,-16.4802984,-68.1510126
413764492,unnamed,-16.4805935,-68.1507766
413764487,unnamed,-16.4807225,-68.1506539
413764485,unnamed,-16.4811354,-68.1501816
2864795192,unnamed,-16.4814577,-68.1499129
6910731037,unnamed,-16.481705,-68.1497652
8106058122,unnamed,-16.4817849,-68.1497125
2864798263,unnamed,-16.4820056,-68.1495932
2864798206,unnamed,-16.4825355,-68.1492441
413764480,unnamed,-16.4829421,-68.1488854
1365149644,unnamed,-16.483198,-68.1485179
1365149626,unnamed,-16.4834869,-68.1481127
1365149636,unnamed,-16.4836109,-68.1479862
2681629916,unnamed,-16.4838448,-68.147828
2681629917,unnamed,-16.4841812,-68.1476155
8106058228,unnamed,-16.4845894,-68.1473874
413764474,unnamed,-16.4846576,-68.147331
5724206760,unnamed,-16.4848942,-68.1471097
10837121956,unnamed,-16.4850999,-68.1468871
5120108168,unnamed,-16.4852539,-68.1466559
413764466,unnamed,-16.4852907,-68.1465392
413764465,unnamed,-16.4857653,-68.1462743
413764463,unnamed,-16.4859699,-68.1461582
413764461,unnamed,-16.4862934,-68.1459709
6919562979,unnamed,-16.4865248,-68.1457995
413764459,unnamed,-16.4868237,-68.1455851
413764457,unnamed,-16.4870817,-68.1454474
413764455,unnamed,-16.487291,-68.1453804
413764452,unnamed,-16.4877227,-68.1452642
413764439,unnamed,-16.4878984,-68.1452055
413764451,unnamed,-16.488079,-68.1451349
3474408070,unnamed,-16.4882179,-68.1416975
3474408069,unnamed,-16.4881532,-68.1408254
11126367989,unnamed,-16.4881814,-68.1406731
3474408068,unnamed,-16.4881588,-68.1407419
324100249,unnamed,-16.4911256,-68.1391723
5138353763,unnamed,-16.4908005,-68.1392812
11055118358,unnamed,-16.4903614,-68.1394378
8993116399,unnamed,-16.4898403,-68.1396079
3923794978,unnamed,-16.4920679,-68.1379359
301730584,unnamed,-16.4919881,-68.1380231
560232402,unnamed,-16.4914995,-68.1386329
301730585,unnamed,-16.4913229,-68.1388634
3923794974,unnamed,-16.4912105,-68.1390393
2933620821,unnamed,-16.4940256,-68.1368788
5913938149,unnamed,-16.4937692,-68.1370065
2933620820,unnamed,-16.4936097,-68.1370763
3923794976,unnamed,-16.4929883,-68.1372496
3923794979,unnamed,-16.4928925,-68.1372839
560232398,unnamed,-16.4926247,-68.137405
1220161081,unnamed,-16.492468,-68.1375181
3923794977,unnamed,-16.4923217,-68.137653
10250771605,unnamed,-16.4922537,-68.1377178
560232399,unnamed,-16.4921986,-68.1377791
5103631564,unnamed,-16.4962125,-68.1366604
4457474799,unnamed,-16.4961068,-68.1366936
301730579,unnamed,-16.4960193,-68.1367132
5724206748,unnamed,-16.4958354,-68.1367257
560232425,unnamed,-16.4954992,-68.1367543
560232421,unnamed,-16.4950223,-68.13675
560232427,unnamed,-16.4947187,-68.1367622
301730581,unnamed,-16.4943388,-68.1368039
12001156801,unnamed,-16.4942518,-68.1368206
5913938150,unnamed,-16.4940941,-68.136851
412046193,unnamed,-16.4962938,-68.1366232
8526214471,unnamed,-16.496248,-68.1366439
560232405,unnamed,-16.4972977,-68.1361569
8993116411,unnamed,-16.4971439,-68.1362303
4537156459,unnamed,-16.496592,-68.1364012
2055469179,unnamed,-16.4980692,-68.1356728
8526214470,unnamed,-16.4980081,-68.1357171
11059913141,unnamed,-16.4978115,-68.1358847
4096473846,unnamed,-16.4976198,-68.136008
321806599,unnamed,-16.4982099,-68.1355435
8526214469,unnamed,-16.498122,-68.1356316
414273702,unnamed,-16.4987961,-68.1351005
3313411953,unnamed,-16.4987046,-68.1351677
348025173,unnamed,-16.4995324,-68.1345304
11112637685,unnamed,-16.4994697,-68.1345804
5273137345,unnamed,-16.4988715,-68.1350351
301730575,unnamed,-16.500282,-68.1339826
12959573762,unnamed,-16.5002091,-68.1340326
413744049,unnamed,-16.5038644,-68.131028
4096475313,unnamed,-16.5037781,-68.1310859
8406502718,unnamed,-16.5032507,-68.1314536
2010516070,unnamed,-16.5031832,-68.1314983
11625382684,unnamed,-16.5027241,-68.131825
8158881357,unnamed,-16.5026729,-68.1318594
11625382689,unnamed,-16.5026139,-68.1319005
8218467531,unnamed,-16.502151,-68.1322051
11059886932,unnamed,-16.5018183,-68.1324609
563637999,unnamed,-16.5017644,-68.1324983
8218467517,unnamed,-16.5017151,-68.1325317
11670467528,unnamed,-16.5012885,-68.1328275
413744045,unnamed,-16.5011825,-68.1328953
4365923872,unnamed,-16.5010124,-68.1330254
8218467455,unnamed,-16.5008616,-68.1331539
413744047,unnamed,-16.5008142,-68.1332094
8218467324,unnamed,-16.5006506,-68.1334952
8218447590,unnamed,-16.5003296,-68.1339246
7357621096,unnamed,-16.5041305,-68.1309495
8409080971,unnamed,-16.5040829,-68.1309394
7357621095,unnamed,-16.5040327,-68.1309403
8409080954,unnamed,-16.5039704,-68.1309552
8409080983,unnamed,-16.5039004,-68.1309852
8409080944,unnamed,-16.5041804,-68.1309489
8409080986,unnamed,-16.5043583,-68.1309109
1983028172,unnamed,-16.5043124,-68.1309365
8409080953,unnamed,-16.5042661,-68.1309473
1983028215,unnamed,-16.5048862,-68.1303418
4230950596,unnamed,-16.5043865,-68.1308822
2387048001,unnamed,-16.5054639,-68.1297147
2049611180,unnamed,-16.5070293,-68.1273319
11177937396,unnamed,-16.5069395,-68.1274583
3300670978,unnamed,-16.5064128,-68.128227
11270513073,unnamed,-16.5062523,-68.1284547
321806684,unnamed,-16.5062153,-68.1285056
6760957770,unnamed,-16.506062,-68.1287404
6093190124,unnamed,-16.5059598,-68.1288976
2387048004,unnamed,-16.505843,-68.1290847
8982479783,unnamed,-16.5055782,-68.1295374
12094402215,unnamed,-16.5055108,-68.1296518
321806683,unnamed,-16.5077594,-68.1263211
11177937390,unnamed,-16.5070478,-68.1273059
321806682,unnamed,-16.5084986,-68.1253488
8413138583,unnamed,-16.5089513,-68.1246671
6413178507,unnamed,-16.5089887,-68.1245349
321806706,unnamed,-16.5090797,-68.1240726
540217528,unnamed,-16.5090437,-68.124156
540217530,unnamed,-16.5090228,-68.1242434
6338775634,unnamed,-16.5090096,-68.1243531
6338775635,unnamed,-16.5090022,-68.1244472
321806673,unnamed,-16.5095473,-68.1239758
3771928225,unnamed,-16.5094875,-68.1239421
6342106288,unnamed,-16.5094163,-68.1239274
4020908871,unnamed,-16.5093372,-68.1239263
6338775636,unnamed,-16.5092379,-68.1239484
8413138576,unnamed,-16.5091501,-68.1240014
4405325566,unnamed,-16.5096142,-68.1239098
5585571789,unnamed,-16.5117067,-68.1220635
1213979780,unnamed,-16.5115704,-68.1221844
4672793419,unnamed,-16.5110433,-68.122635
8123100277,unnamed,-16.5106912,-68.1229464
321806696,unnamed,-16.5104907,-68.1231309
5097157501,unnamed,-16.5104177,-68.1231979
321806697,unnamed,-16.5100335,-68.1235365
6760957772,unnamed,-16.5096734,-68.123859
8982716597,unnamed,-16.5096281,-68.1238972
1446553766,unnamed,-16.5119563,-68.1218545
6760957773,unnamed,-16.5118207,-68.1219781
6760957774,unnamed,-16.5137269,-68.1204031
1213979088,unnamed,-16.5131489,-68.1208201
1446541902,unnamed,-16.5130216,-68.1209059
4376545890,unnamed,-16.5128455,-68.1210682
11210959799,unnamed,-16.5161489,-68.1186198
11067767055,unnamed,-16.5162273,-68.1186087
1213979575,unnamed,-16.5162707,-68.1186095
11067767056,unnamed,-16.5163048,-68.118619
1213978979,unnamed,-16.5163345,-68.1186382
11067767057,unnamed,-16.5163625,-68.1186661
11067767054,unnamed,-16.5163859,-68.1187027
3300625059,unnamed,-16.5119229,-68.1196754
11112888539,unnamed,-16.511968,-68.1197111
8982679916,unnamed,-16.5120278,-68.1197297
7486567455,unnamed,-16.5118773,-68.11961
11112888533,unnamed,-16.511887,-68.1196318
6343308365,unnamed,-16.5160777,-68.1171423
5830308954,unnamed,-16.5161714,-68.1170919
8983316318,unnamed,-16.5165136,-68.116901
322599281,unnamed,-16.5167189,-68.1168091
1214031893,unnamed,-16.5168944,-68.116744
322599273,unnamed,-16.5171573,-68.1167073
322599266,unnamed,-16.5177751,-68.1166533
1214031173,unnamed,-16.5181788,-68.1165653
322599261,unnamed,-16.5184891,-68.1164866
5327996601,unnamed,-16.5187877,-68.1164449
8997458352,unnamed,-16.5190437,-68.1164229
6760957733,unnamed,-16.5191376,-68.1164174
8997458353,unnamed,-16.51977,-68.1163711
12881481799,unnamed,-16.5198101,-68.1163679
11293806797,unnamed,-16.520358,-68.1163245
1214031036,unnamed,-16.520452,-68.116312
11293806798,unnamed,-16.5205287,-68.1162834
322599253,unnamed,-16.5205945,-68.116249
1214031529,unnamed,-16.5206371,-68.1162148
12881562705,unnamed,-16.520688,-68.1161534
12881562714,unnamed,-16.5207378,-68.1160535
12881562708,unnamed,-16.5207594,-68.1159418
12881562713,unnamed,-16.52076,-68.1158488
12881562709,unnamed,-16.5207366,-68.1157552
12881562712,unnamed,-16.5207068,-68.1156944
12881562710,unnamed,-16.5206657,-68.1156351
12881562722,unnamed,-16.5206051,-68.1155814
12881562711,unnamed,-16.5205455,-68.1155399
319795990,unnamed,-16.5204257,-68.1154715
6123615783,unnamed,-16.5199954,-68.1151445
11078067392,unnamed,-16.5203973,-68.1154502
6092870639,unnamed,-16.520414,-68.1154629
11293806793,unnamed,-16.5198519,-68.1148648
4377484049,unnamed,-16.5198526,-68.1149253
2395734955,unnamed,-16.5198703,-68.1149992
322599241,unnamed,-16.5199134,-68.1150709
12881514869,unnamed,-16.5198672,-68.1148128
1214031752,unnamed,-16.5198932,-68.1147638
4377484052,unnamed,-16.5199273,-68.1147345
11293806787,unnamed,-16.5199693,-68.1147134
11065737979,unnamed,-16.5200208,-68.1147005
2389008417,unnamed,-16.5201038,-68.1146887
1214030312,unnamed,-16.5219986,-68.114973
4484312435,unnamed,-16.5216029,-68.1149492
1214031630,unnamed,-16.5208195,-68.1149162
1214031370,unnamed,-16.5206589,-68.1148833
11293806792,unnamed,-16.5204162,-68.1147922
1214031500,unnamed,-16.5224201,-68.1147653
1214030263,unnamed,-16.5222607,-68.114869
12881562752,unnamed,-16.5221887,-68.1149222
7039689409,unnamed,-16.5221188,-68.1149494
1214031211,unnamed,-16.5228833,-68.1141759
1214030945,unnamed,-16.5226358,-68.1145312
1214031361,unnamed,-16.5225129,-68.1146893
3942391394,unnamed,-16.5232836,-68.1134548
324099456,unnamed,-16.5237016,-68.1126759
12881586463,unnamed,-16.5236149,-68.1128398
6760957779,unnamed,-16.5235561,-68.112951
324099460,unnamed,-16.5241115,-68.1119148
8739601289,unnamed,-16.5238586,-68.1123685
1214031870,unnamed,-16.5245163,-68.1111892
324099464,unnamed,-16.5249395,-68.1104365
5764789502,unnamed,-16.5245776,-68.111078
5536860051,unnamed,-16.5253552,-68.1096879
12881586465,unnamed,-16.5252294,-68.1099145
1607319339,unnamed,-16.5257567,-68.1089218
1747640373,unnamed,-16.5261682,-68.1081845
319796017,unnamed,-16.5264824,-68.1076216
6761000791,unnamed,-16.5262788,-68.1079823
319796018,unnamed,-16.5268674,-68.1069063
3942449227,unnamed,-16.5272852,-68.1061529
3942449228,unnamed,-16.5276911,-68.1053864
4377746253,unnamed,-16.5274817,-68.1057671
6761000793,unnamed,-16.5274596,-68.1058104
6761000792,unnamed,-16.5274241,-68.1058801
3942449229,unnamed,-16.5281187,-68.1046635
3942449230,unnamed,-16.5285233,-68.1038714
6761000794,unnamed,-16.5284593,-68.1039896
319796024,unnamed,-16.5283338,-68.1042216
3942449231,unnamed,-16.5289249,-68.1031289
6761000795,unnamed,-16.5287386,-68.1034736
8739601314,unnamed,-16.5286728,-68.1035951
8739601312,unnamed,-16.5286664,-68.103607
412903964,unnamed,-16.5301671,-68.1007172
8739615829,unnamed,-16.5299217,-68.1011977
6761000797,unnamed,-16.5299053,-68.1012962
7678630818,unnamed,-16.5298911,-68.1013811
3942449233,unnamed,-16.5302158,-68.1006328
8980038744,unnamed,-16.5302873,-68.1005244
7678630820,unnamed,-16.5304414,-68.1002925
2867872684,unnamed,-16.5330725,-68.0978697
324099484,unnamed,-16.5314478,-68.0991082
2919707712,unnamed,-16.5312697,-68.0992707
7678630798,unnamed,-16.5310509,-68.0995047
11067273838,unnamed,-16.5310034,-68.0995613
7678630799,unnamed,-16.5308176,-68.0997831
4731621680,unnamed,-16.5306173,-68.1000414
7678630826,unnamed,-16.5346342,-68.0966766
4377979796,unnamed,-16.5344856,-68.0967857
4377979797,unnamed,-16.5338966,-68.0972314
1785387211,unnamed,-16.5347695,-68.0965984
413317685,unnamed,-16.5387128,-68.0949077
12035001786,unnamed,-16.5382153,-68.0951098
4377979286,unnamed,-16.5360468,-68.0959514
8980038747,unnamed,-16.5356026,-68.096141
11067318471,unnamed,-16.5354112,-68.0962214
324099502,unnamed,-16.535136,-68.0963556
324099496,unnamed,-16.5349341,-68.0964871
3942465271,unnamed,-16.5416664,-68.0929113
8246122600,unnamed,-16.541693,-68.0930367
413317800,unnamed,-16.5416965,-68.0931286
8957191336,unnamed,-16.5416945,-68.0931903
12723975870,unnamed,-16.5416899,-68.0932215
413317801,unnamed,-16.541674,-68.0932805
413317802,unnamed,-16.5416316,-68.0933784
8957191337,unnamed,-16.5415795,-68.0934749
413317804,unnamed,-16.5415043,-68.0935749
413317805,unnamed,-16.5413905,-68.0936983
413317806,unnamed,-16.541287,-68.0937734
413317807,unnamed,-16.5411745,-68.0938558
413317808,unnamed,-16.5410042,-68.0939551
3367311557,unnamed,-16.5407715,-68.094057
5017213848,unnamed,-16.5402589,-68.0942813
2480886467,unnamed,-16.539772,-68.0944667
4377979276,unnamed,-16.5396908,-68.0944973
413317794,unnamed,-16.5416168,-68.0927602
4307820631,unnamed,-16.5414728,-68.0922284
11060607008,unnamed,-16.5414702,-68.0922195
413317785,unnamed,-16.5411896,-68.0914668
4858039968,unnamed,-16.5412316,-68.0916135
4858039969,unnamed,-16.5413487,-68.0920234
4858039970,unnamed,-16.5414021,-68.0921104
560188279,unnamed,-16.5409029,-68.0904556
11140127820,unnamed,-16.5409278,-68.0905455
8959374960,unnamed,-16.5411451,-68.0913226
13027619958,unnamed,-16.5411628,-68.0913819
560188275,unnamed,-16.5406112,-68.0894386
11779513124,unnamed,-16.5406394,-68.0895416
11779513170,unnamed,-16.5407517,-68.0899393
11140127829,unnamed,-16.5408867,-68.0903948
560188273,unnamed,-16.5403138,-68.0883873
11779513188,unnamed,-16.5403332,-68.0884573
3854363789,unnamed,-16.5404629,-68.0889157
3854363792,unnamed,-16.5404981,-68.0890383
11779513103,unnamed,-16.540583,-68.0893407
560188285,unnamed,-16.5400431,-68.0873946
11717467553,unnamed,-16.5400632,-68.0874693
11779513187,unnamed,-16.5402905,-68.0883016
560220258,unnamed,-16.5397541,-68.0863689
7768230604,unnamed,-16.5397741,-68.0864592
11233737180,unnamed,-16.539905,-68.0868997
11233737160,unnamed,-16.5400248,-68.0873216
560220261,unnamed,-16.5394897,-68.0854183
11233756591,unnamed,-16.5395021,-68.0854631
11233756585,unnamed,-16.5396245,-68.0859028
11233756578,unnamed,-16.539734,-68.0863016
560220281,unnamed,-16.5391572,-68.0842398
11336753629,unnamed,-16.5391791,-68.0843205
11233756606,unnamed,-16.5393243,-68.0848371
11233756602,unnamed,-16.5394721,-68.0853549
5523143941,unnamed,-16.5110182,-68.1495548
8979550278,unnamed,-16.5110312,-68.1495706
8979550277,unnamed,-16.5110622,-68.1495846
5523143942,unnamed,-16.5110957,-68.1495898
8979550283,unnamed,-16.5111297,-68.1495832
5523143940,unnamed,-16.5111678,-68.1495661
1498339483,unnamed,-16.5112018,-68.149534
8979550282,unnamed,-16.5112286,-68.1494631
1498339485,unnamed,-16.5112358,-68.1493988
8979550281,unnamed,-16.5112349,-68.1493246
1498339488,unnamed,-16.5112322,-68.1492064
1498339495,unnamed,-16.5112231,-68.1491203
1498339507,unnamed,-16.5111973,-68.1490135
1498339492,unnamed,-16.5111738,-68.1489237
1498339490,unnamed,-16.5111646,-68.1488376
1498339498,unnamed,-16.5111873,-68.1487506
5523144002,unnamed,-16.5113858,-68.148501
1498339510,unnamed,-16.5114099,-68.1484779
2559813227,unnamed,-16.5114293,-68.1484637
8979550276,unnamed,-16.5114733,-68.1484296
1498339512,unnamed,-16.5115481,-68.1483961
1498339516,unnamed,-16.5116125,-68.148398
1785316596,unnamed,-16.5117442,-68.1483959
1785316627,unnamed,-16.5123054,-68.1483234
1785316656,unnamed,-16.512677,-68.1482926
1498339572,unnamed,-16.5127844,-68.1482812
1785316668,unnamed,-16.5128557,-68.148253
1498339575,unnamed,-16.5129143,-68.1482155
8979837907,unnamed,-16.5129548,-68.1481927
1498339588,unnamed,-16.5130023,-68.148131
8979837906,unnamed,-16.513057,-68.1480291
1498339595,unnamed,-16.5131155,-68.147954
8979837905,unnamed,-16.513147,-68.1479292
1498339598,unnamed,-16.5132048,-68.147899
1498339601,unnamed,-16.5133296,-68.1478876
1498339603,unnamed,-16.5134119,-68.1478916
1498339617,unnamed,-16.5134806,-68.1479097
1498339621,unnamed,-16.5135366,-68.1479265
2559833713,unnamed,-16.5135517,-68.1479355
1785316725,unnamed,-16.5135816,-68.1479607
1498339623,unnamed,-16.5136436,-68.1480361
8979837897,unnamed,-16.5137841,-68.1482584
1785316756,unnamed,-16.5138169,-68.1483281
1498339625,unnamed,-16.5139095,-68.1485327
8979837896,unnamed,-16.5139573,-68.148595
8979837893,unnamed,-16.5139882,-68.1486242
1498339627,unnamed,-16.5140158,-68.148643
1498339629,unnamed,-16.5140576,-68.1486567
8979837894,unnamed,-16.5140907,-68.1486584
2559813246,unnamed,-16.514128,-68.1486581
1498339631,unnamed,-16.5141518,-68.148647
8979837895,unnamed,-16.5141737,-68.1486138
1498339641,unnamed,-16.5141975,-68.1485451
1498339643,unnamed,-16.5142438,-68.1484093
8979837892,unnamed,-16.514274,-68.1483469
1498339645,unnamed,-16.5142913,-68.1483335
8979837891,unnamed,-16.5143293,-68.1483141
1498339649,unnamed,-16.5143929,-68.14831
1498339652,unnamed,-16.5144418,-68.148308
1498339673,unnamed,-16.5146648,-68.1483234
1498339677,unnamed,-16.5147227,-68.1483214
8979837890,unnamed,-16.5147844,-68.148308
1498339696,unnamed,-16.5148817,-68.1482798
1498339707,unnamed,-16.5149786,-68.1482282
1498339726,unnamed,-16.5151027,-68.1481317
1785316829,unnamed,-16.5152062,-68.1480351
1498339730,unnamed,-16.5152749,-68.147966
1498339733,unnamed,-16.5153367,-68.1478775
8979837886,unnamed,-16.5154247,-68.1477883
1498339743,unnamed,-16.5154489,-68.1477743
1498339744,unnamed,-16.5154823,-68.1477719
8979837885,unnamed,-16.5155266,-68.1477806
1498339746,unnamed,-16.5155732,-68.1478048
2559852499,unnamed,-16.5156099,-68.1478366
1498339748,unnamed,-16.5156517,-68.1478983
1498339753,unnamed,-16.5157404,-68.1480472
4280623854,unnamed,-16.5158034,-68.1481256
1498339760,unnamed,-16.5158741,-68.1481907
8979837882,unnamed,-16.5159352,-68.1482376
1498339769,unnamed,-16.5159956,-68.1482799
1498339772,unnamed,-16.5160651,-68.1483053
8979837883,unnamed,-16.51613,-68.148308
1498339781,unnamed,-16.5162013,-68.1482866
8979837884,unnamed,-16.5162631,-68.1482363
1498339811,unnamed,-16.5163126,-68.1481806
8979837881,unnamed,-16.5163389,-68.1481283
1498339825,unnamed,-16.5163687,-68.1480498
1498339827,unnamed,-16.5163717,-68.1479846
1498339822,unnamed,-16.5163598,-68.1479255
1498339801,unnamed,-16.5162251,-68.1476824
1498339793,unnamed,-16.516175,-68.1475456
8979837871,unnamed,-16.5161538,-68.1474564
1498339785,unnamed,-16.5161396,-68.1473485
8979837880,unnamed,-16.5161454,-68.1472532
5523143933,unnamed,-16.5161576,-68.1471299
1785316919,unnamed,-16.5161808,-68.1470085
1498339797,unnamed,-16.5161988,-68.1469247
1498339808,unnamed,-16.5162271,-68.1468221
8979837879,unnamed,-16.5162534,-68.1467711
1498339818,unnamed,-16.5162926,-68.1467356
1498339831,unnamed,-16.5163499,-68.146688
1785316973,unnamed,-16.5166079,-68.1464732
1498339845,unnamed,-16.5166338,-68.1464501
1498339855,unnamed,-16.5167092,-68.1463842
8979837873,unnamed,-16.5167684,-68.1463587
1498339860,unnamed,-16.5168291,-68.146345
1498339864,unnamed,-16.5169023,-68.1463386
1498339867,unnamed,-16.5170092,-68.1463514
8979837872,unnamed,-16.5170924,-68.1463936
1498339870,unnamed,-16.5171663,-68.1464412
1498339880,unnamed,-16.5172505,-68.1465244
1498339884,unnamed,-16.5173007,-68.1465974
1498339887,unnamed,-16.5173984,-68.1468348
1498339890,unnamed,-16.5174447,-68.1469099
8979837869,unnamed,-16.5174749,-68.1469334
1498339893,unnamed,-16.5176761,-68.147032
1498339900,unnamed,-16.5179166,-68.1471446
1498339902,unnamed,-16.518103,-68.1472707
8979837870,unnamed,-16.5182393,-68.1473364
1498339917,unnamed,-16.51831,-68.1473424
8979837868,unnamed,-16.5183788,-68.147333
1498339923,unnamed,-16.5184411,-68.1473109
8979837867,unnamed,-16.5185106,-68.1472767
4590285778,unnamed,-16.5185866,-68.1472063
1498339950,unnamed,-16.5186534,-68.1471051
1498339953,unnamed,-16.518737,-68.1469564
8979411946,unnamed,-16.5187454,-68.146823
1498339957,unnamed,-16.5187331,-68.1466324
5351728620,unnamed,-16.5187162,-68.1464878
8979411945,unnamed,-16.5187304,-68.1463344
1498339955,unnamed,-16.5187539,-68.1461804
2559852283,unnamed,-16.5187719,-68.146072
1498339969,unnamed,-16.5188276,-68.1459261
8979411942,unnamed,-16.518898,-68.1457541
1498339973,unnamed,-16.5189555,-68.1456584
1498339975,unnamed,-16.5190097,-68.1455898
1498339995,unnamed,-16.5191102,-68.145527
8979411940,unnamed,-16.5194088,-68.1453396
1498340066,unnamed,-16.5195439,-68.1452598
1498340107,unnamed,-16.5196198,-68.1452176
2559852087,unnamed,-16.5199242,-68.1451147
8979411969,unnamed,-16.5207709,-68.1449224
1498340235,unnamed,-16.520894,-68.1449285
8487390674,unnamed,-16.5209797,-68.1449435
1498340251,unnamed,-16.5210388,-68.1449943
1498340258,unnamed,-16.5210717,-68.1450711
1498340260,unnamed,-16.5210827,-68.1453054
8979411968,unnamed,-16.521084,-68.1454691
1498340269,unnamed,-16.5211135,-68.1455477
1498340279,unnamed,-16.521211,-68.1456594
8979411972,unnamed,-16.521259,-68.1456984
2559852443,unnamed,-16.5213739,-68.1457551
1498340282,unnamed,-16.521427,-68.1457686
1498340284,unnamed,-16.521495,-68.1457564
1498340295,unnamed,-16.5215164,-68.1458104
8979411974,unnamed,-16.5215402,-68.1458402
1498340300,unnamed,-16.5215936,-68.1458885
4569411396,unnamed,-16.5216819,-68.1459435
1498340325,unnamed,-16.5217617,-68.1459704
8979411959,unnamed,-16.5217995,-68.1459792
1498340330,unnamed,-16.5218541,-68.1459754
12806143788,unnamed,-16.5223016,-68.1458983
2559852309,unnamed,-16.522328,-68.1458925
12806143781,unnamed,-16.5224726,-68.1458653
4394141776,unnamed,-16.5225344,-68.1458557
12032228718,unnamed,-16.5225832,-68.1458477
1498340412,unnamed,-16.5226847,-68.145837
8979292555,unnamed,-16.5227725,-68.145828
8979292554,unnamed,-16.5227969,-68.145832
8979292553,unnamed,-16.5228184,-68.1458411
8979292537,unnamed,-16.5228288,-68.1458499
1498340426,unnamed,-16.5228362,-68.1458592
8979292536,unnamed,-16.5228415,-68.1458717
8979292552,unnamed,-16.5228451,-68.1458832
8979292535,unnamed,-16.5228456,-68.1458943
1498340435,unnamed,-16.5228451,-68.1459098
8979292534,unnamed,-16.5228426,-68.1459239
8979292551,unnamed,-16.5228361,-68.145944
5523143918,unnamed,-16.5228217,-68.1459654
1498340431,unnamed,-16.5227529,-68.1460382
1498340403,unnamed,-16.5225149,-68.1462515
1498340395,unnamed,-16.5224119,-68.146328
8979292529,unnamed,-16.5223128,-68.1463658
2559852307,unnamed,-16.5212458,-68.1465591
12806143774,unnamed,-16.5205987,-68.1466742
12806143775,unnamed,-16.5205185,-68.1466962
1498340182,unnamed,-16.5204946,-68.1467082
12806143779,unnamed,-16.5204446,-68.1467551
12806143777,unnamed,-16.5204124,-68.146818
12806143778,unnamed,-16.5203909,-68.1468914
1498340190,unnamed,-16.5204012,-68.1469661
8979292581,unnamed,-16.5204238,-68.1470287
1498340203,unnamed,-16.5204752,-68.1471124
5523143921,unnamed,-16.5205211,-68.1471621
8979292569,unnamed,-16.520604,-68.1472001
1498340233,unnamed,-16.5206763,-68.1472088
1785317128,unnamed,-16.5208194,-68.1472041
1498340237,unnamed,-16.5209468,-68.1472039
5523143922,unnamed,-16.5210855,-68.1472285
12806143772,unnamed,-16.5212016,-68.1472513
1498340306,unnamed,-16.5215532,-68.1473326
1498340357,unnamed,-16.5218795,-68.1474138
1498340392,unnamed,-16.5220772,-68.1474436
1361333654,unnamed,-16.4725379,-68.1532281
8982472124,unnamed,-16.4723398,-68.1536574
8982465546,unnamed,-16.4723373,-68.1536661
8982465547,unnamed,-16.4723354,-68.1536756
8982472125,unnamed,-16.472336,-68.1536834
8982465548,unnamed,-16.4723385,-68.1536921
8982465549,unnamed,-16.4723435,-68.1536982
1361333541,unnamed,-16.4716022,-68.1538129
1361333517,unnamed,-16.4719345,-68.1537615
4309955202,unnamed,-16.472104,-68.1537441
2379758619,unnamed,-16.4625814,-68.1516356
2861601639,unnamed,-16.4626967,-68.1517237
1361333583,unnamed,-16.4632609,-68.1521553
10603059409,unnamed,-16.463349,-68.1522232
1361333436,unnamed,-16.463437,-68.1523074
1361333615,unnamed,-16.4634858,-68.1523822
1361333475,unnamed,-16.4635244,-68.1524993
5523325329,unnamed,-16.4635435,-68.152541
1361333682,unnamed,-16.4636038,-68.1525842
1361333571,unnamed,-16.4636651,-68.1526117
1361333470,unnamed,-16.4639429,-68.1526824
1361333703,unnamed,-16.4647845,-68.1528904
5523325326,unnamed,-16.4649965,-68.1529404
10603059408,unnamed,-16.4650771,-68.1529747
5282329118,unnamed,-16.4651616,-68.1530252
5282329119,unnamed,-16.4652499,-68.1530862
7891982579,unnamed,-16.4653017,-68.153128
1361333441,unnamed,-16.4653939,-68.1532022
5523325325,unnamed,-16.4655172,-68.153267
1361333596,unnamed,-16.4666566,-68.1537355
1361333539,unnamed,-16.4669585,-68.1538033
2861601749,unnamed,-16.4675869,-68.1539036
1361333460,unnamed,-16.4680439,-68.1539643
1361333454,unnamed,-16.468097,-68.153976
10602991503,unnamed,-16.4681691,-68.1540023
1361333437,unnamed,-16.4682374,-68.1540407
4794166764,unnamed,-16.4683567,-68.154154
1361333598,unnamed,-16.4684889,-68.1543102
1361333651,unnamed,-16.4685768,-68.1543341
9412858873,unnamed,-16.4687185,-68.1542996
1361333533,unnamed,-16.4688603,-68.1542921
4794295984,unnamed,-16.4691104,-68.1543077
1361333501,unnamed,-16.4695208,-68.1543733
1361333697,unnamed,-16.4697189,-68.1543867
1361333453,unnamed,-16.4699092,-68.1543555
4794295986,unnamed,-16.4700376,-68.1543266
4794295985,unnamed,-16.4700556,-68.1543228
9412858872,unnamed,-16.4700893,-68.1543158
1361333464,unnamed,-16.4622817,-68.1513987
8976798417,unnamed,-16.4605849,-68.1500845
1361333620,unnamed,-16.4606639,-68.1501011
1361333558,unnamed,-16.4607377,-68.1501382
12471521795,unnamed,-16.4608165,-68.1501671
1361333548,unnamed,-16.4608752,-68.1501844
12471521796,unnamed,-16.4609064,-68.1501904
540831944,unnamed,-16.4609977,-68.1502059
12471521797,unnamed,-16.4610498,-68.1502223
1361333568,unnamed,-16.4610927,-68.1502476
1361333719,unnamed,-16.4611953,-68.1503419
2379758651,unnamed,-16.4614134,-68.1505749
5297634466,unnamed,-16.4619851,-68.1511038
12471521798,unnamed,-16.462039,-68.151166
4894632906,unnamed,-16.4620936,-68.151225
7590939736,unnamed,-16.4533125,-68.1493893
7590939731,unnamed,-16.4531771,-68.1493824
9351965405,unnamed,-16.4531852,-68.1493997
9351965404,unnamed,-16.4531972,-68.1494143
7590939732,unnamed,-16.4532123,-68.1494254
7590939733,unnamed,-16.4532296,-68.1494321
7590939734,unnamed,-16.453248,-68.149434
9351965403,unnamed,-16.4532662,-68.1494311
9351965406,unnamed,-16.4532832,-68.1494235
7590939735,unnamed,-16.4532952,-68.1494143
9351965402,unnamed,-16.4533051,-68.1494027
1433299351,unnamed,-16.4452569,-68.1496652
8979389896,unnamed,-16.4455309,-68.1496793
8979389897,unnamed,-16.4456672,-68.1496746
8979389898,unnamed,-16.4457496,-68.1496672
8979389899,unnamed,-16.445857,-68.1496592
8979389900,unnamed,-16.4460878,-68.1496558
1433299341,unnamed,-16.4461669,-68.1496672
1433299380,unnamed,-16.4462936,-68.149686
2861519512,unnamed,-16.4464145,-68.1497215
1433299349,unnamed,-16.4465089,-68.1497499
5503675319,unnamed,-16.4466543,-68.1498033
1433299388,unnamed,-16.4467172,-68.1498291
1361337098,unnamed,-16.4468602,-68.1498753
8979374813,unnamed,-16.446949,-68.1499013
8979374812,unnamed,-16.4470114,-68.1499147
5503675312,unnamed,-16.4470713,-68.149921
8979104943,unnamed,-16.4471265,-68.149912
1361337105,unnamed,-16.447221,-68.1498771
6439690225,unnamed,-16.4473715,-68.1498208
8979104942,unnamed,-16.4474725,-68.1497759
8979104939,unnamed,-16.4477143,-68.149678
4309955214,unnamed,-16.447992,-68.1495583
2861519656,unnamed,-16.4481316,-68.1494886
1361337100,unnamed,-16.4482056,-68.1494568
1361337107,unnamed,-16.4485907,-68.1493426
2861519722,unnamed,-16.448678,-68.1493216
9216181070,unnamed,-16.4488508,-68.149282
2861519720,unnamed,-16.449003,-68.1492424
2861519713,unnamed,-16.4493172,-68.1491543
1361337148,unnamed,-16.4495007,-68.1491242
1361337133,unnamed,-16.4496936,-68.1491161
1361337154,unnamed,-16.4498938,-68.1491202
1361337110,unnamed,-16.45006,-68.1491602
1361337150,unnamed,-16.4505559,-68.1492925
2861519701,unnamed,-16.4507539,-68.1493418
2861519700,unnamed,-16.4509243,-68.1493696
2861519704,unnamed,-16.4511196,-68.1493721
2861519706,unnamed,-16.4514134,-68.1493732
2861519709,unnamed,-16.4517598,-68.1493414
1361337094,unnamed,-16.452266,-68.149306
5503675087,unnamed,-16.4427413,-68.1509769
8979389882,unnamed,-16.4427552,-68.1509057
8979389883,unnamed,-16.4428163,-68.1507274
2779593939,unnamed,-16.4428394,-68.1506898
4321052589,unnamed,-16.442878,-68.1506536
1941914437,unnamed,-16.4429147,-68.1506268
4309955217,unnamed,-16.442979,-68.1506127
5282354666,unnamed,-16.4432189,-68.150655
5503675093,unnamed,-16.4433141,-68.1506784
1941914442,unnamed,-16.4433578,-68.1506851
8979389886,unnamed,-16.4433951,-68.1506858
8979389885,unnamed,-16.4434362,-68.1506744
8979389884,unnamed,-16.44348,-68.1506469
1941914449,unnamed,-16.4435289,-68.1505792
8979389887,unnamed,-16.443581,-68.1504866
1941914454,unnamed,-16.4437848,-68.1500555
8979389888,unnamed,-16.4439212,-68.1497806
8979389889,unnamed,-16.4439829,-68.1496377
1941914459,unnamed,-16.4440221,-68.1495888
8979389890,unnamed,-16.4440511,-68.149564
5503675094,unnamed,-16.4441051,-68.1495351
8979389891,unnamed,-16.4441443,-68.1495251
5120165068,unnamed,-16.44423,-68.149519
1941914466,unnamed,-16.444435,-68.1495532
8979389892,unnamed,-16.4445598,-68.1495787
1941914468,unnamed,-16.4446974,-68.1496049
8979389893,unnamed,-16.4448286,-68.149627
8979389894,unnamed,-16.4449508,-68.1496505
8979389895,unnamed,-16.4450775,-68.1496578
1498338930,unnamed,-16.5052321,-68.1460744
8992477423,unnamed,-16.504903,-68.1462407
8992477424,unnamed,-16.5046625,-68.1463802
564523923,unnamed,-16.5045513,-68.1464544
564523928,unnamed,-16.503467,-68.144351
1498338819,unnamed,-16.5035316,-68.1445875
564523926,unnamed,-16.5036412,-68.1448748
564523927,unnamed,-16.5039265,-68.1454802
564523922,unnamed,-16.5042334,-68.1460015
8992477432,unnamed,-16.5034673,-68.1442612
8992477431,unnamed,-16.5034557,-68.144162
8992477430,unnamed,-16.5034223,-68.1440051
561047629,unnamed,-16.503349,-68.1437261
8992477429,unnamed,-16.5033261,-68.1436215
8992477428,unnamed,-16.5033156,-68.1435016
8992477427,unnamed,-16.5033132,-68.1433842
561047630,unnamed,-16.5033153,-68.1433158
8992477426,unnamed,-16.5033304,-68.1432554
561047631,unnamed,-16.5033612,-68.1432098
561047633,unnamed,-16.5033998,-68.1431609
8992477425,unnamed,-16.5034403,-68.1431119
8992552200,unnamed,-16.5034827,-68.1430469
561047619,unnamed,-16.5035001,-68.1429932
561044124,unnamed,-16.5033857,-68.1423951
561047634,unnamed,-16.503394,-68.1424963
8992552208,unnamed,-16.5034165,-68.1425922
565884628,unnamed,-16.5034982,-68.1429141
11057342224,unnamed,-16.5041432,-68.1410702
565884725,unnamed,-16.5038833,-68.1414362
8992552174,unnamed,-16.5037483,-68.1416414
561047659,unnamed,-16.5035817,-68.1419331
4376274600,unnamed,-16.5034743,-68.1421369
8992552179,unnamed,-16.5034339,-68.1422241
8992552178,unnamed,-16.5034017,-68.1423032
561047657,unnamed,-16.5041311,-68.141004
11057342220,unnamed,-16.5041386,-68.1410202
11057342222,unnamed,-16.5041438,-68.1410451
537353452,unnamed,-16.5042017,-68.1407187
537353454,unnamed,-16.5041567,-68.1407191
537353459,unnamed,-16.5041144,-68.1407354
2865705964,unnamed,-16.5040791,-68.1407647
2865705965,unnamed,-16.5040542,-68.140804
2865705966,unnamed,-16.5040423,-68.1408494
537353439,unnamed,-16.5040446,-68.1408965
11057456454,unnamed,-16.5040559,-68.1409309
561047665,unnamed,-16.504075,-68.1409615
2865705967,unnamed,-16.5041006,-68.1409864
561044105,unnamed,-16.504352,-68.139678
537353666,unnamed,-16.5042698,-68.1400511
537353643,unnamed,-16.5045057,-68.1391928
561044108,unnamed,-16.5044523,-68.1393736
537353575,unnamed,-16.5033098,-68.1379165
7824891716,unnamed,-16.5035595,-68.138183
537353646,unnamed,-16.5040038,-68.1386572
537341479,unnamed,-16.5025859,-68.1371306
8312197094,unnamed,-16.5027993,-68.1373626
537353651,unnamed,-16.5013379,-68.1357405
4412462887,unnamed,-16.5017571,-68.1362139
414280021,unnamed,-16.5019268,-68.1363997
8980070105,unnamed,-16.5020446,-68.1365303
4422115188,unnamed,-16.5019216,-68.1351765
12959623884,unnamed,-16.5018509,-68.1352396
2069060594,unnamed,-16.5024474,-68.1346749
12959623890,unnamed,-16.5023962,-68.1347301
11057342228,unnamed,-16.5021842,-68.1349294
11057342233,unnamed,-16.5019778,-68.1351309
560244406,unnamed,-16.503224,-68.1338995
4903020587,unnamed,-16.5031746,-68.1339477
8979935739,unnamed,-16.503693,-68.1332649
560244400,unnamed,-16.5036563,-68.1333956
560244399,unnamed,-16.5036062,-68.1335156
6760957768,unnamed,-16.5034115,-68.1337157
563637996,unnamed,-16.5037241,-68.1327961
560244409,unnamed,-16.5037084,-68.1331495
11059724010,unnamed,-16.503014,-68.1297015
11059724011,unnamed,-16.503024,-68.1297357
3373871855,unnamed,-16.5033828,-68.1302691
5396573836,unnamed,-16.50383,-68.1309706
8409080964,unnamed,-16.5039197,-68.1310816
8409080965,unnamed,-16.5039587,-68.1311392
8409080951,unnamed,-16.5040077,-68.1312096
8409080929,unnamed,-16.504023,-68.1312363
8409080930,unnamed,-16.5040387,-68.1312584
413747523,unnamed,-16.5041186,-68.1313255
8409080932,unnamed,-16.5041663,-68.1313465
8409080933,unnamed,-16.5041988,-68.1313526
8982405192,unnamed,-16.5042915,-68.1313925
12094359863,unnamed,-16.5043816,-68.1314427
8982405193,unnamed,-16.5045406,-68.1315027
560244416,unnamed,-16.5048392,-68.1316168
3276129315,unnamed,-16.5052675,-68.1318252
4370370859,unnamed,-16.5013741,-68.1191319
12560191719,unnamed,-16.5013846,-68.1192381
3299756368,unnamed,-16.5014193,-68.1200354
4370368484,unnamed,-16.4998616,-68.1183769
12997457023,unnamed,-16.4999545,-68.1184188
4370370863,unnamed,-16.5003403,-68.1186099
4370368487,unnamed,-16.5006401,-68.1187631
4370370860,unnamed,-16.5009479,-68.1189217
4101083400,unnamed,-16.4987206,-68.1184595
4370370865,unnamed,-16.4991078,-68.1184219
11053809914,unnamed,-16.4996132,-68.1183935
4101083408,unnamed,-16.4986073,-68.1184791
2681632461,unnamed,-16.4978714,-68.1189478
6151833079,unnamed,-16.4982449,-68.1187081
1784902830,unnamed,-16.4959253,-68.1155441
1784902843,unnamed,-16.4961698,-68.1156276
3780176197,unnamed,-16.4962744,-68.1156799
8406979050,unnamed,-16.4963162,-68.1157286
3780176198,unnamed,-16.4963563,-68.1157808
1784902847,unnamed,-16.4966327,-68.1162345
1784902849,unnamed,-16.496704,-68.1163611
1132462370,unnamed,-16.4973316,-68.1160443
8979992569,unnamed,-16.4972482,-68.1161048
1132462002,unnamed,-16.4971662,-68.116149
4945719872,unnamed,-16.4967705,-68.1163313
1132462245,unnamed,-16.4976224,-68.1157195
4750242621,unnamed,-16.4977635,-68.1155387
4750240720,unnamed,-16.4977298,-68.1155189
4750240719,unnamed,-16.4976918,-68.1155123
4750240718,unnamed,-16.4976539,-68.1155195
1132463053,unnamed,-16.4976205,-68.1155397
4750240717,unnamed,-16.4975955,-68.1155711
4750242624,unnamed,-16.4975824,-68.1156096
4750240716,unnamed,-16.4975828,-68.1156505
4750240715,unnamed,-16.4975967,-68.1156887
1132462590,unnamed,-16.4978416,-68.1154364
7152645261,unnamed,-16.4978751,-68.1153345
1784996127,unnamed,-16.4978943,-68.1151535
1784996130,unnamed,-16.4978713,-68.1148778
1132461954,unnamed,-16.4978941,-68.1146855
1132462036,unnamed,-16.4979532,-68.1145556
1132462733,unnamed,-16.4981208,-68.1142985
1132462202,unnamed,-16.4982998,-68.1140375
1132462163,unnamed,-16.4983577,-68.1139655
1784996146,unnamed,-16.4984696,-68.1138643
1132462295,unnamed,-16.4985471,-68.1138026
1132463092,unnamed,-16.4986367,-68.1137343
1784996204,unnamed,-16.4988268,-68.1136162
8979998428,unnamed,-16.4991809,-68.1134541
1132462241,unnamed,-16.4992377,-68.1134281
1132462293,unnamed,-16.4995297,-68.1133113
1132462446,unnamed,-16.4999035,-68.1131181
1132462062,unnamed,-16.5000398,-68.1130551
8983370951,unnamed,-16.5001247,-68.1129612
1132462849,unnamed,-16.5001864,-68.1128714
1132462223,unnamed,-16.500234,-68.1127386
1132462249,unnamed,-16.500261,-68.1126367
1132463309,unnamed,-16.5002919,-68.1124046
8983370952,unnamed,-16.5003034,-68.1121297
1132463204,unnamed,-16.5002932,-68.1119004
1132462329,unnamed,-16.50027,-68.1117368
1132462138,unnamed,-16.5002173,-68.1115557
1132462516,unnamed,-16.49908,-68.1123114
8979998418,unnamed,-16.4991082,-68.1123027
8979998417,unnamed,-16.4991262,-68.112295
1132462093,unnamed,-16.4991373,-68.1122805
1132462901,unnamed,-16.4991871,-68.1120178
8979992611,unnamed,-16.4992497,-68.1116563
8979992610,unnamed,-16.4992619,-68.1116161
1132462844,unnamed,-16.4992855,-68.111579
8979992609,unnamed,-16.4993191,-68.1115638
1132462217,unnamed,-16.4994028,-68.111554
1132463279,unnamed,-16.4995591,-68.1115394
1132462344,unnamed,-16.4997415,-68.1115265
1132462582,unnamed,-16.5001025,-68.1115394
1132462065,unnamed,-16.4990453,-68.112308
1132462169,unnamed,-16.4988195,-68.1122249
1132462043,unnamed,-16.4987927,-68.1121992
1132462764,unnamed,-16.4985681,-68.1119976
8979992605,unnamed,-16.4985058,-68.1119259
1132462206,unnamed,-16.4984466,-68.1118307
8941717189,unnamed,-16.4982396,-68.1113901
1132463240,unnamed,-16.4982062,-68.111311
1132463145,unnamed,-16.498143,-68.1113612
2864688992,unnamed,-16.4980576,-68.1114538
1132462992,unnamed,-16.4980277,-68.1114918
1132462260,unnamed,-16.4978982,-68.1116059
5497844238,unnamed,-16.4978375,-68.1116197
1132461935,unnamed,-16.4977795,-68.1116214
8979992604,unnamed,-16.4977162,-68.1116121
1132462406,unnamed,-16.497654,-68.1115759
1132462188,unnamed,-16.4974479,-68.1113876
1132463159,unnamed,-16.4973417,-68.1113149
5497844241,unnamed,-16.4972896,-68.1113085
1784902871,unnamed,-16.4970772,-68.1113433
1132461969,unnamed,-16.4969068,-68.111381
6869060835,unnamed,-16.4996483,-68.143292
561047740,unnamed,-16.5000287,-68.1430904
561047730,unnamed,-16.5007559,-68.1427306
561047773,unnamed,-16.5004063,-68.1419716
561047779,unnamed,-16.5000674,-68.141317
561047793,unnamed,-16.4999331,-68.1412483
561047794,unnamed,-16.4999499,-68.1412773
561047795,unnamed,-16.4999739,-68.1413002
3762059773,unnamed,-16.5000031,-68.1413151
3762059774,unnamed,-16.5000351,-68.1413209
561047791,unnamed,-16.4999414,-68.1411384
561047792,unnamed,-16.4999272,-68.1411734
3762059772,unnamed,-16.4999243,-68.1412114
12025646797,unnamed,-16.4998557,-68.1410975
561047788,unnamed,-16.4995541,-68.1409535
12025646798,unnamed,-16.4993761,-68.1406813
561047802,unnamed,-16.4991318,-68.1403079
12025646799,unnamed,-16.4989139,-68.1400101
8182002391,unnamed,-16.4988325,-68.1398989
11055634873,unnamed,-16.498747,-68.1397487
412046211,unnamed,-16.4986704,-68.1396617
8182002393,unnamed,-16.4986339,-68.1396168
4318919167,unnamed,-16.4984418,-68.1394551
12025646800,unnamed,-16.4981953,-68.1393114
561047845,unnamed,-16.4980961,-68.1392746
1943104727,unnamed,-16.4977434,-68.1388532
1943104726,unnamed,-16.4975756,-68.1386469
412046197,unnamed,-16.4973903,-68.1383779
12025646801,unnamed,-16.4972672,-68.1382101
412046198,unnamed,-16.4969467,-68.1377733
4280623852,unnamed,-16.4975133,-68.137338
12924910742,unnamed,-16.4977918,-68.1371863
561047895,unnamed,-16.4980876,-68.1370346
412046204,unnamed,-16.4982981,-68.1369287
412046203,unnamed,-16.498944,-68.1365999
412046202,unnamed,-16.4992671,-68.1364075
412046201,unnamed,-16.4995959,-68.1361946
3313411956,unnamed,-16.4989191,-68.1351898
348025218,unnamed,-16.4985261,-68.1348856
7447951766,unnamed,-16.497783,-68.1344163
4117869173,unnamed,-16.4977522,-68.1343949
560232412,unnamed,-16.4976358,-68.1343143
4117869170,unnamed,-16.4975862,-68.13428
4470906352,unnamed,-16.4974234,-68.1341768
4470906355,unnamed,-16.4972755,-68.1340853
2055469173,unnamed,-16.4969219,-68.1338728
3621970723,unnamed,-16.4973784,-68.1331382
560232411,unnamed,-16.4978339,-68.1324068
560232416,unnamed,-16.4971209,-68.1319115
321691364,unnamed,-16.4961107,-68.1311694
9432840894,unnamed,-16.4960758,-68.131117
9432840891,unnamed,-16.4960737,-68.1310545
9377341720,unnamed,-16.4960846,-68.1310027
3530670751,unnamed,-16.4960966,-68.130838
3250375775,unnamed,-16.4961063,-68.1307462
9377341724,unnamed,-16.4960713,-68.1306921
9432840893,unnamed,-16.4960266,-68.1306832
1899616504,unnamed,-16.4959015,-68.130733
3530670749,unnamed,-16.4958565,-68.1308175
560232456,unnamed,-16.4957944,-68.1309177
8993143027,unnamed,-16.4953977,-68.131628
4342041392,unnamed,-16.4953295,-68.131729
560232433,unnamed,-16.4948776,-68.1324761
413770614,unnamed,-16.4942059,-68.1319939
348025216,unnamed,-16.4935319,-68.1315771
9840030569,unnamed,-16.4906826,-68.125805
564539618,unnamed,-16.4905921,-68.1257197
564539620,unnamed,-16.49045,-68.1256325
564539626,unnamed,-16.4903854,-68.1256194
8979633568,unnamed,-16.4902361,-68.1256051
8979633567,unnamed,-16.4900779,-68.1256226
564539628,unnamed,-16.4898376,-68.1256713
564539630,unnamed,-16.4894815,-68.1256839
9838870843,unnamed,-16.489428,-68.1256789
8977368966,unnamed,-16.4894143,-68.1256776
564539633,unnamed,-16.4893264,-68.1256612
7440770365,unnamed,-16.4892553,-68.1256258
321807084,unnamed,-16.4891896,-68.1255627
1784848110,unnamed,-16.494211,-68.1272265
564539583,unnamed,-16.4939678,-68.1270589
9840030570,unnamed,-16.4938328,-68.126961
564539584,unnamed,-16.4935465,-68.1267678
9838870860,unnamed,-16.4934685,-68.1267271
564539586,unnamed,-16.4933941,-68.1266884
564539588,unnamed,-16.4932881,-68.1266969
564539589,unnamed,-16.493221,-68.126702
4379484504,unnamed,-16.4931524,-68.1267084
564539591,unnamed,-16.4929874,-68.1267466
5103631561,unnamed,-16.4928088,-68.1267643
6887122321,unnamed,-16.4926481,-68.1267539
564539597,unnamed,-16.4922325,-68.1266763
1784847921,unnamed,-16.4919559,-68.1265976
9838870852,unnamed,-16.4919029,-68.1265739
7440770289,unnamed,-16.4918963,-68.126571
564539600,unnamed,-16.4917241,-68.1264959
564539601,unnamed,-16.4914798,-68.1263475
6149922523,unnamed,-16.4913056,-68.1262432
565307292,unnamed,-16.4911048,-68.1261178
564539616,unnamed,-16.4907073,-68.1258283
564539543,unnamed,-16.4958442,-68.1273557
564539545,unnamed,-16.4958271,-68.12746
564539549,unnamed,-16.4958075,-68.1275831
564539511,unnamed,-16.4957811,-68.127677
564539513,unnamed,-16.4957387,-68.1277266
4854233450,unnamed,-16.4956739,-68.1277668
564539514,unnamed,-16.4955708,-68.1277946
564539515,unnamed,-16.4954296,-68.1277905
564539531,unnamed,-16.4952732,-68.1277657
7108357489,unnamed,-16.4950015,-68.1276989
564539560,unnamed,-16.4946112,-68.1276467
564539577,unnamed,-16.4945505,-68.127647
4850959506,unnamed,-16.4945136,-68.1276501
4850959507,unnamed,-16.4944561,-68.1276129
4382955279,unnamed,-16.4943826,-68.127494
4543680533,unnamed,-16.4943169,-68.1273853
564539582,unnamed,-16.4942625,-68.1272816
4379484505,unnamed,-16.4942228,-68.1272359
564539502,unnamed,-16.4941825,-68.1305748
10692061878,unnamed,-16.4942188,-68.1303618
4491188535,unnamed,-16.4942727,-68.1301165
564539505,unnamed,-16.4943696,-68.1298227
564539506,unnamed,-16.494515,-68.129576
1784848127,unnamed,-16.4946354,-68.1293603
564539501,unnamed,-16.4947415,-68.1291365
564539517,unnamed,-16.4948026,-68.1289188
2739782675,unnamed,-16.4948808,-68.1287425
564539518,unnamed,-16.4949732,-68.128642
10837570006,unnamed,-16.4951676,-68.1284469
564539507,unnamed,-16.4953611,-68.128242
6887091548,unnamed,-16.4957429,-68.127923
9838925668,unnamed,-16.4958386,-68.1278486
564539509,unnamed,-16.4958681,-68.1278133
564539510,unnamed,-16.4959187,-68.1277318
564539537,unnamed,-16.4959226,-68.1276326
564539539,unnamed,-16.495931,-68.1275093
7108357492,unnamed,-16.4959116,-68.1274279
564539540,unnamed,-16.4958801,-68.1273774
413524890,unnamed,-16.4941281,-68.1307102
9425932761,unnamed,-16.4939391,-68.1313425
4747142222,unnamed,-16.494021,-68.13101
564539503,unnamed,-16.4939271,-68.131396
3923794970,unnamed,-16.4922436,-68.1378407
560232401,unnamed,-16.492363,-68.137732
5913938152,unnamed,-16.4925377,-68.1375886
301730189,unnamed,-16.4926995,-68.1374902
301730190,unnamed,-16.4929478,-68.1373884
563629175,unnamed,-16.4930461,-68.1373525
560232396,unnamed,-16.4932862,-68.1372729
301730191,unnamed,-16.4936373,-68.1371775
563597703,unnamed,-16.4938771,-68.1370783
2678308358,unnamed,-16.4942902,-68.1369246
301730192,unnamed,-16.4948225,-68.1368767
301730193,unnamed,-16.4954481,-68.1368649
301730195,unnamed,-16.4959095,-68.1368266
560232409,unnamed,-16.4960465,-68.136808
4342022118,unnamed,-16.4961256,-68.1367835
8526214472,unnamed,-16.4962147,-68.1367471
412046194,unnamed,-16.4963356,-68.1366953
11055634870,unnamed,-16.4976444,-68.1361282
3898936156,unnamed,-16.4976864,-68.1361125
4457474798,unnamed,-16.4978679,-68.1359968
3898936155,unnamed,-16.4981644,-68.1357465
11059882651,unnamed,-16.4982332,-68.1357138
3313411957,unnamed,-16.4987906,-68.135288
5273137344,unnamed,-16.4989819,-68.1351404
5728766368,unnamed,-16.4993229,-68.1348825
11112637684,unnamed,-16.4996052,-68.1346686
4422736270,unnamed,-16.4996743,-68.1346112
12959573759,unnamed,-16.5003216,-68.1341132
301730207,unnamed,-16.5003917,-68.1340543
8218447591,unnamed,-16.50044,-68.1340074
8218467325,unnamed,-16.5007893,-68.1336181
4365923854,unnamed,-16.5009542,-68.1334111
413744050,unnamed,-16.501031,-68.1333353
413744051,unnamed,-16.5011969,-68.1332029
7768312951,unnamed,-16.5013255,-68.1331125
8218467434,unnamed,-16.5017309,-68.1328379
6350045414,unnamed,-16.501792,-68.1327973
8218467530,unnamed,-16.5023016,-68.1324292
413744052,unnamed,-16.5023786,-68.1323705
8158881356,unnamed,-16.5027492,-68.1321016
8406502717,unnamed,-16.5033203,-68.131697
12110475598,unnamed,-16.503877,-68.131307
413744054,unnamed,-16.5039122,-68.1312882
8409080956,unnamed,-16.5039297,-68.1312803
413747522,unnamed,-16.5039918,-68.1312672
8409080970,unnamed,-16.5042838,-68.1313564
8982405189,unnamed,-16.5043301,-68.1313402
8409080935,unnamed,-16.5043648,-68.1313115
8409080936,unnamed,-16.5043867,-68.1312833
8409080937,unnamed,-16.5043978,-68.1312429
8409080938,unnamed,-16.5043999,-68.1311899
537341816,unnamed,-16.4943497,-68.1482537
1595505112,unnamed,-16.4950256,-68.147952
6964948828,unnamed,-16.4951297,-68.1479058
537341925,unnamed,-16.4952314,-68.1478624
537341957,unnamed,-16.4955913,-68.1476959
537341949,unnamed,-16.4935535,-68.1485754
6899630492,unnamed,-16.4936295,-68.1485224
537341952,unnamed,-16.4940848,-68.148357
4386476308,unnamed,-16.4935238,-68.1485161
3778804807,unnamed,-16.4934973,-68.1484978
4386476303,unnamed,-16.4934666,-68.1484897
4386476304,unnamed,-16.493435,-68.1484924
563629006,unnamed,-16.4934059,-68.1485058
4386476309,unnamed,-16.4933827,-68.1485284
3778804803,unnamed,-16.4933678,-68.1485576
3778804806,unnamed,-16.493363,-68.1485855
4386476305,unnamed,-16.4933658,-68.1486136
4386476306,unnamed,-16.4933771,-68.1486414
4386476307,unnamed,-16.4933958,-68.1486645
563629007,unnamed,-16.4934203,-68.1486807
3778804808,unnamed,-16.4934483,-68.1486884
563629004,unnamed,-16.4934773,-68.1486871
3778804810,unnamed,-16.4935045,-68.1486768
563629000,unnamed,-16.4935275,-68.1486586
4386476301,unnamed,-16.4935442,-68.1486341
4386476302,unnamed,-16.4935531,-68.1486055
563629010,unnamed,-16.4935436,-68.1485431
537342060,unnamed,-16.4934896,-68.1483542
6064212862,unnamed,-16.4934549,-68.1481796
563629015,unnamed,-16.4933751,-68.1477643
537342064,unnamed,-16.4933365,-68.1475374
6899630551,unnamed,-16.4932494,-68.1471947
11331790784,unnamed,-16.4931285,-68.1468272
4386474731,unnamed,-16.4930862,-68.1466986
3778804801,unnamed,-16.4932053,-68.144739
563629131,unnamed,-16.4930013,-68.1450711
563629124,unnamed,-16.492886,-68.1453036
5109638080,unnamed,-16.4928227,-68.1454936
6923891631,unnamed,-16.4928036,-68.1456342
563629123,unnamed,-16.4928036,-68.1457561
563629122,unnamed,-16.4928369,-68.1459595
6923891635,unnamed,-16.4928906,-68.1461659
563629121,unnamed,-16.493011,-68.1465458
561632630,unnamed,-16.4933502,-68.1444686
412046213,unnamed,-16.4933616,-68.142506
4386472446,unnamed,-16.4933348,-68.1426141
3778804802,unnamed,-16.4933081,-68.1427356
537342035,unnamed,-16.4932792,-68.1429308
6923891603,unnamed,-16.4932642,-68.1430703
561632633,unnamed,-16.4932694,-68.1432508
537342039,unnamed,-16.4933432,-68.1438266
1362355896,unnamed,-16.4933503,-68.1441322
324100116,unnamed,-16.4938656,-68.140955
4386470319,unnamed,-16.4936151,-68.1417181
563629141,unnamed,-16.4935395,-68.1419258
418109121,unnamed,-16.4939044,-68.1409525
2865696091,unnamed,-16.4939415,-68.1409404
324100122,unnamed,-16.4939747,-68.1409194
418109119,unnamed,-16.4940113,-68.1408774
563597675,unnamed,-16.4940326,-68.1408252
324100127,unnamed,-16.494036,-68.1407685
414288806,unnamed,-16.4940213,-68.1407139
10313157051,unnamed,-16.4939925,-68.1406701
324100132,unnamed,-16.493952,-68.1406378
418109120,unnamed,-16.493904,-68.1406202
2865696092,unnamed,-16.493853,-68.140619
4357967044,unnamed,-16.4938043,-68.1406343
10903709802,unnamed,-16.4937916,-68.1405472
8993116401,unnamed,-16.4937898,-68.1405055
8993116378,unnamed,-16.4937904,-68.1404766
4915509322,unnamed,-16.4937968,-68.140368
412046210,unnamed,-16.4938302,-68.1396938
412046209,unnamed,-16.4946185,-68.1390242
412046208,unnamed,-16.4950217,-68.1387443
11395504393,unnamed,-16.495059,-68.1387231
10313973546,unnamed,-16.4961123,-68.1381744
412046206,unnamed,-16.4961997,-68.1381351
321806597,unnamed,-16.498905,-68.1341239
12025646804,unnamed,-16.4987067,-68.1345338
321691363,unnamed,-16.4992934,-68.1333441
12025646805,unnamed,-16.4991844,-68.1335629
321806609,unnamed,-16.5002281,-68.1288345
8982846578,unnamed,-16.5002485,-68.1290071
321806610,unnamed,-16.5002714,-68.1291489
8982846579,unnamed,-16.5003161,-68.1293164
564539478,unnamed,-16.5002488,-68.1283128
5764433585,unnamed,-16.5002213,-68.1284127
7056110279,unnamed,-16.5002114,-68.1284671
4365923819,unnamed,-16.5002028,-68.1285724
7056177285,unnamed,-16.5003655,-68.1280338
8982846577,unnamed,-16.5004869,-68.1277449
3705738698,unnamed,-16.5005547,-68.1275817
321806600,unnamed,-16.4998451,-68.1249445
321806601,unnamed,-16.4999365,-68.125187
11150775058,unnamed,-16.5001339,-68.1255903
565307230,unnamed,-16.5003293,-68.1259615
6611334122,unnamed,-16.5004453,-68.1261754
4836994369,unnamed,-16.5006044,-68.1265208
3705738695,unnamed,-16.5006883,-68.126758
11150775059,unnamed,-16.5007056,-68.1268754
321806605,unnamed,-16.5007174,-68.1269895
321806606,unnamed,-16.5006781,-68.1271333
11150775060,unnamed,-16.5006141,-68.1273746
322599481,unnamed,-16.5004093,-68.1231039
563638101,unnamed,-16.5004904,-68.1229349
322599486,unnamed,-16.5005299,-68.1227505
4555266645,unnamed,-16.5005324,-68.1226329
3298539282,unnamed,-16.5005179,-68.1225162
563638102,unnamed,-16.5004866,-68.1224031
563638100,unnamed,-16.5004393,-68.1222963
322599496,unnamed,-16.5003771,-68.1221981
322599500,unnamed,-16.5003014,-68.1221109
10839790424,unnamed,-16.5001973,-68.1220204
563638105,unnamed,-16.5000325,-68.1219566
5593520976,unnamed,-16.4995374,-68.1219455
5593520975,unnamed,-16.499508,-68.1219351
5593520974,unnamed,-16.4994822,-68.1219169
5593520973,unnamed,-16.499462,-68.1218923
322599552,unnamed,-16.4994486,-68.121863
10291441491,unnamed,-16.4994227,-68.1212097
3501678637,unnamed,-16.4994294,-68.1213756
322599448,unnamed,-16.4993705,-68.1201392
5146318658,unnamed,-16.4993443,-68.1196623
322599374,unnamed,-16.4993405,-68.1195523
11139878490,unnamed,-16.4993772,-68.1195394
5146318660,unnamed,-16.4994129,-68.1195247
563638139,unnamed,-16.4997035,-68.1193556
7418374501,unnamed,-16.4998225,-68.1192854
322599377,unnamed,-16.4998929,-68.119229
4101083391,unnamed,-16.499863,-68.118307
11053809913,unnamed,-16.4996077,-68.1183152
4370370866,unnamed,-16.4991003,-68.1183528
322599386,unnamed,-16.4987164,-68.1183871
1132462351,unnamed,-16.4962699,-68.1179547
4675662944,unnamed,-16.4962063,-68.1179816
8940259114,unnamed,-16.496173,-68.1179945
8940259113,unnamed,-16.4960212,-68.1180532
4374151684,unnamed,-16.4993746,-68.1163986
4750242646,unnamed,-16.4992007,-68.1165203
4374151683,unnamed,-16.498983,-68.1166725
3416738605,unnamed,-16.4988521,-68.1167989
4127385961,unnamed,-16.498443,-68.1171312
6557671596,unnamed,-16.4983606,-68.1172021
4750242645,unnamed,-16.4982272,-68.117317
1882952288,unnamed,-16.4980318,-68.1174586
4538450529,unnamed,-16.4976678,-68.1175613
4374151677,unnamed,-16.4971528,-68.1176509
5506355506,unnamed,-16.4968308,-68.117744
4750240701,unnamed,-16.4965195,-68.1178554
1784996233,unnamed,-16.4994789,-68.1162535
5720801804,unnamed,-16.4994238,-68.1163434
4242489664,unnamed,-16.5008361,-68.1154958
1882952289,unnamed,-16.4998243,-68.1160157
4127390193,unnamed,-16.4996605,-68.1161194
8940259111,unnamed,-16.4995957,-68.1161736
1882952290,unnamed,-16.5010353,-68.1153801
3780176241,unnamed,-16.5010915,-68.1153565
4750240661,unnamed,-16.5010611,-68.1153625
8983465756,unnamed,-16.50112,-68.1153283
8983465757,unnamed,-16.5011817,-68.1152947
2865607726,unnamed,-16.501486,-68.1151684
4750240685,unnamed,-16.5015614,-68.1151231
3416753177,unnamed,-16.5016185,-68.1150665
4750240686,unnamed,-16.5016578,-68.1149863
3416753178,unnamed,-16.5016993,-68.1148783
3416753179,unnamed,-16.5017706,-68.1145294
3416753180,unnamed,-16.5017972,-68.1143088
2865607731,unnamed,-16.5018117,-68.1141777
5166417140,unnamed,-16.5018309,-68.1141129
4750240689,unnamed,-16.5018606,-68.1140421
1345660831,unnamed,-16.5065835,-68.111303
6557671646,unnamed,-16.5065218,-68.1113016
5759121945,unnamed,-16.5064498,-68.111309
2865607767,unnamed,-16.5064009,-68.1113237
2865607766,unnamed,-16.506037,-68.1115302
7152645258,unnamed,-16.50574,-68.1116589
5551357034,unnamed,-16.5054957,-68.1117864
2865607765,unnamed,-16.5054275,-68.1118025
7152645256,unnamed,-16.5053645,-68.1118186
1784996462,unnamed,-16.5052604,-68.1118709
1784996428,unnamed,-16.5051742,-68.1119541
7152645257,unnamed,-16.5050997,-68.1120492
3416738603,unnamed,-16.5050264,-68.1121552
1784996424,unnamed,-16.5049351,-68.1122786
1784996422,unnamed,-16.5048206,-68.1123657
2865607754,unnamed,-16.5047152,-68.1124315
2865637200,unnamed,-16.5044958,-68.1125934
1784996417,unnamed,-16.5043501,-68.1126989
8983370907,unnamed,-16.5042942,-68.1127352
1784996415,unnamed,-16.5042022,-68.1127949
8264727104,unnamed,-16.5040365,-68.1128892
7152645255,unnamed,-16.5039164,-68.1129358
1784996414,unnamed,-16.5037905,-68.1129763
1784996412,unnamed,-16.5034911,-68.1130444
9546510903,unnamed,-16.5034439,-68.1130649
1784996410,unnamed,-16.5034075,-68.1130806
1784996409,unnamed,-16.5033239,-68.1131329
1784996406,unnamed,-16.5031199,-68.1132596
2865647804,unnamed,-16.5029412,-68.1133918
1784996376,unnamed,-16.5024997,-68.1136961
1784996369,unnamed,-16.502393,-68.1137739
2865647813,unnamed,-16.5022888,-68.1138477
1784996361,unnamed,-16.5019532,-68.1139845
8983370851,unnamed,-16.5066622,-68.1113586
5551357048,unnamed,-16.506685,-68.1114073
5551357047,unnamed,-16.5068187,-68.1118625
5978947708,unnamed,-16.5068435,-68.1119437
1345660807,unnamed,-16.506893,-68.1119976
1345660841,unnamed,-16.5069898,-68.11206
1345660849,unnamed,-16.5074724,-68.1123202
8983370852,unnamed,-16.5077946,-68.1124993
1345509470,unnamed,-16.5082692,-68.1127361
1345509639,unnamed,-16.5085097,-68.1116603
1345660890,unnamed,-16.5084474,-68.1119564
7553059109,unnamed,-16.5083509,-68.1124473
1345509621,unnamed,-16.5085945,-68.1114387
1345661003,unnamed,-16.5087951,-68.111104
1785345129,unnamed,-16.5106988,-68.109246
1785345088,unnamed,-16.5102636,-68.1093013
8950932252,unnamed,-16.5100938,-68.1093577
8950932251,unnamed,-16.5099624,-68.1094
1785345040,unnamed,-16.5098868,-68.109438
1345509460,unnamed,-16.5098,-68.1094753
9258030110,unnamed,-16.5095294,-68.1097814
1785344999,unnamed,-16.5094111,-68.1099799
8951496430,unnamed,-16.5089945,-68.1108034
9258030111,unnamed,-16.5088839,-68.1109938
1361257037,unnamed,-16.5105906,-68.1089343
1785345126,unnamed,-16.5106494,-68.1090948
1345509597,unnamed,-16.509502,-68.1086846
1345509581,unnamed,-16.5099236,-68.1089439
1361256984,unnamed,-16.5100633,-68.1089955
1361257111,unnamed,-16.5101813,-68.1090058
1361256988,unnamed,-16.5103145,-68.1089982
1345509512,unnamed,-16.510704,-68.106068
8950932219,unnamed,-16.5106574,-68.1061347
8950932216,unnamed,-16.5105847,-68.1061863
1345509435,unnamed,-16.5105201,-68.1062225
1345509464,unnamed,-16.5103883,-68.1062734
8950932214,unnamed,-16.51025,-68.1063113
1345509448,unnamed,-16.5101708,-68.1063581
1345509586,unnamed,-16.510126,-68.1064064
1361257055,unnamed,-16.5100397,-68.1065911
1345509475,unnamed,-16.5100133,-68.1066622
1345509643,unnamed,-16.5098787,-68.1071075
8950932221,unnamed,-16.5098418,-68.107209
8950932222,unnamed,-16.5098466,-68.1072676
1345509441,unnamed,-16.509864,-68.1073016
7356974643,unnamed,-16.509898,-68.1073392
1345509548,unnamed,-16.5099576,-68.1073812
8950932220,unnamed,-16.510036,-68.107459
1345509511,unnamed,-16.510074,-68.1075069
8950932223,unnamed,-16.5100893,-68.1075433
1345509432,unnamed,-16.5100922,-68.1075846
1345509596,unnamed,-16.5100817,-68.1076452
1345509437,unnamed,-16.5100084,-68.1078191
2865713506,unnamed,-16.5098235,-68.1081655
1345509445,unnamed,-16.509773,-68.1082995
1345509436,unnamed,-16.5097226,-68.1084143
1345509626,unnamed,-16.5095987,-68.1085276
1345509615,unnamed,-16.5118023,-68.1029689
1345509440,unnamed,-16.5114458,-68.103436
1345509634,unnamed,-16.5113797,-68.1035303
7356974654,unnamed,-16.5113401,-68.1036519
1345509553,unnamed,-16.5113061,-68.1038068
6806598458,unnamed,-16.5112194,-68.1042207
6149934680,unnamed,-16.5111695,-68.1044711
1345509491,unnamed,-16.5111237,-68.104707
1345509442,unnamed,-16.5110654,-68.1048459
1345509517,unnamed,-16.5109978,-68.1049713
1345509638,unnamed,-16.510959,-68.1050157
6149934678,unnamed,-16.5108987,-68.1050571
8950932168,unnamed,-16.5107771,-68.1050867
8950932166,unnamed,-16.5106442,-68.105103
1345509565,unnamed,-16.510598,-68.105127
8950932165,unnamed,-16.5105735,-68.1051529
1345509590,unnamed,-16.5105575,-68.1052028
1345509629,unnamed,-16.5105347,-68.1052769
1345509446,unnamed,-16.5105259,-68.1053678
8950932217,unnamed,-16.5105255,-68.1054448
8950932218,unnamed,-16.5105332,-68.1055307
1345509454,unnamed,-16.5105637,-68.1056296
1345509473,unnamed,-16.5106059,-68.1056957
8950932215,unnamed,-16.5106668,-68.105766
1345509509,unnamed,-16.5107133,-68.1058579
1345509434,unnamed,-16.5107202,-68.1059608
1345508505,unnamed,-16.5094526,-68.1007765
1345508648,unnamed,-16.5097312,-68.1011812
1345508520,unnamed,-16.5098062,-68.1013177
8951023862,unnamed,-16.5098314,-68.1013792
1345508656,unnamed,-16.5098386,-68.1014997
9258082535,unnamed,-16.5098213,-68.1020884
1345508560,unnamed,-16.5098324,-68.102192
1345508649,unnamed,-16.5098516,-68.1022778
1345508593,unnamed,-16.5099316,-68.102368
6149934702,unnamed,-16.5100419,-68.1024335
1345508526,unnamed,-16.5105673,-68.1026274
9258082536,unnamed,-16.5108031,-68.1026928
1345509614,unnamed,-16.5110539,-68.1027222
6149934682,unnamed,-16.5115394,-68.1027471
1345509461,unnamed,-16.511743,-68.1027551
8950932135,unnamed,-16.5117965,-68.1027717
1345509456,unnamed,-16.5118201,-68.1027956
7356974656,unnamed,-16.5118353,-68.1028231
1345509641,unnamed,-16.5118429,-68.1028803
1345508595,unnamed,-16.5088475,-68.0987197
7352091923,unnamed,-16.5088478,-68.0988482
1345508663,unnamed,-16.5088766,-68.0997449
5307117685,unnamed,-16.5088938,-68.0998551
8951023857,unnamed,-16.5089184,-68.0999549
1345508571,unnamed,-16.5089654,-68.1000525
1345508537,unnamed,-16.5090034,-68.1001241
6083496421,unnamed,-16.5093882,-68.100683
1345508573,unnamed,-16.5117931,-68.0985161
1345508584,unnamed,-16.5113494,-68.098667
1345508597,unnamed,-16.5111843,-68.0987177
1345508504,unnamed,-16.5110816,-68.0987321
8951026234,unnamed,-16.5110165,-68.0987385
8951023872,unnamed,-16.5109826,-68.0987318
1345508612,unnamed,-16.5109574,-68.0987198
8409507465,unnamed,-16.5109353,-68.0986979
8951023888,unnamed,-16.5109161,-68.0986628
8951023873,unnamed,-16.5109079,-68.0986387
8951023887,unnamed,-16.5109025,-68.0986067
1345508570,unnamed,-16.5109029,-68.0985706
8951023886,unnamed,-16.5109089,-68.0985412
8951023885,unnamed,-16.5109317,-68.0984992
1345508617,unnamed,-16.5109708,-68.0984584
8951023889,unnamed,-16.511073,-68.0983669
1345508516,unnamed,-16.5113557,-68.0981567
8951023884,unnamed,-16.511796,-68.0978555
1345508657,unnamed,-16.5118291,-68.0978185
8951023881,unnamed,-16.5118537,-68.0977819
2865713555,unnamed,-16.5118721,-68.0977395
8951023880,unnamed,-16.5118766,-68.097712
1345508602,unnamed,-16.5118748,-68.0976775
8951023879,unnamed,-16.5118652,-68.097643
1345508515,unnamed,-16.5118549,-68.0976141
1345508564,unnamed,-16.5118324,-68.0975819
8951023878,unnamed,-16.5118083,-68.0975549
1345508528,unnamed,-16.5117678,-68.0975185
5307212603,unnamed,-16.511708,-68.0974881
8951023877,unnamed,-16.5116497,-68.0974781
1345508579,unnamed,-16.5114948,-68.0975201
9258137465,unnamed,-16.511189,-68.0975518
1345508582,unnamed,-16.5108226,-68.0976706
1345508538,unnamed,-16.510377,-68.0978208
1345508558,unnamed,-16.5097342,-68.098175
1345508524,unnamed,-16.509377,-68.0984025
1498451276,unnamed,-16.4897885,-68.1675062
412285627,unnamed,-16.4896768,-68.1675921
412285630,unnamed,-16.4895539,-68.1676692
3778961668,unnamed,-16.4894574,-68.1677117
412285631,unnamed,-16.4893722,-68.1677248
412285633,unnamed,-16.489223,-68.1677056
412285634,unnamed,-16.4891016,-68.167662
3681385410,unnamed,-16.4890054,-68.1676213
1498451222,unnamed,-16.4888412,-68.1675223
1497134218,unnamed,-16.4883691,-68.1672285
10837198976,unnamed,-16.4882598,-68.1671641
11054904329,unnamed,-16.4881161,-68.1670844
412285323,unnamed,-16.4880313,-68.1670481
412285315,unnamed,-16.4878946,-68.1670111
1497134228,unnamed,-16.4906506,-68.1668984
412285626,unnamed,-16.4911088,-68.1664711
3169008161,unnamed,-16.4928877,-68.1646219
412285603,unnamed,-16.4929134,-68.164678
3942503706,unnamed,-16.4929293,-68.1647318
4016860465,unnamed,-16.4929298,-68.1647719
412285605,unnamed,-16.4929047,-68.1648721
412285606,unnamed,-16.492855,-68.1649497
3778961710,unnamed,-16.4927224,-68.1650815
10603059416,unnamed,-16.492575,-68.1652306
10603059417,unnamed,-16.4925283,-68.1652715
412285609,unnamed,-16.4924609,-68.1653095
412285610,unnamed,-16.4923886,-68.1653293
412285611,unnamed,-16.4922449,-68.1653635
412285613,unnamed,-16.4920332,-68.1654242
412285614,unnamed,-16.4918754,-68.1655016
8988411596,unnamed,-16.4918085,-68.1655416
412285616,unnamed,-16.4917089,-68.1656011
412285619,unnamed,-16.4914239,-68.1657998
412285621,unnamed,-16.4913386,-68.1658881
5523144054,unnamed,-16.4913043,-68.1659403
5304815724,unnamed,-16.4912949,-68.1659588
8957357875,unnamed,-16.4912828,-68.1659935
412285622,unnamed,-16.491276,-68.1660324
5523144055,unnamed,-16.4912697,-68.1661338
10603059414,unnamed,-16.4912544,-68.166236
412285624,unnamed,-16.49124,-68.1662849
6556406142,unnamed,-16.4912059,-68.1663579
412285625,unnamed,-16.4911817,-68.1663946
412285601,unnamed,-16.4928291,-68.1645759
3778961709,unnamed,-16.4927741,-68.1645501
412285580,unnamed,-16.4918692,-68.1638717
8652871704,unnamed,-16.4913792,-68.1644607
1210621946,unnamed,-16.4913593,-68.1644901
11054887906,unnamed,-16.4913416,-68.1645166
3778961697,unnamed,-16.4913201,-68.1645488
8957522942,unnamed,-16.4912925,-68.1645964
412285586,unnamed,-16.4912732,-68.1646413
11054872304,unnamed,-16.4912614,-68.1646695
8957522943,unnamed,-16.4912513,-68.1647003
2484704954,unnamed,-16.4912417,-68.1647783
412285587,unnamed,-16.4912456,-68.1648314
8652871706,unnamed,-16.4912595,-68.1648923
412285589,unnamed,-16.4912896,-68.1649629
412285590,unnamed,-16.4913388,-68.1650236
8652871711,unnamed,-16.4914112,-68.1650711
3778961698,unnamed,-16.4914717,-68.1650892
412285592,unnamed,-16.4915477,-68.1650905
3778961699,unnamed,-16.491651,-68.1650629
11054872302,unnamed,-16.4916752,-68.1650514
412285593,unnamed,-16.4917302,-68.1650188
412285596,unnamed,-16.4921976,-68.1647337
412285597,unnamed,-16.492284,-68.1646844
3778961706,unnamed,-16.4924005,-68.164631
412285598,unnamed,-16.4924784,-68.1646039
3778961708,unnamed,-16.4925744,-68.1645745
412285600,unnamed,-16.4926686,-68.1645492
3942503708,unnamed,-16.4927228,-68.1645429
412285575,unnamed,-16.4921386,-68.1627698
412285577,unnamed,-16.4920852,-68.1634516
10603059422,unnamed,-16.4920626,-68.1635396
10603059421,unnamed,-16.4920322,-68.163622
412285579,unnamed,-16.4919737,-68.163735
9964258514,unnamed,-16.4919258,-68.1638049
4387792943,unnamed,-16.4932617,-68.1584907
4387792944,unnamed,-16.4932055,-68.1587723
9964258486,unnamed,-16.4931816,-68.1588762
1210620865,unnamed,-16.4931577,-68.1589802
4801823726,unnamed,-16.4930929,-68.159382
9964258485,unnamed,-16.4930131,-68.1598239
412295570,unnamed,-16.4929973,-68.1599113
2865696066,unnamed,-16.4929768,-68.1600251
412295568,unnamed,-16.4929129,-68.1603166
5306856878,unnamed,-16.4928663,-68.1604755
1210621196,unnamed,-16.4928017,-68.1606514
9964258483,unnamed,-16.4927122,-68.1608838
1210620984,unnamed,-16.492672,-68.1609683
9964258484,unnamed,-16.4923899,-68.1616484
1210621924,unnamed,-16.4923685,-68.1617102
8957522939,unnamed,-16.4923397,-68.1617935
412295564,unnamed,-16.4922529,-68.162036
9964302880,unnamed,-16.4922232,-68.1621486
412295563,unnamed,-16.4921737,-68.1623547
412295562,unnamed,-16.4921564,-68.1625302
412295581,unnamed,-16.49503,-68.1521278
1210620900,unnamed,-16.494658,-68.1526824
412295579,unnamed,-16.4945998,-68.1527868
412295578,unnamed,-16.4943529,-68.1533631
412295577,unnamed,-16.4941004,-68.1538528
563628962,unnamed,-16.4938912,-68.1543975
563628965,unnamed,-16.49386,-68.1544787
2926858975,unnamed,-16.4937986,-68.1546384
9964258510,unnamed,-16.4937471,-68.1547726
1210621952,unnamed,-16.4937163,-68.1548396
4801868439,unnamed,-16.4936832,-68.1549009
9964258509,unnamed,-16.4936563,-68.1549508
1132462792,unnamed,-16.493381,-68.1554376
412295573,unnamed,-16.4931931,-68.1557502
563628971,unnamed,-16.4931161,-68.1559997
1132462503,unnamed,-16.4930744,-68.1563357
412295572,unnamed,-16.4930784,-68.1566153
1210621742,unnamed,-16.493099,-68.1568271
563628973,unnamed,-16.4931093,-68.156972
1210620771,unnamed,-16.4931736,-68.1573663
4801823696,unnamed,-16.4932686,-68.1577979
563628972,unnamed,-16.4933125,-68.1581039
412295571,unnamed,-16.4932996,-68.1582675
324100717,unnamed,-16.4955746,-68.1514414
8064576227,unnamed,-16.4954626,-68.1515725
412295582,unnamed,-16.4954308,-68.1516113
5581633541,unnamed,-16.495209,-68.1518749
563631395,unnamed,-16.4958304,-68.1487893
10133898260,unnamed,-16.4958697,-68.1489895
563631394,unnamed,-16.4959105,-68.1493432
324100709,unnamed,-16.495878,-68.1494865
571089011,unnamed,-16.4957337,-68.1499916
324100714,unnamed,-16.4956839,-68.1502526
3891187112,unnamed,-16.4956231,-68.1506229
8083306308,unnamed,-16.4955996,-68.1509355
8027543990,unnamed,-16.4955793,-68.1512054
563597626,unnamed,-16.4956634,-68.1481323
8083319344,unnamed,-16.4956707,-68.146439
563629040,unnamed,-16.4956208,-68.1468596
2380803599,unnamed,-16.4955918,-68.1475081
563597628,unnamed,-16.4955637,-68.1460653
11057480412,unnamed,-16.495607,-68.146187
8083319357,unnamed,-16.4956421,-68.146312
563597634,unnamed,-16.495524,-68.1457213
11057484986,unnamed,-16.4955139,-68.1457572
563629051,unnamed,-16.4955116,-68.1457954
8083319354,unnamed,-16.4957433,-68.1456515
8083319350,unnamed,-16.4957287,-68.1456455
324100106,unnamed,-16.495679,-68.145635
11057480415,unnamed,-16.495638,-68.1456365
6899633526,unnamed,-16.4956026,-68.1456455
11057480414,unnamed,-16.4955705,-68.1456634
563597632,unnamed,-16.4955437,-68.1456893
8083319324,unnamed,-16.4959323,-68.1455582
8083319352,unnamed,-16.4958737,-68.1455984
8083319353,unnamed,-16.4958103,-68.1456297
324100569,unnamed,-16.4959892,-68.1454268
324100574,unnamed,-16.4964306,-68.1444331
4747196112,unnamed,-16.4971608,-68.1423837
4487113227,unnamed,-16.4969974,-68.1427082
324100583,unnamed,-16.4968485,-68.1430448
563597606,unnamed,-16.4967613,-68.143371
324100580,unnamed,-16.4966718,-68.1438054
561047842,unnamed,-16.4976915,-68.1417011
6638640140,unnamed,-16.4976665,-68.1416699
560234575,unnamed,-16.4976339,-68.1416474
561047803,unnamed,-16.4987012,-68.140647
4016846072,unnamed,-16.4984788,-68.1408361
8992030703,unnamed,-16.4982267,-68.1410681
4016846073,unnamed,-16.49803,-68.1412612
537353708,unnamed,-16.5005293,-68.1393783
561047814,unnamed,-16.5002178,-68.1396467
561047815,unnamed,-16.5001239,-68.139706
4377553283,unnamed,-16.4994592,-68.1401141
4976179254,unnamed,-16.5016883,-68.1380492
537353604,unnamed,-16.501574,-68.1382235
4377553284,unnamed,-16.5013591,-68.1385642
4976179255,unnamed,-16.5011521,-68.1388123
561047808,unnamed,-16.5009554,-68.1390101
6869060844,unnamed,-16.5008551,-68.1391014
4422115187,unnamed,-16.5031567,-68.1365259
537341457,unnamed,-16.5036435,-68.1360222
2065462844,unnamed,-16.5030041,-68.1352887
12959633390,unnamed,-16.5030514,-68.1353421
414280023,unnamed,-16.5037361,-68.1345349
7173978369,unnamed,-16.5036582,-68.1346445
12959633393,unnamed,-16.5030616,-68.1352392
563637990,unnamed,-16.5046135,-68.1327877
563637994,unnamed,-16.5043997,-68.1331187
537341824,unnamed,-16.5042716,-68.1333735
560244404,unnamed,-16.504116,-68.1336994
4412485948,unnamed,-16.5040183,-68.1338798
2387044854,unnamed,-16.5058361,-68.1311306
6775910636,unnamed,-16.5056167,-68.1313712
12025646822,unnamed,-16.5055635,-68.1314267
6775910635,unnamed,-16.5055014,-68.1314915
5725298628,unnamed,-16.5062223,-68.1306734
443517512,unnamed,-16.507322,-68.1294558
443517508,unnamed,-16.5081752,-68.1285529
321806756,unnamed,-16.5098994,-68.1267807
9625458666,unnamed,-16.5090051,-68.1276701
3872020996,unnamed,-16.5084262,-68.128285
321806755,unnamed,-16.5106794,-68.1259216
7722858436,unnamed,-16.5105964,-68.1260093
8202754900,unnamed,-16.5102645,-68.1263514
7722858438,unnamed,-16.5099316,-68.1266885
321806754,unnamed,-16.5113639,-68.1267722
1498339220,unnamed,-16.5079176,-68.1438254
8992477319,unnamed,-16.507969,-68.1438703
8992477318,unnamed,-16.5080089,-68.1439112
1498339252,unnamed,-16.5080616,-68.1439796
8992477320,unnamed,-16.5081098,-68.1440386
8992477321,unnamed,-16.508142,-68.1440802
8992477322,unnamed,-16.5081654,-68.1441154
8992471396,unnamed,-16.5081786,-68.1441419
8992471397,unnamed,-16.5081867,-68.1441694
1498339259,unnamed,-16.5081931,-68.1441985
2037680710,unnamed,-16.5082089,-68.1442341
2037680758,unnamed,-16.5082403,-68.1442934
2037680842,unnamed,-16.5083059,-68.144398
8992477324,unnamed,-16.5083426,-68.144453
8992477325,unnamed,-16.5083863,-68.144502
2037680616,unnamed,-16.5084268,-68.1445375
2037680846,unnamed,-16.5084975,-68.1445818
2037680848,unnamed,-16.5086049,-68.1446435
1498339348,unnamed,-16.5087765,-68.1447467
1785193682,unnamed,-16.5088935,-68.1448238
8992471410,unnamed,-16.5089585,-68.1448755
1785193704,unnamed,-16.509035,-68.1449318
8992471411,unnamed,-16.5090691,-68.14496
1785193713,unnamed,-16.5091211,-68.1450022
1785193729,unnamed,-16.5092394,-68.1450485
1785193744,unnamed,-16.5093641,-68.1450847
1785193755,unnamed,-16.5094844,-68.1451149
8992471412,unnamed,-16.5095917,-68.145137
1785193786,unnamed,-16.5096779,-68.1451564
1498339369,unnamed,-16.5098853,-68.1452109
8992543182,unnamed,-16.5099228,-68.1450317
1498339375,unnamed,-16.509937,-68.1449573
1498339373,unnamed,-16.5099485,-68.1449123
8992543180,unnamed,-16.509953,-68.1448959
1498339371,unnamed,-16.509955,-68.1448721
8992543179,unnamed,-16.5099518,-68.1448513
8992543181,unnamed,-16.509946,-68.1448265
2865713185,unnamed,-16.5099286,-68.144793
1498339367,unnamed,-16.5098624,-68.1447461
2037680601,unnamed,-16.5093671,-68.1444099
1498339355,unnamed,-16.5093399,-68.1443919
1498339354,unnamed,-16.5092658,-68.1443464
8992471407,unnamed,-16.5091803,-68.1442921
8992471406,unnamed,-16.5090871,-68.1442418
1498339350,unnamed,-16.5089848,-68.1442036
8992471405,unnamed,-16.5088871,-68.144158
8992471404,unnamed,-16.5087855,-68.144111
1498339346,unnamed,-16.5087322,-68.1440842
1498339326,unnamed,-16.5086606,-68.1440414
8992471403,unnamed,-16.5086325,-68.1440225
2037680805,unnamed,-16.5084814,-68.143871
1498339286,unnamed,-16.5083291,-68.1437288
3760972842,unnamed,-16.5082489,-68.1436461
5136676698,unnamed,-16.5076188,-68.1430137
8992471391,unnamed,-16.5076154,-68.1429865
4391317835,unnamed,-16.5076314,-68.1429271
565884560,unnamed,-16.5072651,-68.1427661
8992471390,unnamed,-16.5074067,-68.1428222
324100384,unnamed,-16.5065788,-68.1427463
3762059767,unnamed,-16.5068103,-68.1427135
5523144021,unnamed,-16.5070403,-68.1427153
565884605,unnamed,-16.5051911,-68.1434498
565884620,unnamed,-16.5055734,-68.1432622
565884586,unnamed,-16.5058875,-68.1430941
2272815204,unnamed,-16.5064394,-68.1427967
561047612,unnamed,-16.5044561,-68.1438365
2926923183,unnamed,-16.5045661,-68.1437782
2926923176,unnamed,-16.5036813,-68.1442349
1498338859,unnamed,-16.504116,-68.1440058
412046200,unnamed,-16.5007318,-68.1350388
8694212367,unnamed,-16.5003521,-68.1350782
8694212368,unnamed,-16.500423,-68.1351249
8694212369,unnamed,-16.5004756,-68.1351461
8694212370,unnamed,-16.5005551,-68.1351466
12924933869,unnamed,-16.5005735,-68.1351507
12924933867,unnamed,-16.5005893,-68.1351579
561047881,unnamed,-16.5006066,-68.1351877
560232413,unnamed,-16.4981067,-68.1336207
7447951767,unnamed,-16.498215,-68.1336987
7447951765,unnamed,-16.498428,-68.1338373
334632657,unnamed,-16.4965289,-68.1346025
334632658,unnamed,-16.4958522,-68.1341442
6717309899,unnamed,-16.4957977,-68.1341057
2382983654,unnamed,-16.4952266,-68.1337265
11055118361,unnamed,-16.4953583,-68.1338095
6923541735,unnamed,-16.4954817,-68.1338921
2382983733,unnamed,-16.4957423,-68.1340639
1132462365,unnamed,-16.4993456,-68.1109035
8982367243,unnamed,-16.499132,-68.1108034
5602642041,unnamed,-16.4990399,-68.1107984
1132462000,unnamed,-16.4989861,-68.110815
1132461983,unnamed,-16.4989249,-68.1108545
1132462481,unnamed,-16.4987461,-68.1109789
1132462064,unnamed,-16.4984218,-68.1111694
1132462181,unnamed,-16.4982595,-68.1112659
1345723877,unnamed,-16.4994188,-68.110743
1345724027,unnamed,-16.499512,-68.1107732
1345724026,unnamed,-16.4995879,-68.1107832
8951410535,unnamed,-16.4996367,-68.1107752
1345723906,unnamed,-16.4996869,-68.110747
1345723872,unnamed,-16.4997473,-68.1107034
8951410536,unnamed,-16.4998007,-68.110682
1345724014,unnamed,-16.4998579,-68.110682
1345724022,unnamed,-16.4999646,-68.1106967
1345723884,unnamed,-16.5000469,-68.1106941
4677285277,unnamed,-16.5001195,-68.1106847
1345723904,unnamed,-16.5002243,-68.1106632
5231541407,unnamed,-16.5003934,-68.1106317
4677261056,unnamed,-16.5006725,-68.1105754
2864688993,unnamed,-16.5009451,-68.1105016
2864688994,unnamed,-16.5011964,-68.1104184
8951410523,unnamed,-16.5013128,-68.1103722
2864688995,unnamed,-16.501361,-68.1103299
8951410537,unnamed,-16.5014698,-68.1102266
8951410538,unnamed,-16.501507,-68.1102119
8951410539,unnamed,-16.5015418,-68.1102079
2864688996,unnamed,-16.5015996,-68.1102079
2864688997,unnamed,-16.5018214,-68.1102173
8951410540,unnamed,-16.5019725,-68.1102307
2864699512,unnamed,-16.5020323,-68.1102454
1345660821,unnamed,-16.5040813,-68.1095656
1345660883,unnamed,-16.5038936,-68.109823
1345660861,unnamed,-16.5036416,-68.1100054
1345660874,unnamed,-16.5034525,-68.1101126
2865607721,unnamed,-16.5033143,-68.1101931
1345660780,unnamed,-16.5032018,-68.1102743
1345660818,unnamed,-16.5030693,-68.1103407
1345660889,unnamed,-16.5030063,-68.1103829
1345660931,unnamed,-16.5029484,-68.1103937
8951410548,unnamed,-16.5029163,-68.110393
8951410550,unnamed,-16.5028616,-68.1103809
1345660796,unnamed,-16.5027646,-68.1103447
8951410549,unnamed,-16.5026875,-68.1103252
1345661005,unnamed,-16.5026039,-68.1103125
8951410544,unnamed,-16.5025537,-68.1103155
8951410547,unnamed,-16.5025274,-68.1103266
2864699507,unnamed,-16.5024734,-68.1103661
2864699508,unnamed,-16.5024261,-68.1104208
2864699509,unnamed,-16.5023917,-68.1104362
8951410546,unnamed,-16.5023599,-68.1104386
8951410545,unnamed,-16.5023258,-68.1104181
2864699510,unnamed,-16.5022117,-68.1103353
2864699511,unnamed,-16.5021204,-68.1102837
2865647815,unnamed,-16.5044188,-68.1097264
8953205926,unnamed,-16.5044876,-68.1097606
8953205925,unnamed,-16.5045307,-68.1097975
1345660882,unnamed,-16.5046091,-68.1098726
5720716788,unnamed,-16.5046541,-68.1099498
1132461978,unnamed,-16.5001851,-68.1114605
1132462472,unnamed,-16.5001067,-68.1113344
1132462229,unnamed,-16.4999768,-68.1112057
1132463314,unnamed,-16.4997181,-68.1110493
5131131883,unnamed,-16.4962869,-68.116565
5136367366,unnamed,-16.4959483,-68.1167299
3780176196,unnamed,-16.4958884,-68.1169266
4339280652,unnamed,-16.4947893,-68.1183826
5015315121,unnamed,-16.4948162,-68.1184542
4339280646,unnamed,-16.4948135,-68.1184281
322599664,unnamed,-16.4948043,-68.1184036
5015312820,unnamed,-16.494909,-68.1184642
4127390191,unnamed,-16.4995671,-68.1164259
12469548242,unnamed,-16.4995281,-68.1163354
10839790423,unnamed,-16.4995741,-68.1164459
2865705917,unnamed,-16.4997962,-68.1170631
565307248,unnamed,-16.4998259,-68.1175268
4750240694,unnamed,-16.4998134,-68.1171149
563638061,unnamed,-16.4975645,-68.1276047
563638062,unnamed,-16.4976622,-68.1273338
563638063,unnamed,-16.4977818,-68.127016
563638064,unnamed,-16.4977882,-68.1269556
8979443201,unnamed,-16.4977882,-68.1268564
4747159505,unnamed,-16.4977483,-68.1263945
8979443200,unnamed,-16.4977124,-68.1261805
563638111,unnamed,-16.4976944,-68.1260557
8011983888,unnamed,-16.4976519,-68.1258653
563638109,unnamed,-16.4976429,-68.1258171
560232418,unnamed,-16.4977484,-68.1308961
3780176199,unnamed,-16.4975684,-68.1307845
8979443215,unnamed,-16.4975221,-68.1307308
8979443214,unnamed,-16.4974822,-68.1306624
2055469177,unnamed,-16.4974218,-68.1304908
11260254492,unnamed,-16.4974414,-68.1313882
348025217,unnamed,-16.496256,-68.1334125
560232415,unnamed,-16.4966742,-68.1326642
6932027040,unnamed,-16.4967728,-68.1325083
9425932780,unnamed,-16.4968215,-68.1324267
561047778,unnamed,-16.5001527,-68.1412027
561047783,unnamed,-16.5001467,-68.1411635
561047784,unnamed,-16.5001286,-68.1411285
3762059775,unnamed,-16.5001006,-68.1411016
561047776,unnamed,-16.5000656,-68.1410858
561047796,unnamed,-16.5000301,-68.1410827
561047797,unnamed,-16.4999953,-68.1410911
561047798,unnamed,-16.4999648,-68.1411103
561047780,unnamed,-16.5001013,-68.1413012
561047781,unnamed,-16.5001286,-68.1412749
561047782,unnamed,-16.5001463,-68.1412409
6869060836,unnamed,-16.4992648,-68.1425317
561047785,unnamed,-16.4996677,-68.1423698
5754323461,unnamed,-16.4999632,-68.149821
8992788218,unnamed,-16.4999704,-68.1498214
5754323460,unnamed,-16.4999775,-68.1498205
8992788219,unnamed,-16.4999843,-68.1498182
5754323459,unnamed,-16.4999907,-68.1498147
8992788220,unnamed,-16.4999964,-68.1498101
5754323466,unnamed,-16.5000011,-68.1498045
8992788221,unnamed,-16.5000049,-68.1497981
8992788222,unnamed,-16.5000075,-68.1497911
4377556346,unnamed,-16.5003816,-68.1527831
8980220818,unnamed,-16.5003742,-68.1527404
563631340,unnamed,-16.5003523,-68.1526921
8980220817,unnamed,-16.500306,-68.1526331
563631341,unnamed,-16.5002366,-68.1525493
563631342,unnamed,-16.5001703,-68.1524768
3545996342,unnamed,-16.5005099,-68.1528734
8979838756,unnamed,-16.5004986,-68.1528478
4377556345,unnamed,-16.5004824,-68.1528252
563631336,unnamed,-16.500462,-68.1528067
8979838757,unnamed,-16.5004436,-68.1527956
7467393635,unnamed,-16.5004237,-68.1527879
8979838758,unnamed,-16.5004029,-68.1527836
1132462433,unnamed,-16.4978988,-68.1586065
1132461974,unnamed,-16.4977222,-68.158685
1132462456,unnamed,-16.4973387,-68.1589003
8083222291,unnamed,-16.4971321,-68.1590079
1132462052,unnamed,-16.4968003,-68.1592395
1132462839,unnamed,-16.4963903,-68.1595781
1132462707,unnamed,-16.4961742,-68.159728
1132462196,unnamed,-16.4960497,-68.1597984
1132462127,unnamed,-16.4959483,-68.1598415
5443411267,unnamed,-16.4958525,-68.1598579
1132463186,unnamed,-16.4957098,-68.1598786
1132462326,unnamed,-16.4955567,-68.1598931
4436860127,unnamed,-16.4954137,-68.1598817
1132462507,unnamed,-16.4952515,-68.1598468
1132462091,unnamed,-16.4951135,-68.1597942
4266872747,unnamed,-16.4949749,-68.1597201
1132462899,unnamed,-16.4948399,-68.1596214
4267002663,unnamed,-16.494706,-68.1594882
1132462240,unnamed,-16.4946094,-68.1593587
4266874788,unnamed,-16.494501,-68.1591756
2926858982,unnamed,-16.4944291,-68.1590388
1132463175,unnamed,-16.4955932,-68.158506
412295527,unnamed,-16.4953964,-68.1586319
8982431736,unnamed,-16.495244,-68.1587091
4267002666,unnamed,-16.4950612,-68.1587813
1132462343,unnamed,-16.4948159,-68.1588773
324100658,unnamed,-16.4966631,-68.1568495
412295510,unnamed,-16.4963109,-68.1576151
412295516,unnamed,-16.4961949,-68.1578228
1132462258,unnamed,-16.4960668,-68.1580268
8982431735,unnamed,-16.4959879,-68.1581309
412295520,unnamed,-16.4958907,-68.1582429
412295522,unnamed,-16.4957381,-68.1583906
324100727,unnamed,-16.495418,-68.1538399
563628961,unnamed,-16.4955968,-68.1542796
7353410570,unnamed,-16.495959,-68.1551674
563628956,unnamed,-16.4959864,-68.1552357
1210622061,unnamed,-16.4960336,-68.1553857
563628952,unnamed,-16.4962506,-68.1559296
7353410575,unnamed,-16.4962713,-68.1559789
1210621425,unnamed,-16.4964169,-68.1563258
1132461939,unnamed,-16.4965885,-68.1567711
8982423382,unnamed,-16.4966055,-68.1568029
8982423383,unnamed,-16.4966297,-68.1568267
3891187103,unnamed,-16.49552,-68.1523445
8064063854,unnamed,-16.4954756,-68.1529482
3891187100,unnamed,-16.4954666,-68.1530795
8083306312,unnamed,-16.4954534,-68.1532612
563628977,unnamed,-16.4954377,-68.1534776
3891187127,unnamed,-16.4955429,-68.1516843
8083306310,unnamed,-16.4955388,-68.1518367
443177893,unnamed,-16.5076355,-68.1246744
11054284205,unnamed,-16.5079528,-68.124919
3297934955,unnamed,-16.5073668,-68.1244613
5468203950,unnamed,-16.505955,-68.1231029
563638019,unnamed,-16.5057951,-68.122826
8982846605,unnamed,-16.5058837,-68.1230101
7067927121,unnamed,-16.5059121,-68.1230525
563638029,unnamed,-16.503689,-68.1229426
1685345238,unnamed,-16.5051023,-68.1229482
7067927122,unnamed,-16.5056015,-68.1229329
8982846604,unnamed,-16.5056701,-68.1229175
8982846597,unnamed,-16.5016445,-68.122976
8097526814,unnamed,-16.5016767,-68.1229863
11398055766,unnamed,-16.5026884,-68.1229561
322599397,unnamed,-16.5013682,-68.1190613
4370370861,unnamed,-16.5009765,-68.1188653
4370370862,unnamed,-16.500666,-68.1187085
4370370864,unnamed,-16.5003641,-68.1185585
4127390202,unnamed,-16.4999774,-68.1183678
1345660952,unnamed,-16.4980506,-68.1086482
1345660979,unnamed,-16.498962,-68.1081853
1345660825,unnamed,-16.4990796,-68.1081445
1345723890,unnamed,-16.4992336,-68.1081319
5146225132,unnamed,-16.4999532,-68.1081155
1345723924,unnamed,-16.5000531,-68.1081138
5146225133,unnamed,-16.500177,-68.1081101
2865607708,unnamed,-16.5009687,-68.1080754
12747929441,unnamed,-16.5010425,-68.1080751
1345660945,unnamed,-16.5013759,-68.1080531
1345660932,unnamed,-16.5015302,-68.1080252
11141889074,unnamed,-16.5016974,-68.1079861
2864699513,unnamed,-16.5017571,-68.1079676
1345660790,unnamed,-16.5018625,-68.1079354
5712949884,unnamed,-16.5022219,-68.1078556
8951410559,unnamed,-16.5024711,-68.1077819
1345660958,unnamed,-16.5026006,-68.1077409
1345660867,unnamed,-16.502681,-68.1077094
1345660837,unnamed,-16.5028118,-68.1075887
9256631085,unnamed,-16.5028846,-68.1074654
9256631086,unnamed,-16.5029828,-68.1072719
9256631087,unnamed,-16.5031355,-68.1071012
5551357233,unnamed,-16.5032424,-68.1070049
1345660972,unnamed,-16.503326,-68.1069626
1345660997,unnamed,-16.5034179,-68.1069459
1345660978,unnamed,-16.5035741,-68.1069727
2865647825,unnamed,-16.5039515,-68.1070471
8951479700,unnamed,-16.5043405,-68.10709
1345660846,unnamed,-16.504408,-68.1070894
8951496339,unnamed,-16.5044753,-68.1070717
8951496338,unnamed,-16.5045113,-68.1070509
1345660911,unnamed,-16.5045293,-68.1070315
1345660897,unnamed,-16.5045409,-68.1069321
1345660903,unnamed,-16.5045577,-68.106873
8951496347,unnamed,-16.5045808,-68.1067916
1345660810,unnamed,-16.5045917,-68.1067721
8951496346,unnamed,-16.5046052,-68.1067614
8951496348,unnamed,-16.5046734,-68.1067326
8951496349,unnamed,-16.5047756,-68.1067091
1345660789,unnamed,-16.5049254,-68.1066943
9256631088,unnamed,-16.5051813,-68.1067239
9256631089,unnamed,-16.5052504,-68.106741
9256631090,unnamed,-16.5052995,-68.1067714
9256631091,unnamed,-16.5053959,-68.1069022
9256631092,unnamed,-16.505454,-68.1069689
9256631093,unnamed,-16.5055283,-68.1070265
9256631094,unnamed,-16.5056353,-68.1070602
9256631095,unnamed,-16.505836,-68.1070917
1345660782,unnamed,-16.5058956,-68.107131
1345660974,unnamed,-16.505955,-68.1072069
2865647843,unnamed,-16.5060295,-68.1073954
1345660802,unnamed,-16.5061143,-68.1075626
8951496327,unnamed,-16.5061458,-68.1076001
1345660792,unnamed,-16.5061857,-68.1076243
8951496328,unnamed,-16.5062249,-68.1076397
1345660828,unnamed,-16.5062544,-68.1076397
563638095,unnamed,-16.4994091,-68.1246664
9377926134,unnamed,-16.4994482,-68.1246765
9377926135,unnamed,-16.4994668,-68.1247087
8934233259,unnamed,-16.4994701,-68.1247589
8922962852,unnamed,-16.4994709,-68.1248195
8923000026,unnamed,-16.4994715,-68.1248773
7415946933,unnamed,-16.4994695,-68.125431
5893599227,unnamed,-16.499497,-68.1254906
565307199,unnamed,-16.4995188,-68.1263119
565307238,unnamed,-16.4984554,-68.1259898
565307215,unnamed,-16.4985492,-68.1261668
565307241,unnamed,-16.4981614,-68.1254925
563638113,unnamed,-16.4983278,-68.1253821
2213120562,unnamed,-16.4981522,-68.1248874
8940034047,unnamed,-16.4979984,-68.1243704
1132463243,unnamed,-16.5003354,-68.1114796
2864699517,unnamed,-16.5006871,-68.1114841
1132461984,unnamed,-16.5009281,-68.1114693
1132462112,unnamed,-16.5011979,-68.111437
1784996343,unnamed,-16.5013178,-68.1114015
4374189210,unnamed,-16.5014206,-68.1113862
1132462973,unnamed,-16.5021838,-68.1112554
1132461989,unnamed,-16.5023604,-68.1112247
1132462255,unnamed,-16.5028816,-68.1111293
2865607747,unnamed,-16.5031036,-68.1110836
4374189213,unnamed,-16.5032069,-68.1110609
1132461932,unnamed,-16.5033509,-68.1110381
1132463356,unnamed,-16.5035026,-68.1110783
1132462378,unnamed,-16.503745,-68.1111393
1132462003,unnamed,-16.5038961,-68.1111339
1132462547,unnamed,-16.5041212,-68.1110816
4374168540,unnamed,-16.5042382,-68.1110501
1132461941,unnamed,-16.5043654,-68.1110361
8409080945,unnamed,-16.5040818,-68.130959
8409080946,unnamed,-16.5040492,-68.1309799
8409080947,unnamed,-16.504023,-68.1310111
8409080948,unnamed,-16.504008,-68.1310454
8409080979,unnamed,-16.5040002,-68.1310705
8409080949,unnamed,-16.5039961,-68.1311114
8409080950,unnamed,-16.5039928,-68.1311518
563631345,unnamed,-16.5010145,-68.1521751
563631346,unnamed,-16.501111,-68.1520356
563631347,unnamed,-16.501174,-68.1519384
4377556335,unnamed,-16.5012325,-68.1518472
563631348,unnamed,-16.5013315,-68.1516561
563631290,unnamed,-16.5014112,-68.1514737
563631291,unnamed,-16.5014395,-68.1513711
8980220313,unnamed,-16.501462,-68.1512383
5523144083,unnamed,-16.5014832,-68.151072
563631293,unnamed,-16.5014922,-68.1510097
563631294,unnamed,-16.5015102,-68.1509413
8980220312,unnamed,-16.5015353,-68.1508789
563631295,unnamed,-16.5016041,-68.1507703
563631296,unnamed,-16.5016838,-68.150665
563631298,unnamed,-16.5017378,-68.1505819
8980220311,unnamed,-16.5017732,-68.1505168
8980220310,unnamed,-16.5017963,-68.1504518
4540036777,unnamed,-16.5018227,-68.1503666
8980220306,unnamed,-16.5018761,-68.1501963
563631301,unnamed,-16.5018973,-68.1500843
8980220305,unnamed,-16.501905,-68.1499878
563631302,unnamed,-16.5019018,-68.1498992
3778840981,unnamed,-16.5018998,-68.1498047
8980220304,unnamed,-16.5019047,-68.1497702
563631303,unnamed,-16.5019166,-68.149739
8980220303,unnamed,-16.5019416,-68.149692
1498354740,unnamed,-16.50204,-68.1495023
1498354750,unnamed,-16.5021724,-68.1493145
8992246376,unnamed,-16.5022406,-68.1492361
1498354752,unnamed,-16.5023313,-68.1491321
7223574395,unnamed,-16.5024843,-68.1489853
8992246377,unnamed,-16.5025318,-68.148937
8992246378,unnamed,-16.5025498,-68.1488901
4377546668,unnamed,-16.5025653,-68.1488344
1498354726,unnamed,-16.5013688,-68.146407
8992246338,unnamed,-16.5014086,-68.146462
1498354728,unnamed,-16.5014633,-68.1465223
1498354731,unnamed,-16.5015417,-68.1466082
8992246339,unnamed,-16.5015964,-68.1466565
8992246340,unnamed,-16.5016433,-68.1467121
1498354734,unnamed,-16.5016755,-68.1467637
2145722282,unnamed,-16.5017445,-68.1468986
1785193388,unnamed,-16.5018298,-68.1470975
7477138675,unnamed,-16.5019042,-68.1472689
1785193390,unnamed,-16.502103,-68.1477576
563631306,unnamed,-16.5023237,-68.14838
564523966,unnamed,-16.5011036,-68.1454028
324100631,unnamed,-16.5014223,-68.1453601
565884630,unnamed,-16.5016641,-68.1452611
324100637,unnamed,-16.5019754,-68.1451053
1785193392,unnamed,-16.5023994,-68.1448835
561047638,unnamed,-16.502488,-68.144835
1664233441,unnamed,-16.5032423,-68.1444594
561047623,unnamed,-16.502745,-68.1426628
561047624,unnamed,-16.5029702,-68.1433201
1663175698,unnamed,-16.5030762,-68.1437524
561047626,unnamed,-16.5031329,-68.143993
561044121,unnamed,-16.5030783,-68.1424469
561044122,unnamed,-16.5029768,-68.1425022
8979987128,unnamed,-16.5030961,-68.1423951
8992552225,unnamed,-16.5031268,-68.1422865
565884738,unnamed,-16.5031606,-68.1421846
8992552224,unnamed,-16.5031941,-68.142086
561044119,unnamed,-16.5032442,-68.1419056
8992552223,unnamed,-16.5033342,-68.1416642
561044117,unnamed,-16.5033792,-68.1415442
561044116,unnamed,-16.5034088,-68.141461
8979987127,unnamed,-16.5034274,-68.141404
8992552222,unnamed,-16.5034364,-68.1413578
8979987126,unnamed,-16.5034384,-68.1412759
561044126,unnamed,-16.5034152,-68.1410547
537353436,unnamed,-16.5033664,-68.1408998
8979987130,unnamed,-16.5033349,-68.1408542
537353600,unnamed,-16.5029163,-68.1405336
6869060848,unnamed,-16.5022752,-68.1400435
561047666,unnamed,-16.5020445,-68.1398671
8979919415,unnamed,-16.5019249,-68.1397759
8979919416,unnamed,-16.5018725,-68.1397454
8979935717,unnamed,-16.5018374,-68.1397303
537353556,unnamed,-16.5018034,-68.1397196
537353561,unnamed,-16.5018034,-68.1395352
8979919414,unnamed,-16.5018317,-68.1394105
4423940869,unnamed,-16.5018818,-68.1393079
8979919413,unnamed,-16.5019507,-68.1392093
537353565,unnamed,-16.5020451,-68.1391067
537353568,unnamed,-16.5022387,-68.1388962
12959623893,unnamed,-16.5024911,-68.1347279
11057342227,unnamed,-16.5027202,-68.1349864
12959633386,unnamed,-16.502948,-68.1352302
8409080967,unnamed,-16.5041041,-68.1314085
6264877085,unnamed,-16.5041027,-68.1315382
8409080969,unnamed,-16.5040502,-68.1316896
6760957769,unnamed,-16.5038863,-68.1321839
6264876481,unnamed,-16.5037791,-68.132428
8983450871,unnamed,-16.5015306,-68.1192092
4370370856,unnamed,-16.5020865,-68.1194893
11258055171,unnamed,-16.5025711,-68.1197313
4370368590,unnamed,-16.502625,-68.1197581
11258055173,unnamed,-16.5026846,-68.1197885
4370368591,unnamed,-16.5029637,-68.1199339
12560295235,unnamed,-16.5030251,-68.1199655
4370368596,unnamed,-16.5032765,-68.1200912
12560295217,unnamed,-16.5033536,-68.1201288
11208651076,unnamed,-16.5033795,-68.1201417
4370368594,unnamed,-16.5035446,-68.1202241
12560295226,unnamed,-16.5038409,-68.12037
7403394565,unnamed,-16.5039161,-68.1204088
11139426027,unnamed,-16.5039286,-68.120713
4412467174,unnamed,-16.5039311,-68.1207743
4368541811,unnamed,-16.5039386,-68.1209336
10291441432,unnamed,-16.5039429,-68.1210208
8143576300,unnamed,-16.5039537,-68.1212647
8264727099,unnamed,-16.5039559,-68.1213207
322599145,unnamed,-16.5039576,-68.1214107
563638030,unnamed,-16.503817,-68.1215058
4307820626,unnamed,-16.5412938,-68.0914382
8246122535,unnamed,-16.5413806,-68.091504
7152234402,unnamed,-16.5414378,-68.0915118
13027613493,unnamed,-16.5414849,-68.0915303
4307820632,unnamed,-16.541524,-68.0915618
4307820640,unnamed,-16.5416274,-68.0916864
13027613492,unnamed,-16.5417217,-68.0918039
4307820649,unnamed,-16.5418355,-68.0919203
4307820658,unnamed,-16.541958,-68.0919958
4307820662,unnamed,-16.5420745,-68.0920467
4307820680,unnamed,-16.5421942,-68.0920822
4307820692,unnamed,-16.5423254,-68.0921185
4307820695,unnamed,-16.5425733,-68.0921647
4307820698,unnamed,-16.5427417,-68.0921646
4307820708,unnamed,-16.5429076,-68.0921351
4307820713,unnamed,-16.5433915,-68.091998
8258233030,unnamed,-16.5438119,-68.0918643
4307820720,unnamed,-16.5443843,-68.0916963
4307820739,unnamed,-16.5451181,-68.0914935
8060555966,unnamed,-16.5451722,-68.0914776
4858039967,unnamed,-16.541335,-68.091589
4858039971,unnamed,-16.5414747,-68.0920882
8246122584,unnamed,-16.5413422,-68.0916152
560220096,unnamed,-16.5453253,-68.0914042
12607214371,unnamed,-16.5454055,-68.091423
8246122491,unnamed,-16.5454463,-68.0914477
4307820746,unnamed,-16.5454741,-68.0914784
11057312686,unnamed,-16.5455028,-68.0920979
413317127,unnamed,-16.5455041,-68.0921263
11057009825,unnamed,-16.5454935,-68.0922043
413317126,unnamed,-16.5454752,-68.0922598
8246122484,unnamed,-16.5454368,-68.0923287
413317125,unnamed,-16.545402,-68.092366
560220094,unnamed,-16.5453456,-68.0924136
413317124,unnamed,-16.5452661,-68.0924652
560220090,unnamed,-16.5451405,-68.0925264
11057009826,unnamed,-16.545113,-68.0925324
8959217153,unnamed,-16.5450882,-68.0925466
12607214373,unnamed,-16.5450751,-68.0925589
560220082,unnamed,-16.5450645,-68.0925737
5735224518,unnamed,-16.5450548,-68.092595
560220085,unnamed,-16.5450502,-68.0926181
560220077,unnamed,-16.5450508,-68.0926416
560220078,unnamed,-16.5450567,-68.0926643
3367300453,unnamed,-16.5450674,-68.092685
5735224517,unnamed,-16.5450824,-68.0927025
12607214375,unnamed,-16.5450998,-68.0927169
3367300454,unnamed,-16.5451212,-68.0927251
560220079,unnamed,-16.5451454,-68.092728
560220080,unnamed,-16.5451689,-68.0927252
413317054,unnamed,-16.5451911,-68.0927166
3367300455,unnamed,-16.5452106,-68.0927027
4858040343,unnamed,-16.5452433,-68.0926268
560219865,unnamed,-16.5453101,-68.092603
560219866,unnamed,-16.5454361,-68.0925045
560219867,unnamed,-16.5454952,-68.0924409
560219868,unnamed,-16.5455322,-68.0923812
560219869,unnamed,-16.5455594,-68.0923038
560219871,unnamed,-16.5455732,-68.0921807
11057312685,unnamed,-16.5455808,-68.092095
8246122511,unnamed,-16.5455426,-68.0913201
560219874,unnamed,-16.545542,-68.0912728
5735225021,unnamed,-16.5455827,-68.0912524
5735224520,unnamed,-16.5456776,-68.0912034
560219876,unnamed,-16.5457403,-68.0911657
8246122384,unnamed,-16.5457886,-68.0911391
9973429646,unnamed,-16.5466004,-68.0906928
8246481008,unnamed,-16.5472785,-68.0903247
560219882,unnamed,-16.5480627,-68.0899385
3751560262,unnamed,-16.5491438,-68.0920586
3692003295,unnamed,-16.5488356,-68.0914149
3755880958,unnamed,-16.5482349,-68.0902791
1707758948,unnamed,-16.5491334,-68.0920808
1707758913,unnamed,-16.5491308,-68.0921054
1707758967,unnamed,-16.5491363,-68.0921294
1707758943,unnamed,-16.5491493,-68.0921501
1707758965,unnamed,-16.5491683,-68.092165
1707758914,unnamed,-16.5491909,-68.0921722
1707758918,unnamed,-16.5492146,-68.0921711
1707758946,unnamed,-16.5492365,-68.0921617
3751560261,unnamed,-16.5492513,-68.0921485
1707758929,unnamed,-16.549262,-68.0921316
1707758910,unnamed,-16.5492678,-68.0921122
1707758931,unnamed,-16.5492681,-68.0920919
319791982,unnamed,-16.5526328,-68.0917795
8959483012,unnamed,-16.55226,-68.0916283
6984183927,unnamed,-16.5520234,-68.0915344
319791983,unnamed,-16.5518486,-68.09147
319791984,unnamed,-16.5516736,-68.0914199
6984183928,unnamed,-16.5514678,-68.0914015
319791985,unnamed,-16.5512685,-68.0914055
6984183929,unnamed,-16.5510809,-68.091419
5723523495,unnamed,-16.550878,-68.0914727
560219848,unnamed,-16.5504454,-68.091677
11727834183,unnamed,-16.5500541,-68.0918482
8669098660,unnamed,-16.5497154,-68.0919919
413317044,unnamed,-16.5495316,-68.0920549
13018152771,unnamed,-16.549314,-68.0920855
319791979,unnamed,-16.5542104,-68.0928658
319791980,unnamed,-16.553911,-68.0925605
8959673430,unnamed,-16.553751,-68.0924208
319791981,unnamed,-16.5536139,-68.0923231
11055719408,unnamed,-16.5529948,-68.0919874
319791966,unnamed,-16.5590611,-68.0939802
6942374518,unnamed,-16.558541,-68.0939899
8581097806,unnamed,-16.5582994,-68.0939667
319791968,unnamed,-16.5580042,-68.0939479
319791969,unnamed,-16.5574174,-68.0939002
319791970,unnamed,-16.5570318,-68.0938612
8959673433,unnamed,-16.5567486,-68.0938517
5723523492,unnamed,-16.556524,-68.0938765
319791972,unnamed,-16.5563486,-68.0939025
8959673427,unnamed,-16.5561956,-68.0938898
319791974,unnamed,-16.5560926,-68.0938505
11729886690,unnamed,-16.5560555,-68.0938271
5752081456,unnamed,-16.5558782,-68.0937154
6984183969,unnamed,-16.5555576,-68.0935172
319791976,unnamed,-16.5552992,-68.0933545
11729872861,unnamed,-16.5551293,-68.0932637
319791977,unnamed,-16.5549741,-68.0931883
319791978,unnamed,-16.5548106,-68.0931268
8959673429,unnamed,-16.554512,-68.0930671
8959673431,unnamed,-16.5543666,-68.0930019
319791964,unnamed,-16.5591688,-68.0940304
1220161068,unnamed,-16.5592833,-68.0940688
11712141743,unnamed,-16.5592977,-68.0940811
11712141739,unnamed,-16.5593152,-68.0940875
11712141740,unnamed,-16.5593325,-68.0940875
11712141744,unnamed,-16.5593489,-68.0940817
1220161038,unnamed,-16.5593627,-68.0940708
319791664,unnamed,-16.5596935,-68.0944346
319791663,unnamed,-16.559943,-68.0946831
1895107330,unnamed,-16.5623118,-68.0944535
4214177055,unnamed,-16.5622668,-68.0946521
319791897,unnamed,-16.5622483,-68.0948224
319791898,unnamed,-16.5622586,-68.0950135
4214177053,unnamed,-16.5622994,-68.0952983
8959673247,unnamed,-16.5623073,-68.095561
319791899,unnamed,-16.5622975,-68.0957993
319791901,unnamed,-16.5622613,-68.0959925
8959673246,unnamed,-16.5621792,-68.0962002
319791902,unnamed,-16.5621043,-68.096298
319791903,unnamed,-16.5620293,-68.0963443
4214264381,unnamed,-16.5619006,-68.0963315
1895107327,unnamed,-16.5616975,-68.0962903
11055680847,unnamed,-16.561633,-68.096277
8959673241,unnamed,-16.5615188,-68.096263
319791904,unnamed,-16.561451,-68.0962659
319791905,unnamed,-16.5613902,-68.0962826
319791906,unnamed,-16.5613238,-68.0963198
8959673242,unnamed,-16.5612604,-68.0963741
319791907,unnamed,-16.561211,-68.096459
319791908,unnamed,-16.5611453,-68.096648
4214264374,unnamed,-16.5610753,-68.096933
319791909,unnamed,-16.5610129,-68.0971268
8959673240,unnamed,-16.5609377,-68.0973239
319791910,unnamed,-16.560815,-68.097615
8959673239,unnamed,-16.5607134,-68.0977966
319791911,unnamed,-16.5605964,-68.0980069
8959673234,unnamed,-16.5605145,-68.0981339
319791912,unnamed,-16.5604486,-68.098215
8959673238,unnamed,-16.5603921,-68.0982566
319791913,unnamed,-16.5603394,-68.0982854
8959673413,unnamed,-16.5602854,-68.0983049
319791914,unnamed,-16.5602256,-68.0983224
10606255179,unnamed,-16.5601829,-68.098319
2454674190,unnamed,-16.560121,-68.0982924
8959673414,unnamed,-16.5600778,-68.0982679
319791915,unnamed,-16.5600296,-68.0982198
319791916,unnamed,-16.5599814,-68.098146
8959673226,unnamed,-16.5599543,-68.0980711
5723523487,unnamed,-16.5599584,-68.0979944
319791917,unnamed,-16.5599987,-68.0978483
5723523488,unnamed,-16.5600346,-68.097678
8959673225,unnamed,-16.5600521,-68.0975546
8959673417,unnamed,-16.5600694,-68.0974533
5723523489,unnamed,-16.5600829,-68.097336
319791918,unnamed,-16.5601515,-68.0967029
319791919,unnamed,-16.5601446,-68.0964803
8959673418,unnamed,-16.5601272,-68.0963952
319791920,unnamed,-16.5600957,-68.0962852
319791921,unnamed,-16.5599923,-68.0960814
319791922,unnamed,-16.5599306,-68.0959372
319791923,unnamed,-16.559901,-68.0958125
5723523490,unnamed,-16.5598894,-68.0956583
8959673421,unnamed,-16.5599022,-68.0954772
8959673420,unnamed,-16.5599327,-68.095263
4214264365,unnamed,-16.5599725,-68.0950783
319791925,unnamed,-16.5600026,-68.0949388
319791926,unnamed,-16.5600163,-68.0948093
6942374528,unnamed,-16.5600008,-68.0947399
1895107334,unnamed,-16.5623626,-68.0944126
9352567962,unnamed,-16.5624061,-68.0943571
7986292587,unnamed,-16.5624581,-68.0943295
13017484593,unnamed,-16.5625309,-68.0943186
5526665885,unnamed,-16.5643493,-68.0954086
319791880,unnamed,-16.5641357,-68.0957113
319791882,unnamed,-16.5639721,-68.0959036
4214264677,unnamed,-16.5638746,-68.0959928
319791883,unnamed,-16.5638107,-68.09603
319791884,unnamed,-16.5637509,-68.096048
4214264655,unnamed,-16.5636903,-68.0960556
4214264649,unnamed,-16.5636267,-68.0960519
319791885,unnamed,-16.563577,-68.0960303
8979901185,unnamed,-16.5635355,-68.0959883
8979901186,unnamed,-16.5635136,-68.095922
4214264653,unnamed,-16.5635087,-68.0958483
7986292859,unnamed,-16.5635075,-68.095722
319791886,unnamed,-16.5634942,-68.0956192
319791887,unnamed,-16.5634687,-68.0955366
7986292602,unnamed,-16.5634318,-68.0954728
4214264631,unnamed,-16.5633788,-68.09538
319791888,unnamed,-16.563228,-68.0951806
319791889,unnamed,-16.5631702,-68.0950861
4214264603,unnamed,-16.5631283,-68.0949804
4214264600,unnamed,-16.5631046,-68.0948672
4214264595,unnamed,-16.5630422,-68.0946074
319791890,unnamed,-16.5629794,-68.0944186
3783600049,unnamed,-16.56293,-68.0943316
319791891,unnamed,-16.5628784,-68.0942796
7986292592,unnamed,-16.5628287,-68.0942482
3783600048,unnamed,-16.5627459,-68.0942273
7986292588,unnamed,-16.5626815,-68.0942241
13017484590,unnamed,-16.5625812,-68.0942456
319791877,unnamed,-16.5645768,-68.0951575
319791875,unnamed,-16.5645784,-68.0947207
7986292598,unnamed,-16.56463,-68.0948798
7986292599,unnamed,-16.5646491,-68.0949604
319791876,unnamed,-16.5646476,-68.0950335
11055656320,unnamed,-16.5646241,-68.0950937
7986292600,unnamed,-16.5645626,-68.0946441
561057051,unnamed,-16.566881,-68.0933624
7985830682,unnamed,-16.5668037,-68.0933794
6936306811,unnamed,-16.5667266,-68.0933939
319791860,unnamed,-16.566591,-68.0934071
6936306810,unnamed,-16.5664786,-68.0934071
9246827846,unnamed,-16.566312,-68.0933773
319791861,unnamed,-16.5661478,-68.0933312
4940920047,unnamed,-16.5658256,-68.0932587
319791862,unnamed,-16.5656139,-68.0932079
319791863,unnamed,-16.5654789,-68.093158
319791865,unnamed,-16.5652752,-68.0930712
11270636071,unnamed,-16.5651565,-68.0930477
7986292594,unnamed,-16.565024,-68.0930565
319791866,unnamed,-16.5648641,-68.0930906
319791867,unnamed,-16.5647469,-68.0931325
319791868,unnamed,-16.5646699,-68.0931916
9246827841,unnamed,-16.5644798,-68.0934199
1220161169,unnamed,-16.564427,-68.0935151
319791869,unnamed,-16.5644131,-68.0936296
7986292595,unnamed,-16.5644407,-68.0937318
319791870,unnamed,-16.564502,-68.0938479
9246827845,unnamed,-16.5645828,-68.0940362
9246827844,unnamed,-16.564604,-68.0941514
11270636078,unnamed,-16.5646118,-68.0942771
9246827843,unnamed,-16.5646,-68.0943743
9246827842,unnamed,-16.564565,-68.0944993
11270636079,unnamed,-16.5645577,-68.0945777
568190068,unnamed,-16.5672158,-68.091984
8960212849,unnamed,-16.5672171,-68.0920337
561057054,unnamed,-16.567234,-68.0925016
11270636076,unnamed,-16.56723,-68.0926899
319781753,unnamed,-16.5672024,-68.0928956
7985830684,unnamed,-16.5671766,-68.0930188
561057053,unnamed,-16.5671388,-68.0931294
319781760,unnamed,-16.5670876,-68.0932193
7985830683,unnamed,-16.5670287,-68.0932864
11270636077,unnamed,-16.5669521,-68.0933343
11270627458,unnamed,-16.56724,-68.0918967
319781749,unnamed,-16.5672463,-68.0918312
7986157906,unnamed,-16.5672582,-68.0917184
561057061,unnamed,-16.5672895,-68.0916015
561057060,unnamed,-16.5673736,-68.0913671
568189497,unnamed,-16.5674751,-68.0910882
9246736528,unnamed,-16.5674965,-68.0909983
319781746,unnamed,-16.5675011,-68.0908987
568189960,unnamed,-16.5674881,-68.0906797
561057029,unnamed,-16.567484,-68.0905184
7986157885,unnamed,-16.5675006,-68.0895861
7986153673,unnamed,-16.5675027,-68.0895261
7986153666,unnamed,-16.5675057,-68.0894519
568189984,unnamed,-16.5675308,-68.0893753
568189977,unnamed,-16.5675669,-68.0892477
568189993,unnamed,-16.5679235,-68.0880832
568189991,unnamed,-16.5679839,-68.0880006
568190031,unnamed,-16.5686244,-68.0873331
568190029,unnamed,-16.5693722,-68.0866477
5903154752,unnamed,-16.5699498,-68.0859139
319791335,unnamed,-16.5699934,-68.0858274
5903154754,unnamed,-16.5700198,-68.0857627
9246571615,unnamed,-16.5701126,-68.0855776
9246596117,unnamed,-16.5701981,-68.0854502
319791334,unnamed,-16.5702868,-68.0853422
11057484083,unnamed,-16.5095874,-68.1240325
8413138593,unnamed,-16.509609,-68.1241023
418106314,unnamed,-16.509554,-68.124391
6338775638,unnamed,-16.5095778,-68.1243373
3771928242,unnamed,-16.5096013,-68.1242567
6338775639,unnamed,-16.5096117,-68.1241725
8413138577,unnamed,-16.5096071,-68.1246042
8413138578,unnamed,-16.5095759,-68.1245052
561047708,unnamed,-16.509817,-68.1248479
301732303,unnamed,-16.5101391,-68.1252521
2022141485,unnamed,-16.5119557,-68.127489
3297943099,unnamed,-16.5117538,-68.1272322
2022141486,unnamed,-16.5126526,-68.1283987
443177822,unnamed,-16.5133704,-68.1290896
443177882,unnamed,-16.5141685,-68.1289405
443177923,unnamed,-16.5138767,-68.1289968
443177838,unnamed,-16.5146546,-68.1288533
443177839,unnamed,-16.5153129,-68.1287447
443177855,unnamed,-16.5160586,-68.1286072
443517631,unnamed,-16.5161486,-68.1290162
4085835436,unnamed,-16.5166424,-68.1288989
8993199163,unnamed,-16.5169394,-68.128858
8993199164,unnamed,-16.5170037,-68.1288634
443517630,unnamed,-16.517059,-68.1288801
7329706525,unnamed,-16.5172788,-68.1290276
324099575,unnamed,-16.5177154,-68.1293058
6693975668,unnamed,-16.5176888,-68.1293728
418105522,unnamed,-16.5176854,-68.1294452
2866752150,unnamed,-16.5177052,-68.1295133
2866752151,unnamed,-16.5177456,-68.1295706
324099522,unnamed,-16.5178019,-68.1296107
324099529,unnamed,-16.5178666,-68.1296289
2866752142,unnamed,-16.5179334,-68.129624
2866752143,unnamed,-16.517995,-68.1295967
324099536,unnamed,-16.5180447,-68.1295499
324099541,unnamed,-16.5180754,-68.1294933
418105523,unnamed,-16.5180881,-68.1294296
2866752144,unnamed,-16.5180817,-68.129365
2866752145,unnamed,-16.5180566,-68.1293054
2866752147,unnamed,-16.5180154,-68.1292566
6693975666,unnamed,-16.5179618,-68.1292233
324099562,unnamed,-16.5179011,-68.1292085
8993199165,unnamed,-16.5178468,-68.129212
418105521,unnamed,-16.5177954,-68.1292304
6693975667,unnamed,-16.5177505,-68.1292624
324099614,unnamed,-16.5175398,-68.1301072
443177827,unnamed,-16.51703,-68.130983
4392701169,unnamed,-16.51685,-68.1313115
324099624,unnamed,-16.5166681,-68.1316374
4392634876,unnamed,-16.5164528,-68.1319586
324099629,unnamed,-16.5162018,-68.132271
443517484,unnamed,-16.5159824,-68.1326077
443517485,unnamed,-16.515763,-68.1329056
324099633,unnamed,-16.5157204,-68.1329846
8995328951,unnamed,-16.5156841,-68.1331019
565884763,unnamed,-16.5156723,-68.1331659
565884769,unnamed,-16.5156674,-68.1334161
324099638,unnamed,-16.5156758,-68.1338422
1785211302,unnamed,-16.515662,-68.1342556
2865723672,unnamed,-16.5156578,-68.1343944
565884761,unnamed,-16.5156176,-68.1345607
1785211304,unnamed,-16.5155604,-68.1347887
8995328950,unnamed,-16.5154922,-68.1351052
1785211293,unnamed,-16.5153502,-68.1355384
324099653,unnamed,-16.5151242,-68.1360812
565884780,unnamed,-16.515057,-68.1362183
324099657,unnamed,-16.5149764,-68.1363011
1785211255,unnamed,-16.514788,-68.1363997
565884777,unnamed,-16.5145526,-68.1365
324099662,unnamed,-16.5144981,-68.1365361
565884775,unnamed,-16.5144717,-68.136569
8995328948,unnamed,-16.514447,-68.1366173
324099668,unnamed,-16.5144498,-68.1366766
1785211231,unnamed,-16.5144662,-68.1367424
565884773,unnamed,-16.5145202,-68.1367926
10101440398,unnamed,-16.5146358,-68.1368498
2865723668,unnamed,-16.5148879,-68.1369744
324099682,unnamed,-16.515041,-68.1370501
8995328943,unnamed,-16.5151683,-68.1371346
324099688,unnamed,-16.5152711,-68.1372359
565884542,unnamed,-16.5153392,-68.1373311
324099696,unnamed,-16.5153739,-68.1374149
324099709,unnamed,-16.5154851,-68.1378561
8995328937,unnamed,-16.5155127,-68.1380063
565884535,unnamed,-16.5155327,-68.1381116
8995328942,unnamed,-16.5155642,-68.1382598
324099726,unnamed,-16.5155784,-68.1384087
565884534,unnamed,-16.5155726,-68.1386313
8995328939,unnamed,-16.5155604,-68.138758
324099743,unnamed,-16.5155398,-68.1388727
8995328940,unnamed,-16.5155154,-68.1389531
565884532,unnamed,-16.515462,-68.1390899
8995328941,unnamed,-16.5154151,-68.1391986
565884529,unnamed,-16.51532,-68.1393836
8995328830,unnamed,-16.5152418,-68.1394966
1785243383,unnamed,-16.5151643,-68.13959
11055088503,unnamed,-16.5153361,-68.1398209
4391295829,unnamed,-16.5153825,-68.13987
1785211314,unnamed,-16.5154393,-68.1398709
4391295816,unnamed,-16.5154192,-68.1398653
4391295819,unnamed,-16.5153984,-68.139866
5015321362,unnamed,-16.515938,-68.1393866
8995328826,unnamed,-16.51586,-68.1394785
8995328967,unnamed,-16.5157844,-68.1395587
5015321363,unnamed,-16.5160035,-68.1394382
1785243442,unnamed,-16.5162785,-68.1399278
443177906,unnamed,-16.5139481,-68.1266385
443177907,unnamed,-16.513145,-68.1268899
1213980480,unnamed,-16.5129573,-68.1269422
6362796397,unnamed,-16.5127349,-68.1270227
443177901,unnamed,-16.512488,-68.1271239
5523325717,unnamed,-16.5121971,-68.1272851
1213979731,unnamed,-16.5120489,-68.1273988
3297920454,unnamed,-16.5141613,-68.1267304
8023161572,unnamed,-16.5141172,-68.1266887
8023161573,unnamed,-16.514065,-68.1266585
8023161574,unnamed,-16.5140077,-68.1266415
443177828,unnamed,-16.5140432,-68.1281083
4472078921,unnamed,-16.5139686,-68.1280459
8381646387,unnamed,-16.5139686,-68.1279796
1213980116,unnamed,-16.513984,-68.1279004
1213980046,unnamed,-16.5140438,-68.1277013
1213979797,unnamed,-16.5141537,-68.1274746
8993199145,unnamed,-16.5142219,-68.1273298
1213979556,unnamed,-16.5142618,-68.1272373
8993199144,unnamed,-16.5142759,-68.1271876
8993199143,unnamed,-16.5142785,-68.1271427
8993199142,unnamed,-16.5142759,-68.1270877
1213978640,unnamed,-16.514265,-68.1270247
8381660775,unnamed,-16.5142322,-68.1269362
8373727277,unnamed,-16.514103,-68.1285355
443177840,unnamed,-16.5155983,-68.129831
443177841,unnamed,-16.5158034,-68.1306531
6107942248,unnamed,-16.5158934,-68.1309052
8993199146,unnamed,-16.5159609,-68.131038
443177845,unnamed,-16.5160188,-68.1311332
443517471,unnamed,-16.5160998,-68.1312364
443177846,unnamed,-16.516166,-68.1312975
8401123732,unnamed,-16.5162348,-68.1313558
443177847,unnamed,-16.5163068,-68.1314094
8401123731,unnamed,-16.5164206,-68.1314906
8208250486,unnamed,-16.5165633,-68.1315751
443517472,unnamed,-16.517351,-68.1321156
8995328978,unnamed,-16.5176658,-68.1323247
443517473,unnamed,-16.5177713,-68.1324109
1906157199,unnamed,-16.4882983,-68.1709641
412285410,unnamed,-16.4883844,-68.171085
4386295487,unnamed,-16.4876135,-68.1669335
6658681259,unnamed,-16.4875178,-68.1668594
412285327,unnamed,-16.4872864,-68.1665953
2863473405,unnamed,-16.4868299,-68.1659365
412285328,unnamed,-16.4867077,-68.1657742
412285330,unnamed,-16.4866333,-68.1656982
5523144057,unnamed,-16.4865423,-68.1656437
412285332,unnamed,-16.4864706,-68.1656204
412285333,unnamed,-16.4862348,-68.1656193
412285334,unnamed,-16.4858511,-68.1656321
412285336,unnamed,-16.4857449,-68.1656992
412285337,unnamed,-16.4856874,-68.1657858
412285338,unnamed,-16.485669,-68.1658969
5502322382,unnamed,-16.485698,-68.1660045
412285340,unnamed,-16.4857529,-68.1660865
412285341,unnamed,-16.4858204,-68.1662048
412285342,unnamed,-16.4859164,-68.1663974
412285343,unnamed,-16.4861123,-68.166754
11055027035,unnamed,-16.4863025,-68.1670767
412285344,unnamed,-16.4863367,-68.1671345
2863120247,unnamed,-16.4864754,-68.1673722
412285349,unnamed,-16.4868666,-68.1680175
2127146587,unnamed,-16.4869013,-68.1680856
412285350,unnamed,-16.4869503,-68.1681676
412285351,unnamed,-16.4870646,-68.168306
412285352,unnamed,-16.4871779,-68.1684124
412285353,unnamed,-16.4872698,-68.1685093
3783429355,unnamed,-16.4873324,-68.168609
6658681258,unnamed,-16.4873517,-68.168672
412285354,unnamed,-16.4873465,-68.1687471
412285355,unnamed,-16.4873298,-68.1688115
412285356,unnamed,-16.4873118,-68.1688491
8957380981,unnamed,-16.4872629,-68.168904
412285357,unnamed,-16.4871974,-68.1689496
412285358,unnamed,-16.4871549,-68.1689698
412285359,unnamed,-16.4870945,-68.1689818
412285360,unnamed,-16.487034,-68.1689832
412285361,unnamed,-16.4869594,-68.1689617
412285362,unnamed,-16.4868849,-68.1689134
412285363,unnamed,-16.4868347,-68.1688383
412285364,unnamed,-16.4867993,-68.1687275
412285365,unnamed,-16.4866778,-68.1684802
412285366,unnamed,-16.4865878,-68.1683837
412285367,unnamed,-16.4864758,-68.1682771
412285368,unnamed,-16.4863726,-68.1682102
412285369,unnamed,-16.4862052,-68.1681186
412285370,unnamed,-16.4860899,-68.1680867
412285371,unnamed,-16.4859217,-68.1680819
8957380983,unnamed,-16.4856748,-68.1680833
8957380984,unnamed,-16.4854587,-68.1680793
412285372,unnamed,-16.4852007,-68.1680509
412285373,unnamed,-16.4850564,-68.1680094
412285375,unnamed,-16.4849213,-68.1679562
412285376,unnamed,-16.4847925,-68.1679014
11055027025,unnamed,-16.4846703,-68.1678573
412285377,unnamed,-16.4845648,-68.1678574
412285378,unnamed,-16.4845127,-68.1678903
412285379,unnamed,-16.4844668,-68.1679338
412285380,unnamed,-16.4844233,-68.1679985
412285381,unnamed,-16.4843952,-68.1680788
412285382,unnamed,-16.4843855,-68.1681678
412285383,unnamed,-16.484397,-68.1682585
412285384,unnamed,-16.4844239,-68.1683115
412285385,unnamed,-16.4844783,-68.1683627
412285386,unnamed,-16.4845481,-68.1683888
8957380987,unnamed,-16.4846244,-68.1683957
412285387,unnamed,-16.4847334,-68.1683865
8957380986,unnamed,-16.4848402,-68.1683749
412285388,unnamed,-16.4849655,-68.1683655
412285389,unnamed,-16.4850767,-68.1683649
412285390,unnamed,-16.4851893,-68.1683763
412285391,unnamed,-16.4852967,-68.1683937
412285392,unnamed,-16.4853886,-68.168424
412285393,unnamed,-16.4854793,-68.1684608
412285394,unnamed,-16.4855731,-68.1685165
412285395,unnamed,-16.4856452,-68.1685835
412285396,unnamed,-16.4857275,-68.1686787
2863120274,unnamed,-16.4860511,-68.1691788
6658681257,unnamed,-16.4865059,-68.1699418
412285397,unnamed,-16.4867784,-68.1703988
412285398,unnamed,-16.4868402,-68.1704702
412285399,unnamed,-16.4869261,-68.1705319
412285400,unnamed,-16.487013,-68.17057
412285401,unnamed,-16.487139,-68.1705802
412285402,unnamed,-16.487279,-68.1705362
412285403,unnamed,-16.4875372,-68.1704831
412285404,unnamed,-16.4876689,-68.1704831
412285405,unnamed,-16.4877923,-68.1705089
412285407,unnamed,-16.4878894,-68.1705543
8777723539,unnamed,-16.4879771,-68.1706233
2863120288,unnamed,-16.4880442,-68.1706767
412285408,unnamed,-16.4881239,-68.1707528
412285409,unnamed,-16.4882247,-68.1708606
8652754178,unnamed,-16.4878229,-68.1669963
412285324,unnamed,-16.487772,-68.1669871
412285326,unnamed,-16.487695,-68.1669663
3913971496,unnamed,-16.4941821,-68.1592035
1210621657,unnamed,-16.4940866,-68.1592764
412295541,unnamed,-16.4939151,-68.1594509
412295542,unnamed,-16.4937839,-68.1596119
412295543,unnamed,-16.4936757,-68.1597809
412295545,unnamed,-16.4935545,-68.1600432
412295546,unnamed,-16.4934643,-68.1603874
4267002613,unnamed,-16.4933856,-68.1607292
5263777536,unnamed,-16.493358,-68.1608429
4340282610,unnamed,-16.4932817,-68.1610747
10603059424,unnamed,-16.4931947,-68.1612542
412295551,unnamed,-16.4931013,-68.1613942
10603059423,unnamed,-16.4930359,-68.1614733
412295552,unnamed,-16.4929756,-68.1615364
2865696067,unnamed,-16.492825,-68.1616628
412295553,unnamed,-16.4925996,-68.161878
412295554,unnamed,-16.4924845,-68.1620235
412295555,unnamed,-16.4923977,-68.1621509
412295556,unnamed,-16.4923186,-68.1622884
412295557,unnamed,-16.4922498,-68.1624486
412295558,unnamed,-16.4921924,-68.162612
563628951,unnamed,-16.4969771,-68.1562681
1132462985,unnamed,-16.497036,-68.1561548
563628945,unnamed,-16.4973195,-68.1555936
1132462345,unnamed,-16.4973613,-68.1555178
563628942,unnamed,-16.4978139,-68.1544159
1210621018,unnamed,-16.4980022,-68.1539453
8980220288,unnamed,-16.4982948,-68.1532657
11291663259,unnamed,-16.4985198,-68.1527855
4491699735,unnamed,-16.4985573,-68.1527009
1132462400,unnamed,-16.4985883,-68.152634
4412330453,unnamed,-16.4986787,-68.1524524
563631356,unnamed,-16.4987745,-68.1522561
563631357,unnamed,-16.498866,-68.1520612
8980220819,unnamed,-16.4988562,-68.1520135
4388461144,unnamed,-16.4988317,-68.1519377
9024173820,unnamed,-16.498614,-68.151576
12747946781,unnamed,-16.4983736,-68.1511689
563631379,unnamed,-16.4983399,-68.1511035
12747946780,unnamed,-16.4983056,-68.1510437
12747946784,unnamed,-16.4980567,-68.1506089
1785193276,unnamed,-16.4978295,-68.1502121
563597500,unnamed,-16.4976065,-68.1498228
3891187118,unnamed,-16.4975545,-68.1496687
12747946785,unnamed,-16.4975921,-68.1496626
9312687120,unnamed,-16.4976243,-68.1496424
12747946778,unnamed,-16.4976165,-68.1495054
563597512,unnamed,-16.4976249,-68.1493881
563597511,unnamed,-16.4977547,-68.149171
563597526,unnamed,-16.4983386,-68.147323
563597527,unnamed,-16.4983283,-68.1476086
8991975730,unnamed,-16.4983167,-68.1477548
563597529,unnamed,-16.4983013,-68.1478621
563597530,unnamed,-16.4982795,-68.1479734
8991975729,unnamed,-16.4982576,-68.1480378
8083306316,unnamed,-16.4982177,-68.1481062
563597501,unnamed,-16.4981663,-68.148192
8991975728,unnamed,-16.498066,-68.148306
563597505,unnamed,-16.4980056,-68.1483825
563597506,unnamed,-16.4979117,-68.1484884
563597507,unnamed,-16.4978551,-68.1485541
11055481084,unnamed,-16.4977959,-68.1485863
563597509,unnamed,-16.4977175,-68.1488116
8991975725,unnamed,-16.4976995,-68.1488733
8991975726,unnamed,-16.4976957,-68.1489524
563597510,unnamed,-16.4977101,-68.1490506
563597581,unnamed,-16.4982332,-68.1452617
563597539,unnamed,-16.4983296,-68.1454441
563597540,unnamed,-16.4983875,-68.1456546
563597541,unnamed,-16.4984363,-68.1458478
563597542,unnamed,-16.4984788,-68.1460342
8991975731,unnamed,-16.4985071,-68.1461723
563597543,unnamed,-16.4985337,-68.1463299
4471736502,unnamed,-16.4984762,-68.1466042
4471736501,unnamed,-16.4984042,-68.1469032
5523144112,unnamed,-16.4983476,-68.1472425
8992052929,unnamed,-16.4981747,-68.1451665
8992052928,unnamed,-16.4981348,-68.1451061
563597583,unnamed,-16.4980943,-68.1450384
8992052927,unnamed,-16.4980525,-68.1449573
324100595,unnamed,-16.4978192,-68.1444558
561047756,unnamed,-16.4977746,-68.1442628
561047760,unnamed,-16.4976457,-68.1434178
4390528467,unnamed,-16.497625,-68.143126
8998218657,unnamed,-16.4976239,-68.1430776
8998218660,unnamed,-16.4976233,-68.1430507
8998218656,unnamed,-16.497634,-68.1430005
561047759,unnamed,-16.497648,-68.1429573
8998218658,unnamed,-16.4978282,-68.1427057
4134238053,unnamed,-16.4992966,-68.1416085
561047835,unnamed,-16.4985302,-68.141972
8992030706,unnamed,-16.4984492,-68.1420176
8992030707,unnamed,-16.4983785,-68.1420994
561047836,unnamed,-16.4983206,-68.1421906
561047839,unnamed,-16.4980272,-68.1426811
12025646820,unnamed,-16.5004492,-68.1412525
12025646819,unnamed,-16.5007301,-68.1412997
537353428,unnamed,-16.5007875,-68.1413093
537353431,unnamed,-16.5012846,-68.1410936
537353433,unnamed,-16.5018166,-68.1408702
6869060845,unnamed,-16.5018089,-68.1404546
560244354,unnamed,-16.5036587,-68.1376245
560244352,unnamed,-16.5037876,-68.1375479
12025646817,unnamed,-16.5039052,-68.137487
537353625,unnamed,-16.5039669,-68.1374551
560244389,unnamed,-16.5045384,-68.1371816
537353502,unnamed,-16.5046426,-68.1371239
2005331283,unnamed,-16.5048475,-68.1370317
564523929,unnamed,-16.5050102,-68.1369431
537353499,unnamed,-16.5055312,-68.1366926
560244380,unnamed,-16.5055532,-68.1367262
537353497,unnamed,-16.5055923,-68.1367566
4422676413,unnamed,-16.5056311,-68.1367691
560244378,unnamed,-16.5056716,-68.1367687
537353493,unnamed,-16.5057102,-68.1367555
2865705974,unnamed,-16.5057431,-68.1367308
2865705975,unnamed,-16.5057672,-68.1366968
560244373,unnamed,-16.5057804,-68.1366568
8980047297,unnamed,-16.5057794,-68.1366034
560244366,unnamed,-16.505759,-68.1365545
4319038745,unnamed,-16.5067686,-68.1357615
4392739404,unnamed,-16.5064473,-68.1359954
565826455,unnamed,-16.5061888,-68.1361999
4319038747,unnamed,-16.5067843,-68.1357825
4319038756,unnamed,-16.5068048,-68.1357983
4319038774,unnamed,-16.5068286,-68.1358078
4319038788,unnamed,-16.506854,-68.1358103
4319038803,unnamed,-16.5068791,-68.1358056
4319038819,unnamed,-16.5069021,-68.1357941
4319038826,unnamed,-16.506921,-68.1357769
4319038829,unnamed,-16.5069349,-68.135755
4319038831,unnamed,-16.5069428,-68.1357302
4319038832,unnamed,-16.5069441,-68.135704
4319038830,unnamed,-16.5069388,-68.1356787
4319038828,unnamed,-16.5069273,-68.1356557
4319038822,unnamed,-16.5069105,-68.1356366
4319038811,unnamed,-16.5068895,-68.1356227
4319038795,unnamed,-16.5068658,-68.1356151
4319038780,unnamed,-16.506841,-68.1356142
4319038765,unnamed,-16.5068168,-68.13562
3927891639,unnamed,-16.5067951,-68.1355588
8980047296,unnamed,-16.5067874,-68.1355052
565826460,unnamed,-16.5067996,-68.1352416
565826461,unnamed,-16.5067848,-68.1349037
565826465,unnamed,-16.5067649,-68.134785
565826477,unnamed,-16.5066967,-68.1343082
8980070112,unnamed,-16.5066949,-68.1342408
8980070107,unnamed,-16.506706,-68.1342008
8980070113,unnamed,-16.5067208,-68.1341605
565826478,unnamed,-16.5067608,-68.1340942
443517584,unnamed,-16.5077752,-68.1339116
443517585,unnamed,-16.5073123,-68.1339128
443517586,unnamed,-16.5071489,-68.1339099
4377607180,unnamed,-16.5070233,-68.1339052
8980070116,unnamed,-16.5069397,-68.1339213
443517587,unnamed,-16.5068561,-68.133975
443517529,unnamed,-16.5152316,-68.1318233
443517546,unnamed,-16.5149741,-68.1318694
443517547,unnamed,-16.5147324,-68.1319214
8993117574,unnamed,-16.5145916,-68.1319392
2865723653,unnamed,-16.5144803,-68.1319472
6093366947,unnamed,-16.5142479,-68.1319747
3297944633,unnamed,-16.5141338,-68.1320086
5523325713,unnamed,-16.5140641,-68.1320414
443517548,unnamed,-16.513986,-68.132086
443384231,unnamed,-16.5137986,-68.1322054
2926928202,unnamed,-16.5136246,-68.1323288
443517549,unnamed,-16.513435,-68.1324622
6659788883,unnamed,-16.5131772,-68.132591
4337987814,unnamed,-16.513145,-68.1326061
443517553,unnamed,-16.5130255,-68.132656
443517501,unnamed,-16.5126011,-68.1328545
6772768688,unnamed,-16.5124085,-68.1329286
443517561,unnamed,-16.5117743,-68.1331611
565826385,unnamed,-16.5111721,-68.1333962
10678083594,unnamed,-16.5109003,-68.1335187
8995320959,unnamed,-16.5106371,-68.1336018
6093366946,unnamed,-16.5105619,-68.1336424
443517573,unnamed,-16.5104352,-68.133745
443517575,unnamed,-16.5103015,-68.1338784
8995320958,unnamed,-16.5101504,-68.1340179
5523325712,unnamed,-16.5100453,-68.134098
2926928090,unnamed,-16.5099064,-68.1341674
443517577,unnamed,-16.5097479,-68.1342129
443517578,unnamed,-16.5096155,-68.1342385
443517579,unnamed,-16.5094137,-68.1342358
8980074600,unnamed,-16.5093301,-68.1342191
443517580,unnamed,-16.5092317,-68.1341902
8980074599,unnamed,-16.5089103,-68.1340373
443517581,unnamed,-16.508801,-68.1339984
443517582,unnamed,-16.5086297,-68.1339539
443517583,unnamed,-16.508398,-68.1339493
2586278778,unnamed,-16.5034574,-68.1625508
6164710586,unnamed,-16.503045,-68.1625183
271098335,unnamed,-16.501908,-68.1624792
4185944998,unnamed,-16.5016873,-68.162469
6975497761,unnamed,-16.5014733,-68.1624921
271098336,unnamed,-16.5012081,-68.1625649
271098337,unnamed,-16.5006791,-68.1627185
2586278777,unnamed,-16.4999886,-68.1629284
271098339,unnamed,-16.4995753,-68.1629896
9581634536,unnamed,-16.4989383,-68.1630507
6582512165,unnamed,-16.4983013,-68.1631118
6582512164,unnamed,-16.4981509,-68.1631453
4894368671,unnamed,-16.4979657,-68.1632138
271098342,unnamed,-16.4978269,-68.1632728
271098343,unnamed,-16.4976275,-68.1633867
2586278772,unnamed,-16.4974346,-68.1635369
2586278769,unnamed,-16.496617,-68.1642176
271098346,unnamed,-16.4960021,-68.164815
271098348,unnamed,-16.495835,-68.1650028
2586278768,unnamed,-16.4956601,-68.165212
6179117396,unnamed,-16.4955444,-68.1653836
4894368691,unnamed,-16.4953772,-68.1656612
11055079792,unnamed,-16.4947428,-68.1666602
271098350,unnamed,-16.4946067,-68.166852
271098351,unnamed,-16.4943478,-68.1671403
271098352,unnamed,-16.4940635,-68.1674
6179117399,unnamed,-16.4924093,-68.1686827
271098355,unnamed,-16.492075,-68.1689188
11055128416,unnamed,-16.4917549,-68.1690961
2586278763,unnamed,-16.4914988,-68.1692138
271098356,unnamed,-16.4911336,-68.1693426
271098358,unnamed,-16.4907916,-68.1694257
11057139339,unnamed,-16.4906532,-68.1694395
11055128417,unnamed,-16.4904954,-68.1694552
6179117405,unnamed,-16.4902332,-68.169469
271098359,unnamed,-16.489982,-68.1694628
271098360,unnamed,-16.48976,-68.1694469
271098361,unnamed,-16.4893163,-68.1693748
271098362,unnamed,-16.4890612,-68.1693091
271098363,unnamed,-16.4887839,-68.1692186
6179117407,unnamed,-16.4884843,-68.1690808
3778933018,unnamed,-16.4882631,-68.1689632
6179117408,unnamed,-16.4880525,-68.1688222
271098364,unnamed,-16.4878622,-68.1686833
2586278750,unnamed,-16.487604,-68.1684592
271098365,unnamed,-16.4874021,-68.1682586
4894368703,unnamed,-16.4872778,-68.1681164
2586278746,unnamed,-16.4871774,-68.1679795
271098366,unnamed,-16.4870512,-68.1677926
4894368705,unnamed,-16.4864655,-68.16685
11055027028,unnamed,-16.4864344,-68.1667934
271098368,unnamed,-16.4862142,-68.1663902
271098369,unnamed,-16.4861289,-68.166173
271098371,unnamed,-16.4860684,-68.1659608
271098372,unnamed,-16.486023,-68.1656944
271098373,unnamed,-16.4860062,-68.1654955
271098390,unnamed,-16.4780792,-68.1597387
2586278729,unnamed,-16.4775665,-68.1596755
6179117431,unnamed,-16.4771834,-68.159615
2586278728,unnamed,-16.4765968,-68.1594754
8319303046,unnamed,-16.4762473,-68.1593915
271098391,unnamed,-16.4757157,-68.1592639
10547788340,unnamed,-16.4755374,-68.1592453
271098393,unnamed,-16.4753725,-68.1592408
10547788341,unnamed,-16.4752057,-68.1592522
2586278722,unnamed,-16.4750298,-68.159287
271098396,unnamed,-16.4746012,-68.1594218
2586278721,unnamed,-16.4743382,-68.159552
11142842728,unnamed,-16.4742292,-68.1596028
271098397,unnamed,-16.4734457,-68.1599677
4894632897,unnamed,-16.4732875,-68.1600254
2586278717,unnamed,-16.4731293,-68.160067
271098398,unnamed,-16.4729441,-68.1601045
271098399,unnamed,-16.4727615,-68.1601286
2586278715,unnamed,-16.4724914,-68.160126
271098400,unnamed,-16.4723063,-68.1601032
4894632898,unnamed,-16.4720566,-68.1600282
271098401,unnamed,-16.4718738,-68.1599451
271098402,unnamed,-16.4716684,-68.1598
271098403,unnamed,-16.4714549,-68.1596123
271098404,unnamed,-16.4712594,-68.1593602
271098405,unnamed,-16.4711179,-68.1591188
2586278708,unnamed,-16.4701663,-68.1571259
2586278707,unnamed,-16.4700093,-68.1568684
271098409,unnamed,-16.4698755,-68.1566914
2586278703,unnamed,-16.4696647,-68.1564955
271098410,unnamed,-16.4694486,-68.1563132
271098411,unnamed,-16.4692248,-68.1561683
271098412,unnamed,-16.4690344,-68.1560799
2586278701,unnamed,-16.468821,-68.1560262
1362349786,unnamed,-16.4672761,-68.1556947
271099201,unnamed,-16.4669779,-68.1556075
1362349780,unnamed,-16.4667579,-68.1555228
10547788352,unnamed,-16.4665776,-68.1554274
271099202,unnamed,-16.4663884,-68.1553041
2586278699,unnamed,-16.4661202,-68.1550835
271099203,unnamed,-16.4656245,-68.1546624
271099204,unnamed,-16.4654016,-68.1545
5523325323,unnamed,-16.4651596,-68.1543345
2586278696,unnamed,-16.464953,-68.1542121
10547788366,unnamed,-16.4647616,-68.1541134
2586278694,unnamed,-16.4640975,-68.15382
271099206,unnamed,-16.4637108,-68.153603
2586278692,unnamed,-16.463423,-68.1533775
271099207,unnamed,-16.4632455,-68.1532005
271099208,unnamed,-16.4631092,-68.1530047
2379758673,unnamed,-16.4630063,-68.1528062
4894632902,unnamed,-16.4625209,-68.1517052
6179117435,unnamed,-16.4808889,-68.1601098
6179117411,unnamed,-16.486012,-68.1651073
1502657442,unnamed,-16.4860422,-68.164773
6179117414,unnamed,-16.4863828,-68.1618502
6179117416,unnamed,-16.4863992,-68.1616181
3778933015,unnamed,-16.4864014,-68.1613854
271098374,unnamed,-16.4863796,-68.1611498
271098375,unnamed,-16.4863376,-68.1609122
4894368707,unnamed,-16.4862758,-68.1606983
6179117419,unnamed,-16.4861976,-68.1605029
271098376,unnamed,-16.4860982,-68.1603118
6179117421,unnamed,-16.4859899,-68.1601452
271098377,unnamed,-16.485862,-68.1599846
271098378,unnamed,-16.4857233,-68.1598415
271098379,unnamed,-16.4855884,-68.1597256
271098380,unnamed,-16.4854175,-68.159605
6179117423,unnamed,-16.4852527,-68.1595116
6179117425,unnamed,-16.4850677,-68.159426
1498477005,unnamed,-16.4848842,-68.1593573
271098381,unnamed,-16.4846977,-68.159308
6179117427,unnamed,-16.4845152,-68.159274
271098382,unnamed,-16.4843601,-68.1592615
271098383,unnamed,-16.4842191,-68.159261
271098384,unnamed,-16.4840724,-68.1592711
1498477002,unnamed,-16.4839211,-68.1592976
10609339990,unnamed,-16.4837532,-68.159345
1689421495,unnamed,-16.4837232,-68.1593535
271098385,unnamed,-16.4835032,-68.1594359
1498476998,unnamed,-16.4832954,-68.1595386
6179117429,unnamed,-16.482421,-68.1600015
10602991474,unnamed,-16.4822734,-68.1600657
271098387,unnamed,-16.4821613,-68.1601022
2586278733,unnamed,-16.4819402,-68.1601623
271098388,unnamed,-16.4817729,-68.1601885
1498476995,unnamed,-16.4815403,-68.1601914
271098389,unnamed,-16.4812106,-68.1601503
4894632907,unnamed,-16.4624666,-68.1515574
271099212,unnamed,-16.4623519,-68.1512934
1361359773,unnamed,-16.4622529,-68.1510898
271099214,unnamed,-16.4621108,-68.150876
4894632903,unnamed,-16.4619158,-68.1506467
4894632910,unnamed,-16.4617293,-68.1504674
7892279285,unnamed,-16.4616155,-68.1503699
9627962433,unnamed,-16.4605156,-68.1494473
9627962434,unnamed,-16.46036,-68.1493011
271099215,unnamed,-16.4602314,-68.149175
2586278685,unnamed,-16.4601195,-68.1490436
2586278684,unnamed,-16.4600308,-68.1489001
271099216,unnamed,-16.4599665,-68.1487446
9627962435,unnamed,-16.4599202,-68.1486078
2586278683,unnamed,-16.4598829,-68.1484602
271099217,unnamed,-16.459862,-68.1482389
9627962436,unnamed,-16.4598649,-68.1481075
271099218,unnamed,-16.4598809,-68.1479815
9627962431,unnamed,-16.4599099,-68.1478601
271099219,unnamed,-16.4599472,-68.1477441
271099220,unnamed,-16.4599954,-68.1476328
9627962432,unnamed,-16.4600539,-68.1475369
595374343,unnamed,-16.460132,-68.1474289
11060322607,unnamed,-16.4602056,-68.1473524
9627962437,unnamed,-16.4602263,-68.147331
2379758680,unnamed,-16.4603613,-68.147213
271099222,unnamed,-16.4604481,-68.1471527
9627962430,unnamed,-16.4605523,-68.1470943
2379758685,unnamed,-16.4606803,-68.1470373
271099223,unnamed,-16.4607671,-68.1470085
271099224,unnamed,-16.4608623,-68.1469837
9627962429,unnamed,-16.4609523,-68.146973
9627962439,unnamed,-16.4610584,-68.1469676
271099225,unnamed,-16.4611934,-68.1469783
271099226,unnamed,-16.4613285,-68.1470025
9627962438,unnamed,-16.4614944,-68.1470588
271099227,unnamed,-16.4615986,-68.1471138
271099229,unnamed,-16.4617838,-68.1472385
2586278689,unnamed,-16.4619381,-68.1473833
9627962428,unnamed,-16.4620912,-68.1475778
271099230,unnamed,-16.4622378,-68.1477991
4794166507,unnamed,-16.4623535,-68.1480418
4794166508,unnamed,-16.4625327,-68.1484968
271099231,unnamed,-16.4627611,-68.1492389
7892240672,unnamed,-16.462889,-68.1497437
4357914228,unnamed,-16.4630298,-68.1502997
271099233,unnamed,-16.46313,-68.1506959
7892240677,unnamed,-16.4632266,-68.1509575
271099234,unnamed,-16.4633554,-68.1511988
271099235,unnamed,-16.4635549,-68.1514855
4794166490,unnamed,-16.4637216,-68.1516905
271099236,unnamed,-16.4639291,-68.1518726
271099237,unnamed,-16.4642463,-68.1520713
271099238,unnamed,-16.4646217,-68.1522643
2586278698,unnamed,-16.4654032,-68.1525956
7891980506,unnamed,-16.4655729,-68.1526727
271099240,unnamed,-16.4659801,-68.1528575
10603059406,unnamed,-16.4661469,-68.1529045
271099242,unnamed,-16.4663176,-68.1529393
10603059407,unnamed,-16.4664702,-68.1529561
271099243,unnamed,-16.4666344,-68.1529607
271099244,unnamed,-16.4670225,-68.15292
271099245,unnamed,-16.4699179,-68.1525337
271099246,unnamed,-16.4703906,-68.1525045
271099247,unnamed,-16.4707735,-68.1524768
271099248,unnamed,-16.471635,-68.152479
271099250,unnamed,-16.472134,-68.1524816
5523325117,unnamed,-16.4723813,-68.1524894
271099251,unnamed,-16.4726226,-68.1525219
271099252,unnamed,-16.4729081,-68.152597
271099253,unnamed,-16.4743653,-68.1530007
271099254,unnamed,-16.4749062,-68.1531595
271099255,unnamed,-16.4751787,-68.1532078
9412858868,unnamed,-16.4753756,-68.1532334
271099256,unnamed,-16.4756765,-68.1532387
271099258,unnamed,-16.4758783,-68.1532155
5523325105,unnamed,-16.4761649,-68.153147
8982465554,unnamed,-16.4764691,-68.153043
271099259,unnamed,-16.4766215,-68.1529782
8982465555,unnamed,-16.4768753,-68.1528189
5297634457,unnamed,-16.4771023,-68.1526673
8982465556,unnamed,-16.4771936,-68.1525975
1368284494,unnamed,-16.4773698,-68.1524366
4196465835,unnamed,-16.477984,-68.1518561
4196465836,unnamed,-16.4787067,-68.1512266
271099261,unnamed,-16.4794383,-68.1504797
271099263,unnamed,-16.479618,-68.1503046
271099265,unnamed,-16.4797278,-68.1501391
271099266,unnamed,-16.4803374,-68.14905
2586278730,unnamed,-16.4804635,-68.1488758
271099267,unnamed,-16.4805612,-68.1487658
271099268,unnamed,-16.4807541,-68.1485914
271099269,unnamed,-16.4809822,-68.1483892
271099270,unnamed,-16.4811905,-68.1482792
2586278732,unnamed,-16.4821576,-68.1478956
271099271,unnamed,-16.4830549,-68.1475518
271099272,unnamed,-16.4837304,-68.147276
271099273,unnamed,-16.4841521,-68.1470896
5523325089,unnamed,-16.4843374,-68.1469823
271099274,unnamed,-16.4845495,-68.1468295
9261855336,unnamed,-16.4847141,-68.1466699
271099275,unnamed,-16.4848646,-68.1464888
570998183,unnamed,-16.4851346,-68.1461803
271099277,unnamed,-16.4853431,-68.145938
570998118,unnamed,-16.4855924,-68.1457078
5724206761,unnamed,-16.4857545,-68.1455849
271099278,unnamed,-16.4858844,-68.1455031
6919566827,unnamed,-16.4861102,-68.1453813
413764440,unnamed,-16.486872,-68.1450538
570998136,unnamed,-16.4874396,-68.1448145
2586278749,unnamed,-16.4876976,-68.1446984
301730179,unnamed,-16.4878943,-68.1445657
413762518,unnamed,-16.4881387,-68.1443713
413761359,unnamed,-16.4885762,-68.1439944
10949334595,unnamed,-16.4893109,-68.1432639
413763542,unnamed,-16.4894623,-68.1431056
301730182,unnamed,-16.4896664,-68.1428331
570998174,unnamed,-16.4897849,-68.1426394
413763540,unnamed,-16.4899398,-68.1423305
11305159921,unnamed,-16.4901016,-68.1419109
7050269716,unnamed,-16.4904711,-68.1409424
563629162,unnamed,-16.4905148,-68.1408485
413524909,unnamed,-16.4908291,-68.1401382
11059913140,unnamed,-16.4908489,-68.1400894
4411975106,unnamed,-16.490886,-68.14
4411873436,unnamed,-16.4910586,-68.1396044
3923794971,unnamed,-16.4911839,-68.1393098
561579243,unnamed,-16.5088437,-68.1355203
7467591598,unnamed,-16.5087946,-68.1355132
565826413,unnamed,-16.5086467,-68.1354998
565826415,unnamed,-16.5083741,-68.1354978
3927891635,unnamed,-16.5081255,-68.1355112
565826438,unnamed,-16.5080402,-68.1355125
7467591597,unnamed,-16.5078431,-68.1355199
565826436,unnamed,-16.5077305,-68.1355239
565826445,unnamed,-16.5073406,-68.1355822
565826446,unnamed,-16.5071095,-68.1356393
6040647296,unnamed,-16.5089286,-68.1354328
7329706494,unnamed,-16.5088907,-68.1354505
7329706496,unnamed,-16.5088611,-68.135481
4392268996,unnamed,-16.5090683,-68.1355866
561579241,unnamed,-16.5090726,-68.1355357
2865705988,unnamed,-16.5090564,-68.1354876
2865705990,unnamed,-16.5090227,-68.1354505
12444979226,unnamed,-16.5089775,-68.1354311
324100361,unnamed,-16.5089497,-68.1356725
11059754245,unnamed,-16.5090005,-68.1356638
11059754246,unnamed,-16.5090428,-68.1356332
8558467252,unnamed,-16.5088698,-68.1356322
2865705987,unnamed,-16.508901,-68.135658
561579244,unnamed,-16.5088403,-68.1355599
7329706495,unnamed,-16.5088493,-68.1355986
561047597,unnamed,-16.5091546,-68.1429332
8979555641,unnamed,-16.5091546,-68.1429192
8979555640,unnamed,-16.5091558,-68.1428893
8979555639,unnamed,-16.5091751,-68.142831
8992471363,unnamed,-16.5092098,-68.1427753
1785193732,unnamed,-16.5092581,-68.1427223
8992471362,unnamed,-16.5094201,-68.1425916
1785193748,unnamed,-16.5095313,-68.142491
8992471361,unnamed,-16.5095911,-68.1424474
1785193773,unnamed,-16.5096392,-68.1424274
8992471360,unnamed,-16.5096779,-68.1424192
1785193802,unnamed,-16.509728,-68.1424159
8992471359,unnamed,-16.5097576,-68.1424206
1785193827,unnamed,-16.5099487,-68.1424519
8980026778,unnamed,-16.5094098,-68.1411894
1785193753,unnamed,-16.5094522,-68.1413269
5136682944,unnamed,-16.5094882,-68.1414194
8992471347,unnamed,-16.5095255,-68.1414992
8992471348,unnamed,-16.5095634,-68.1415603
1785193771,unnamed,-16.509739,-68.1417896
1785193815,unnamed,-16.5098199,-68.1419894
8979555644,unnamed,-16.5098854,-68.142123
1785193829,unnamed,-16.5099232,-68.1422114
8979555645,unnamed,-16.5099427,-68.1422898
8979555646,unnamed,-16.5099462,-68.1423621
1785193751,unnamed,-16.5094638,-68.1411713
1785193841,unnamed,-16.5099907,-68.1410559
1785193854,unnamed,-16.5102636,-68.1410286
565826326,unnamed,-16.5106968,-68.1410543
4595780862,unnamed,-16.5110459,-68.1410638
324100368,unnamed,-16.5116703,-68.1409605
1785193904,unnamed,-16.5116561,-68.1402977
1785193902,unnamed,-16.5116663,-68.140625
11146710088,unnamed,-16.5116693,-68.1408782
3778921703,unnamed,-16.5116715,-68.1398289
8995328866,unnamed,-16.5116542,-68.1400401
324100365,unnamed,-16.5116355,-68.1393625
8995328863,unnamed,-16.5116561,-68.1394266
8995328865,unnamed,-16.5116702,-68.1394983
8995328864,unnamed,-16.5116812,-68.1396016
10050161587,unnamed,-16.5091243,-68.1357804
565826399,unnamed,-16.5092787,-68.1359351
565826400,unnamed,-16.5095184,-68.1361402
565826398,unnamed,-16.5096072,-68.1362233
561579238,unnamed,-16.5098624,-68.1364319
324100364,unnamed,-16.5101106,-68.1366766
8995328857,unnamed,-16.5101826,-68.1367578
2865713191,unnamed,-16.5102485,-68.1368597
8995328858,unnamed,-16.5103054,-68.1369589
565826363,unnamed,-16.5103992,-68.1371574
1785193863,unnamed,-16.5105555,-68.1374632
1785193883,unnamed,-16.5109586,-68.1382065
1785193896,unnamed,-16.5113964,-68.1389428
8995328862,unnamed,-16.5115127,-68.1391379
8995328861,unnamed,-16.5115867,-68.1392603
11059754241,unnamed,-16.5091024,-68.1357339
11059754248,unnamed,-16.5090848,-68.135686
11059754247,unnamed,-16.5090723,-68.1356363
565884544,unnamed,-16.5087019,-68.1429596
1210621557,unnamed,-16.4909614,-68.1596407
1210621012,unnamed,-16.4904418,-68.1605592
1210621066,unnamed,-16.4903828,-68.1606548
1210621575,unnamed,-16.4903159,-68.1607085
1210621376,unnamed,-16.4900176,-68.1608196
1210622081,unnamed,-16.4894512,-68.1610599
1210621799,unnamed,-16.4890723,-68.1612262
1210620902,unnamed,-16.4888627,-68.1613114
1210621251,unnamed,-16.4911394,-68.1593669
563628969,unnamed,-16.4906778,-68.1569856
8982522022,unnamed,-16.4907575,-68.1570735
1210621217,unnamed,-16.4908469,-68.1571566
1210621694,unnamed,-16.4912074,-68.1574307
1210621448,unnamed,-16.4914402,-68.1576667
1210622085,unnamed,-16.4915066,-68.157738
1210621379,unnamed,-16.4915658,-68.158166
1210621688,unnamed,-16.4916018,-68.1584502
1210621300,unnamed,-16.4916044,-68.1585977
1210622007,unnamed,-16.4915838,-68.158705
1210620818,unnamed,-16.4915041,-68.1588686
1210621103,unnamed,-16.491391,-68.1590725
1210620840,unnamed,-16.4912865,-68.1592274
6845761208,unnamed,-16.4912175,-68.1593003
8982522019,unnamed,-16.4907762,-68.156879
563628968,unnamed,-16.4908777,-68.1567536
7367447292,unnamed,-16.4909485,-68.1562058
1210621020,unnamed,-16.4909761,-68.1560154
1210620768,unnamed,-16.4909913,-68.1559266
537341978,unnamed,-16.4910925,-68.1552637
537341855,unnamed,-16.4912643,-68.1542719
537341871,unnamed,-16.4914342,-68.1532796
537341887,unnamed,-16.4915803,-68.1522711
563631399,unnamed,-16.4917042,-68.1515185
537341765,unnamed,-16.4917539,-68.1512127
537341965,unnamed,-16.4918147,-68.1508788
8952543442,unnamed,-16.4919158,-68.1509165
563631493,unnamed,-16.4927017,-68.1512092
8964038473,unnamed,-16.4930671,-68.1513715
4386482127,unnamed,-16.4931051,-68.1513884
4386482128,unnamed,-16.4932321,-68.1514393
8964038470,unnamed,-16.4932562,-68.1514494
537341784,unnamed,-16.4941409,-68.1518109
412046195,unnamed,-16.4945651,-68.141963
8992052944,unnamed,-16.4946766,-68.1421951
8992052945,unnamed,-16.4947632,-68.1423989
324100647,unnamed,-16.494819,-68.1425446
324100653,unnamed,-16.4950224,-68.1432003
563597638,unnamed,-16.4952351,-68.1439429
324100586,unnamed,-16.495304,-68.1442659
563629110,unnamed,-16.4955225,-68.1452912
8083319343,unnamed,-16.4955392,-68.1453755
4209870140,unnamed,-16.4926499,-68.1383682
10960140802,unnamed,-16.4927378,-68.138417
10960200106,unnamed,-16.4928552,-68.1384936
8526214453,unnamed,-16.4945081,-68.1369601
2678308359,unnamed,-16.4946386,-68.1369701
5724206749,unnamed,-16.4948487,-68.1369589
2678308360,unnamed,-16.4950056,-68.1369482
9261855605,unnamed,-16.495066,-68.1369334
2678308357,unnamed,-16.4950904,-68.1369214
4729720415,unnamed,-16.4952915,-68.1366208
2678308354,unnamed,-16.495345,-68.1365466
560232404,unnamed,-16.4960832,-68.1353047
10250845436,unnamed,-16.4954354,-68.1348985
1990332837,unnamed,-16.4954023,-68.1348777
10250845435,unnamed,-16.4953677,-68.1348571
560232434,unnamed,-16.4933341,-68.1334753
413770630,unnamed,-16.4937797,-68.1327563
413524864,unnamed,-16.4946793,-68.1312329
564539498,unnamed,-16.4949894,-68.1308274
413310188,unnamed,-16.4960026,-68.1286871
413310191,unnamed,-16.4958775,-68.1288886
564539497,unnamed,-16.4956292,-68.1294275
4362065441,unnamed,-16.4954685,-68.1297784
413310196,unnamed,-16.4952492,-68.1302909
4412035609,unnamed,-16.4962349,-68.1283486
9382843627,unnamed,-16.4961874,-68.1284043
9426020489,unnamed,-16.4960636,-68.1285879
9377341734,unnamed,-16.4963862,-68.1281183
9377341732,unnamed,-16.4964287,-68.1280634
9377341730,unnamed,-16.496472,-68.1280073
4412035605,unnamed,-16.496516,-68.1279505
413310182,unnamed,-16.4966276,-68.1277853
10837581820,unnamed,-16.4966118,-68.1278254
6887159940,unnamed,-16.496346,-68.1261954
321807134,unnamed,-16.4964185,-68.126289
321807137,unnamed,-16.4964561,-68.1264639
321807143,unnamed,-16.4964551,-68.1267063
7455393159,unnamed,-16.4964472,-68.1270058
2049640496,unnamed,-16.496457,-68.1272731
321807147,unnamed,-16.4964821,-68.1274418
6887159939,unnamed,-16.4965562,-68.1276401
10837581819,unnamed,-16.4966125,-68.1277388
321807131,unnamed,-16.4962399,-68.1260798
7455446903,unnamed,-16.4961532,-68.1260512
7455446899,unnamed,-16.4960783,-68.1260264
4362105347,unnamed,-16.4958537,-68.125952
4362291501,unnamed,-16.4953015,-68.1257535
321807127,unnamed,-16.4951346,-68.1257172
4362291502,unnamed,-16.4949621,-68.1257101
4528465689,unnamed,-16.4947559,-68.1257376
4362291516,unnamed,-16.4946356,-68.1257431
6097066155,unnamed,-16.4945693,-68.1257461
321807116,unnamed,-16.4944581,-68.1257349
4362291503,unnamed,-16.4943568,-68.1256927
321807111,unnamed,-16.4942336,-68.1255896
4747166805,unnamed,-16.4936129,-68.1250598
321807109,unnamed,-16.4934851,-68.1249543
4362291505,unnamed,-16.4933742,-68.1248889
321807108,unnamed,-16.4932977,-68.1248585
7440770294,unnamed,-16.4931991,-68.1248597
7440770295,unnamed,-16.4930875,-68.1249053
4362291507,unnamed,-16.4929657,-68.1249834
7440770299,unnamed,-16.4928679,-68.1250681
321807105,unnamed,-16.4926862,-68.1251878
321807104,unnamed,-16.4925621,-68.1251825
7440770306,unnamed,-16.4924027,-68.1251785
321807098,unnamed,-16.492254,-68.125161
8979633578,unnamed,-16.4922273,-68.1251592
4362291517,unnamed,-16.4921051,-68.1251251
4362291518,unnamed,-16.4919699,-68.1251044
4362291519,unnamed,-16.4918,-68.1251032
4362291520,unnamed,-16.4915835,-68.1251068
4362291521,unnamed,-16.4912751,-68.1251524
4362291522,unnamed,-16.4907929,-68.1252364
4154486974,unnamed,-16.490701,-68.1252716
7440770366,unnamed,-16.4892455,-68.125578
7440770364,unnamed,-16.4893005,-68.1255852
321807089,unnamed,-16.4893699,-68.1255795
321807090,unnamed,-16.4898504,-68.1253967
8979633569,unnamed,-16.4900316,-68.1253436
321807092,unnamed,-16.4901173,-68.125329
321807082,unnamed,-16.4889591,-68.1253396
321807080,unnamed,-16.4887759,-68.1251606
4362292620,unnamed,-16.4887188,-68.1251088
4362292621,unnamed,-16.4884411,-68.1249739
4362292622,unnamed,-16.4880707,-68.1248325
4362292623,unnamed,-16.4877033,-68.124693
4362292624,unnamed,-16.4870875,-68.1244187
4362292614,unnamed,-16.4869292,-68.1243508
8105726616,unnamed,-16.4866821,-68.1242541
4362292625,unnamed,-16.4863796,-68.1241643
4362292615,unnamed,-16.4861604,-68.1241127
4362292626,unnamed,-16.4859422,-68.1240199
4362292627,unnamed,-16.4858168,-68.1239494
8979336051,unnamed,-16.4857551,-68.123912
4362292628,unnamed,-16.4855088,-68.1237362
4362292629,unnamed,-16.4853997,-68.1236633
4362292630,unnamed,-16.485188,-68.123554
4362292616,unnamed,-16.4842145,-68.1232006
8105731958,unnamed,-16.4839926,-68.1231109
4362292632,unnamed,-16.4837494,-68.1230066
4362292618,unnamed,-16.4835306,-68.122897
4362292636,unnamed,-16.4829509,-68.1225101
4362292619,unnamed,-16.4826633,-68.1222777
1784871098,unnamed,-16.4824628,-68.1221025
11056914513,unnamed,-16.4823958,-68.1220374
8979440793,unnamed,-16.4823444,-68.1219875
4362293460,unnamed,-16.4822343,-68.1218721
8979440792,unnamed,-16.4820872,-68.1218867
7474733948,unnamed,-16.4819133,-68.1218519
4362293458,unnamed,-16.4818832,-68.1217971
4362293459,unnamed,-16.4812919,-68.1216015
4362293461,unnamed,-16.480885,-68.1214418
8105198143,unnamed,-16.4799347,-68.1211092
8105198144,unnamed,-16.4798517,-68.1210634
11057009215,unnamed,-16.4797069,-68.120983
4362293465,unnamed,-16.4795826,-68.1209139
2137497447,unnamed,-16.4799101,-68.1211608
4362293463,unnamed,-16.4802407,-68.1212835
1784871070,unnamed,-16.4796805,-68.1210392
12511115827,unnamed,-16.4786237,-68.1203517
4362293467,unnamed,-16.4785789,-68.1203254
4362293471,unnamed,-16.4785743,-68.1203014
4362293472,unnamed,-16.4785623,-68.1202804
1784870992,unnamed,-16.4785442,-68.1202649
4362293477,unnamed,-16.4785221,-68.1202567
4362293478,unnamed,-16.4784986,-68.1202566
4362293479,unnamed,-16.4784765,-68.1202648
12511115829,unnamed,-16.478447,-68.120246
4362296608,unnamed,-16.4772972,-68.1195129
4362296609,unnamed,-16.4763715,-68.1189594
4362296612,unnamed,-16.4756164,-68.1185089
11057009214,unnamed,-16.4751256,-68.118098
11057009213,unnamed,-16.4751208,-68.1180665
9355473447,unnamed,-16.4751119,-68.1180359
412885757,unnamed,-16.4750988,-68.118007
9355473446,unnamed,-16.475082,-68.1179803
11196664045,unnamed,-16.4748268,-68.1178948
7045156505,unnamed,-16.4747861,-68.1179123
412885754,unnamed,-16.4747441,-68.117943
412885512,unnamed,-16.4739382,-68.1174615
11057009212,unnamed,-16.4736623,-68.1172795
8328444875,unnamed,-16.4746087,-68.117873
11196664097,unnamed,-16.4743913,-68.1177439
8328444877,unnamed,-16.4742546,-68.1176628
1784894153,unnamed,-16.4665163,-68.1151861
1784894226,unnamed,-16.4669452,-68.1150395
1784894302,unnamed,-16.4673587,-68.114901
1784894354,unnamed,-16.4677912,-68.1147661
1784894418,unnamed,-16.4681328,-68.1146468
1784894173,unnamed,-16.4666639,-68.1156117
1784894221,unnamed,-16.4668601,-68.1160977
563597502,unnamed,-16.4980087,-68.1486894
1785193291,unnamed,-16.4981245,-68.1485427
563597504,unnamed,-16.498264,-68.1483892
563597533,unnamed,-16.4985092,-68.1481266
8991975721,unnamed,-16.4985328,-68.1480727
8991975720,unnamed,-16.4985456,-68.1479922
1785193303,unnamed,-16.4986112,-68.1475711
5523144113,unnamed,-16.4986434,-68.1472828
1785193304,unnamed,-16.4987064,-68.1469756
563597516,unnamed,-16.4987411,-68.1467436
563597517,unnamed,-16.4988171,-68.1464022
563597518,unnamed,-16.4988081,-68.1462144
563597519,unnamed,-16.4987631,-68.1458027
563597522,unnamed,-16.4987053,-68.1452528
563597523,unnamed,-16.4986922,-68.1451799
563597584,unnamed,-16.4986268,-68.1449203
563597585,unnamed,-16.4984263,-68.1444166
324100600,unnamed,-16.4986075,-68.1444147
561047748,unnamed,-16.4986584,-68.1442419
561047757,unnamed,-16.498684,-68.1441531
565884889,unnamed,-16.498677,-68.1440561
561047753,unnamed,-16.4985529,-68.1438615
8409080939,unnamed,-16.5043925,-68.1311551
8409080952,unnamed,-16.5043916,-68.1310577
12094359848,unnamed,-16.504402,-68.1310099
321806616,unnamed,-16.5044191,-68.1309731
6561922522,unnamed,-16.504448,-68.1309404
3297754738,unnamed,-16.5049648,-68.1303956
560244414,unnamed,-16.5024659,-68.1330346
1990332821,unnamed,-16.5026888,-68.1327953
6760957780,unnamed,-16.5031767,-68.1322966
4277449489,unnamed,-16.5034403,-68.1320096
8409080955,unnamed,-16.5039676,-68.1314514
413747524,unnamed,-16.5039957,-68.1314208
8409080961,unnamed,-16.5040413,-68.1313702
560244413,unnamed,-16.5017119,-68.1338388
4422115589,unnamed,-16.5010922,-68.1345005
6264876482,unnamed,-16.5008383,-68.1348632
561047888,unnamed,-16.4998963,-68.1359114
12924933860,unnamed,-16.4999966,-68.135803
12924933905,unnamed,-16.5005351,-68.1352642
2387048000,unnamed,-16.5055036,-68.1298082
12094401617,unnamed,-16.5056369,-68.1296575
3297741861,unnamed,-16.505873,-68.1294129
12094401618,unnamed,-16.5062083,-68.1290234
12094401614,unnamed,-16.5064767,-68.1287337
3300677293,unnamed,-16.5065151,-68.1286891
12599479696,unnamed,-16.5073392,-68.1277909
443517499,unnamed,-16.507377,-68.12775
12599566802,unnamed,-16.507415,-68.1277083
322599997,unnamed,-16.5082591,-68.1268679
4650988976,unnamed,-16.5088664,-68.1263545
443177826,unnamed,-16.5091987,-68.1260671
7768267324,unnamed,-16.509805,-68.1266947
4392678879,unnamed,-16.5059485,-68.1304181
5273672783,unnamed,-16.5054639,-68.1299717
4955979827,unnamed,-16.5054512,-68.1299557
10838066765,unnamed,-16.5054386,-68.1299314
12094401609,unnamed,-16.5053984,-68.1298346
10838066766,unnamed,-16.5053576,-68.1297365
2387047999,unnamed,-16.5053357,-68.1296826
5396571719,unnamed,-16.5052253,-68.129548
12094401691,unnamed,-16.5047031,-68.1288342
412861343,unnamed,-16.5046644,-68.1287609
4324696915,unnamed,-16.5045825,-68.128748
12094401700,unnamed,-16.5045431,-68.128744
8591388296,unnamed,-16.5045031,-68.1287448
6333945404,unnamed,-16.5044557,-68.1287521
11112637670,unnamed,-16.4984823,-68.1349517
8526214468,unnamed,-16.4982835,-68.1353579
8993116408,unnamed,-16.497144,-68.1360309
560232406,unnamed,-16.4967813,-68.1357795
1784848114,unnamed,-16.4942044,-68.1272829
6885967438,unnamed,-16.494216,-68.12737
1784848121,unnamed,-16.4942314,-68.1274344
1784848116,unnamed,-16.494216,-68.1275068
1784848086,unnamed,-16.4941646,-68.1275417
10837570008,unnamed,-16.4941183,-68.1275457
5473441709,unnamed,-16.4940707,-68.1275256
1784848082,unnamed,-16.4940234,-68.1274936
1784848080,unnamed,-16.4939305,-68.1274197
6885967437,unnamed,-16.4938354,-68.1274116
5473441710,unnamed,-16.4937569,-68.1274304
6885967436,unnamed,-16.4937055,-68.1274639
1784848044,unnamed,-16.4934085,-68.1276973
6885967431,unnamed,-16.4930471,-68.1280057
6885967433,unnamed,-16.4927446,-68.128201
6885967439,unnamed,-16.4924692,-68.1284689
6885967440,unnamed,-16.4923214,-68.1285745
1784847965,unnamed,-16.4921591,-68.1286489
1784847688,unnamed,-16.4908725,-68.1293516
3780176177,unnamed,-16.4908948,-68.129363
3780176181,unnamed,-16.4909311,-68.1293557
3780176183,unnamed,-16.491078,-68.129282
6887242233,unnamed,-16.4912656,-68.1291794
1784847800,unnamed,-16.4914146,-68.1290787
1784847820,unnamed,-16.4916391,-68.1289894
1784847897,unnamed,-16.4918581,-68.1288816
6887394648,unnamed,-16.4920314,-68.1287488
1784847946,unnamed,-16.4920767,-68.1287092
3780176171,unnamed,-16.4908661,-68.129336
3780176172,unnamed,-16.4908668,-68.1293078
3780176173,unnamed,-16.4908703,-68.1292788
3780176174,unnamed,-16.4908867,-68.1292461
1784847705,unnamed,-16.4909662,-68.1291694
1784847745,unnamed,-16.4912043,-68.1289515
12198355144,unnamed,-16.4912621,-68.1288921
1784847789,unnamed,-16.4912956,-68.1288576
3780176187,unnamed,-16.4913538,-68.1287752
1784847803,unnamed,-16.4914286,-68.1286178
1784847816,unnamed,-16.4915171,-68.1284697
3780176188,unnamed,-16.4916113,-68.1284292
1784847860,unnamed,-16.4917236,-68.128373
3780176190,unnamed,-16.4917964,-68.1283199
1784847878,unnamed,-16.4918201,-68.1282559
12198355107,unnamed,-16.491799,-68.1282085
1784847873,unnamed,-16.4917258,-68.1281644
1784847823,unnamed,-16.4916961,-68.1281396
1784847807,unnamed,-16.4915652,-68.1281451
8083319356,unnamed,-16.4957087,-68.1463194
8083319367,unnamed,-16.4957556,-68.1462032
324100098,unnamed,-16.495808,-68.1460882
11057480413,unnamed,-16.4958209,-68.1460784
8083319346,unnamed,-16.495837,-68.146053
324100694,unnamed,-16.4958515,-68.1460054
563597630,unnamed,-16.4958547,-68.1459606
8083319347,unnamed,-16.4958227,-68.1458216
563597599,unnamed,-16.4961258,-68.1454015
563597600,unnamed,-16.4962892,-68.1452997
563597604,unnamed,-16.4965894,-68.1450855
563597594,unnamed,-16.4966775,-68.1450289
563597595,unnamed,-16.496838,-68.1449677
563597596,unnamed,-16.4968962,-68.1449442
563597586,unnamed,-16.4980318,-68.1452334
11057423396,unnamed,-16.497812,-68.1434013
4390528468,unnamed,-16.497972,-68.1433514
560234574,unnamed,-16.4976472,-68.1418961
563597615,unnamed,-16.4976747,-68.1418728
324100529,unnamed,-16.4976955,-68.1418428
563597614,unnamed,-16.4977081,-68.1418082
324100533,unnamed,-16.4977117,-68.1417714
3762059770,unnamed,-16.4977061,-68.1417349
560244382,unnamed,-16.5044008,-68.1352846
564523941,unnamed,-16.5040564,-68.13562
537341475,unnamed,-16.5049576,-68.1346911
8980070104,unnamed,-16.5048464,-68.1348373
3177721013,unnamed,-16.5051249,-68.1343085
563637991,unnamed,-16.5052759,-68.1339984
12838479932,unnamed,-16.5055776,-68.1334684
537353535,unnamed,-16.5056029,-68.1334177
12838479935,unnamed,-16.505634,-68.1333589
8979935742,unnamed,-16.5057771,-68.1330844
767671542,unnamed,-16.5060548,-68.1325586
3913734616,unnamed,-16.5061627,-68.1323822
3297956630,unnamed,-16.5062379,-68.132292
767671550,unnamed,-16.5074766,-68.1310431
561579258,unnamed,-16.5075967,-68.1308537
561579257,unnamed,-16.5081552,-68.1302274
443384245,unnamed,-16.5089525,-68.1293667
2412210918,unnamed,-16.5077535,-68.1281051
12599479699,unnamed,-16.5074189,-68.1277909
9343870247,unnamed,-16.5090475,-68.1240469
1766223834,unnamed,-16.5087655,-68.1238171
321806751,unnamed,-16.5084789,-68.1235899
321806746,unnamed,-16.5084524,-68.1235687
321806710,unnamed,-16.5068268,-68.122239
321806707,unnamed,-16.5066662,-68.1221113
8122748335,unnamed,-16.5067179,-68.1220723
7402989433,unnamed,-16.5076031,-68.121389
7402989431,unnamed,-16.5076494,-68.12135
11139375735,unnamed,-16.5076624,-68.121329
7403394537,unnamed,-16.5076653,-68.1213073
11139375736,unnamed,-16.5076578,-68.1212826
7402989432,unnamed,-16.5076435,-68.1212636
11139375738,unnamed,-16.5062947,-68.1212376
7403394555,unnamed,-16.5062146,-68.1212361
10291441429,unnamed,-16.5059059,-68.1212258
10291441428,unnamed,-16.5058375,-68.1212247
565307122,unnamed,-16.505764,-68.1212232
11139375764,unnamed,-16.5056242,-68.1207197
565307132,unnamed,-16.505553,-68.1204636
322599147,unnamed,-16.5048792,-68.1208717
6414439954,unnamed,-16.5049554,-68.1208223
10291441419,unnamed,-16.5052074,-68.120668
8264727098,unnamed,-16.5047879,-68.1208242
11305198143,unnamed,-16.5043724,-68.1206188
7403394563,unnamed,-16.5039821,-68.1204246
5729304828,unnamed,-16.503911,-68.1203446
12560295227,unnamed,-16.503837,-68.1203063
4370368595,unnamed,-16.5035672,-68.1201751
12560295218,unnamed,-16.5034257,-68.1201036
11208651077,unnamed,-16.5034008,-68.1200916
4370368597,unnamed,-16.5032992,-68.1200427
12560295236,unnamed,-16.503049,-68.1199146
322599438,unnamed,-16.5030364,-68.1199081
11258055172,unnamed,-16.5026827,-68.119729
322599440,unnamed,-16.5026222,-68.1196974
11258055170,unnamed,-16.502569,-68.1196701
4370370857,unnamed,-16.5021105,-68.1194378
561060189,unnamed,-16.5015554,-68.1191569
12997457020,unnamed,-16.4998727,-68.1182427
8940259107,unnamed,-16.4995125,-68.1163785
8940259108,unnamed,-16.4994646,-68.1163635
5131131882,unnamed,-16.4958451,-68.1167655
1237362257,unnamed,-16.495854,-68.1044244
1332076976,unnamed,-16.4971048,-68.1042717
4677351808,unnamed,-16.4971856,-68.1042597
1237362244,unnamed,-16.4973062,-68.1042416
1344189859,unnamed,-16.4974643,-68.1042183
1237362270,unnamed,-16.497762,-68.1041711
1344189861,unnamed,-16.4979324,-68.1043459
1344189004,unnamed,-16.4982218,-68.1045839
1237362252,unnamed,-16.4985072,-68.1048079
1344182538,unnamed,-16.4990432,-68.1052631
9254289597,unnamed,-16.4991362,-68.105325
9254289596,unnamed,-16.4992292,-68.1053768
4242399960,unnamed,-16.4993395,-68.1054196
1237362238,unnamed,-16.4994151,-68.1054409
8950439221,unnamed,-16.4995101,-68.1054503
1237362267,unnamed,-16.4996516,-68.1054504
9254284982,unnamed,-16.4998813,-68.1054284
1344182528,unnamed,-16.5001314,-68.1053791
1237362269,unnamed,-16.5006598,-68.1053125
1237362265,unnamed,-16.5011366,-68.1051783
10557410334,unnamed,-16.5012611,-68.1051447
1344521423,unnamed,-16.501355,-68.1051287
1344521379,unnamed,-16.5017733,-68.1050999
1332076961,unnamed,-16.4959085,-68.10487
1332076975,unnamed,-16.495382,-68.1049654
1332076963,unnamed,-16.4949088,-68.1050373
1332076978,unnamed,-16.4940379,-68.1051782
9254185099,unnamed,-16.4935211,-68.1052466
1332075916,unnamed,-16.4930173,-68.1053132
1332075917,unnamed,-16.4926902,-68.1053311
1332075914,unnamed,-16.4926179,-68.1053579
1332074709,unnamed,-16.4907774,-68.1049555
1344150098,unnamed,-16.4910957,-68.1050346
1344150081,unnamed,-16.4912028,-68.1050565
1344150080,unnamed,-16.4915712,-68.105142
8941747943,unnamed,-16.4925664,-68.1053469
1332075918,unnamed,-16.4907998,-68.1048748
1332667640,unnamed,-16.4883923,-68.1041293
1332666601,unnamed,-16.4894844,-68.104476
1332075913,unnamed,-16.4904073,-68.1047547
1210648048,unnamed,-16.4873531,-68.1642973
1210648145,unnamed,-16.4873814,-68.1642302
1210648219,unnamed,-16.4873839,-68.1641605
1210648207,unnamed,-16.4873299,-68.1636428
1210648191,unnamed,-16.4873376,-68.1635436
1210648190,unnamed,-16.4873556,-68.1634658
1210648054,unnamed,-16.4874174,-68.1633505
1210648116,unnamed,-16.4875176,-68.1632164
1210648181,unnamed,-16.4876424,-68.1630568
1210648179,unnamed,-16.4876787,-68.16301
1210648053,unnamed,-16.4877048,-68.1629642
1210648277,unnamed,-16.4877138,-68.1629404
1210648234,unnamed,-16.4877505,-68.1627925
1210648187,unnamed,-16.487999,-68.1617765
1210648037,unnamed,-16.4880419,-68.1616265
1210648074,unnamed,-16.4881411,-68.1612783
4755719556,unnamed,-16.487985,-68.1610318
4646410007,unnamed,-16.4876947,-68.1605079
1210648247,unnamed,-16.487568,-68.1602162
1210648086,unnamed,-16.4874929,-68.160022
1210648149,unnamed,-16.4874608,-68.1599001
413310933,unnamed,-16.4874533,-68.1598239
413310932,unnamed,-16.4875382,-68.1597966
413310930,unnamed,-16.4875988,-68.1597443
413310929,unnamed,-16.4876457,-68.1596646
413310928,unnamed,-16.4876668,-68.1595691
413310927,unnamed,-16.487659,-68.1594946
413310926,unnamed,-16.4876112,-68.1593878
4711951436,unnamed,-16.4872493,-68.1585808
4386618065,unnamed,-16.4871577,-68.1583755
413310925,unnamed,-16.4870622,-68.15816
413310924,unnamed,-16.4869813,-68.1579761
413310923,unnamed,-16.4869389,-68.1578226
413310922,unnamed,-16.4869142,-68.1577024
413310921,unnamed,-16.4868949,-68.1575947
1689421595,unnamed,-16.4868582,-68.1568148
413310920,unnamed,-16.4868412,-68.1562475
413310919,unnamed,-16.4868502,-68.1560934
8239435923,unnamed,-16.4868725,-68.1559743
413310918,unnamed,-16.4869487,-68.1557654
413310917,unnamed,-16.4869793,-68.1557096
8958919435,unnamed,-16.4870047,-68.1556689
413310916,unnamed,-16.4872644,-68.1552267
413310915,unnamed,-16.4872949,-68.1551621
413310914,unnamed,-16.4873068,-68.1550824
413310912,unnamed,-16.4872958,-68.1549842
413310911,unnamed,-16.4872567,-68.1549002
4816822943,unnamed,-16.4872058,-68.1548524
413310910,unnamed,-16.4871295,-68.1548144
8982653108,unnamed,-16.4870523,-68.1548002
413310909,unnamed,-16.4870027,-68.154806
413310908,unnamed,-16.4869423,-68.1548284
413310907,unnamed,-16.4867216,-68.1549726
413310906,unnamed,-16.4865771,-68.1550522
413310904,unnamed,-16.4864588,-68.1550948
10602991476,unnamed,-16.4863861,-68.1551092
8958919436,unnamed,-16.4862751,-68.1551205
413310903,unnamed,-16.4861395,-68.1551163
413310902,unnamed,-16.485973,-68.1550977
413310901,unnamed,-16.4855244,-68.1550571
413310900,unnamed,-16.4853828,-68.1550611
10602991477,unnamed,-16.4852897,-68.1550734
8958919437,unnamed,-16.4851907,-68.1550918
413310898,unnamed,-16.4849955,-68.155145
8958919438,unnamed,-16.4842471,-68.1553398
413310897,unnamed,-16.4839959,-68.155402
10602991478,unnamed,-16.4839032,-68.1554248
413310896,unnamed,-16.4838075,-68.1554568
8958919440,unnamed,-16.4836097,-68.155539
413310894,unnamed,-16.4833869,-68.1556711
413310893,unnamed,-16.4831288,-68.1558238
413310890,unnamed,-16.4824306,-68.1562248
10602991479,unnamed,-16.4823651,-68.1562509
413310889,unnamed,-16.4823055,-68.1562677
413310888,unnamed,-16.4822105,-68.1562677
413310887,unnamed,-16.4821225,-68.156244
413310886,unnamed,-16.4820718,-68.1562049
413310885,unnamed,-16.4820363,-68.1561541
413310884,unnamed,-16.482015,-68.1560712
413310883,unnamed,-16.482015,-68.1559854
8982710289,unnamed,-16.4820326,-68.1559046
10602991480,unnamed,-16.482085,-68.1558462
413310882,unnamed,-16.4821373,-68.1558124
413310881,unnamed,-16.4823836,-68.1557187
413310879,unnamed,-16.4826222,-68.1556042
10602991482,unnamed,-16.482724,-68.1555498
10602991481,unnamed,-16.4828258,-68.1554861
8958919441,unnamed,-16.4830293,-68.1553496
413310876,unnamed,-16.4835944,-68.1549819
413310875,unnamed,-16.4837317,-68.1548809
413310873,unnamed,-16.4838032,-68.1548205
10602991483,unnamed,-16.4838487,-68.1547694
8958919442,unnamed,-16.4838883,-68.1546905
413310872,unnamed,-16.4839184,-68.1545899
413310871,unnamed,-16.484064,-68.1540259
413310870,unnamed,-16.4841233,-68.1538801
10602991484,unnamed,-16.4841762,-68.1537854
8958919443,unnamed,-16.484229,-68.1537122
10602991485,unnamed,-16.4844458,-68.1534868
7413241236,unnamed,-16.484504,-68.1534437
413310867,unnamed,-16.4846051,-68.1534171
413310866,unnamed,-16.4846913,-68.1534143
413310865,unnamed,-16.4847983,-68.1534394
10602991486,unnamed,-16.4848635,-68.1534761
413310861,unnamed,-16.4849288,-68.1535251
8239435966,unnamed,-16.4851307,-68.1537264
413310860,unnamed,-16.4852924,-68.153893
413310859,unnamed,-16.4854189,-68.1539973
413310858,unnamed,-16.4855557,-68.1540786
8958919447,unnamed,-16.4856581,-68.15412
8958919446,unnamed,-16.4857263,-68.1541384
413310856,unnamed,-16.485792,-68.1541404
8958919445,unnamed,-16.4858478,-68.1541369
413310855,unnamed,-16.4859018,-68.1541241
10602991487,unnamed,-16.4859707,-68.1541001
413310852,unnamed,-16.4860735,-68.154056
10602991488,unnamed,-16.4861349,-68.1540218
413310851,unnamed,-16.4861934,-68.1539845
413310848,unnamed,-16.4863753,-68.1538327
8958919448,unnamed,-16.4865419,-68.1536599
413310847,unnamed,-16.4869439,-68.1532754
10602991489,unnamed,-16.4870835,-68.1531382
413315520,unnamed,-16.4871669,-68.1530672
8958919449,unnamed,-16.4872189,-68.1530383
8958919450,unnamed,-16.4873032,-68.1530066
413315518,unnamed,-16.4873764,-68.152984
8958919451,unnamed,-16.4874401,-68.1529657
413315515,unnamed,-16.4875487,-68.152947
8958919452,unnamed,-16.4876624,-68.1529213
413315510,unnamed,-16.4877693,-68.1528886
8982695118,unnamed,-16.4878259,-68.1528557
10602991490,unnamed,-16.487871,-68.1528201
413315508,unnamed,-16.4879103,-68.1527661
4816822949,unnamed,-16.4879596,-68.1526843
413315503,unnamed,-16.4880498,-68.1524857
10602991491,unnamed,-16.4880853,-68.1524325
8958919453,unnamed,-16.4881209,-68.1523885
413315502,unnamed,-16.4881696,-68.1523353
413315501,unnamed,-16.488236,-68.1522935
6556406187,unnamed,-16.4883316,-68.1522395
1735742109,unnamed,-16.4884029,-68.1521966
6899630489,unnamed,-16.4885471,-68.1520979
537341901,unnamed,-16.4891386,-68.1516782
537341890,unnamed,-16.4906231,-68.1520708
537341894,unnamed,-16.4896181,-68.1518337
11060565967,unnamed,-16.4892073,-68.1517397
11060565966,unnamed,-16.4891674,-68.1517151
537341768,unnamed,-16.4907468,-68.1510303
11336710051,unnamed,-16.5391399,-68.0841821
560220278,unnamed,-16.5387389,-68.0827336
560220273,unnamed,-16.5387727,-68.0828782
2867885830,unnamed,-16.5389246,-68.083418
3451336537,unnamed,-16.5389518,-68.0835131
11336753621,unnamed,-16.5391181,-68.0841072
560220531,unnamed,-16.5388083,-68.0799374
11779277982,unnamed,-16.5388019,-68.0800604
3367323075,unnamed,-16.5388009,-68.0800721
3367323082,unnamed,-16.5387905,-68.080271
3573560818,unnamed,-16.5387845,-68.0803661
3573560821,unnamed,-16.5387781,-68.0804682
11810197666,unnamed,-16.5387454,-68.080979
560220526,unnamed,-16.538749,-68.0810553
12143261919,unnamed,-16.5387403,-68.0811454
560220524,unnamed,-16.5386887,-68.0820013
560220276,unnamed,-16.5386869,-68.0822396
11808831172,unnamed,-16.5387,-68.0823874
560220275,unnamed,-16.5387059,-68.0825341
560220274,unnamed,-16.5387151,-68.0826143
560220559,unnamed,-16.5388675,-68.0788511
11161230932,unnamed,-16.5388648,-68.0789087
11161230940,unnamed,-16.5388131,-68.0798382
560220555,unnamed,-16.5389141,-68.0780323
12723794700,unnamed,-16.5389094,-68.0781222
11161230910,unnamed,-16.5389062,-68.0781882
11161230926,unnamed,-16.5388731,-68.0787496
560220603,unnamed,-16.5389798,-68.0767569
11079992280,unnamed,-16.5389581,-68.0770813
11079992281,unnamed,-16.5389478,-68.0772463
11161230920,unnamed,-16.5389315,-68.0776744
560220561,unnamed,-16.5389257,-68.0778118
11161230834,unnamed,-16.5389222,-68.0778736
560220601,unnamed,-16.5389844,-68.0765324
4145143276,unnamed,-16.5389971,-68.0761538
560228487,unnamed,-16.5390229,-68.0757141
560228490,unnamed,-16.539081,-68.0754889
11117946422,unnamed,-16.5390501,-68.0755255
7885961299,unnamed,-16.5390257,-68.0755756
8730097049,unnamed,-16.5390236,-68.0756467
4399931981,unnamed,-16.5393148,-68.0752644
4399931982,unnamed,-16.5395512,-68.0750115
4423130443,unnamed,-16.5394254,-68.075144
4399080915,unnamed,-16.5398558,-68.0746801
560228501,unnamed,-16.5397482,-68.0748037
588712815,unnamed,-16.5409791,-68.0625694
8960173240,unnamed,-16.5409484,-68.0626398
588714224,unnamed,-16.5409297,-68.062695
3432228580,unnamed,-16.5407388,-68.0632724
3854675696,unnamed,-16.5406968,-68.0634269
8960173229,unnamed,-16.5406776,-68.0635207
8960173230,unnamed,-16.5406513,-68.0636555
3432228577,unnamed,-16.5406333,-68.0637883
588723312,unnamed,-16.5405202,-68.0645259
588723322,unnamed,-16.5405124,-68.0646975
7894972598,unnamed,-16.5405546,-68.0652364
3432228578,unnamed,-16.5405591,-68.0655652
4773146842,unnamed,-16.5405522,-68.0660965
9258366840,unnamed,-16.5405621,-68.0664315
1589089894,unnamed,-16.5406169,-68.0671432
1589089896,unnamed,-16.5406296,-68.067277
560228815,unnamed,-16.5406286,-68.0673395
11942079039,unnamed,-16.5406181,-68.0675784
11942079038,unnamed,-16.5405851,-68.067934
10700158616,unnamed,-16.5405726,-68.0681434
560228779,unnamed,-16.5405623,-68.06831
11942079059,unnamed,-16.5405611,-68.068335
560228777,unnamed,-16.540556,-68.0683938
11059732632,unnamed,-16.5404581,-68.0688278
12202624943,unnamed,-16.5402006,-68.0696891
11059732630,unnamed,-16.540099,-68.0700036
560228775,unnamed,-16.5399802,-68.0703851
560228874,unnamed,-16.5399087,-68.0705833
12202624960,unnamed,-16.5397547,-68.0708682
560228877,unnamed,-16.5396038,-68.0711311
7894972614,unnamed,-16.5395527,-68.0712388
560228871,unnamed,-16.5395061,-68.0713401
560228563,unnamed,-16.5394399,-68.0715715
560228562,unnamed,-16.5394186,-68.0717246
560228561,unnamed,-16.539411,-68.0718168
7894972597,unnamed,-16.5393847,-68.0721118
6067380291,unnamed,-16.5393915,-68.0726763
560228558,unnamed,-16.539396,-68.0727394
9258546144,unnamed,-16.5394318,-68.0728288
560228541,unnamed,-16.5394682,-68.0728901
560228538,unnamed,-16.539518,-68.0729431
560228535,unnamed,-16.5396896,-68.0730486
7885466629,unnamed,-16.539789,-68.0731499
560228457,unnamed,-16.5398731,-68.073248
8976881884,unnamed,-16.5399386,-68.073345
560228456,unnamed,-16.5400151,-68.0734788
560228454,unnamed,-16.5400605,-68.0736436
560228452,unnamed,-16.5400925,-68.0737819
560228443,unnamed,-16.5401082,-68.073966
7139940165,unnamed,-16.5400873,-68.0742051
560228440,unnamed,-16.5400416,-68.0743489
560228439,unnamed,-16.5399731,-68.0745164
588708430,unnamed,-16.541501,-68.0580125
11119825590,unnamed,-16.5413604,-68.0581125
8956533845,unnamed,-16.5412974,-68.0581637
588708436,unnamed,-16.541192,-68.0582683
588708440,unnamed,-16.5411244,-68.0583689
8956533846,unnamed,-16.5410728,-68.0584856
588712745,unnamed,-16.5409919,-68.0587013
7888879947,unnamed,-16.5409404,-68.0588904
8956533847,unnamed,-16.5409072,-68.0590607
588712750,unnamed,-16.5409268,-68.0592035
588714271,unnamed,-16.5409792,-68.0593638
8956533848,unnamed,-16.5410743,-68.0596308
8956533849,unnamed,-16.541109,-68.0597931
588712758,unnamed,-16.5411244,-68.0598977
8956533850,unnamed,-16.5411064,-68.0601164
8956533851,unnamed,-16.5411026,-68.060284
588712765,unnamed,-16.5411064,-68.0604074
9253913000,unnamed,-16.5411205,-68.0605227
588712778,unnamed,-16.5411436,-68.0606139
1208348707,unnamed,-16.5412915,-68.0609612
588712783,unnamed,-16.5413416,-68.0611502
588714990,unnamed,-16.5413781,-68.0614984
1208348714,unnamed,-16.541375,-68.0617087
588712795,unnamed,-16.5413384,-68.0618382
7309463426,unnamed,-16.5412765,-68.0619321
1208346075,unnamed,-16.5411722,-68.0620414
588712803,unnamed,-16.5410898,-68.0621202
588712810,unnamed,-16.541037,-68.0622289
8960173237,unnamed,-16.5409867,-68.0625298
588708394,unnamed,-16.5399083,-68.0575663
11059930633,unnamed,-16.5399506,-68.0575883
4378724809,unnamed,-16.540011,-68.0575964
588708398,unnamed,-16.5401005,-68.0575918
588714205,unnamed,-16.5403601,-68.0575736
8956533840,unnamed,-16.5406333,-68.0575544
8155762404,unnamed,-16.5410009,-68.0575284
8956533841,unnamed,-16.5411604,-68.057507
8956533842,unnamed,-16.5412451,-68.0574961
8956533843,unnamed,-16.5413799,-68.0574934
588708409,unnamed,-16.5414449,-68.0574977
8956533844,unnamed,-16.5415123,-68.0575451
8155762405,unnamed,-16.5415677,-68.0576335
588708420,unnamed,-16.5415923,-68.0577466
7309463425,unnamed,-16.5415821,-68.0578503
588708425,unnamed,-16.5415587,-68.0579363
11059930634,unnamed,-16.5398748,-68.057524
4400089213,unnamed,-16.5398452,-68.0574489
11059930637,unnamed,-16.5398375,-68.0573764
588711997,unnamed,-16.5398452,-68.0572974
11059930636,unnamed,-16.5398645,-68.0572477
588708383,unnamed,-16.539899,-68.0572023
11059930635,unnamed,-16.5399391,-68.0571699
4378724812,unnamed,-16.5399968,-68.0571516
4418926971,unnamed,-16.5400663,-68.0571418
588708373,unnamed,-16.5403646,-68.0571082
4378724818,unnamed,-16.5404996,-68.0570572
4378724820,unnamed,-16.5406462,-68.0569486
10862410424,unnamed,-16.540753,-68.0568246
588708361,unnamed,-16.5407837,-68.056789
588708357,unnamed,-16.5410758,-68.0562522
4378724824,unnamed,-16.5411186,-68.0561599
588708350,unnamed,-16.5411142,-68.0560931
4378724823,unnamed,-16.5410743,-68.0560296
588708344,unnamed,-16.5410153,-68.0559777
588708340,unnamed,-16.540956,-68.0559706
8956526501,unnamed,-16.5408969,-68.0559924
8956526500,unnamed,-16.5408133,-68.05605
4378724817,unnamed,-16.540668,-68.0561238
8272404418,unnamed,-16.5405176,-68.0561976
588708327,unnamed,-16.5403402,-68.0562351
8956526499,unnamed,-16.540065,-68.0562485
588708318,unnamed,-16.53993,-68.0562579
4378724807,unnamed,-16.53988,-68.0562485
8956526498,unnamed,-16.5397707,-68.0561896
588708311,unnamed,-16.539716,-68.0561527
588708265,unnamed,-16.5396703,-68.0560856
11065122948,unnamed,-16.5396614,-68.0560246
588708256,unnamed,-16.5396884,-68.0559617
4378724813,unnamed,-16.5400547,-68.0556115
9258053288,unnamed,-16.5401486,-68.0554909
588708251,unnamed,-16.5402167,-68.055405
9258053289,unnamed,-16.5402695,-68.0552964
9258053290,unnamed,-16.5403067,-68.0552092
4378724816,unnamed,-16.5403221,-68.0551159
588708249,unnamed,-16.5403077,-68.0550233
588708247,unnamed,-16.5402819,-68.0549027
588708240,unnamed,-16.5402335,-68.054769
7467647580,unnamed,-16.5401813,-68.05465
588709044,unnamed,-16.5401262,-68.054545
4398246856,unnamed,-16.5400573,-68.0544526
588708221,unnamed,-16.5399042,-68.054276
4378724472,unnamed,-16.5365231,-68.04591
4378724473,unnamed,-16.5368702,-68.0469212
4378724474,unnamed,-16.5372161,-68.0479082
4401322923,unnamed,-16.5374012,-68.0484179
11065122951,unnamed,-16.5374413,-68.0485309
9258031328,unnamed,-16.5374964,-68.0486861
4378724475,unnamed,-16.537535,-68.0488094
4378724476,unnamed,-16.5375646,-68.0489824
11065122950,unnamed,-16.5375886,-68.0492894
4378724478,unnamed,-16.5376263,-68.0497724
4378724483,unnamed,-16.5377046,-68.0507004
4378724486,unnamed,-16.5377349,-68.0510601
4378724488,unnamed,-16.5377786,-68.0513314
4378724789,unnamed,-16.5378448,-68.0515574
4401322927,unnamed,-16.5379219,-68.0517438
4378724790,unnamed,-16.5380176,-68.0519175
4378724791,unnamed,-16.538184,-68.052295
4378724795,unnamed,-16.538332,-68.0526182
4378724798,unnamed,-16.538395,-68.0527483
4378724799,unnamed,-16.5385082,-68.0529065
4378724803,unnamed,-16.5386869,-68.0530809
4378724804,unnamed,-16.5391136,-68.0535104
4398214180,unnamed,-16.5394958,-68.0539263
4378724810,unnamed,-16.539843,-68.0542704
1332030323,unnamed,-16.5365848,-68.0458925
1332615496,unnamed,-16.5376592,-68.0456679
1332030310,unnamed,-16.5381143,-68.04557
1332030322,unnamed,-16.5382202,-68.0454884
2321317815,unnamed,-16.5383003,-68.0453314
1332030329,unnamed,-16.5383503,-68.0451623
4378724794,unnamed,-16.5383571,-68.045031
4378724792,unnamed,-16.5382241,-68.0445679
1332030320,unnamed,-16.5381167,-68.044371
4400236792,unnamed,-16.538099,-68.0443403
1332030332,unnamed,-16.5379541,-68.0441954
1332030326,unnamed,-16.5378101,-68.0440861
2321317806,unnamed,-16.5377523,-68.0440498
8956915416,unnamed,-16.5376584,-68.0439734
2321317804,unnamed,-16.537616,-68.0439104
8956915415,unnamed,-16.5375993,-68.0438259
1332030307,unnamed,-16.5376146,-68.0437696
4378724480,unnamed,-16.5376469,-68.0437048
1332030303,unnamed,-16.5376893,-68.0436395
1332030306,unnamed,-16.537735,-68.043578
4378724487,unnamed,-16.537792,-68.0435241
2321317808,unnamed,-16.5378499,-68.0434906
1332030301,unnamed,-16.5380891,-68.0434075
1332036145,unnamed,-16.5378583,-68.0428845
2321317819,unnamed,-16.5383471,-68.0426955
2321317822,unnamed,-16.5388314,-68.0425091
1332036123,unnamed,-16.539341,-68.0423003
2321317826,unnamed,-16.5394525,-68.0422613
8956616799,unnamed,-16.5395195,-68.0422472
1332036131,unnamed,-16.5395536,-68.0422386
12656175187,unnamed,-16.5396179,-68.042306
8956616800,unnamed,-16.5396711,-68.0424342
2321317828,unnamed,-16.539714,-68.0426096
1332036137,unnamed,-16.5397909,-68.0430147
8956616798,unnamed,-16.5398096,-68.0430492
1332036143,unnamed,-16.5398419,-68.0430638
1332036142,unnamed,-16.539961,-68.0430535
1334314826,unnamed,-16.5403408,-68.0430107
5351904085,unnamed,-16.5404673,-68.0429892
1334314884,unnamed,-16.5406203,-68.0429845
1334314895,unnamed,-16.5407221,-68.0438046
12656175189,unnamed,-16.5406779,-68.0437296
2321317837,unnamed,-16.5406192,-68.0435505
12656175192,unnamed,-16.5406021,-68.0433879
1334314829,unnamed,-16.5405965,-68.0432281
1334314823,unnamed,-16.5406094,-68.04308
1334314881,unnamed,-16.5414173,-68.0448752
1334314943,unnamed,-16.5413456,-68.0446834
2321317838,unnamed,-16.540807,-68.0439239
1347115951,unnamed,-16.5427843,-68.0450226
1334314912,unnamed,-16.5427205,-68.045006
2321317859,unnamed,-16.5427127,-68.0449578
8956637826,unnamed,-16.542696,-68.0449189
1334315029,unnamed,-16.5426677,-68.0448806
6083579748,unnamed,-16.5424537,-68.044868
1334314889,unnamed,-16.5422518,-68.0448593
8956616814,unnamed,-16.5421441,-68.0448684
1334314914,unnamed,-16.542974,-68.0451134
1334314925,unnamed,-16.5445569,-68.0452289
8956571691,unnamed,-16.5439064,-68.0451885
8956571692,unnamed,-16.5431698,-68.0451603
8956571695,unnamed,-16.5430078,-68.0451308
560232419,unnamed,-16.4984779,-68.1313097
8979494519,unnamed,-16.4989645,-68.1304617
565307175,unnamed,-16.499016,-68.1303616
4537025658,unnamed,-16.4991338,-68.1302084
565307185,unnamed,-16.4992529,-68.1300013
565307177,unnamed,-16.499366,-68.1297867
565307180,unnamed,-16.4994355,-68.1295869
8979443211,unnamed,-16.4994702,-68.1294487
565307181,unnamed,-16.4994728,-68.1293079
1735742116,unnamed,-16.4994549,-68.1288432
7070578667,unnamed,-16.4994445,-68.1280071
565307192,unnamed,-16.4994239,-68.1279118
6879642441,unnamed,-16.499375,-68.1278341
565307193,unnamed,-16.4993326,-68.1277683
565307200,unnamed,-16.4993933,-68.1273944
9923384479,unnamed,-16.499355,-68.127586
563638058,unnamed,-16.4994996,-68.1265809
9923384478,unnamed,-16.4994617,-68.1267908
3718532769,unnamed,-16.4994238,-68.1269682
7415946898,unnamed,-16.4994101,-68.1271529
7415946899,unnamed,-16.499413,-68.1272512
10839810799,unnamed,-16.5055173,-68.1157251
10839810794,unnamed,-16.5055628,-68.1157146
7418374473,unnamed,-16.5056086,-68.1157015
8983450842,unnamed,-16.5057136,-68.1156442
1437216298,unnamed,-16.4827736,-68.1443444
8977357272,unnamed,-16.4826977,-68.1444262
1437216317,unnamed,-16.4826141,-68.1445241
8977357273,unnamed,-16.4824347,-68.1447199
9135877281,unnamed,-16.4821599,-68.1450103
2933580546,unnamed,-16.482047,-68.1451296
2933588180,unnamed,-16.4818547,-68.1453415
8977357274,unnamed,-16.4816143,-68.1455916
2933509260,unnamed,-16.4813989,-68.1458008
2933529420,unnamed,-16.4811796,-68.1460255
8977357275,unnamed,-16.4808176,-68.1464003
2933509261,unnamed,-16.4804247,-68.1467932
2680806993,unnamed,-16.4800678,-68.1471431
2680818637,unnamed,-16.4799537,-68.147254
12293973424,unnamed,-16.4798224,-68.1473953
2680806981,unnamed,-16.4797703,-68.1474497
2933509279,unnamed,-16.4793569,-68.147878
1437216240,unnamed,-16.4793059,-68.1479219
2680807003,unnamed,-16.4790681,-68.1481507
8977357282,unnamed,-16.4790164,-68.148199
8977357281,unnamed,-16.4789529,-68.1482571
1437216263,unnamed,-16.4788969,-68.1482913
8977357280,unnamed,-16.4787709,-68.148357
1437216242,unnamed,-16.4786301,-68.1484066
1434151740,unnamed,-16.4784314,-68.1485052
8977357279,unnamed,-16.4782976,-68.1485387
2680860764,unnamed,-16.4781971,-68.1485567
8977357278,unnamed,-16.4781022,-68.1485454
1434151612,unnamed,-16.4780771,-68.14854
8977357277,unnamed,-16.478043,-68.1485374
8977357276,unnamed,-16.4780186,-68.1485481
1361359758,unnamed,-16.4780059,-68.1485622
1437216284,unnamed,-16.4830014,-68.1445861
11059676476,unnamed,-16.4830732,-68.144677
1437216271,unnamed,-16.4831259,-68.1447763
412981758,unnamed,-16.4859849,-68.1434947
564763485,unnamed,-16.4864205,-68.1434546
5076033524,unnamed,-16.4872943,-68.1434352
564763466,unnamed,-16.4883107,-68.1433994
10837156228,unnamed,-16.4884542,-68.1444504
413762503,unnamed,-16.4884178,-68.1445799
413762506,unnamed,-16.4883671,-68.1447059
5724206753,unnamed,-16.4883094,-68.1447987
413762510,unnamed,-16.4882406,-68.144865
413762511,unnamed,-16.488159,-68.1449087
5724206758,unnamed,-16.4880869,-68.1449164
413762513,unnamed,-16.4880202,-68.1448949
5724206756,unnamed,-16.4879654,-68.1448557
5724206754,unnamed,-16.4879328,-68.1447971
413762515,unnamed,-16.4879175,-68.144725
7967872052,unnamed,-16.4879307,-68.1446501
413762517,unnamed,-16.4879687,-68.1445809
3681284214,unnamed,-16.5007631,-68.1233893
8694979618,unnamed,-16.5005284,-68.1235347
5902051537,unnamed,-16.5004359,-68.1235947
11200083884,unnamed,-16.50267,-68.1207818
12560295289,unnamed,-16.5026353,-68.1200457
413770631,unnamed,-16.5026332,-68.1199807
561060190,unnamed,-16.5025935,-68.119104
563638038,unnamed,-16.5025589,-68.1186358
561060191,unnamed,-16.5025477,-68.118148
561060201,unnamed,-16.5025002,-68.117405
7418311747,unnamed,-16.5025034,-68.1172339
561060202,unnamed,-16.5025109,-68.1171284
561060203,unnamed,-16.5025445,-68.1170467
561060206,unnamed,-16.5026677,-68.1168676
561060192,unnamed,-16.5028128,-68.1166639
561060196,unnamed,-16.5028218,-68.1166128
561060197,unnamed,-16.5028143,-68.1165575
561060198,unnamed,-16.5027629,-68.1165043
561060210,unnamed,-16.5027015,-68.1164775
7418311746,unnamed,-16.5026158,-68.1164627
4750242849,unnamed,-16.5023156,-68.1164433
561060220,unnamed,-16.5024184,-68.1160107
561060219,unnamed,-16.5023036,-68.1160408
4750242750,unnamed,-16.502247,-68.1160807
2412098478,unnamed,-16.5021981,-68.1161253
561060216,unnamed,-16.5021549,-68.1162067
561060214,unnamed,-16.5021412,-68.1162642
4750242762,unnamed,-16.5021503,-68.1163461
2412098482,unnamed,-16.5021818,-68.1164013
561060212,unnamed,-16.5022312,-68.1164373
8983450849,unnamed,-16.5050605,-68.115861
7418374455,unnamed,-16.504969,-68.1158554
561060180,unnamed,-16.504868,-68.1158363
561060178,unnamed,-16.5044554,-68.1157302
561060177,unnamed,-16.5042011,-68.1156717
561060195,unnamed,-16.5038517,-68.11567
561060194,unnamed,-16.5035879,-68.1156828
4750242749,unnamed,-16.5033734,-68.1157252
561060200,unnamed,-16.5031538,-68.115779
3441051847,unnamed,-16.5028536,-68.1158778
4750242739,unnamed,-16.5052151,-68.1158432
11059890790,unnamed,-16.5053469,-68.115831
4374246310,unnamed,-16.5053867,-68.1158224
4374246302,unnamed,-16.5054235,-68.1158287
4374246304,unnamed,-16.5054558,-68.1158215
7418374476,unnamed,-16.505484,-68.1158036
4374246305,unnamed,-16.5055046,-68.1157768
561579342,unnamed,-16.5126567,-68.114387
561579354,unnamed,-16.511995,-68.1145194
561579353,unnamed,-16.511894,-68.1145209
561579352,unnamed,-16.5118343,-68.1145099
561579351,unnamed,-16.511746,-68.1144767
1785345214,unnamed,-16.5116431,-68.1143973
561579349,unnamed,-16.5115215,-68.1142768
561579348,unnamed,-16.5114642,-68.1141519
561579355,unnamed,-16.5112797,-68.1137639
561579356,unnamed,-16.5112448,-68.1137196
561579357,unnamed,-16.5111893,-68.1136751
561579358,unnamed,-16.5111322,-68.1136607
1785345143,unnamed,-16.5108448,-68.113649
561579360,unnamed,-16.5102559,-68.1136274
561579361,unnamed,-16.5101896,-68.1136069
1785345084,unnamed,-16.5101444,-68.1135704
561579362,unnamed,-16.5101066,-68.1134538
561579363,unnamed,-16.5100966,-68.1132124
561579364,unnamed,-16.5100794,-68.1131296
561579365,unnamed,-16.5100336,-68.1131077
561579366,unnamed,-16.5099757,-68.1131534
561579368,unnamed,-16.5096266,-68.1133982
561579369,unnamed,-16.5095432,-68.1134917
7553059112,unnamed,-16.5094449,-68.1136454
5147789798,unnamed,-16.5093066,-68.1139066
561579370,unnamed,-16.5091756,-68.1141758
1785344985,unnamed,-16.5088426,-68.1147063
561579371,unnamed,-16.5086717,-68.1149367
7418374479,unnamed,-16.5085289,-68.1150699
5166417183,unnamed,-16.5084113,-68.1151402
561579373,unnamed,-16.5082173,-68.1152468
561579269,unnamed,-16.5080753,-68.1153007
561579270,unnamed,-16.5079488,-68.115325
561579272,unnamed,-16.5076213,-68.115368
561579273,unnamed,-16.507523,-68.1153976
561579274,unnamed,-16.5072574,-68.1154782
561579275,unnamed,-16.507104,-68.1155073
561579276,unnamed,-16.5069493,-68.1155136
5166417193,unnamed,-16.5068446,-68.115514
561579280,unnamed,-16.5060026,-68.115567
10839810795,unnamed,-16.505788,-68.1156252
10838108722,unnamed,-16.5127929,-68.1143518
561579340,unnamed,-16.5128831,-68.1143293
8983213138,unnamed,-16.5138841,-68.1133379
8005693616,unnamed,-16.5138131,-68.1133611
561579346,unnamed,-16.5137382,-68.1133997
2865723632,unnamed,-16.5136104,-68.113494
1213979735,unnamed,-16.5132865,-68.1138664
561579343,unnamed,-16.5129598,-68.1142487
11060143254,unnamed,-16.5140361,-68.1133528
8005693615,unnamed,-16.5139299,-68.1133397
1785386559,unnamed,-16.5200394,-68.1042729
1216137450,unnamed,-16.5201045,-68.1034879
1216137552,unnamed,-16.5200418,-68.1037036
5072310221,unnamed,-16.5200239,-68.1038021
1216137502,unnamed,-16.5200114,-68.103938
1216137566,unnamed,-16.5200063,-68.1041026
1785386565,unnamed,-16.5201681,-68.102806
11116618471,unnamed,-16.5201643,-68.1028443
1785386563,unnamed,-16.5201221,-68.1032734
1785386578,unnamed,-16.5202888,-68.1020379
1785386572,unnamed,-16.5202283,-68.1023477
8951401606,unnamed,-16.520321,-68.1019441
1785386589,unnamed,-16.5203647,-68.1018475
6581918033,unnamed,-16.5204817,-68.1017308
1785386602,unnamed,-16.5213546,-68.1012761
1785386626,unnamed,-16.5224566,-68.1006351
7455447013,unnamed,-16.4966396,-68.1243318
565825843,unnamed,-16.4964303,-68.1243312
565825842,unnamed,-16.4961064,-68.1243354
565825845,unnamed,-16.4952123,-68.1243418
322599418,unnamed,-16.4949196,-68.1243427
322599419,unnamed,-16.4931903,-68.1240663
565307283,unnamed,-16.4920222,-68.1240683
322599416,unnamed,-16.4910994,-68.1241291
322599417,unnamed,-16.4909128,-68.1241433
3369133351,unnamed,-16.4892862,-68.1249263
565307303,unnamed,-16.489683,-68.124736
565307286,unnamed,-16.4907614,-68.1242501
4349253803,unnamed,-16.4823857,-68.1221087
321807173,unnamed,-16.4826312,-68.1223246
2864987827,unnamed,-16.4829685,-68.122591
1784846980,unnamed,-16.4834978,-68.1229542
3369205333,unnamed,-16.4837334,-68.1230699
1784847027,unnamed,-16.4841953,-68.1232696
565307329,unnamed,-16.4851941,-68.1236385
321807065,unnamed,-16.4853296,-68.1236947
565307328,unnamed,-16.485467,-68.1237893
321807067,unnamed,-16.4857382,-68.1239789
321807071,unnamed,-16.4858585,-68.1240484
1784742047,unnamed,-16.4861012,-68.1241561
565307326,unnamed,-16.486329,-68.1242185
321807074,unnamed,-16.4866648,-68.1243158
1784847349,unnamed,-16.4869087,-68.1244
321807075,unnamed,-16.4870677,-68.1244647
4362116591,unnamed,-16.4871757,-68.1245137
321807076,unnamed,-16.4874661,-68.124659
565307322,unnamed,-16.4876867,-68.1247509
8979336050,unnamed,-16.4877187,-68.1247633
321807077,unnamed,-16.4879097,-68.1248375
1784847462,unnamed,-16.4881481,-68.1249318
1784847472,unnamed,-16.488278,-68.124981
321807079,unnamed,-16.4884123,-68.1250412
4362292613,unnamed,-16.4886833,-68.1251632
9838925664,unnamed,-16.4887142,-68.1251623
11056914514,unnamed,-16.4822497,-68.1219801
11056914515,unnamed,-16.4823473,-68.1220706
4362287580,unnamed,-16.4648666,-68.1096747
1784893952,unnamed,-16.4653056,-68.1090848
2864476206,unnamed,-16.4645875,-68.1059606
8941448529,unnamed,-16.464545,-68.1060639
8941448530,unnamed,-16.4645122,-68.1061182
8941448531,unnamed,-16.4644968,-68.1061766
8941448528,unnamed,-16.4644865,-68.1062282
2864476205,unnamed,-16.4644891,-68.1062979
2864476204,unnamed,-16.4645161,-68.1064139
2864476203,unnamed,-16.4645958,-68.1066647
2864476231,unnamed,-16.464682,-68.1070134
8941448527,unnamed,-16.4647026,-68.1070818
8941448502,unnamed,-16.4647483,-68.1072622
8941448526,unnamed,-16.4647882,-68.1073983
2864476202,unnamed,-16.4648349,-68.1075471
8941448503,unnamed,-16.4649426,-68.107779
6556374840,unnamed,-16.4650511,-68.1080581
8941448504,unnamed,-16.4650692,-68.1081151
8941448505,unnamed,-16.4650779,-68.1081627
2864476201,unnamed,-16.4650802,-68.1081969
8941448506,unnamed,-16.4650753,-68.1082311
8941448507,unnamed,-16.4650583,-68.1082579
2864476214,unnamed,-16.4650371,-68.1082804
8941448508,unnamed,-16.4650175,-68.1082904
2864476100,unnamed,-16.4649815,-68.1083001
2864476099,unnamed,-16.4648728,-68.1083062
2864476098,unnamed,-16.4646903,-68.1082872
8941448509,unnamed,-16.4646434,-68.1082936
8941448510,unnamed,-16.4646122,-68.108308
2864476097,unnamed,-16.4645907,-68.1083244
8941448511,unnamed,-16.4645775,-68.1083449
8941448512,unnamed,-16.4645681,-68.1083734
5148329770,unnamed,-16.4645646,-68.1084002
8941448513,unnamed,-16.4645714,-68.1084274
8941448514,unnamed,-16.4645817,-68.1084435
2864476096,unnamed,-16.4646067,-68.1084649
5148329769,unnamed,-16.4646614,-68.1084964
1784893814,unnamed,-16.4647455,-68.1085261
1784893896,unnamed,-16.4649076,-68.108614
8941448517,unnamed,-16.4651403,-68.1087267
1784893914,unnamed,-16.4652065,-68.1087723
8941448518,unnamed,-16.4652605,-68.1088327
8941448516,unnamed,-16.4652831,-68.1088856
1784893935,unnamed,-16.4653017,-68.1089413
1784893950,unnamed,-16.4653159,-68.1090043
8941448515,unnamed,-16.4653184,-68.1090472
2864497048,unnamed,-16.469256,-68.1118312
2864497015,unnamed,-16.469458,-68.1115656
2864497049,unnamed,-16.4694702,-68.1115317
2864497014,unnamed,-16.4694729,-68.1114942
2864497013,unnamed,-16.4694577,-68.111454
2864497012,unnamed,-16.4690223,-68.1109732
8956900872,unnamed,-16.4689577,-68.1109281
8956900871,unnamed,-16.4689011,-68.1108972
2864497011,unnamed,-16.4687866,-68.1108637
2864497010,unnamed,-16.4682954,-68.1109884
2864476073,unnamed,-16.4682696,-68.1109207
8941448609,unnamed,-16.4682323,-68.1108402
2864476072,unnamed,-16.4681622,-68.1107229
9363209251,unnamed,-16.4680658,-68.1106129
8941448608,unnamed,-16.4678234,-68.1103809
8941448607,unnamed,-16.4675321,-68.1101053
2864476071,unnamed,-16.4670607,-68.1096326
8941448606,unnamed,-16.4668022,-68.1093697
2864476070,unnamed,-16.4667321,-68.1092966
8941448605,unnamed,-16.4666832,-68.1092289
2864476069,unnamed,-16.4665836,-68.1090693
9363209250,unnamed,-16.4665295,-68.1089593
2864476086,unnamed,-16.4664832,-68.1088923
9363209253,unnamed,-16.4663521,-68.1087287
2864476068,unnamed,-16.4661206,-68.1084403
6465139333,unnamed,-16.4658415,-68.1080682
2865071072,unnamed,-16.465778,-68.1080018
9363209255,unnamed,-16.4656621,-68.1079207
9363209252,unnamed,-16.4656106,-68.1078764
9363209254,unnamed,-16.4655708,-68.1078342
2864476067,unnamed,-16.4655019,-68.1077363
9363209256,unnamed,-16.4654466,-68.1076437
2864476066,unnamed,-16.4653798,-68.1075089
2864476065,unnamed,-16.4650518,-68.1068404
2864476064,unnamed,-16.4648602,-68.1064716
6556374863,unnamed,-16.4646904,-68.1061611
2864476063,unnamed,-16.4646415,-68.106076
9363209257,unnamed,-16.4645618,-68.1058909
2864476230,unnamed,-16.4645361,-68.1057997
8941448533,unnamed,-16.4644692,-68.1055999
2864476062,unnamed,-16.4644306,-68.105502
9363209258,unnamed,-16.4643882,-68.1054282
2864476061,unnamed,-16.4643387,-68.1053571
9363209249,unnamed,-16.4641953,-68.1052056
9363209248,unnamed,-16.4640538,-68.1050561
8941448521,unnamed,-16.4639483,-68.104928
2864476060,unnamed,-16.4637464,-68.1046638
9363209260,unnamed,-16.4636229,-68.1044707
9363209259,unnamed,-16.4634737,-68.1041917
2864476059,unnamed,-16.463367,-68.1040066
2864484557,unnamed,-16.4632307,-68.1038122
2864484552,unnamed,-16.4625889,-68.1030531
2864476058,unnamed,-16.4621838,-68.1025623
3460388453,unnamed,-16.4617831,-68.1020795
2864476247,unnamed,-16.4614828,-68.1017268
2864476057,unnamed,-16.4612687,-68.1014974
9363209262,unnamed,-16.4612269,-68.1014639
8941152045,unnamed,-16.4611896,-68.1014465
2864476056,unnamed,-16.4611555,-68.1014438
9363209263,unnamed,-16.4611246,-68.1014552
8941152046,unnamed,-16.4611002,-68.1014713
2864476055,unnamed,-16.4610655,-68.1015082
2864476054,unnamed,-16.4609516,-68.101645
2864476244,unnamed,-16.4608102,-68.1018434
8941152047,unnamed,-16.4607626,-68.1019125
9363209261,unnamed,-16.4607504,-68.1019407
2864476053,unnamed,-16.4607433,-68.1019762
8941152044,unnamed,-16.4607574,-68.1020258
2864476046,unnamed,-16.460805,-68.1020983
2864476245,unnamed,-16.4611047,-68.1024389
9363209247,unnamed,-16.461286,-68.1026521
2864476045,unnamed,-16.4614571,-68.1028855
2864476044,unnamed,-16.4616384,-68.1031577
2864476043,unnamed,-16.4618976,-68.1036063
8941152048,unnamed,-16.4619606,-68.1037029
8941152049,unnamed,-16.4620243,-68.1037793
2864476042,unnamed,-16.4620905,-68.103837
9363209264,unnamed,-16.4621568,-68.1038866
1784898534,unnamed,-16.4622249,-68.1039376
1784898540,unnamed,-16.4622732,-68.1040006
1784898541,unnamed,-16.4622838,-68.1040335
1784898542,unnamed,-16.46236,-68.1042266
1784898546,unnamed,-16.4624011,-68.1043808
1784898547,unnamed,-16.4624294,-68.1045216
1784898548,unnamed,-16.4624346,-68.1046236
9363209265,unnamed,-16.4624204,-68.1047362
1784898544,unnamed,-16.4624088,-68.1048542
2864484555,unnamed,-16.4624104,-68.1050246
1784898545,unnamed,-16.4624513,-68.1053048
1784898550,unnamed,-16.462504,-68.1055865
1784898551,unnamed,-16.4625452,-68.1058225
2864476227,unnamed,-16.4626018,-68.1060666
4346659241,unnamed,-16.4626776,-68.1063335
1784898554,unnamed,-16.4627381,-68.1064998
1784898556,unnamed,-16.4628024,-68.1066218
9363209266,unnamed,-16.4628744,-68.1067868
1784898557,unnamed,-16.4628969,-68.1068759
1784898559,unnamed,-16.4629046,-68.1069873
9363209267,unnamed,-16.4629014,-68.1070878
1784898558,unnamed,-16.4628853,-68.1071683
1784898560,unnamed,-16.4628706,-68.1072313
8941152038,unnamed,-16.4628718,-68.1072622
9264518619,unnamed,-16.4628802,-68.1072917
8941152037,unnamed,-16.462949,-68.1073728
8941152036,unnamed,-16.4630635,-68.107468
1784898561,unnamed,-16.4631548,-68.1075472
2864476208,unnamed,-16.4633348,-68.107696
1784898562,unnamed,-16.4635181,-68.1078564
1784898563,unnamed,-16.4635798,-68.1079214
4346660494,unnamed,-16.4636178,-68.1079878
8941152041,unnamed,-16.4636268,-68.1080836
1784898566,unnamed,-16.4636255,-68.1081869
1784898564,unnamed,-16.4635985,-68.1082888
8941448520,unnamed,-16.4643075,-68.105443
6114242747,unnamed,-16.4642024,-68.1053705
9264441924,unnamed,-16.4641271,-68.1053142
6114242748,unnamed,-16.4640628,-68.1052525
6114242749,unnamed,-16.463803,-68.1050259
412885571,unnamed,-16.4601153,-68.1032521
5764699673,unnamed,-16.4600411,-68.1031865
3463510620,unnamed,-16.459938,-68.1031196
412885572,unnamed,-16.4598028,-68.1030252
3682590066,unnamed,-16.4597082,-68.1029414
5764699672,unnamed,-16.4596475,-68.1028809
1784898471,unnamed,-16.4595813,-68.1028352
1784898463,unnamed,-16.4592323,-68.102526
1784898462,unnamed,-16.4588451,-68.1022106
1365151175,unnamed,-16.4854136,-68.1511799
5523325086,unnamed,-16.4851705,-68.1510184
1365151119,unnamed,-16.4847411,-68.1507295
1365151154,unnamed,-16.4846489,-68.1506627
1365151123,unnamed,-16.4845245,-68.1505644
1365151121,unnamed,-16.4844616,-68.1504802
2865679880,unnamed,-16.4865613,-68.1509459
8982710271,unnamed,-16.4865788,-68.1511096
8982710272,unnamed,-16.4865773,-68.1511851
1365151171,unnamed,-16.4865552,-68.1512213
8982710276,unnamed,-16.4865008,-68.1512406
8982710275,unnamed,-16.4864277,-68.1512487
1365151120,unnamed,-16.4861069,-68.1512095
1365146530,unnamed,-16.4868079,-68.1509398
1365146578,unnamed,-16.4867036,-68.1509195
8982710284,unnamed,-16.4866391,-68.1509274
1365146547,unnamed,-16.4876259,-68.1509603
1365146610,unnamed,-16.4875175,-68.1509842
1365146581,unnamed,-16.4871131,-68.1510008
5523325074,unnamed,-16.4869653,-68.1509822
1365146625,unnamed,-16.4868765,-68.1509583
1365146566,unnamed,-16.4873415,-68.1494584
5523325067,unnamed,-16.4873522,-68.149575
1365146592,unnamed,-16.4874446,-68.1502046
1365146557,unnamed,-16.4874913,-68.1503474
1365153201,unnamed,-16.4875871,-68.1505917
1365154975,unnamed,-16.4876493,-68.1507355
1365146622,unnamed,-16.4876631,-68.1508093
1365146528,unnamed,-16.4876743,-68.1508779
5523325066,unnamed,-16.487656,-68.1509299
1365153268,unnamed,-16.4875849,-68.1493564
8095605499,unnamed,-16.4875999,-68.149332
4476265525,unnamed,-16.4876044,-68.1492888
5523325068,unnamed,-16.4875931,-68.1492209
8095656440,unnamed,-16.4875576,-68.1489603
8095656490,unnamed,-16.4875513,-68.1490681
8095656437,unnamed,-16.4876259,-68.1489736
8095656444,unnamed,-16.4876361,-68.1489622
8095656441,unnamed,-16.4875678,-68.1489726
8095656442,unnamed,-16.4875813,-68.1489807
8095656443,unnamed,-16.4875967,-68.1489837
8095656436,unnamed,-16.4876121,-68.1489812
8095656438,unnamed,-16.4875514,-68.1489284
8095656439,unnamed,-16.4875518,-68.1489449
8095656450,unnamed,-16.4876129,-68.1488894
8095656451,unnamed,-16.4875967,-68.1488866
8095656452,unnamed,-16.4875807,-68.1488899
8095656453,unnamed,-16.4875667,-68.1488988
8095656454,unnamed,-16.4875565,-68.1489121
8095656449,unnamed,-16.4876213,-68.1488935
8095656445,unnamed,-16.4876423,-68.148948
8095656446,unnamed,-16.4876439,-68.1489324
8095656447,unnamed,-16.4876406,-68.1489171
8095656448,unnamed,-16.4876328,-68.1489037
8095656458,unnamed,-16.4875292,-68.1489102
5523321513,unnamed,-16.4875057,-68.1486223
8095656459,unnamed,-16.4874886,-68.1487187
8095656455,unnamed,-16.4874886,-68.1487526
8095656456,unnamed,-16.4874951,-68.1488116
8095656457,unnamed,-16.4875079,-68.148878
4390471056,unnamed,-16.487549,-68.1485226
8095656461,unnamed,-16.4875964,-68.148426
8993017957,unnamed,-16.4876667,-68.1482899
1899559929,unnamed,-16.4878095,-68.1480002
1899559930,unnamed,-16.4878976,-68.147728
8993017956,unnamed,-16.4879696,-68.1475624
1899559931,unnamed,-16.4880538,-68.1473659
1899559932,unnamed,-16.48814,-68.1472076
8095687396,unnamed,-16.488203,-68.147101
8993017955,unnamed,-16.4882602,-68.1470353
1899559933,unnamed,-16.4883422,-68.1469546
1899559934,unnamed,-16.4885077,-68.146812
8993018000,unnamed,-16.4885862,-68.1467517
8993018001,unnamed,-16.4886621,-68.146694
8993018002,unnamed,-16.4887662,-68.146643
2865679906,unnamed,-16.4888305,-68.1466216
3404188240,unnamed,-16.4894565,-68.1463991
2865696057,unnamed,-16.4900585,-68.146202
1899559937,unnamed,-16.490351,-68.1461091
1899559938,unnamed,-16.4905549,-68.1461054
1899559940,unnamed,-16.4907553,-68.1461327
1899559944,unnamed,-16.4912333,-68.1462627
8952540781,unnamed,-16.491334,-68.1462831
8952540780,unnamed,-16.4913874,-68.1462872
3404631421,unnamed,-16.4914033,-68.1462887
8952627336,unnamed,-16.491426,-68.1462896
4390478926,unnamed,-16.4914443,-68.1462892
3419556226,unnamed,-16.491623,-68.1462847
6923891632,unnamed,-16.4923128,-68.146234
1899559946,unnamed,-16.492466,-68.1462265
563597650,unnamed,-16.4926535,-68.1442089
6923881582,unnamed,-16.4926324,-68.1442596
4412520885,unnamed,-16.4926175,-68.1443463
8095709354,unnamed,-16.4925536,-68.1451802
5109709485,unnamed,-16.4925113,-68.1455696
12015226380,unnamed,-16.492511,-68.1455802
11234699928,unnamed,-16.4924995,-68.1459641
11234699927,unnamed,-16.4924832,-68.146123
6923891585,unnamed,-16.4926683,-68.1437424
6923881584,unnamed,-16.4927193,-68.1438051
4209870014,unnamed,-16.4927504,-68.1438519
563597660,unnamed,-16.4927788,-68.1439173
6923891586,unnamed,-16.4927888,-68.1439855
563597659,unnamed,-16.4927831,-68.1440404
563597658,unnamed,-16.4927474,-68.1441039
6923891587,unnamed,-16.4926934,-68.144158
11059766830,unnamed,-16.4925465,-68.1437169
6919566892,unnamed,-16.4925876,-68.1437225
4412520886,unnamed,-16.4926283,-68.1437311
6919566889,unnamed,-16.4925087,-68.1434195
6919566877,unnamed,-16.4924656,-68.1434191
11059784408,unnamed,-16.4924366,-68.1434271
6919566878,unnamed,-16.4924158,-68.1434425
10250910184,unnamed,-16.4923924,-68.1434684
11059784406,unnamed,-16.4923728,-68.1435557
6919566879,unnamed,-16.4923773,-68.1435899
11059784407,unnamed,-16.4923881,-68.1436222
6919566880,unnamed,-16.4924031,-68.1436486
11059784405,unnamed,-16.4924152,-68.1436663
6919566881,unnamed,-16.4924346,-68.1436881
6923881583,unnamed,-16.492817,-68.1437777
563597656,unnamed,-16.4927063,-68.143634
11057545300,unnamed,-16.4926369,-68.143548
324100466,unnamed,-16.492963,-68.1441502
4209869065,unnamed,-16.4929483,-68.1440439
563597651,unnamed,-16.4929231,-68.1439485
6923891589,unnamed,-16.4928768,-68.143856
537342020,unnamed,-16.4929819,-68.1443718
561632624,unnamed,-16.4932532,-68.1444998
3778804798,unnamed,-16.4931821,-68.144512
561632666,unnamed,-16.4931129,-68.1445069
3778804796,unnamed,-16.4930568,-68.144476
6923891602,unnamed,-16.4930194,-68.1444377
324100143,unnamed,-16.4937255,-68.1407212
418109122,unnamed,-16.4937134,-68.1407732
324100148,unnamed,-16.4937176,-68.1408266
418109124,unnamed,-16.4937376,-68.1408759
2865696094,unnamed,-16.4937713,-68.1409162
2865696095,unnamed,-16.4938155,-68.1409435
324100137,unnamed,-16.4937715,-68.1406563
5306857100,unnamed,-16.4937447,-68.1406859
334632469,unnamed,-16.4951573,-68.1402614
1502528505,unnamed,-16.4956184,-68.1400824
12107231041,unnamed,-16.4980514,-68.1392926
6869060803,unnamed,-16.4981991,-68.1392254
414279998,unnamed,-16.4988105,-68.1390552
537353658,unnamed,-16.499429,-68.138923
414280004,unnamed,-16.4995459,-68.1388787
414280007,unnamed,-16.4996748,-68.1388091
414280009,unnamed,-16.4999592,-68.1385616
414280010,unnamed,-16.5002417,-68.1382913
6869054722,unnamed,-16.5003645,-68.1381612
6869060822,unnamed,-16.5004481,-68.1380479
6869054723,unnamed,-16.5005342,-68.1379205
1702725348,unnamed,-16.5006468,-68.1376825
8979935724,unnamed,-16.5009265,-68.1371457
8979935725,unnamed,-16.5009513,-68.1371022
4421487625,unnamed,-16.5009771,-68.1370705
4421487641,unnamed,-16.5010913,-68.1369452
4421487642,unnamed,-16.5010634,-68.1369273
4421487643,unnamed,-16.501031,-68.136922
4421487626,unnamed,-16.5009992,-68.1369302
4421487627,unnamed,-16.5009729,-68.1369507
4421487630,unnamed,-16.5009563,-68.1369802
4421487632,unnamed,-16.5009519,-68.1370042
4421487633,unnamed,-16.5009541,-68.1370285
6869054738,unnamed,-16.5009627,-68.1370512
4422050819,unnamed,-16.5011162,-68.1369179
7703322343,unnamed,-16.501147,-68.1369014
8979935738,unnamed,-16.501034,-68.1366354
7703322342,unnamed,-16.5010331,-68.1365506
561047873,unnamed,-16.5010571,-68.1364538
8979935737,unnamed,-16.5010453,-68.136398
8979935736,unnamed,-16.5010193,-68.1363408
561047872,unnamed,-16.5009765,-68.1362964
4341865140,unnamed,-16.5009274,-68.1362417
4341865139,unnamed,-16.5008709,-68.1361531
8979935735,unnamed,-16.5008223,-68.1360467
561047870,unnamed,-16.5007619,-68.1358511
12924930983,unnamed,-16.5006791,-68.1353475
7732505562,unnamed,-16.5006536,-68.1352826
560232414,unnamed,-16.4985113,-68.1328802
348025866,unnamed,-16.4992226,-68.1316985
565307174,unnamed,-16.4999551,-68.1305673
3718583051,unnamed,-16.4997147,-68.1309405
6879642437,unnamed,-16.5004874,-68.1275628
8982846572,unnamed,-16.5004699,-68.1275686
8982846573,unnamed,-16.5004571,-68.1275827
7056110266,unnamed,-16.5004076,-68.1276212
8982846571,unnamed,-16.5003485,-68.1277006
4365923824,unnamed,-16.5002306,-68.127931
564539480,unnamed,-16.50012,-68.1281803
4365923812,unnamed,-16.5000728,-68.128325
8156110154,unnamed,-16.5000369,-68.1284708
7056110264,unnamed,-16.5000001,-68.1286418
564539479,unnamed,-16.4999616,-68.1288111
4321752575,unnamed,-16.4999255,-68.1289988
8982846576,unnamed,-16.4999483,-68.1291554
4537148173,unnamed,-16.4999676,-68.1293161
8982846575,unnamed,-16.499984,-68.129443
8982846574,unnamed,-16.4999925,-68.1294901
564539477,unnamed,-16.5000063,-68.1295322
564539473,unnamed,-16.5001794,-68.1298883
8982846560,unnamed,-16.5002654,-68.1300356
564539472,unnamed,-16.50028,-68.1300827
8979443209,unnamed,-16.5002842,-68.1301289
564539471,unnamed,-16.5002771,-68.1301759
564539470,unnamed,-16.5001716,-68.1303379
588692470,unnamed,-16.4738955,-68.1200596
588692478,unnamed,-16.4737917,-68.1197248
8960034370,unnamed,-16.4737599,-68.1196506
4356728135,unnamed,-16.4737005,-68.1195424
5888384185,unnamed,-16.4736774,-68.1194821
1784870711,unnamed,-16.4736589,-68.1194394
588692484,unnamed,-16.4735445,-68.1192937
588692231,unnamed,-16.4734753,-68.1192422
1784894632,unnamed,-16.4731616,-68.1189107
588689873,unnamed,-16.4729848,-68.1186766
2557986998,unnamed,-16.4734988,-68.1182314
588689858,unnamed,-16.4733912,-68.118427
588689867,unnamed,-16.473315,-68.1185183
8960034372,unnamed,-16.4732352,-68.1185898
8960034371,unnamed,-16.4731284,-68.1186354
4362296611,unnamed,-16.4755697,-68.1185943
1784870803,unnamed,-16.475518,-68.11876
1784870783,unnamed,-16.4752653,-68.1189665
1784870761,unnamed,-16.4747784,-68.1193495
1784870741,unnamed,-16.474328,-68.1197312
1784870751,unnamed,-16.474578,-68.1203716
2557987080,unnamed,-16.4747938,-68.120956
1784870773,unnamed,-16.4749236,-68.121377
1784870999,unnamed,-16.4785203,-68.1210629
4362293468,unnamed,-16.4784609,-68.1204386
4362293476,unnamed,-16.4784694,-68.1203846
1784870872,unnamed,-16.4768279,-68.1209059
1784870896,unnamed,-16.4772001,-68.1209707
9840030568,unnamed,-16.4773427,-68.1209807
1784870966,unnamed,-16.4782189,-68.1210425
1784871053,unnamed,-16.4794111,-68.1212255
8959478548,unnamed,-16.4794518,-68.1212278
1784871066,unnamed,-16.4795855,-68.1212188
1784870862,unnamed,-16.4765503,-68.1214292
7173338615,unnamed,-16.4775834,-68.1228079
1784870904,unnamed,-16.4772885,-68.1224071
1784870882,unnamed,-16.4770144,-68.1220135
7474707565,unnamed,-16.4767387,-68.1216465
8959478553,unnamed,-16.4766637,-68.1215537
6013427072,unnamed,-16.4770566,-68.1230456
1784870911,unnamed,-16.4776305,-68.1227859
1784870883,unnamed,-16.4769766,-68.1231417
4362975902,unnamed,-16.4769605,-68.1231803
1784870827,unnamed,-16.4759564,-68.1255957
1784870824,unnamed,-16.4758946,-68.1255533
1784870822,unnamed,-16.4758518,-68.1255217
1784870816,unnamed,-16.4757604,-68.125456
8959257006,unnamed,-16.4757198,-68.1254174
2557987151,unnamed,-16.475696,-68.1253772
8959257007,unnamed,-16.4756876,-68.1253047
2593683978,unnamed,-16.4757473,-68.1251007
1784870809,unnamed,-16.4757929,-68.1250474
1784870831,unnamed,-16.4760764,-68.1247527
1784870839,unnamed,-16.4762997,-68.1244817
6013418792,unnamed,-16.4764023,-68.1243398
1784870859,unnamed,-16.4764831,-68.1242051
6013418791,unnamed,-16.4766994,-68.1238049
8959257008,unnamed,-16.4760053,-68.1256185
1784870832,unnamed,-16.4760464,-68.1256239
1784870843,unnamed,-16.4761378,-68.1256185
1784870851,unnamed,-16.4762908,-68.1255823
1784870860,unnamed,-16.4764053,-68.125522
1784870863,unnamed,-16.476539,-68.1254469
1784870865,unnamed,-16.4766393,-68.1253718
1784870868,unnamed,-16.4767332,-68.1252739
1784870876,unnamed,-16.4769238,-68.1250966
1784870885,unnamed,-16.4769946,-68.1250585
1784870888,unnamed,-16.4770839,-68.1250241
1784870903,unnamed,-16.4773048,-68.1249833
6013417384,unnamed,-16.4773554,-68.1249907
1784870907,unnamed,-16.4773986,-68.1250153
6013417382,unnamed,-16.4774074,-68.1250491
6013417383,unnamed,-16.4774089,-68.1250828
1784870908,unnamed,-16.4773994,-68.1251478
1784870906,unnamed,-16.4773458,-68.1252872
1784870898,unnamed,-16.4772836,-68.1254455
6013417376,unnamed,-16.4772489,-68.1255662
8959257005,unnamed,-16.4772443,-68.1256187
1784870899,unnamed,-16.477239,-68.1256791
1784870905,unnamed,-16.4772605,-68.125746
1784870910,unnamed,-16.477308,-68.1257942
1784870917,unnamed,-16.4773814,-68.1258331
1784870924,unnamed,-16.4775215,-68.1258546
8959257016,unnamed,-16.4776746,-68.1258881
6013417375,unnamed,-16.4778739,-68.1259485
1784870951,unnamed,-16.4781303,-68.126027
6013417371,unnamed,-16.478189,-68.1260323
1784870972,unnamed,-16.4782571,-68.1260329
1784870988,unnamed,-16.4783888,-68.1260228
8959288723,unnamed,-16.4784758,-68.1259874
8959288724,unnamed,-16.4785658,-68.1259605
8959288725,unnamed,-16.4786069,-68.1259605
6013417372,unnamed,-16.4786622,-68.1259686
1784871009,unnamed,-16.4787979,-68.1260433
1784871028,unnamed,-16.4788609,-68.1260785
1784871043,unnamed,-16.4790942,-68.1262274
1784871059,unnamed,-16.4794717,-68.1264704
1784856788,unnamed,-16.4800974,-68.1268591
1784856792,unnamed,-16.4801733,-68.1270334
2864987862,unnamed,-16.4801823,-68.1270991
8105743231,unnamed,-16.4801617,-68.1272346
1784856781,unnamed,-16.4799637,-68.1277455
8959288732,unnamed,-16.4799071,-68.12783
1784856779,unnamed,-16.4798466,-68.127877
8959288733,unnamed,-16.4797708,-68.127889
1784846728,unnamed,-16.4797117,-68.1278897
8959288734,unnamed,-16.4796576,-68.1278904
1784856768,unnamed,-16.4795722,-68.1278717
8959288735,unnamed,-16.479448,-68.1278501
8959288736,unnamed,-16.4792178,-68.1277858
2864987856,unnamed,-16.4789055,-68.1276909
4363637307,unnamed,-16.4785311,-68.1275524
1784856756,unnamed,-16.4785118,-68.1276436
1784856753,unnamed,-16.4784989,-68.1277616
5391717774,unnamed,-16.4784976,-68.1278649
8959288740,unnamed,-16.4785131,-68.1279159
1784856757,unnamed,-16.4785555,-68.1279615
8959288741,unnamed,-16.4786134,-68.1280084
1784856764,unnamed,-16.478697,-68.1280419
8959288742,unnamed,-16.4788834,-68.1280929
8959288743,unnamed,-16.4790133,-68.1281412
1784856766,unnamed,-16.4790976,-68.1281726
11060496809,unnamed,-16.4791606,-68.1282022
11060496810,unnamed,-16.4791811,-68.1282371
8959288760,unnamed,-16.4778991,-68.1276487
2864834386,unnamed,-16.4777435,-68.1278475
1785037075,unnamed,-16.4776716,-68.1279468
2864834389,unnamed,-16.477619,-68.1280522
2864834387,unnamed,-16.4775271,-68.1282302
8959288778,unnamed,-16.4774026,-68.1284811
2864834388,unnamed,-16.4772386,-68.128864
8959288779,unnamed,-16.4772251,-68.1289083
8959288780,unnamed,-16.4772238,-68.1289492
8959288781,unnamed,-16.4772335,-68.1289807
1785037063,unnamed,-16.4772913,-68.1290384
11065740231,unnamed,-16.4908788,-68.1401531
3666601186,unnamed,-16.4909292,-68.1401682
8993116398,unnamed,-16.4910157,-68.140185
4411873435,unnamed,-16.4911598,-68.1401806
8993143055,unnamed,-16.4916554,-68.1401652
4759033341,unnamed,-16.4916802,-68.1401715
563629157,unnamed,-16.4920909,-68.1404496
1888228232,unnamed,-16.492405,-68.1407327
334632342,unnamed,-16.4924509,-68.1407623
1888228238,unnamed,-16.4925044,-68.1407655
5306857101,unnamed,-16.4935467,-68.1406751
10903709804,unnamed,-16.4936206,-68.1406942
8979935723,unnamed,-16.5010008,-68.1370873
4421487628,unnamed,-16.5010286,-68.1370946
4421487629,unnamed,-16.5010571,-68.1370916
4421487636,unnamed,-16.5010829,-68.1370787
6869054740,unnamed,-16.501103,-68.1370573
4421487637,unnamed,-16.5011149,-68.1370302
4421487638,unnamed,-16.5011176,-68.1370072
4421487639,unnamed,-16.5011143,-68.1369843
4421487640,unnamed,-16.5011054,-68.1369631
414280017,unnamed,-16.5014723,-68.1367507
4376225478,unnamed,-16.5016597,-68.13663
321691359,unnamed,-16.5024898,-68.1358107
11057342225,unnamed,-16.5025386,-68.1357577
12959633398,unnamed,-16.502616,-68.1356805
11057342226,unnamed,-16.5027481,-68.1355461
11057342229,unnamed,-16.5029414,-68.1353511
6611334158,unnamed,-16.5024851,-68.1287737
6611334174,unnamed,-16.5024373,-68.1287617
11398092177,unnamed,-16.5026938,-68.1221918
3705813129,unnamed,-16.5021204,-68.1225349
7455447012,unnamed,-16.4967745,-68.1240651
563638119,unnamed,-16.4965042,-68.1237556
563638147,unnamed,-16.4959091,-68.1231006
563638148,unnamed,-16.4949723,-68.1220718
12469361108,unnamed,-16.4946655,-68.1217471
4377903717,unnamed,-16.4945902,-68.1216675
6167248758,unnamed,-16.4945913,-68.1216075
10291443493,unnamed,-16.4945862,-68.1215451
11055725776,unnamed,-16.4945878,-68.121463
4349254870,unnamed,-16.4837177,-68.1211483
11303448432,unnamed,-16.4835667,-68.1212084
4349254828,unnamed,-16.4834283,-68.121316
4349254807,unnamed,-16.4833302,-68.1214261
11186187453,unnamed,-16.483152,-68.1218014
11186187451,unnamed,-16.4830994,-68.1218126
3369205343,unnamed,-16.482755,-68.1218288
8956514119,unnamed,-16.469067,-68.1150895
8956514120,unnamed,-16.4691982,-68.1150292
1784894507,unnamed,-16.4692909,-68.1149768
8956514118,unnamed,-16.4694747,-68.1148495
13023104411,unnamed,-16.4697187,-68.1146438
1784894561,unnamed,-16.4697251,-68.1146384
1784894584,unnamed,-16.4700237,-68.1143832
1784894586,unnamed,-16.4701162,-68.1142661
1784894587,unnamed,-16.4701448,-68.1142293
1784894591,unnamed,-16.4701661,-68.1141601
2864497020,unnamed,-16.4690292,-68.1121528
8956900874,unnamed,-16.4690258,-68.1122223
8956900873,unnamed,-16.4690477,-68.1123161
8956900875,unnamed,-16.4691159,-68.11252
2864497017,unnamed,-16.4691482,-68.1125849
2864497018,unnamed,-16.4693701,-68.1129202
5129839184,unnamed,-16.4695839,-68.1132114
2864497019,unnamed,-16.4697668,-68.1135642
6945316400,unnamed,-16.4698272,-68.1128589
2864497051,unnamed,-16.4700599,-68.1125527
8960151429,unnamed,-16.470155,-68.1124435
2864497052,unnamed,-16.4701769,-68.1124073
8960151428,unnamed,-16.470182,-68.1123671
8960151427,unnamed,-16.4701563,-68.1122732
2864497050,unnamed,-16.4700716,-68.1120799
2864497053,unnamed,-16.470051,-68.1120327
2864497054,unnamed,-16.4699802,-68.1118152
2864497055,unnamed,-16.4699562,-68.1117166
2864497056,unnamed,-16.4699295,-68.1116089
8960151426,unnamed,-16.4699274,-68.1115665
5583938645,unnamed,-16.4699493,-68.1115255
5120615059,unnamed,-16.470073,-68.1114343
5120615060,unnamed,-16.4702121,-68.1113842
5583938646,unnamed,-16.4702733,-68.11138
5583938644,unnamed,-16.4703312,-68.1114149
2864497058,unnamed,-16.4704058,-68.1115276
8960151425,unnamed,-16.470501,-68.1116402
2864497060,unnamed,-16.4706052,-68.1117341
2864497061,unnamed,-16.4709935,-68.1120774
8960151424,unnamed,-16.471063,-68.1121324
8960151423,unnamed,-16.4711183,-68.1121928
8960151422,unnamed,-16.4711916,-68.1123175
8960151420,unnamed,-16.4712443,-68.1124449
8960151421,unnamed,-16.4712983,-68.1125575
5583938643,unnamed,-16.4713575,-68.1126259
2864497062,unnamed,-16.4714224,-68.1126691
2864497064,unnamed,-16.4715806,-68.1127486
8960087999,unnamed,-16.4716482,-68.1127761
2864497080,unnamed,-16.4716842,-68.1128056
8960151417,unnamed,-16.4717099,-68.1128526
8960151419,unnamed,-16.4717755,-68.1129183
2864497065,unnamed,-16.4718565,-68.1129652
2864497066,unnamed,-16.4719259,-68.1129902
8960151418,unnamed,-16.4719864,-68.1129894
2864497067,unnamed,-16.4720226,-68.1129697
4855869775,unnamed,-16.4720394,-68.1129377
2864497068,unnamed,-16.4720803,-68.1127909
2864497086,unnamed,-16.4721073,-68.1126004
1498338874,unnamed,-16.5043796,-68.1465606
1664233445,unnamed,-16.5018756,-68.1448939
565884880,unnamed,-16.501057,-68.1434257
561047731,unnamed,-16.5011007,-68.1435089
7477138669,unnamed,-16.5011354,-68.1435813
561047732,unnamed,-16.5011945,-68.1436497
561047733,unnamed,-16.5013,-68.1437382
8992477436,unnamed,-16.501372,-68.1438093
561047644,unnamed,-16.5014466,-68.1439058
8992477437,unnamed,-16.5015199,-68.1440587
561047640,unnamed,-16.5016665,-68.1443203
8992477438,unnamed,-16.5017205,-68.1444356
1664233431,unnamed,-16.5017899,-68.1446072
561047728,unnamed,-16.5008663,-68.1429795
561047765,unnamed,-16.500893,-68.1417192
561047768,unnamed,-16.5009764,-68.1419667
561047769,unnamed,-16.5010052,-68.1420928
8992477439,unnamed,-16.5010163,-68.1421747
8992477440,unnamed,-16.5010219,-68.1422656
8992477441,unnamed,-16.5010181,-68.1423911
561047770,unnamed,-16.5010048,-68.1424956
561047727,unnamed,-16.5009663,-68.1427156
565884877,unnamed,-16.5009393,-68.1428356
8992477442,unnamed,-16.5009033,-68.1429289
11057456453,unnamed,-16.5007861,-68.1413953
1707567213,unnamed,-16.5041636,-68.1349982
1707567223,unnamed,-16.503828,-68.1346241
7467656915,unnamed,-16.5027697,-68.1333856
4903020589,unnamed,-16.503276,-68.1339567
11055520927,unnamed,-16.5066247,-68.1220941
11055520928,unnamed,-16.5065913,-68.1220892
8122748336,unnamed,-16.5065471,-68.1220888
322599361,unnamed,-16.5051198,-68.1220818
5902106062,unnamed,-16.5046947,-68.121488
8264727093,unnamed,-16.5041124,-68.1213329
8143576312,unnamed,-16.5046359,-68.1210185
3306877942,unnamed,-16.5047333,-68.120959
4507118701,unnamed,-16.4967541,-68.1094997
4507118700,unnamed,-16.496384,-68.1093965
11647261636,unnamed,-16.4962467,-68.1093589
1361224346,unnamed,-16.495997,-68.1092906
1361224397,unnamed,-16.4959308,-68.1092577
8941748043,unnamed,-16.4959089,-68.1092249
1361224402,unnamed,-16.4958986,-68.1092007
1361224356,unnamed,-16.4959044,-68.1091418
8982367242,unnamed,-16.4959301,-68.1091176
8982367241,unnamed,-16.4959687,-68.1091015
1361224357,unnamed,-16.4960718,-68.109099
3414310967,unnamed,-16.4963016,-68.1090737
1361224352,unnamed,-16.4965319,-68.1090552
1361224367,unnamed,-16.4966091,-68.1090519
8941748047,unnamed,-16.4966669,-68.1090311
8941748046,unnamed,-16.4967004,-68.109011
1361224400,unnamed,-16.496721,-68.1089761
1361224378,unnamed,-16.4967357,-68.1089426
8941748045,unnamed,-16.49673,-68.108893
1361224363,unnamed,-16.4967165,-68.1088595
8941748044,unnamed,-16.4966875,-68.1088568
1361224342,unnamed,-16.4966309,-68.108844
1361224353,unnamed,-16.4961854,-68.108781
11643315582,unnamed,-16.4959651,-68.1087493
1361224333,unnamed,-16.4958967,-68.1087394
1361224409,unnamed,-16.495833,-68.1087213
1361224379,unnamed,-16.495799,-68.1086958
8941748048,unnamed,-16.4957797,-68.1086656
8941748049,unnamed,-16.4957739,-68.1086288
1361224401,unnamed,-16.4957835,-68.1085912
8941748042,unnamed,-16.4958054,-68.1085409
1361224386,unnamed,-16.4959018,-68.1083961
1361224377,unnamed,-16.4960201,-68.1082955
11310874729,unnamed,-16.4961526,-68.1081849
1361227616,unnamed,-16.496285,-68.1080809
1361224389,unnamed,-16.4964342,-68.1080018
8941748050,unnamed,-16.4964676,-68.1079683
1361224384,unnamed,-16.4964856,-68.1079307
8941748051,unnamed,-16.4964921,-68.1078959
1361224369,unnamed,-16.4964869,-68.1078529
1361224355,unnamed,-16.4964702,-68.1078208
4242399876,unnamed,-16.4964226,-68.107755
8982367237,unnamed,-16.4963725,-68.1077215
1361224362,unnamed,-16.4963236,-68.1077094
4242399803,unnamed,-16.4956054,-68.1075934
8941747979,unnamed,-16.4950242,-68.1075267
1361224374,unnamed,-16.4950056,-68.1075277
1361224340,unnamed,-16.4949117,-68.1074312
1361224407,unnamed,-16.4948319,-68.1073427
1361224388,unnamed,-16.4946423,-68.107519
1361224344,unnamed,-16.4945896,-68.1075465
1361224351,unnamed,-16.4945581,-68.1075559
8941748062,unnamed,-16.494542,-68.1075505
1361224372,unnamed,-16.4945272,-68.1075371
8941748063,unnamed,-16.4945195,-68.107515
8941748064,unnamed,-16.4945182,-68.1074734
1361224335,unnamed,-16.4945323,-68.1073306
1361224370,unnamed,-16.4945626,-68.1071354
1361224403,unnamed,-16.4945664,-68.1070583
8941748056,unnamed,-16.4945651,-68.1070215
8941748055,unnamed,-16.4945514,-68.1070037
1361224368,unnamed,-16.4945395,-68.1069969
8941748054,unnamed,-16.4945189,-68.1069909
1361224376,unnamed,-16.4944965,-68.1069912
8941748066,unnamed,-16.4944656,-68.1070042
8941748065,unnamed,-16.4944446,-68.1070241
1361224341,unnamed,-16.494407,-68.1070999
1361224371,unnamed,-16.4943362,-68.1072521
1361224366,unnamed,-16.4942437,-68.1073923
1361224338,unnamed,-16.4941118,-68.107578
1361224393,unnamed,-16.4939627,-68.1077275
1361224405,unnamed,-16.4938803,-68.1077899
1361224391,unnamed,-16.4938315,-68.1078047
8941748103,unnamed,-16.4929551,-68.107875
1361224399,unnamed,-16.4928845,-68.1078807
1361224380,unnamed,-16.4927587,-68.1079182
4249903327,unnamed,-16.4927222,-68.1079338
1361224394,unnamed,-16.4926548,-68.1080025
1361224354,unnamed,-16.4925875,-68.1080763
1361224360,unnamed,-16.4923168,-68.1083866
1361224387,unnamed,-16.4921789,-68.1085228
1361224373,unnamed,-16.4921113,-68.1085696
1361222155,unnamed,-16.4919341,-68.1086676
1361222193,unnamed,-16.491675,-68.1087957
8941748186,unnamed,-16.4911664,-68.109072
8941748187,unnamed,-16.4909247,-68.1091873
1361224383,unnamed,-16.490717,-68.1092584
2864699516,unnamed,-16.5007523,-68.1109241
1132463423,unnamed,-16.5006725,-68.1126179
1784996303,unnamed,-16.5006921,-68.1122303
8992552177,unnamed,-16.5033439,-68.1423924
8992552176,unnamed,-16.5032969,-68.1423958
8992552175,unnamed,-16.5032346,-68.1424058
1785193428,unnamed,-16.5059739,-68.1442797
8992543209,unnamed,-16.505931,-68.1442398
8992543208,unnamed,-16.505886,-68.1442069
8992543207,unnamed,-16.5057574,-68.1441298
1785193423,unnamed,-16.5054585,-68.1439576
8992543211,unnamed,-16.5059921,-68.1442857
8992543210,unnamed,-16.5060065,-68.1442884
1785193435,unnamed,-16.5062444,-68.144306
1498339061,unnamed,-16.5068875,-68.1442534
1498339127,unnamed,-16.5072705,-68.1439118
1498339135,unnamed,-16.5073111,-68.1438376
1498339140,unnamed,-16.5073405,-68.143722
1498339181,unnamed,-16.5077241,-68.1437255
8992543194,unnamed,-16.5076662,-68.1437201
8992543193,unnamed,-16.5075884,-68.1437315
1498339175,unnamed,-16.5075338,-68.1437355
1498339158,unnamed,-16.5074656,-68.1437349
8992543192,unnamed,-16.5074039,-68.1437295
8992477317,unnamed,-16.5077556,-68.1437322
2037680838,unnamed,-16.5078122,-68.1437617
1498451176,unnamed,-16.4881722,-68.1661317
8652754149,unnamed,-16.4882239,-68.1660761
1498451181,unnamed,-16.4883657,-68.165919
8652754150,unnamed,-16.4883966,-68.1658779
1498451191,unnamed,-16.4884571,-68.1658118
1498451198,unnamed,-16.4885805,-68.1657142
1498451212,unnamed,-16.4887053,-68.1656539
8652754148,unnamed,-16.4882181,-68.1662187
1498451182,unnamed,-16.488377,-68.166512
1498451193,unnamed,-16.4884948,-68.1666475
1498451199,unnamed,-16.4886059,-68.1667454
1498451213,unnamed,-16.4887198,-68.1668238
1498451237,unnamed,-16.4890678,-68.1670446
1498451254,unnamed,-16.4893803,-68.1672139
1498451270,unnamed,-16.4896886,-68.167387
537342068,unnamed,-16.4930743,-68.1465246
561632641,unnamed,-16.4929098,-68.1459764
537342070,unnamed,-16.4928772,-68.1458027
561632651,unnamed,-16.4928702,-68.1456557
4386474729,unnamed,-16.492893,-68.1455224
563629129,unnamed,-16.4929369,-68.1453866
561632649,unnamed,-16.4930207,-68.1452047
561632615,unnamed,-16.4932757,-68.1447676
561632610,unnamed,-16.4933235,-68.1446703
6093601270,unnamed,-16.4933485,-68.1445806
8953070488,unnamed,-16.4997446,-68.1246746
7415946993,unnamed,-16.4997307,-68.1245892
8922962873,unnamed,-16.4997253,-68.1245428
8953126866,unnamed,-16.4997344,-68.1244276
8934233287,unnamed,-16.4997953,-68.1241297
8626610652,unnamed,-16.4998398,-68.1239809
8419833247,unnamed,-16.4998439,-68.1239567
8694979617,unnamed,-16.4998849,-68.1237892
8953070495,unnamed,-16.4999108,-68.1236742
7415946992,unnamed,-16.4999355,-68.1235854
322599468,unnamed,-16.4999576,-68.1234972
322599472,unnamed,-16.5000036,-68.1234163
322599475,unnamed,-16.5000606,-68.1233366
322599480,unnamed,-16.5002614,-68.1232346
5131131858,unnamed,-16.4956012,-68.1167777
5131131863,unnamed,-16.4957627,-68.1168642
8982332424,unnamed,-16.4955638,-68.1167801
1132463036,unnamed,-16.4947467,-68.1169506
1784996011,unnamed,-16.4932883,-68.1172798
10557410340,unnamed,-16.4929784,-68.1173564
1784995998,unnamed,-16.4928426,-68.11739
1345733145,unnamed,-16.4923272,-68.1175014
1784666983,unnamed,-16.4914082,-68.1177035
8327670603,unnamed,-16.4908075,-68.1178324
1784666257,unnamed,-16.4907643,-68.1178345
8327670599,unnamed,-16.4907059,-68.1178403
1784666255,unnamed,-16.4899803,-68.1178817
8976631301,unnamed,-16.489858,-68.1176725
4349255481,unnamed,-16.4897736,-68.11749
1784666970,unnamed,-16.4896927,-68.1172924
565307379,unnamed,-16.487761,-68.1177133
1784683968,unnamed,-16.4879823,-68.1176416
1784673032,unnamed,-16.4890534,-68.1174284
1784683961,unnamed,-16.4876748,-68.1177512
1784683955,unnamed,-16.4872469,-68.1180111
8976631300,unnamed,-16.4871678,-68.1180453
1784683951,unnamed,-16.4871094,-68.1180552
1784683948,unnamed,-16.486903,-68.1180701
8976631299,unnamed,-16.486782,-68.1180654
1784683946,unnamed,-16.4866208,-68.1180458
1784698384,unnamed,-16.4864778,-68.1180068
8976631298,unnamed,-16.4863846,-68.1179689
2864549888,unnamed,-16.4861746,-68.1178407
1784698377,unnamed,-16.486046,-68.1177602
8976631296,unnamed,-16.4859512,-68.1177181
8976631295,unnamed,-16.4858059,-68.1176712
1784688098,unnamed,-16.4856157,-68.1176246
1784698363,unnamed,-16.4851306,-68.1175062
4349255082,unnamed,-16.4849269,-68.1174242
1784698350,unnamed,-16.4846365,-68.1172881
4349255041,unnamed,-16.4844536,-68.1171775
1784688091,unnamed,-16.4842585,-68.1170064
4349254997,unnamed,-16.4842344,-68.1169838
8976631274,unnamed,-16.4839304,-68.1166633
1784688089,unnamed,-16.4838618,-68.116591
8976631272,unnamed,-16.4837445,-68.1163797
4349254912,unnamed,-16.4836703,-68.116221
1784698320,unnamed,-16.4836356,-68.1161253
1785193667,unnamed,-16.5088093,-68.1413267
1785193575,unnamed,-16.5080327,-68.1402352
8980026780,unnamed,-16.5082223,-68.1403506
1785193586,unnamed,-16.5082635,-68.1403808
8980026779,unnamed,-16.5083194,-68.1404559
1785193599,unnamed,-16.5083699,-68.1405596
1785193604,unnamed,-16.5084718,-68.1407908
1785193622,unnamed,-16.5085856,-68.1409872
5725267831,unnamed,-16.4997221,-68.1336495
4945719845,unnamed,-16.4998466,-68.1337275
12959573767,unnamed,-16.5002021,-68.1339351
12959573721,unnamed,-16.5004618,-68.1340989
11057595394,unnamed,-16.492747,-68.1441788
11057595393,unnamed,-16.492843,-68.1441594
8992471388,unnamed,-16.5071885,-68.1425822
565884566,unnamed,-16.5072245,-68.1426559
8992471389,unnamed,-16.507249,-68.1427324
561044047,unnamed,-16.5062705,-68.1411432
8992471381,unnamed,-16.5063052,-68.1412491
8992471382,unnamed,-16.5063482,-68.1413336
565884658,unnamed,-16.5064029,-68.1414194
565884645,unnamed,-16.5068041,-68.1420075
8992471385,unnamed,-16.5068774,-68.1421155
8992471386,unnamed,-16.5069629,-68.14221
565884567,unnamed,-16.5070233,-68.1422838
8992471387,unnamed,-16.5070876,-68.1423897
561044045,unnamed,-16.5063168,-68.1411211
561044044,unnamed,-16.5063486,-68.1410902
561044043,unnamed,-16.5063702,-68.1410508
561044042,unnamed,-16.5063797,-68.1410036
561044041,unnamed,-16.5063743,-68.1409556
2865705957,unnamed,-16.5063547,-68.1409118
2865705958,unnamed,-16.5063228,-68.1408768
4668429074,unnamed,-16.5062819,-68.1408541
561044054,unnamed,-16.5062379,-68.1408461
561044053,unnamed,-16.5061936,-68.1408526
561044052,unnamed,-16.5061534,-68.1408728
561044051,unnamed,-16.506121,-68.1409049
2865705959,unnamed,-16.5060995,-68.1409458
561044046,unnamed,-16.5060904,-68.1409952
595373515,unnamed,-16.4791591,-68.1486986
12290589037,unnamed,-16.4789813,-68.1488489
1361359914,unnamed,-16.4788485,-68.1490169
8106058170,unnamed,-16.4787588,-68.1491269
1361359715,unnamed,-16.4787199,-68.1491775
7822090546,unnamed,-16.4786057,-68.149329
1361359383,unnamed,-16.4785523,-68.1493679
8817016233,unnamed,-16.4780018,-68.1497657
8817016230,unnamed,-16.4776024,-68.150046
2022141481,unnamed,-16.4773032,-68.1502438
2379758663,unnamed,-16.4766397,-68.1506195
1434124680,unnamed,-16.4763373,-68.1507488
2022141479,unnamed,-16.4756588,-68.1510634
2680816407,unnamed,-16.474646,-68.1515567
3681282021,unnamed,-16.4741976,-68.1517746
1361359704,unnamed,-16.4741313,-68.1517747
7891982518,unnamed,-16.4735986,-68.1516794
5112103085,unnamed,-16.4733912,-68.15165
5112103082,unnamed,-16.4732109,-68.1516549
1361359238,unnamed,-16.4728646,-68.1516642
1361359824,unnamed,-16.4724017,-68.151734
1361359566,unnamed,-16.4721959,-68.1517554
5112103087,unnamed,-16.4719333,-68.1517601
5112103088,unnamed,-16.4716991,-68.151749
1361359769,unnamed,-16.471506,-68.1517299
1361359722,unnamed,-16.471342,-68.1517018
1361359871,unnamed,-16.4711614,-68.1516683
1361359288,unnamed,-16.4710127,-68.1516347
1361359828,unnamed,-16.4708559,-68.1516294
2680832630,unnamed,-16.4706181,-68.1516462
6439690067,unnamed,-16.4702013,-68.1516972
1361359436,unnamed,-16.4678529,-68.1520023
1361359282,unnamed,-16.4677317,-68.1520167
1361359752,unnamed,-16.4676343,-68.1520008
1361359710,unnamed,-16.4673474,-68.1517935
11126550277,unnamed,-16.466998,-68.1516222
2379758618,unnamed,-16.4669162,-68.1515822
7891980496,unnamed,-16.4668456,-68.1515457
11126550278,unnamed,-16.4667725,-68.1515111
1361359863,unnamed,-16.46561,-68.1509611
11078114842,unnamed,-16.4650377,-68.150665
1361359410,unnamed,-16.464361,-68.1503218
1361359858,unnamed,-16.4639603,-68.1501141
1361532947,unnamed,-16.4635662,-68.1498937
1361359886,unnamed,-16.4632539,-68.1497459
2680807016,unnamed,-16.4794648,-68.1484315
1990339649,unnamed,-16.4797258,-68.1482036
2680807001,unnamed,-16.4801834,-68.1477237
8106058169,unnamed,-16.4802955,-68.1476069
8106058167,unnamed,-16.4805748,-68.1473315
412971201,unnamed,-16.480794,-68.1471006
2933509265,unnamed,-16.4810191,-68.1468608
412971202,unnamed,-16.481259,-68.1466533
412971203,unnamed,-16.4813788,-68.1465622
412971205,unnamed,-16.4817907,-68.1462931
412971206,unnamed,-16.4821497,-68.1460846
6359596052,unnamed,-16.4823734,-68.1459987
6359596053,unnamed,-16.4825114,-68.1459592
5282491796,unnamed,-16.4827154,-68.1458849
2933580554,unnamed,-16.4828436,-68.1458575
8992983056,unnamed,-16.4850176,-68.1446891
8992983057,unnamed,-16.4850588,-68.1446944
5070510859,unnamed,-16.4851293,-68.1446971
8992983029,unnamed,-16.4856516,-68.1446599
8992983030,unnamed,-16.4856754,-68.1446599
5075989010,unnamed,-16.485702,-68.1446528
8992983059,unnamed,-16.4857198,-68.1446421
8992983058,unnamed,-16.4857712,-68.1445952
564763493,unnamed,-16.4861706,-68.1441968
564763495,unnamed,-16.4862767,-68.1440236
5724206779,unnamed,-16.4863196,-68.1439084
564763484,unnamed,-16.4863805,-68.1436749
5724206751,unnamed,-16.488894,-68.1445466
5760641683,unnamed,-16.4929034,-68.1384353
10244949206,unnamed,-16.4928798,-68.1383614
5760641682,unnamed,-16.492859,-68.1383135
4342026094,unnamed,-16.4928128,-68.1382728
10960140801,unnamed,-16.4927405,-68.1383069
7722858439,unnamed,-16.5106156,-68.1248297
2379519706,unnamed,-16.5111004,-68.1243201
301731965,unnamed,-16.5113184,-68.1240572
561047707,unnamed,-16.5114708,-68.1239032
1470832334,unnamed,-16.5116382,-68.1236974
1213980303,unnamed,-16.5122324,-68.1230299
1446553764,unnamed,-16.5125992,-68.1226447
9135853949,unnamed,-16.51288,-68.1224244
3300664588,unnamed,-16.5130103,-68.1223164
1446541899,unnamed,-16.5135616,-68.1217924
322599995,unnamed,-16.5138683,-68.1215124
8995315868,unnamed,-16.5142483,-68.1211815
11140127809,unnamed,-16.5412684,-68.0913488
8959374959,unnamed,-16.5412505,-68.0912856
11140127810,unnamed,-16.5412171,-68.0911675
11140127811,unnamed,-16.5411948,-68.0911158
11140127817,unnamed,-16.5410288,-68.0905148
560188281,unnamed,-16.5410039,-68.0904229
11140127831,unnamed,-16.540987,-68.0903622
6571289367,unnamed,-16.540922,-68.0901287
11779513173,unnamed,-16.5408495,-68.0899101
11140127835,unnamed,-16.5408033,-68.0897367
11140127838,unnamed,-16.5407906,-68.089689
11779513126,unnamed,-16.5407389,-68.0895117
560188277,unnamed,-16.5407139,-68.0894077
11779513105,unnamed,-16.540689,-68.0893079
11779513177,unnamed,-16.5405601,-68.0888857
11779513183,unnamed,-16.5404334,-68.0884275
560220121,unnamed,-16.5404136,-68.0883515
11779513192,unnamed,-16.5403904,-68.0882723
3855668074,unnamed,-16.5402442,-68.0877661
11717467552,unnamed,-16.5401625,-68.0874391
560188287,unnamed,-16.5401421,-68.0873651
11233737164,unnamed,-16.5401208,-68.0872918
11233737178,unnamed,-16.5400027,-68.0868709
11656193443,unnamed,-16.5399996,-68.0868598
11656193433,unnamed,-16.539944,-68.0866627
7768230603,unnamed,-16.539875,-68.0864286
560220259,unnamed,-16.5398562,-68.0863554
11233756580,unnamed,-16.5398314,-68.0862746
11233756587,unnamed,-16.5397221,-68.0858733
11233756593,unnamed,-16.5396012,-68.0854344
2835002095,unnamed,-16.5395889,-68.0853865
11233756597,unnamed,-16.5395708,-68.0853258
11233756608,unnamed,-16.539423,-68.0848074
11336753630,unnamed,-16.5392777,-68.0842891
2835002100,unnamed,-16.5392571,-68.0842107
11336710052,unnamed,-16.5392411,-68.084154
11336753624,unnamed,-16.5392178,-68.0840775
6571279019,unnamed,-16.5391277,-68.0837548
12249262907,unnamed,-16.5390078,-68.0833292
560220277,unnamed,-16.5389671,-68.0831846
560220269,unnamed,-16.5388609,-68.0827753
560220270,unnamed,-16.5388216,-68.0826069
560220271,unnamed,-16.5388093,-68.0824791
560220272,unnamed,-16.5387991,-68.0823182
560220523,unnamed,-16.5387922,-68.0821556
12143261920,unnamed,-16.5388444,-68.081146
560220527,unnamed,-16.538851,-68.081043
11810197667,unnamed,-16.538854,-68.0809655
11779277980,unnamed,-16.5389053,-68.0800676
560220529,unnamed,-16.5389109,-68.0799419
11161230937,unnamed,-16.5389177,-68.0798451
4388123894,unnamed,-16.5389456,-68.0793653
7372126495,unnamed,-16.5389553,-68.0791849
11161230930,unnamed,-16.5389698,-68.0789138
560220558,unnamed,-16.5389725,-68.0788384
11161230923,unnamed,-16.5389766,-68.0787628
11161230907,unnamed,-16.5390069,-68.0781952
560220550,unnamed,-16.5390106,-68.0781065
11161230842,unnamed,-16.5390792,-68.0780935
11815626678,unnamed,-16.5393923,-68.0780281
11810964963,unnamed,-16.5394549,-68.0780142
560220551,unnamed,-16.5395641,-68.077988
11810946760,unnamed,-16.5399535,-68.0779022
560220497,unnamed,-16.5400765,-68.0778805
11810960125,unnamed,-16.5401627,-68.0778624
3301813584,unnamed,-16.5405637,-68.0777699
560220479,unnamed,-16.5414594,-68.077579
11810942414,unnamed,-16.5415301,-68.0775639
11810854292,unnamed,-16.5420843,-68.0774434
560220475,unnamed,-16.5421958,-68.0774212
11810837607,unnamed,-16.5422939,-68.0774006
11810706726,unnamed,-16.5423845,-68.0773821
3009657279,unnamed,-16.5424364,-68.0773693
11810716321,unnamed,-16.5424793,-68.0773592
11817089637,unnamed,-16.5425171,-68.0773509
11807179607,unnamed,-16.5428753,-68.0772717
11059801670,unnamed,-16.5433347,-68.0771708
11810842840,unnamed,-16.5435086,-68.0771335
7885961326,unnamed,-16.5435632,-68.0771217
11810840221,unnamed,-16.5436102,-68.0771117
11810632257,unnamed,-16.5438546,-68.07706
560220395,unnamed,-16.5439037,-68.077049
11810732363,unnamed,-16.5439502,-68.0770395
11817089638,unnamed,-16.5441052,-68.0770054
11807179608,unnamed,-16.5444223,-68.0769355
4399865158,unnamed,-16.5445963,-68.0768982
11810947354,unnamed,-16.5446885,-68.0768795
11807179610,unnamed,-16.5448235,-68.0768491
1210173707,unnamed,-16.5449741,-68.0768167
4399512174,unnamed,-16.5449745,-68.0767201
11810820071,unnamed,-16.5449818,-68.0766432
4399512173,unnamed,-16.5450013,-68.0764448
4244380856,unnamed,-16.5449872,-68.0763426
1210088207,unnamed,-16.5450391,-68.0757139
3367228711,unnamed,-16.5450161,-68.0759709
11807177723,unnamed,-16.5450077,-68.0761039
3367235270,unnamed,-16.5450726,-68.0752758
7888429329,unnamed,-16.5450587,-68.0754538
1210088174,unnamed,-16.5452724,-68.069321
7888429560,unnamed,-16.5453398,-68.0695885
2834929861,unnamed,-16.5453591,-68.0696797
2834929853,unnamed,-16.5454748,-68.0701585
11117825639,unnamed,-16.545437,-68.0707079
7786276254,unnamed,-16.5454192,-68.0709574
3367200701,unnamed,-16.5453927,-68.0712612
3780233167,unnamed,-16.5453631,-68.0716061
1661197804,unnamed,-16.545332,-68.0719114
11117825647,unnamed,-16.5453164,-68.0720919
1435748276,unnamed,-16.5453054,-68.0722222
3301807400,unnamed,-16.5452871,-68.0725497
1435748300,unnamed,-16.5452846,-68.0726047
1435748314,unnamed,-16.5452563,-68.0730205
1435748281,unnamed,-16.5452357,-68.0734254
7888429412,unnamed,-16.54519,-68.0737772
4650919204,unnamed,-16.5451894,-68.0738278
1210088206,unnamed,-16.5451226,-68.0746016
7888429291,unnamed,-16.5451149,-68.0747328
2834979421,unnamed,-16.5450938,-68.0750298
1210173763,unnamed,-16.5452236,-68.0690747
1210088195,unnamed,-16.5452578,-68.0651532
1391478005,unnamed,-16.5449744,-68.0661631
10656457198,unnamed,-16.5447212,-68.0670463
1210088196,unnamed,-16.5447115,-68.0670802
1391477938,unnamed,-16.5446771,-68.0671865
1210088197,unnamed,-16.5446755,-68.0672439
10656457203,unnamed,-16.5446747,-68.0672844
10656440437,unnamed,-16.5446738,-68.067329
9254092454,unnamed,-16.5446858,-68.0674317
10656440438,unnamed,-16.5447094,-68.0675639
10656457208,unnamed,-16.5447131,-68.0675774
1436073228,unnamed,-16.5447369,-68.0676628
10656457213,unnamed,-16.5447512,-68.0677183
10656457218,unnamed,-16.544837,-68.0680461
1436073269,unnamed,-16.544857,-68.0681211
10656457223,unnamed,-16.544868,-68.0681653
8960164099,unnamed,-16.5449468,-68.0684815
1210088200,unnamed,-16.5449979,-68.0686833
9254251390,unnamed,-16.5450249,-68.0687544
8960164098,unnamed,-16.5450673,-68.0688362
1210088203,unnamed,-16.5451434,-68.0689582
1589089948,unnamed,-16.5455425,-68.064058
1589089949,unnamed,-16.5455644,-68.0639767
1606178598,unnamed,-16.546263,-68.0641841
560228736,unnamed,-16.5463332,-68.0642054
3854675701,unnamed,-16.546368,-68.064199
3854675700,unnamed,-16.5464549,-68.0642162
3854675699,unnamed,-16.546552,-68.0642437
321807050,unnamed,-16.4772547,-68.119579
1784870856,unnamed,-16.4765085,-68.120721
1784870869,unnamed,-16.4767348,-68.1203069
4362975899,unnamed,-16.4768243,-68.1230647
7173338617,unnamed,-16.4765647,-68.1230615
4362975898,unnamed,-16.4763287,-68.1230744
6013427073,unnamed,-16.4761524,-68.123073
8083319365,unnamed,-16.4959042,-68.1460539
563597627,unnamed,-16.4960101,-68.1460379
563597556,unnamed,-16.4973448,-68.1457732
563597575,unnamed,-16.4972676,-68.1457638
563597576,unnamed,-16.4971545,-68.1457678
563597577,unnamed,-16.4969654,-68.1458027
563597578,unnamed,-16.4967596,-68.1458604
563597579,unnamed,-16.4965295,-68.1459355
563597580,unnamed,-16.4963314,-68.1460078
8083319363,unnamed,-16.4962636,-68.1460192
8083319364,unnamed,-16.4961306,-68.14604
8992052919,unnamed,-16.4973678,-68.1457465
8992052918,unnamed,-16.4974128,-68.1456989
563597557,unnamed,-16.4974565,-68.1456634
8992052923,unnamed,-16.4979753,-68.1453214
8992052924,unnamed,-16.4979908,-68.1452993
8992052925,unnamed,-16.4980236,-68.1452597
560244383,unnamed,-16.5055298,-68.1365761
10961871565,unnamed,-16.5055193,-68.1366144
2865705972,unnamed,-16.5055197,-68.1366544
560244363,unnamed,-16.5055954,-68.1365073
2865705970,unnamed,-16.5055684,-68.1365245
2865705971,unnamed,-16.5055461,-68.1365479
560244364,unnamed,-16.5057269,-68.1365204
2865705977,unnamed,-16.5056855,-68.1364999
2865705978,unnamed,-16.5056398,-68.1364953
4319038751,unnamed,-16.5067949,-68.1356323
4319038746,unnamed,-16.5067783,-68.1356483
4319038744,unnamed,-16.5067658,-68.135668
4319038742,unnamed,-16.5067582,-68.1356901
4319038741,unnamed,-16.5067558,-68.1357136
4319038743,unnamed,-16.5067589,-68.1357369
561579250,unnamed,-16.5086599,-68.1347766
12025646821,unnamed,-16.5086734,-68.1348078
10649880321,unnamed,-16.5087705,-68.1350322
8558467253,unnamed,-16.5088633,-68.1352739
10649880322,unnamed,-16.5088901,-68.1353351
8891031502,unnamed,-16.508915,-68.1353973
443517629,unnamed,-16.5111324,-68.1343191
565884835,unnamed,-16.5108164,-68.1344974
12006268199,unnamed,-16.5107219,-68.1345417
565884833,unnamed,-16.5106346,-68.1345676
537353510,unnamed,-16.5103327,-68.1346392
565825755,unnamed,-16.5098168,-68.1347641
6775910637,unnamed,-16.5097602,-68.1347668
8558467260,unnamed,-16.5097228,-68.134767
565825762,unnamed,-16.5096577,-68.1347584
8558467259,unnamed,-16.5095539,-68.1347179
537353513,unnamed,-16.5094427,-68.1346615
565825761,unnamed,-16.50936,-68.1346269
537353514,unnamed,-16.509263,-68.1346194
10675947035,unnamed,-16.5092149,-68.134613
8558467255,unnamed,-16.5091748,-68.134617
565825764,unnamed,-16.5091491,-68.1346199
8558467256,unnamed,-16.509149,-68.1346199
8558467257,unnamed,-16.5090202,-68.1346552
10675947034,unnamed,-16.5088568,-68.1346983
3297960648,unnamed,-16.5105866,-68.1355699
8995320981,unnamed,-16.5106252,-68.1355293
8995320980,unnamed,-16.5106731,-68.1354814
443517624,unnamed,-16.5107226,-68.1354314
443517625,unnamed,-16.5108518,-68.1353228
6219251690,unnamed,-16.5109277,-68.1352437
443517626,unnamed,-16.5110042,-68.1351216
6219251691,unnamed,-16.5110633,-68.1349855
443517627,unnamed,-16.5111212,-68.1348373
443517628,unnamed,-16.5111631,-68.1346788
1132462106,unnamed,-16.4958157,-68.1593889
1132462333,unnamed,-16.4957244,-68.1590604
4388444860,unnamed,-16.4956428,-68.1586971
4135216303,unnamed,-16.4977426,-68.1444604
2380803597,unnamed,-16.4973956,-68.1444951
324100589,unnamed,-16.4970885,-68.1444853
1784898460,unnamed,-16.4591657,-68.1044835
1784898422,unnamed,-16.4571446,-68.1016316
8941152080,unnamed,-16.4574122,-68.1018971
1784898433,unnamed,-16.4576964,-68.1021975
1784898437,unnamed,-16.4580115,-68.1026495
6465140019,unnamed,-16.4581723,-68.1029002
6465140015,unnamed,-16.4581954,-68.1029425
1784898447,unnamed,-16.458425,-68.10332
4363211912,unnamed,-16.4584919,-68.1034099
4363211913,unnamed,-16.4586443,-68.1036298
1784898452,unnamed,-16.4588047,-68.103896
1784898454,unnamed,-16.4588659,-68.1039947
2864958800,unnamed,-16.4594301,-68.1048353
8941152111,unnamed,-16.459459,-68.1049614
1784898468,unnamed,-16.4595276,-68.105179
1784898469,unnamed,-16.4595854,-68.1053593
1784898472,unnamed,-16.4596971,-68.1056616
4911053220,unnamed,-16.4597887,-68.1057747
4911053217,unnamed,-16.4596162,-68.1056972
4911053218,unnamed,-16.4595467,-68.1056892
4911053219,unnamed,-16.4594779,-68.1056677
1784898464,unnamed,-16.4593982,-68.1056302
8941152344,unnamed,-16.4592844,-68.1055571
1784898459,unnamed,-16.4591187,-68.1053938
1784898457,unnamed,-16.4589633,-68.1051808
1784898453,unnamed,-16.4587787,-68.1047194
1784898451,unnamed,-16.4586925,-68.1044988
1784898450,unnamed,-16.4586604,-68.1043741
8907794071,unnamed,-16.4586244,-68.1042729
8941152324,unnamed,-16.4585858,-68.1042159
1784898448,unnamed,-16.4585395,-68.1041716
1784898446,unnamed,-16.4584964,-68.1041602
8907794072,unnamed,-16.4584501,-68.1041729
1784898442,unnamed,-16.4583929,-68.1042092
6556374839,unnamed,-16.458361,-68.1042464
8941152323,unnamed,-16.4583552,-68.1042732
1784898441,unnamed,-16.4583742,-68.1045578
1784898445,unnamed,-16.4584324,-68.10514
1784898444,unnamed,-16.4584324,-68.105199
1784898443,unnamed,-16.4584221,-68.1052204
8941152325,unnamed,-16.4583957,-68.1052419
1784898440,unnamed,-16.4581931,-68.1052774
1784898439,unnamed,-16.458098,-68.1052687
6556374828,unnamed,-16.4580311,-68.1052459
8941152345,unnamed,-16.4580073,-68.1052204
1784898438,unnamed,-16.4579918,-68.1051829
1784898436,unnamed,-16.4579112,-68.1046195
1784898434,unnamed,-16.4579003,-68.104354
3530670746,unnamed,-16.4954549,-68.1308307
564539499,unnamed,-16.4950977,-68.1308424
1784894309,unnamed,-16.4675089,-68.1106438
8956900863,unnamed,-16.4674993,-68.1107383
1784894311,unnamed,-16.4674973,-68.1108423
1784894329,unnamed,-16.467525,-68.111136
1784894333,unnamed,-16.467552,-68.1113961
8956900864,unnamed,-16.4675623,-68.1115986
1784894331,unnamed,-16.4675481,-68.1117676
1784894304,unnamed,-16.4674707,-68.1120708
563631390,unnamed,-16.4971082,-68.1483039
563631389,unnamed,-16.4967301,-68.1485313
563631388,unnamed,-16.4964793,-68.148621
8991975724,unnamed,-16.496443,-68.1486325
7353410538,unnamed,-16.4973796,-68.1489539
324100679,unnamed,-16.4973531,-68.1488236
11055481082,unnamed,-16.4973326,-68.1487131
1497042130,unnamed,-16.503961,-68.161127
4457419019,unnamed,-16.5038953,-68.1611115
6179028440,unnamed,-16.5038002,-68.1610922
412256418,unnamed,-16.5037188,-68.1610948
5502320703,unnamed,-16.5036579,-68.1611027
412256417,unnamed,-16.5035527,-68.161146
412256414,unnamed,-16.5032,-68.161335
8241711144,unnamed,-16.5029724,-68.161475
4357615537,unnamed,-16.5027401,-68.161634
6656887605,unnamed,-16.502462,-68.1618301
7068208003,unnamed,-16.5024264,-68.1618454
4460774803,unnamed,-16.5019675,-68.1620415
4894368670,unnamed,-16.5016697,-68.1621608
8979635011,unnamed,-16.5006622,-68.1624761
412282433,unnamed,-16.4999307,-68.1626859
412282431,unnamed,-16.4997077,-68.1627342
7061901333,unnamed,-16.4995526,-68.1627607
412282429,unnamed,-16.4992377,-68.1627944
4460774817,unnamed,-16.4991013,-68.1627928
5304850784,unnamed,-16.4984683,-68.1628036
412282427,unnamed,-16.4980512,-68.1627668
412282426,unnamed,-16.4979019,-68.1627534
412282425,unnamed,-16.4977437,-68.162759
412282424,unnamed,-16.497632,-68.1627756
412282422,unnamed,-16.4975226,-68.1628192
412282421,unnamed,-16.4974362,-68.1628686
412282420,unnamed,-16.4973617,-68.1629373
412282419,unnamed,-16.4973256,-68.1629882
6582556797,unnamed,-16.4972096,-68.1631822
412282418,unnamed,-16.4971569,-68.1632703
412282417,unnamed,-16.4970458,-68.1634426
412282415,unnamed,-16.496946,-68.1635976
412282414,unnamed,-16.4968483,-68.1636915
412282413,unnamed,-16.4966837,-68.1638154
412282412,unnamed,-16.4964635,-68.163949
412282411,unnamed,-16.4958196,-68.1643186
412282410,unnamed,-16.4955804,-68.1644725
11055396752,unnamed,-16.4955074,-68.1645259
412282409,unnamed,-16.4954746,-68.1645499
412282408,unnamed,-16.4953402,-68.1646958
11055396751,unnamed,-16.4952763,-68.1647949
412282407,unnamed,-16.4950531,-68.165141
412282404,unnamed,-16.4946721,-68.1657911
412282402,unnamed,-16.4945315,-68.1660504
412282401,unnamed,-16.4944071,-68.1662455
412282399,unnamed,-16.4942955,-68.1663823
412282398,unnamed,-16.4941191,-68.166548
412282397,unnamed,-16.493797,-68.1668136
412282396,unnamed,-16.4933904,-68.1671458
3570692593,unnamed,-16.4932574,-68.1672533
412282395,unnamed,-16.4931739,-68.1673139
2484704980,unnamed,-16.493064,-68.1673961
412282394,unnamed,-16.4928486,-68.1675458
412282393,unnamed,-16.4925112,-68.1677518
412282392,unnamed,-16.4918445,-68.1681466
412282391,unnamed,-16.491647,-68.1682496
412282390,unnamed,-16.4915221,-68.1683032
1497134243,unnamed,-16.4914086,-68.168338
11055525750,unnamed,-16.4912457,-68.1683749
11055525749,unnamed,-16.4911178,-68.1684039
1497134236,unnamed,-16.4910353,-68.1684226
412282389,unnamed,-16.4900833,-68.1686702
412282388,unnamed,-16.4898193,-68.1687099
412282387,unnamed,-16.4895845,-68.1687173
412282381,unnamed,-16.4893406,-68.168692
412282379,unnamed,-16.4891508,-68.1686434
412282378,unnamed,-16.488964,-68.1685672
412282376,unnamed,-16.4888488,-68.1685071
412282375,unnamed,-16.48875,-68.1684213
412282374,unnamed,-16.488676,-68.1683269
412282373,unnamed,-16.4886184,-68.1682325
412287616,unnamed,-16.4880406,-68.1672605
412256419,unnamed,-16.5040619,-68.1611709
4537025607,unnamed,-16.4977846,-68.130837
7487201841,unnamed,-16.4979368,-68.1305835
3957240711,unnamed,-16.4987239,-68.1292488
3957240709,unnamed,-16.4987864,-68.1291352
565307196,unnamed,-16.4989581,-68.1287159
565307194,unnamed,-16.4991938,-68.1281079
11985516015,unnamed,-16.5037068,-68.1215754
11398092173,unnamed,-16.5028159,-68.1221143
322599148,unnamed,-16.5058328,-68.1202959
561060175,unnamed,-16.5057662,-68.1189488
565307128,unnamed,-16.5058055,-68.1198014
2865648025,unnamed,-16.5057489,-68.1184898
561060176,unnamed,-16.5057363,-68.1179784
561060174,unnamed,-16.5057168,-68.1173163
8347088877,unnamed,-16.5238382,-68.1513655
10961750448,unnamed,-16.5238781,-68.151325
10961779730,unnamed,-16.5238879,-68.1513014
10961779731,unnamed,-16.5239247,-68.1512108
7467656914,unnamed,-16.5239453,-68.1511588
10961779732,unnamed,-16.5239555,-68.1511332
10961779733,unnamed,-16.5239764,-68.1510885
9598942619,unnamed,-16.5240083,-68.1510532
412608449,unnamed,-16.523962,-68.1510413
6646827847,unnamed,-16.5240465,-68.151058
566507258,unnamed,-16.524085,-68.1510584
566507259,unnamed,-16.5241233,-68.1510544
566507260,unnamed,-16.524161,-68.151046
566507261,unnamed,-16.5241976,-68.1510334
566507262,unnamed,-16.5242326,-68.1510167
6635190515,unnamed,-16.5242657,-68.1509961
2381050453,unnamed,-16.5242879,-68.1509791
566507264,unnamed,-16.5243189,-68.1509502
2824723542,unnamed,-16.5243463,-68.1509177
566507265,unnamed,-16.5243699,-68.1508821
2824723538,unnamed,-16.5243892,-68.1508437
566507267,unnamed,-16.5243997,-68.1508033
2824723541,unnamed,-16.5244045,-68.1507571
566507268,unnamed,-16.524404,-68.1506996
2824723537,unnamed,-16.5243923,-68.1506289
2824723543,unnamed,-16.524376,-68.1505647
2824723539,unnamed,-16.5243542,-68.1505105
2824723540,unnamed,-16.5243224,-68.1504527
6973404768,unnamed,-16.5242932,-68.1504096
566507273,unnamed,-16.5242724,-68.1503807
566507278,unnamed,-16.5242477,-68.1503388
6943930153,unnamed,-16.5242755,-68.1502685
8347088870,unnamed,-16.5243253,-68.1501467
3791616505,unnamed,-16.5243346,-68.1501239
8347088873,unnamed,-16.5243787,-68.1500227
6970497032,unnamed,-16.5244004,-68.149969
5699506641,unnamed,-16.5245896,-68.149495
6970519802,unnamed,-16.524642,-68.149365
6970519808,unnamed,-16.5246664,-68.1493043
7436026296,unnamed,-16.5246986,-68.1492245
7436026299,unnamed,-16.5247966,-68.1489812
6970519792,unnamed,-16.5248188,-68.1489262
567783692,unnamed,-16.5248502,-68.1488487
6970497084,unnamed,-16.5248777,-68.1487791
6970519917,unnamed,-16.5249788,-68.1485249
7620329025,unnamed,-16.5251083,-68.1481991
6970497076,unnamed,-16.5251297,-68.1481451
6970497078,unnamed,-16.5251501,-68.1480939
9361365647,unnamed,-16.525166,-68.1480529
566534313,unnamed,-16.5251846,-68.1480048
6991061646,unnamed,-16.5252557,-68.147819
567783717,unnamed,-16.5252907,-68.1477416
7546508165,unnamed,-16.5252992,-68.1477034
6991061639,unnamed,-16.5253121,-68.147668
567783725,unnamed,-16.5253924,-68.1474664
4755697295,unnamed,-16.5254026,-68.1474009
4755697294,unnamed,-16.5253928,-68.1473424
7306283601,unnamed,-16.5253724,-68.1473059
4755697297,unnamed,-16.525361,-68.1472914
4755697293,unnamed,-16.5253179,-68.1472574
4755697292,unnamed,-16.5252706,-68.1472438
6989881942,unnamed,-16.5252122,-68.1472426
566507477,unnamed,-16.5251424,-68.147251
9551994699,unnamed,-16.5250582,-68.1472743
4755697302,unnamed,-16.5249538,-68.1473497
4755697301,unnamed,-16.5249262,-68.1473545
4755697307,unnamed,-16.5248722,-68.1473451
1785317374,unnamed,-16.5244864,-68.1472981
567783745,unnamed,-16.524709,-68.1472867
567783739,unnamed,-16.5247819,-68.1472968
1785317309,unnamed,-16.5238158,-68.1474131
567783747,unnamed,-16.5239615,-68.147397
2559813180,unnamed,-16.5229653,-68.1474805
12806143755,unnamed,-16.5234877,-68.1474474
8979292629,unnamed,-16.5237099,-68.147427
4569411392,unnamed,-16.5228067,-68.1474864
12806143771,unnamed,-16.5224691,-68.1474798
1498340275,unnamed,-16.5211725,-68.1423193
5523143985,unnamed,-16.5215053,-68.1423523
1498340314,unnamed,-16.521698,-68.1423682
1498340328,unnamed,-16.5217524,-68.142409
1498340333,unnamed,-16.5218127,-68.1424617
1498340354,unnamed,-16.5219154,-68.142545
1498340365,unnamed,-16.5220292,-68.1425902
1785317191,unnamed,-16.5220876,-68.1426103
8979485600,unnamed,-16.5223256,-68.1426368
8979485601,unnamed,-16.5224804,-68.1426711
1498340406,unnamed,-16.5225806,-68.1427227
4569411398,unnamed,-16.5226447,-68.1427823
12032228735,unnamed,-16.5227015,-68.1428655
1498340410,unnamed,-16.5227352,-68.1429446
1785317232,unnamed,-16.5227615,-68.1430255
1498340417,unnamed,-16.5227788,-68.1431234
8979485599,unnamed,-16.5227934,-68.1431934
1785317234,unnamed,-16.5228762,-68.1434972
1498340434,unnamed,-16.5228941,-68.1435811
8979485590,unnamed,-16.5228652,-68.1436396
1498340414,unnamed,-16.5228217,-68.1436897
4569411397,unnamed,-16.5225258,-68.1439256
8979485588,unnamed,-16.5223512,-68.1440785
1498340387,unnamed,-16.5222188,-68.1442196
1785317184,unnamed,-16.5221292,-68.1443157
1498340347,unnamed,-16.5219188,-68.1445807
1785317175,unnamed,-16.5218467,-68.1447195
1498340337,unnamed,-16.5218366,-68.1447777
8979485586,unnamed,-16.5218281,-68.1448411
1498340335,unnamed,-16.5218313,-68.1449041
1498340339,unnamed,-16.5218517,-68.1449846
8979395265,unnamed,-16.5218977,-68.1450853
1498340375,unnamed,-16.5220277,-68.1453132
8979411981,unnamed,-16.5220537,-68.1453862
1498340383,unnamed,-16.5220599,-68.1454463
8979411979,unnamed,-16.522053,-68.1454895
1498340380,unnamed,-16.5220354,-68.1455212
8979411982,unnamed,-16.5220207,-68.1455474
1498340360,unnamed,-16.5220015,-68.1455646
2559852191,unnamed,-16.5219599,-68.1455883
12806143790,unnamed,-16.5219104,-68.1455989
1498340350,unnamed,-16.5218619,-68.1455999
1498340311,unnamed,-16.5217565,-68.1455867
8979411978,unnamed,-16.5216858,-68.1455833
1498340309,unnamed,-16.5216266,-68.1455997
8979411976,unnamed,-16.5215851,-68.1456188
1498340297,unnamed,-16.5215556,-68.1456463
5523143920,unnamed,-16.5215154,-68.145696
1498339948,unnamed,-16.5186743,-68.142747
1498339951,unnamed,-16.5187769,-68.142657
2559852331,unnamed,-16.5188933,-68.1425504
2559852472,unnamed,-16.5189941,-68.1424397
1498340001,unnamed,-16.5191162,-68.142324
5523143989,unnamed,-16.5191637,-68.1422959
8979814472,unnamed,-16.5191965,-68.1422794
8979814469,unnamed,-16.5192328,-68.1422684
1498340012,unnamed,-16.5192692,-68.142266
1498340020,unnamed,-16.5193026,-68.1422731
8979814473,unnamed,-16.5193373,-68.1422918
8979814470,unnamed,-16.5193572,-68.1423143
8979814474,unnamed,-16.5193756,-68.1423408
1498340039,unnamed,-16.5193875,-68.1423736
8979814471,unnamed,-16.5193932,-68.1424008
1498340047,unnamed,-16.5193907,-68.1424467
1498340014,unnamed,-16.5193859,-68.1425322
2559852284,unnamed,-16.5192408,-68.1428707
11146807772,unnamed,-16.5191415,-68.1430534
12536722820,unnamed,-16.5190917,-68.1431709
2559852126,unnamed,-16.5190289,-68.1433085
1498339979,unnamed,-16.5189769,-68.143421
8979814476,unnamed,-16.5189737,-68.1434488
5483428421,unnamed,-16.5189776,-68.1434783
8979814477,unnamed,-16.5189905,-68.1435018
1498339988,unnamed,-16.5190139,-68.1435199
8979814478,unnamed,-16.5190464,-68.1435165
6590056756,unnamed,-16.5190836,-68.1434986
1498339997,unnamed,-16.5191359,-68.1434582
5351765704,unnamed,-16.5193785,-68.1431971
8979814480,unnamed,-16.5195688,-68.1430087
1498340093,unnamed,-16.5196372,-68.1429434
8979814481,unnamed,-16.5196874,-68.1429089
8979814482,unnamed,-16.5197312,-68.1428957
1498340095,unnamed,-16.5197814,-68.1428963
1498340110,unnamed,-16.5198316,-68.1429123
1498340120,unnamed,-16.5199068,-68.1429492
11146807782,unnamed,-16.5200094,-68.1430141
1498340159,unnamed,-16.5201269,-68.143109
8979395281,unnamed,-16.5201816,-68.1431528
1498340165,unnamed,-16.5202504,-68.1431772
5523143930,unnamed,-16.5203681,-68.1432133
1498340204,unnamed,-16.5204791,-68.1432451
8979395280,unnamed,-16.5205318,-68.1432451
8979395279,unnamed,-16.5205794,-68.1432332
1498340222,unnamed,-16.5206322,-68.1432
1498340227,unnamed,-16.5206902,-68.1431374
1498340229,unnamed,-16.5207718,-68.1430072
11146807783,unnamed,-16.5208157,-68.1429087
5351765692,unnamed,-16.52085,-68.1427984
1498340247,unnamed,-16.520905,-68.142569
8979395292,unnamed,-16.5209424,-68.1424832
1498340254,unnamed,-16.520977,-68.1424147
1498340256,unnamed,-16.521025,-68.142364
1498340271,unnamed,-16.5210768,-68.1423299
11146807788,unnamed,-16.5211278,-68.1423224
2559833718,unnamed,-16.5180443,-68.1433483
11146807750,unnamed,-16.5182278,-68.1432685
11146807767,unnamed,-16.5182596,-68.1432508
4404431527,unnamed,-16.5182851,-68.1432295
2559852518,unnamed,-16.5185214,-68.1429291
1785316879,unnamed,-16.5156094,-68.1438311
1785316909,unnamed,-16.5161845,-68.1434594
11146765384,unnamed,-16.516231,-68.1434479
8979750850,unnamed,-16.5162749,-68.1434484
11146765385,unnamed,-16.5163213,-68.1434619
1785316936,unnamed,-16.5163623,-68.143486
2559833783,unnamed,-16.5165007,-68.1435976
2559833727,unnamed,-16.5165409,-68.1436274
1785316984,unnamed,-16.516747,-68.1437895
11146807740,unnamed,-16.5167742,-68.1438198
5441044912,unnamed,-16.5167864,-68.1438562
11146807739,unnamed,-16.5167796,-68.1438946
1785316983,unnamed,-16.5167666,-68.1439307
1785316979,unnamed,-16.5166383,-68.1441152
11146807742,unnamed,-16.5166238,-68.144144
8979750822,unnamed,-16.516615,-68.1441763
1785316946,unnamed,-16.5165158,-68.1445517
8979750841,unnamed,-16.5165174,-68.1445951
11146807744,unnamed,-16.5165268,-68.1446179
11146807743,unnamed,-16.5165442,-68.1446342
11146807745,unnamed,-16.5165651,-68.1446498
1785316967,unnamed,-16.5165928,-68.1446536
5441044913,unnamed,-16.5166428,-68.1446217
1785316976,unnamed,-16.5166639,-68.1446001
8979750846,unnamed,-16.5168528,-68.1444229
1785316999,unnamed,-16.5171134,-68.1441886
2559833774,unnamed,-16.517236,-68.1441042
1785317048,unnamed,-16.5174081,-68.1439772
5523143990,unnamed,-16.5175046,-68.1438983
1785317053,unnamed,-16.5175775,-68.1438199
8979746511,unnamed,-16.5176204,-68.1437618
5351765703,unnamed,-16.5176767,-68.1436884
5351742333,unnamed,-16.517716,-68.143637
2559833808,unnamed,-16.5177481,-68.1435842
1785317058,unnamed,-16.5178195,-68.1435056
8979746512,unnamed,-16.5178708,-68.1434604
4542485389,unnamed,-16.5179222,-68.1434248
1785317064,unnamed,-16.5179892,-68.1433808
324100024,unnamed,-16.5154187,-68.1434805
11146765383,unnamed,-16.5155623,-68.1437662
4365707053,unnamed,-16.5153799,-68.1434057
4365707054,unnamed,-16.5151284,-68.1435519
4365707055,unnamed,-16.5149576,-68.1436597
4365707056,unnamed,-16.5148097,-68.1437452
4365707057,unnamed,-16.5146273,-68.1438113
11146765364,unnamed,-16.5144289,-68.1438767
4365707058,unnamed,-16.5142706,-68.1439299
4365707059,unnamed,-16.5140624,-68.143984
4365707060,unnamed,-16.5138934,-68.1440011
8979605491,unnamed,-16.5137327,-68.1440038
4365707061,unnamed,-16.5133637,-68.1439826
4365707063,unnamed,-16.5124752,-68.1439045
8979605508,unnamed,-16.5117282,-68.143821
4365707065,unnamed,-16.5116561,-68.14381
4365707067,unnamed,-16.5111405,-68.1436685
4365707068,unnamed,-16.5110254,-68.1436349
5523144001,unnamed,-16.5109527,-68.1436242
8979605504,unnamed,-16.5108917,-68.1436229
4365707069,unnamed,-16.5107931,-68.1436321
324100089,unnamed,-16.5105736,-68.1436766
1785243183,unnamed,-16.5106352,-68.1434308
324099822,unnamed,-16.5107467,-68.1430501
324100379,unnamed,-16.5108451,-68.1428231
1785193889,unnamed,-16.5111504,-68.1422523
1785193891,unnamed,-16.5113749,-68.1418267
1785193899,unnamed,-16.5115271,-68.141459
324100382,unnamed,-16.5115788,-68.1413147
8979555660,unnamed,-16.5116707,-68.1411276
11146710091,unnamed,-16.5116705,-68.1410336
4319038740,unnamed,-16.5066838,-68.1355501
5888740085,unnamed,-16.5061888,-68.1352396
565826468,unnamed,-16.5061567,-68.1352235
565826469,unnamed,-16.5058828,-68.1350653
565826473,unnamed,-16.5053613,-68.1348564
8980070110,unnamed,-16.5052301,-68.134811
8980070109,unnamed,-16.5050819,-68.1347536
8980085122,unnamed,-16.5050139,-68.1347324
8980085121,unnamed,-16.504983,-68.1347213
563637995,unnamed,-16.5040956,-68.1329345
6760957767,unnamed,-16.5019188,-68.1340679
4750242898,unnamed,-16.4945589,-68.1211324
4750242892,unnamed,-16.4945456,-68.1210435
12469325794,unnamed,-16.494538,-68.1209445
563638170,unnamed,-16.4944955,-68.120394
563638169,unnamed,-16.4944737,-68.1197336
12288269888,unnamed,-16.4942468,-68.1197412
563638171,unnamed,-16.4935922,-68.1197631
4085831956,unnamed,-16.4933887,-68.1197535
4751682043,unnamed,-16.4930676,-68.1196465
1784996000,unnamed,-16.4929285,-68.1196164
1784995996,unnamed,-16.4928065,-68.1196045
8979998475,unnamed,-16.4923301,-68.1195722
4339280643,unnamed,-16.4947817,-68.1185274
4339280644,unnamed,-16.4947998,-68.1185068
4339280645,unnamed,-16.4948116,-68.1184817
4339280636,unnamed,-16.4947719,-68.1183681
5506355477,unnamed,-16.4947519,-68.1183582
4242399362,unnamed,-16.4907586,-68.1013805
5434293633,unnamed,-16.4907213,-68.1013402
1333581719,unnamed,-16.4906628,-68.1012511
5434293634,unnamed,-16.49065,-68.101186
5434293632,unnamed,-16.4906435,-68.101121
5434293635,unnamed,-16.4906455,-68.1010412
1344129671,unnamed,-16.4906564,-68.1008883
5434293639,unnamed,-16.4906602,-68.1004603
8974674793,unnamed,-16.490556,-68.1000357
1344135029,unnamed,-16.4905445,-68.099998
8974674792,unnamed,-16.4904994,-68.0999217
5143951220,unnamed,-16.4891615,-68.098203
1344135045,unnamed,-16.4890416,-68.098039
5143951219,unnamed,-16.4885924,-68.0974809
1344135031,unnamed,-16.4885649,-68.0974461
5103543732,unnamed,-16.4885309,-68.0974024
5143951218,unnamed,-16.4884589,-68.0973099
5103543730,unnamed,-16.4880256,-68.0967534
11688533995,unnamed,-16.4879706,-68.0966842
1344134979,unnamed,-16.4875166,-68.0960782
1344134945,unnamed,-16.4868781,-68.0952534
1334748902,unnamed,-16.4866061,-68.0949092
1344122040,unnamed,-16.4864511,-68.0947378
1334748868,unnamed,-16.4862071,-68.0944309
5015623186,unnamed,-16.4860191,-68.0941973
412337574,unnamed,-16.5153899,-68.1658249
412338060,unnamed,-16.5165001,-68.166186
412337575,unnamed,-16.5155854,-68.1651754
412337577,unnamed,-16.5157903,-68.1645118
412337710,unnamed,-16.5168957,-68.1648834
412337707,unnamed,-16.5171027,-68.1642075
8063573055,unnamed,-16.5172377,-68.1638246
8063573053,unnamed,-16.5172531,-68.1637985
8063573051,unnamed,-16.5172943,-68.1637755
4379728103,unnamed,-16.5210915,-68.1575838
4379728105,unnamed,-16.5210497,-68.1576529
412851330,unnamed,-16.5208056,-68.1580129
412495913,unnamed,-16.5201932,-68.1589085
5562369573,unnamed,-16.5201437,-68.1589654
1906157230,unnamed,-16.5201126,-68.1589986
412495912,unnamed,-16.5200263,-68.1591233
568059762,unnamed,-16.5198698,-68.1593481
568059752,unnamed,-16.5196118,-68.1597061
568059758,unnamed,-16.519327,-68.1601185
3791646512,unnamed,-16.5192377,-68.1602432
568059763,unnamed,-16.5190011,-68.1605992
3791646511,unnamed,-16.5188493,-68.1608327
412495911,unnamed,-16.5187743,-68.1609411
568059768,unnamed,-16.5187109,-68.1610404
568059765,unnamed,-16.5184299,-68.1614522
412490149,unnamed,-16.5182316,-68.1617425
8063573050,unnamed,-16.5180914,-68.161937
568059747,unnamed,-16.5179968,-68.1621205
412458148,unnamed,-16.5179346,-68.1622951
568059769,unnamed,-16.5178515,-68.1625579
412496382,unnamed,-16.517721,-68.1629752
568059772,unnamed,-16.5176455,-68.1632328
568059771,unnamed,-16.5175251,-68.1636243
8063573052,unnamed,-16.5174968,-68.1636731
8063573054,unnamed,-16.5174691,-68.1636938
412338179,unnamed,-16.5174369,-68.163716
3778921741,unnamed,-16.5211775,-68.1576114
3778921746,unnamed,-16.5212791,-68.1576527
3778921748,unnamed,-16.5213449,-68.1576317
3778921750,unnamed,-16.5213808,-68.1576014
4379728101,unnamed,-16.5214054,-68.1575606
4379728102,unnamed,-16.5214231,-68.1575006
12164581453,unnamed,-16.5214307,-68.1574311
7100213094,unnamed,-16.5214495,-68.1573849
7100213113,unnamed,-16.5214739,-68.1573229
567776924,unnamed,-16.5216314,-68.1569015
7100213132,unnamed,-16.5216458,-68.1568624
4388444499,unnamed,-16.5217666,-68.1565574
7187914620,unnamed,-16.5217951,-68.1564782
3623803728,unnamed,-16.5218133,-68.1564325
7900758564,unnamed,-16.5218342,-68.1563801
7900758565,unnamed,-16.521869,-68.1562925
7187914612,unnamed,-16.5219298,-68.1561399
7391215874,unnamed,-16.5220016,-68.1559594
7187914600,unnamed,-16.5220509,-68.1558354
7391215875,unnamed,-16.5220711,-68.155783
2870461598,unnamed,-16.5220782,-68.1557648
7187914605,unnamed,-16.5220973,-68.1557151
7443162265,unnamed,-16.5221586,-68.1555621
2870461597,unnamed,-16.5221813,-68.1555045
7187914525,unnamed,-16.5222027,-68.1554511
7869918484,unnamed,-16.5222847,-68.1552478
7900896064,unnamed,-16.5223758,-68.1550219
7185705649,unnamed,-16.5223861,-68.1549962
7785906198,unnamed,-16.5224102,-68.1549363
7869920487,unnamed,-16.5224346,-68.1548758
7900896067,unnamed,-16.5224931,-68.1547308
7185705641,unnamed,-16.5225675,-68.1545474
7900896070,unnamed,-16.5225738,-68.1545312
4390053735,unnamed,-16.5225937,-68.1544799
7185705633,unnamed,-16.5226095,-68.1544406
6563351914,unnamed,-16.5229302,-68.1536513
8347088884,unnamed,-16.52294,-68.1536264
8037921874,unnamed,-16.5229527,-68.1535944
567776943,unnamed,-16.5229651,-68.1535624
9509093106,unnamed,-16.5229888,-68.1534997
8347088883,unnamed,-16.5230454,-68.1533424
7907166958,unnamed,-16.5230928,-68.1532203
6979816500,unnamed,-16.5231455,-68.1530898
566534316,unnamed,-16.523171,-68.1530275
6979743164,unnamed,-16.5231961,-68.152965
6979743144,unnamed,-16.5232704,-68.1527795
7907166961,unnamed,-16.5233271,-68.1526388
7884235159,unnamed,-16.5233799,-68.152506
6979743130,unnamed,-16.5234303,-68.1523802
6979743107,unnamed,-16.5234745,-68.1522676
7103179664,unnamed,-16.5234903,-68.1522282
3623800104,unnamed,-16.5235028,-68.1521968
6979686017,unnamed,-16.5235246,-68.1521433
6238030453,unnamed,-16.5235864,-68.1519919
6979680984,unnamed,-16.5236551,-68.1518215
6979680977,unnamed,-16.523773,-68.151529
8347088875,unnamed,-16.5238034,-68.1514535
8343222688,unnamed,-16.5238112,-68.1514342
6635994892,unnamed,-16.5238673,-68.1512924
6943930132,unnamed,-16.5239021,-68.1512009
6943930128,unnamed,-16.5239319,-68.1511237
4366410438,unnamed,-16.5051588,-68.1361476
564523930,unnamed,-16.5049158,-68.1358632
564523939,unnamed,-16.5046291,-68.13554
11059754244,unnamed,-16.5089953,-68.1356983
11059754243,unnamed,-16.5090398,-68.1357231
11059754242,unnamed,-16.5090828,-68.1357504
324099827,unnamed,-16.5118827,-68.1424229
10290689684,unnamed,-16.5117843,-68.1424806
10232182053,unnamed,-16.5118027,-68.1425813
1785243225,unnamed,-16.5117708,-68.1429212
1785243222,unnamed,-16.5117448,-68.1430931
3760972839,unnamed,-16.5117204,-68.1433325
8979605500,unnamed,-16.5119872,-68.1433513
3760972838,unnamed,-16.512024,-68.143356
8979605501,unnamed,-16.5120611,-68.1433761
10232129772,unnamed,-16.5121289,-68.1434199
3760972837,unnamed,-16.512249,-68.14353
3760972835,unnamed,-16.5123133,-68.1436018
8979605509,unnamed,-16.5123789,-68.1436849
10233480196,unnamed,-16.5124271,-68.1437659
8979605510,unnamed,-16.5124606,-68.14385
324100056,unnamed,-16.5125002,-68.1439565
1785316690,unnamed,-16.5132434,-68.1440319
561579196,unnamed,-16.5136324,-68.1440789
8979605489,unnamed,-16.5139306,-68.14408
324100040,unnamed,-16.5140617,-68.1440649
8979605490,unnamed,-16.5141812,-68.1440407
561579195,unnamed,-16.5143187,-68.1440054
1785316773,unnamed,-16.5144594,-68.1439613
324100029,unnamed,-16.5148494,-68.1438099
1785243380,unnamed,-16.5151851,-68.1436134
11146765386,unnamed,-16.5153196,-68.1435368
4755697300,unnamed,-16.5249224,-68.1474309
4755697299,unnamed,-16.5249584,-68.1475208
4755697298,unnamed,-16.5250133,-68.1476494
566507470,unnamed,-16.5250362,-68.147828
566507469,unnamed,-16.5250715,-68.1479584
6767272698,unnamed,-16.5250641,-68.1480137
6970497081,unnamed,-16.5250489,-68.1480519
7435966983,unnamed,-16.524924,-68.1483647
6970519920,unnamed,-16.5248772,-68.148482
6970519787,unnamed,-16.5247763,-68.1487347
567783693,unnamed,-16.5247486,-68.1488026
7436026286,unnamed,-16.5247223,-68.1488694
6970519795,unnamed,-16.5247174,-68.1488818
7436026289,unnamed,-16.5247111,-68.1488976
7436026292,unnamed,-16.5246539,-68.1490403
6970519812,unnamed,-16.5245657,-68.1492606
6970519805,unnamed,-16.5245413,-68.1493215
8726054037,unnamed,-16.5245096,-68.1494006
8726054035,unnamed,-16.5244064,-68.1496583
6419275296,unnamed,-16.524329,-68.1498514
8347088871,unnamed,-16.5243139,-68.1498891
8343141169,unnamed,-16.5242989,-68.1499264
8347088874,unnamed,-16.524278,-68.1499777
6970519940,unnamed,-16.5242398,-68.1500794
6943930152,unnamed,-16.5241828,-68.15023
566507277,unnamed,-16.5241531,-68.1503132
6973404764,unnamed,-16.5241036,-68.1503204
566507276,unnamed,-16.5240506,-68.1503204
566507284,unnamed,-16.5239975,-68.1503274
566507285,unnamed,-16.5239474,-68.1503436
566507286,unnamed,-16.5239013,-68.1503679
566507287,unnamed,-16.5238587,-68.1503985
566507288,unnamed,-16.5238197,-68.150434
566507289,unnamed,-16.523786,-68.150475
6416506996,unnamed,-16.5237585,-68.1505207
566507290,unnamed,-16.5237383,-68.1505684
566507291,unnamed,-16.5237249,-68.1506186
566507279,unnamed,-16.5237229,-68.1506704
8418458667,unnamed,-16.5237248,-68.1507218
566507280,unnamed,-16.5237333,-68.1507722
566507281,unnamed,-16.5237511,-68.1508272
566507282,unnamed,-16.5237757,-68.150877
566507283,unnamed,-16.5238068,-68.1509232
566507256,unnamed,-16.523844,-68.1509616
566507485,unnamed,-16.52387,-68.1509944
6981724268,unnamed,-16.5238352,-68.1510837
8347088878,unnamed,-16.5237794,-68.1512273
8343222690,unnamed,-16.523769,-68.1512542
8347088879,unnamed,-16.5237401,-68.1513231
4956687428,unnamed,-16.5237141,-68.1513884
6979680976,unnamed,-16.5236542,-68.151538
6979685989,unnamed,-16.5235329,-68.151841
7104794307,unnamed,-16.5234339,-68.1520885
6979686014,unnamed,-16.5234291,-68.1521004
2870451659,unnamed,-16.5234075,-68.1521543
6979743106,unnamed,-16.5233788,-68.1522261
6979743135,unnamed,-16.523304,-68.152413
6979743150,unnamed,-16.5231464,-68.1528071
6979743159,unnamed,-16.5230999,-68.1529231
2870438023,unnamed,-16.5230749,-68.1529857
6979816499,unnamed,-16.5230498,-68.1530488
8347088881,unnamed,-16.5230134,-68.1531404
6979816537,unnamed,-16.5230036,-68.1531651
566531329,unnamed,-16.5229713,-68.1532463
8347088882,unnamed,-16.5229645,-68.1532996
566531328,unnamed,-16.5229585,-68.1533524
8422900565,unnamed,-16.5229197,-68.1534704
567776944,unnamed,-16.5229041,-68.1535085
7393579187,unnamed,-16.522894,-68.1535331
8037921875,unnamed,-16.5228818,-68.1535651
7188110107,unnamed,-16.5227964,-68.1537766
7188110173,unnamed,-16.5226338,-68.1541782
7185705631,unnamed,-16.5225398,-68.1544104
4390053736,unnamed,-16.5225238,-68.15445
7185705639,unnamed,-16.5225017,-68.154505
7185705647,unnamed,-16.5223159,-68.1549654
566532649,unnamed,-16.5221373,-68.1554094
7187914527,unnamed,-16.5221239,-68.1554429
567776935,unnamed,-16.5221116,-68.1554745
7824727790,unnamed,-16.5220918,-68.1555236
7443162268,unnamed,-16.5220816,-68.1555495
7187914606,unnamed,-16.5220273,-68.1556855
4388222795,unnamed,-16.5220078,-68.1557344
7391215876,unnamed,-16.5220009,-68.1557517
7187914603,unnamed,-16.5219796,-68.155805
7187914615,unnamed,-16.5218591,-68.1561093
7187914623,unnamed,-16.5217248,-68.1564483
566531309,unnamed,-16.5216938,-68.1565258
567776923,unnamed,-16.5215613,-68.1568721
4415390855,unnamed,-16.5213811,-68.1573575
566507480,unnamed,-16.5213362,-68.157343
3778921740,unnamed,-16.5212539,-68.1573798
12164581454,unnamed,-16.521215,-68.1574007
3778921736,unnamed,-16.5211778,-68.1574361
4379728104,unnamed,-16.5211329,-68.1575056
412337709,unnamed,-16.5166858,-68.1655628
12617079058,unnamed,-16.534256,-68.1912662
1879281951,unnamed,-16.5341695,-68.1911687
1879281940,unnamed,-16.5340195,-68.1913277
12617079056,unnamed,-16.5341446,-68.1911951
1786204326,unnamed,-16.5344122,-68.1917646
1292304289,unnamed,-16.5347531,-68.1921231
1786204406,unnamed,-16.5353049,-68.1926188
1786204465,unnamed,-16.5363406,-68.1935732
1786204524,unnamed,-16.5375586,-68.1946799
1786204573,unnamed,-16.5384666,-68.1955418
5723964285,unnamed,-16.5392287,-68.1962224
1786204595,unnamed,-16.5393588,-68.1963386
1786204625,unnamed,-16.5402335,-68.197192
1786204629,unnamed,-16.5411321,-68.1979993
4356622565,unnamed,-16.5414535,-68.1982796
2484848126,unnamed,-16.5418952,-68.1986682
12617079055,unnamed,-16.5417962,-68.1987823
1879975434,unnamed,-16.5414358,-68.1991975
1292304339,unnamed,-16.5409956,-68.1997011
1786137427,unnamed,-16.5412795,-68.1999867
1786137500,unnamed,-16.542427,-68.2010471
2485421055,unnamed,-16.5427265,-68.2013238
1786137492,unnamed,-16.5422437,-68.2017232
1292304368,unnamed,-16.542937,-68.2023606
1786137509,unnamed,-16.5425695,-68.202017
1786137707,unnamed,-16.5449464,-68.2041751
1786137641,unnamed,-16.5445163,-68.2037867
1292304367,unnamed,-16.5442301,-68.2035283
1786137605,unnamed,-16.5439375,-68.203264
1786137562,unnamed,-16.543218,-68.2026143
1292304351,unnamed,-16.5480975,-68.2070625
5519443429,unnamed,-16.5480313,-68.207002
2485420949,unnamed,-16.547778,-68.2067698
2485420866,unnamed,-16.5477344,-68.2067298
1292304362,unnamed,-16.5474812,-68.2064979
2485421024,unnamed,-16.5473853,-68.20641
2485420881,unnamed,-16.546694,-68.2057765
1292304364,unnamed,-16.5464203,-68.2055257
1292304365,unnamed,-16.5459339,-68.2050801
1292304366,unnamed,-16.5456823,-68.2048495
1786137750,unnamed,-16.5455302,-68.2047101
12617114840,unnamed,-16.5480965,-68.2070633
2485420876,unnamed,-16.5471622,-68.2078361
1292333783,unnamed,-16.5462485,-68.2086247
1292333776,unnamed,-16.5489813,-68.2111544
8953522824,unnamed,-16.5488662,-68.2110182
8953522823,unnamed,-16.5487744,-68.2109296
1786137887,unnamed,-16.5486422,-68.210824
1292333778,unnamed,-16.5483039,-68.2105245
2485421021,unnamed,-16.5479496,-68.2102196
1292333779,unnamed,-16.5476186,-68.2099219
1292333780,unnamed,-16.5472665,-68.2096228
9261811894,unnamed,-16.5469918,-68.209388
1292333781,unnamed,-16.5469375,-68.2093058
9261811895,unnamed,-16.5469044,-68.2092431
9261811896,unnamed,-16.5468375,-68.2091519
1292333782,unnamed,-16.5463223,-68.2087012
1292334273,unnamed,-16.5503314,-68.2124494
2869606196,unnamed,-16.5499677,-68.2121247
1786137911,unnamed,-16.5496503,-68.2118414
1786137908,unnamed,-16.5492876,-68.2115176
8953522825,unnamed,-16.5490532,-68.2112822
8953522826,unnamed,-16.5490146,-68.2112387
8991954958,unnamed,-16.5504157,-68.2123747
1292333749,unnamed,-16.5521263,-68.2138753
1786137946,unnamed,-16.5517528,-68.21355
1786137939,unnamed,-16.5513103,-68.2131722
1786137924,unnamed,-16.5508517,-68.2127672
2869631842,unnamed,-16.5520119,-68.214
2869631840,unnamed,-16.5527756,-68.2148004
2869631852,unnamed,-16.5526178,-68.2146328
2869631848,unnamed,-16.5523285,-68.2143207
1365235758,unnamed,-16.5529382,-68.2149782
1786362702,unnamed,-16.5549619,-68.217062
8992080458,unnamed,-16.5546692,-68.2168566
8992080461,unnamed,-16.5545698,-68.2167762
1365235717,unnamed,-16.5545239,-68.2166859
8992080460,unnamed,-16.5544258,-68.2165512
8992080459,unnamed,-16.5543418,-68.2164543
1786362698,unnamed,-16.5547815,-68.2174802
2869631872,unnamed,-16.5545534,-68.2179702
5519486316,unnamed,-16.5543421,-68.2184814
1786362713,unnamed,-16.5556745,-68.2195135
2417977366,unnamed,-16.5556376,-68.2194334
1786362705,unnamed,-16.555258,-68.2191578
1786362701,unnamed,-16.5548855,-68.2188892
1786362693,unnamed,-16.5545068,-68.2186027
12877839519,unnamed,-16.5001983,-68.1319662
12877952063,unnamed,-16.5000829,-68.1319187
8982694726,unnamed,-16.5116539,-68.1201882
8982694724,unnamed,-16.5116982,-68.1201477
3300625058,unnamed,-16.5118702,-68.1199153
8005569895,unnamed,-16.5119127,-68.1198316
11112888537,unnamed,-16.5119252,-68.119796
11112888534,unnamed,-16.5119295,-68.1197583
11112888538,unnamed,-16.5119301,-68.1197179
1214031789,unnamed,-16.5259383,-68.1100255
1607319341,unnamed,-16.5263419,-68.1092921
1747640372,unnamed,-16.5267704,-68.1085232
12881586467,unnamed,-16.5268623,-68.1083573
12881816712,unnamed,-16.5269314,-68.1082324
1747640374,unnamed,-16.5270759,-68.1079646
1214030462,unnamed,-16.5274465,-68.1072649
12878155797,unnamed,-16.5274506,-68.1072592
1747713169,unnamed,-16.5277703,-68.1067031
1747713174,unnamed,-16.5278768,-68.1064999
12881816714,unnamed,-16.5279977,-68.1062868
5764789505,unnamed,-16.5282094,-68.1059043
1607319368,unnamed,-16.5282916,-68.1057531
1785386962,unnamed,-16.5286997,-68.10502
1607319373,unnamed,-16.5291111,-68.1042475
1607319376,unnamed,-16.5294086,-68.1034501
1607319379,unnamed,-16.529839,-68.1022307
1784894159,unnamed,-16.4665025,-68.1096628
8941426093,unnamed,-16.4664871,-68.109699
1784894151,unnamed,-16.4664585,-68.1099599
8956900852,unnamed,-16.4664627,-68.1100282
1784894161,unnamed,-16.4664832,-68.110102
8956900853,unnamed,-16.466545,-68.1102562
1784894170,unnamed,-16.4665668,-68.1103635
8956900854,unnamed,-16.4665656,-68.11046
1784894157,unnamed,-16.466517,-68.1106424
1784894149,unnamed,-16.4664556,-68.1108222
8956900855,unnamed,-16.4664279,-68.1109321
3780287605,unnamed,-16.4753744,-68.1184828
1784870852,unnamed,-16.4763341,-68.1190233
12511115830,unnamed,-16.4784108,-68.1203059
4362293469,unnamed,-16.4784417,-68.1203253
4362293474,unnamed,-16.4784446,-68.1203479
4362293475,unnamed,-16.4784541,-68.1203683
4362293482,unnamed,-16.4784887,-68.1203951
4362293483,unnamed,-16.4785102,-68.1203987
4362293484,unnamed,-16.4785318,-68.1203951
4362293470,unnamed,-16.4785511,-68.1203847
12511115828,unnamed,-16.47859,-68.1204072
4362293464,unnamed,-16.4795546,-68.1209653
1784871087,unnamed,-16.4808883,-68.1215181
1784871088,unnamed,-16.4813321,-68.1217008
8105726573,unnamed,-16.481857,-68.1218692
4362291523,unnamed,-16.4907832,-68.1252831
565307290,unnamed,-16.4912731,-68.1252267
321807094,unnamed,-16.4915896,-68.1251807
7440770300,unnamed,-16.4917772,-68.1251727
7440770303,unnamed,-16.4919095,-68.1251741
321807096,unnamed,-16.4920689,-68.1251748
7440770297,unnamed,-16.4927478,-68.1251776
8979633579,unnamed,-16.4927951,-68.1251632
7440770296,unnamed,-16.4929066,-68.1251059
7455393181,unnamed,-16.4929886,-68.1250407
7455393182,unnamed,-16.4930919,-68.1249649
7455393183,unnamed,-16.4931726,-68.1249293
7455393184,unnamed,-16.4932657,-68.1249258
7455446885,unnamed,-16.4933361,-68.1249412
7455446886,unnamed,-16.4934099,-68.1249755
7455446887,unnamed,-16.4935828,-68.1251109
7455446888,unnamed,-16.4943162,-68.1257347
7455446889,unnamed,-16.4944093,-68.1257963
7455446890,unnamed,-16.4945002,-68.1258153
7455446891,unnamed,-16.4945887,-68.1258212
7455446892,unnamed,-16.4947625,-68.1258036
7455446893,unnamed,-16.494993,-68.1257821
7455446894,unnamed,-16.4951179,-68.1257868
7455446895,unnamed,-16.4952315,-68.125807
7455446896,unnamed,-16.495833,-68.1260181
7455446900,unnamed,-16.4961084,-68.1261132
321807149,unnamed,-16.4966873,-68.1278338
321807152,unnamed,-16.4969447,-68.1279843
10837581821,unnamed,-16.4973485,-68.1282592
